link_id,link_name,group,month,link_hours_present,link_hours_usable,availability,contributes
4329483,WSE S TYRELLAN AVENUE - 440 S FRANCIS STREET,control,2023-07-01,350,0,0.0,False
4329483,WSE S TYRELLAN AVENUE - 440 S FRANCIS STREET,control,2023-08-01,741,0,0.0,False
4329483,WSE S TYRELLAN AVENUE - 440 S FRANCIS STREET,control,2023-09-01,705,0,0.0,False
4329483,WSE S TYRELLAN AVENUE - 440 S FRANCIS STREET,control,2023-10-01,744,0,0.0,False
4329483,WSE S TYRELLAN AVENUE - 440 S FRANCIS STREET,control,2023-11-01,130,0,0.0,False
4329499,MLK N WALKER STREET - NJ ROUTE 169,control,2023-01-01,557,557,1.0,True
4329499,MLK N WALKER STREET - NJ ROUTE 169,control,2023-02-01,661,661,1.0,True
4329499,MLK N WALKER STREET - NJ ROUTE 169,control,2023-03-01,743,737,0.991925,True
4329499,MLK N WALKER STREET - NJ ROUTE 169,control,2023-04-01,720,716,0.994444,True
4329499,MLK N WALKER STREET - NJ ROUTE 169,control,2023-05-01,468,344,0.735043,True
4329499,MLK N WALKER STREET - NJ ROUTE 169,control,2023-06-01,541,359,0.663586,True
4329499,MLK N WALKER STREET - NJ ROUTE 169,control,2023-07-01,629,0,0.0,False
4329499,MLK N WALKER STREET - NJ ROUTE 169,control,2023-08-01,741,0,0.0,False
4329499,MLK N WALKER STREET - NJ ROUTE 169,control,2023-09-01,705,0,0.0,False
4329499,MLK N WALKER STREET - NJ ROUTE 169,control,2023-10-01,744,0,0.0,False
4329499,MLK N WALKER STREET - NJ ROUTE 169,control,2023-11-01,706,0,0.0,False
4329499,MLK N WALKER STREET - NJ ROUTE 169,control,2023-12-01,744,0,0.0,False
4329499,MLK N WALKER STREET - NJ ROUTE 169,control,2024-01-01,682,429,0.629032,True
4329499,MLK N WALKER STREET - NJ ROUTE 169,control,2024-02-01,416,416,1.0,True
4329499,MLK N WALKER STREET - NJ ROUTE 169,control,2024-03-01,717,717,1.0,True
4329499,MLK N WALKER STREET - NJ ROUTE 169,control,2024-04-01,704,702,0.997159,True
4329499,MLK N WALKER STREET - NJ ROUTE 169,control,2024-05-01,744,726,0.975806,True
4329499,MLK N WALKER STREET - NJ ROUTE 169,control,2024-06-01,720,674,0.936111,True
4329499,MLK N WALKER STREET - NJ ROUTE 169,control,2024-07-01,729,717,0.983539,True
4329499,MLK N WALKER STREET - NJ ROUTE 169,control,2024-08-01,701,699,0.997147,True
4329499,MLK N WALKER STREET - NJ ROUTE 169,control,2024-09-01,720,660,0.916667,True
4329499,MLK N WALKER STREET - NJ ROUTE 169,control,2024-10-01,744,54,0.072581,True
4329499,MLK N WALKER STREET - NJ ROUTE 169,control,2024-11-01,719,0,0.0,False
4329499,MLK N WALKER STREET - NJ ROUTE 169,control,2024-12-01,606,0,0.0,False
4329499,MLK N WALKER STREET - NJ ROUTE 169,control,2025-01-01,736,201,0.273098,True
4329499,MLK N WALKER STREET - NJ ROUTE 169,control,2025-02-01,672,618,0.919643,True
4329499,MLK N WALKER STREET - NJ ROUTE 169,control,2025-03-01,743,605,0.814266,True
4329499,MLK N WALKER STREET - NJ ROUTE 169,control,2025-04-01,720,697,0.968056,True
4329499,MLK N WALKER STREET - NJ ROUTE 169,control,2025-05-01,744,110,0.147849,True
4329499,MLK N WALKER STREET - NJ ROUTE 169,control,2025-06-01,695,426,0.61295,True
4329499,MLK N WALKER STREET - NJ ROUTE 169,control,2025-07-01,744,4,0.005376,True
4329499,MLK N WALKER STREET - NJ ROUTE 169,control,2025-08-01,743,363,0.48856,True
4329499,MLK N WALKER STREET - NJ ROUTE 169,control,2025-09-01,720,529,0.734722,True
4329499,MLK N WALKER STREET - NJ ROUTE 169,control,2025-10-01,734,607,0.826975,True
4329499,MLK N WALKER STREET - NJ ROUTE 169,control,2025-11-01,715,478,0.668531,True
4329499,MLK N WALKER STREET - NJ ROUTE 169,control,2025-12-01,738,0,0.0,False
4329499,MLK N WALKER STREET - NJ ROUTE 169,control,2026-01-01,743,0,0.0,False
4329499,MLK N WALKER STREET - NJ ROUTE 169,control,2026-02-01,672,0,0.0,False
4329499,MLK N WALKER STREET - NJ ROUTE 169,control,2026-03-01,743,0,0.0,False
4329499,MLK N WALKER STREET - NJ ROUTE 169,control,2026-04-01,476,0,0.0,False
4329499,MLK N WALKER STREET - NJ ROUTE 169,control,2026-05-01,729,0,0.0,False
4362244,CVE NB LIE - WILLETS PT BLVD,control,2023-01-01,557,557,1.0,True
4362244,CVE NB LIE - WILLETS PT BLVD,control,2023-02-01,661,661,1.0,True
4362244,CVE NB LIE - WILLETS PT BLVD,control,2023-03-01,743,743,1.0,True
4362244,CVE NB LIE - WILLETS PT BLVD,control,2023-04-01,720,720,1.0,True
4362244,CVE NB LIE - WILLETS PT BLVD,control,2023-05-01,468,468,1.0,True
4362244,CVE NB LIE - WILLETS PT BLVD,control,2023-06-01,541,541,1.0,True
4362244,CVE NB LIE - WILLETS PT BLVD,control,2023-07-01,629,628,0.99841,True
4362244,CVE NB LIE - WILLETS PT BLVD,control,2023-08-01,739,737,0.997294,True
4362244,CVE NB LIE - WILLETS PT BLVD,control,2023-09-01,708,703,0.992938,True
4362244,CVE NB LIE - WILLETS PT BLVD,control,2023-10-01,744,736,0.989247,True
4362244,CVE NB LIE - WILLETS PT BLVD,control,2023-11-01,706,552,0.78187,True
4362244,CVE NB LIE - WILLETS PT BLVD,control,2023-12-01,744,744,1.0,True
4362244,CVE NB LIE - WILLETS PT BLVD,control,2024-01-01,682,682,1.0,True
4362244,CVE NB LIE - WILLETS PT BLVD,control,2024-02-01,416,416,1.0,True
4362244,CVE NB LIE - WILLETS PT BLVD,control,2024-03-01,717,713,0.994421,True
4362244,CVE NB LIE - WILLETS PT BLVD,control,2024-04-01,720,697,0.968056,True
4362244,CVE NB LIE - WILLETS PT BLVD,control,2024-05-01,744,729,0.979839,True
4362244,CVE NB LIE - WILLETS PT BLVD,control,2024-06-01,720,715,0.993056,True
4362244,CVE NB LIE - WILLETS PT BLVD,control,2024-07-01,713,656,0.920056,True
4362244,CVE NB LIE - WILLETS PT BLVD,control,2024-08-01,701,566,0.807418,True
4362244,CVE NB LIE - WILLETS PT BLVD,control,2024-09-01,720,720,1.0,True
4362244,CVE NB LIE - WILLETS PT BLVD,control,2024-10-01,744,744,1.0,True
4362244,CVE NB LIE - WILLETS PT BLVD,control,2024-11-01,719,719,1.0,True
4362244,CVE NB LIE - WILLETS PT BLVD,control,2024-12-01,606,606,1.0,True
4362244,CVE NB LIE - WILLETS PT BLVD,control,2025-01-01,744,744,1.0,True
4362244,CVE NB LIE - WILLETS PT BLVD,control,2025-02-01,672,672,1.0,True
4362244,CVE NB LIE - WILLETS PT BLVD,control,2025-03-01,743,743,1.0,True
4362244,CVE NB LIE - WILLETS PT BLVD,control,2025-04-01,720,710,0.986111,True
4362244,CVE NB LIE - WILLETS PT BLVD,control,2025-05-01,744,743,0.998656,True
4362244,CVE NB LIE - WILLETS PT BLVD,control,2025-06-01,700,700,1.0,True
4362244,CVE NB LIE - WILLETS PT BLVD,control,2025-07-01,744,744,1.0,True
4362244,CVE NB LIE - WILLETS PT BLVD,control,2025-08-01,743,743,1.0,True
4362244,CVE NB LIE - WILLETS PT BLVD,control,2025-09-01,720,720,1.0,True
4362244,CVE NB LIE - WILLETS PT BLVD,control,2025-10-01,734,734,1.0,True
4362244,CVE NB LIE - WILLETS PT BLVD,control,2025-11-01,715,712,0.995804,True
4362244,CVE NB LIE - WILLETS PT BLVD,control,2025-12-01,739,739,1.0,True
4362244,CVE NB LIE - WILLETS PT BLVD,control,2026-01-01,743,743,1.0,True
4362244,CVE NB LIE - WILLETS PT BLVD,control,2026-02-01,672,672,1.0,True
4362244,CVE NB LIE - WILLETS PT BLVD,control,2026-03-01,743,493,0.663526,True
4362244,CVE NB LIE - WILLETS PT BLVD,control,2026-04-01,476,474,0.995798,True
4362244,CVE NB LIE - WILLETS PT BLVD,control,2026-05-01,736,734,0.997283,True
4362247,CIP NB GCP - TNB,control,2023-01-01,557,557,1.0,True
4362247,CIP NB GCP - TNB,control,2023-02-01,222,222,1.0,True
4362247,CIP NB GCP - TNB,control,2023-07-01,350,350,1.0,True
4362247,CIP NB GCP - TNB,control,2023-08-01,739,739,1.0,True
4362247,CIP NB GCP - TNB,control,2023-09-01,708,708,1.0,True
4362247,CIP NB GCP - TNB,control,2023-10-01,744,734,0.986559,True
4362247,CIP NB GCP - TNB,control,2023-11-01,130,0,0.0,False
4362249,LIE WB LITTLE NECK PKWY - NB CIP,control,2023-01-01,557,557,1.0,True
4362249,LIE WB LITTLE NECK PKWY - NB CIP,control,2023-02-01,661,661,1.0,True
4362249,LIE WB LITTLE NECK PKWY - NB CIP,control,2023-03-01,743,743,1.0,True
4362249,LIE WB LITTLE NECK PKWY - NB CIP,control,2023-04-01,720,720,1.0,True
4362249,LIE WB LITTLE NECK PKWY - NB CIP,control,2023-05-01,468,468,1.0,True
4362249,LIE WB LITTLE NECK PKWY - NB CIP,control,2023-06-01,541,541,1.0,True
4362249,LIE WB LITTLE NECK PKWY - NB CIP,control,2023-07-01,629,628,0.99841,True
4362249,LIE WB LITTLE NECK PKWY - NB CIP,control,2023-08-01,739,739,1.0,True
4362249,LIE WB LITTLE NECK PKWY - NB CIP,control,2023-09-01,708,707,0.998588,True
4362249,LIE WB LITTLE NECK PKWY - NB CIP,control,2023-10-01,744,744,1.0,True
4362249,LIE WB LITTLE NECK PKWY - NB CIP,control,2023-11-01,706,695,0.984419,True
4362249,LIE WB LITTLE NECK PKWY - NB CIP,control,2023-12-01,744,744,1.0,True
4362249,LIE WB LITTLE NECK PKWY - NB CIP,control,2024-01-01,682,682,1.0,True
4362249,LIE WB LITTLE NECK PKWY - NB CIP,control,2024-02-01,416,416,1.0,True
4362249,LIE WB LITTLE NECK PKWY - NB CIP,control,2024-03-01,717,717,1.0,True
4362249,LIE WB LITTLE NECK PKWY - NB CIP,control,2024-04-01,720,720,1.0,True
4362249,LIE WB LITTLE NECK PKWY - NB CIP,control,2024-05-01,744,742,0.997312,True
4362249,LIE WB LITTLE NECK PKWY - NB CIP,control,2024-06-01,720,718,0.997222,True
4362249,LIE WB LITTLE NECK PKWY - NB CIP,control,2024-07-01,713,712,0.998597,True
4362249,LIE WB LITTLE NECK PKWY - NB CIP,control,2024-08-01,701,701,1.0,True
4362249,LIE WB LITTLE NECK PKWY - NB CIP,control,2024-09-01,720,720,1.0,True
4362249,LIE WB LITTLE NECK PKWY - NB CIP,control,2024-10-01,744,741,0.995968,True
4362249,LIE WB LITTLE NECK PKWY - NB CIP,control,2024-11-01,719,719,1.0,True
4362249,LIE WB LITTLE NECK PKWY - NB CIP,control,2024-12-01,606,606,1.0,True
4362249,LIE WB LITTLE NECK PKWY - NB CIP,control,2025-01-01,744,744,1.0,True
4362249,LIE WB LITTLE NECK PKWY - NB CIP,control,2025-02-01,672,672,1.0,True
4362249,LIE WB LITTLE NECK PKWY - NB CIP,control,2025-03-01,743,743,1.0,True
4362249,LIE WB LITTLE NECK PKWY - NB CIP,control,2025-04-01,720,720,1.0,True
4362249,LIE WB LITTLE NECK PKWY - NB CIP,control,2025-05-01,744,744,1.0,True
4362249,LIE WB LITTLE NECK PKWY - NB CIP,control,2025-06-01,700,700,1.0,True
4362249,LIE WB LITTLE NECK PKWY - NB CIP,control,2025-07-01,744,737,0.990591,True
4362249,LIE WB LITTLE NECK PKWY - NB CIP,control,2025-08-01,725,678,0.935172,True
4362249,LIE WB LITTLE NECK PKWY - NB CIP,control,2025-09-01,720,717,0.995833,True
4362249,LIE WB LITTLE NECK PKWY - NB CIP,control,2025-10-01,734,728,0.991826,True
4362249,LIE WB LITTLE NECK PKWY - NB CIP,control,2025-11-01,714,687,0.962185,True
4362249,LIE WB LITTLE NECK PKWY - NB CIP,control,2025-12-01,740,721,0.974324,True
4362249,LIE WB LITTLE NECK PKWY - NB CIP,control,2026-01-01,743,743,1.0,True
4362249,LIE WB LITTLE NECK PKWY - NB CIP,control,2026-02-01,672,672,1.0,True
4362249,LIE WB LITTLE NECK PKWY - NB CIP,control,2026-03-01,735,735,1.0,True
4362249,LIE WB LITTLE NECK PKWY - NB CIP,control,2026-04-01,477,474,0.993711,True
4362249,LIE WB LITTLE NECK PKWY - NB CIP,control,2026-05-01,735,731,0.994558,True
4362250,CVE NB GCP - WILLETS PT BLVD,control,2023-01-01,557,557,1.0,True
4362250,CVE NB GCP - WILLETS PT BLVD,control,2023-02-01,661,657,0.993949,True
4362250,CVE NB GCP - WILLETS PT BLVD,control,2023-03-01,743,736,0.990579,True
4362250,CVE NB GCP - WILLETS PT BLVD,control,2023-04-01,720,718,0.997222,True
4362250,CVE NB GCP - WILLETS PT BLVD,control,2023-05-01,468,467,0.997863,True
4362250,CVE NB GCP - WILLETS PT BLVD,control,2023-06-01,541,537,0.992606,True
4362250,CVE NB GCP - WILLETS PT BLVD,control,2023-07-01,629,628,0.99841,True
4362250,CVE NB GCP - WILLETS PT BLVD,control,2023-08-01,739,722,0.976996,True
4362250,CVE NB GCP - WILLETS PT BLVD,control,2023-09-01,708,699,0.987288,True
4362250,CVE NB GCP - WILLETS PT BLVD,control,2023-10-01,744,733,0.985215,True
4362250,CVE NB GCP - WILLETS PT BLVD,control,2023-11-01,706,547,0.774788,True
4362250,CVE NB GCP - WILLETS PT BLVD,control,2023-12-01,744,743,0.998656,True
4362250,CVE NB GCP - WILLETS PT BLVD,control,2024-01-01,682,668,0.979472,True
4362250,CVE NB GCP - WILLETS PT BLVD,control,2024-02-01,416,403,0.96875,True
4362250,CVE NB GCP - WILLETS PT BLVD,control,2024-03-01,717,710,0.990237,True
4362250,CVE NB GCP - WILLETS PT BLVD,control,2024-04-01,720,643,0.893056,True
4362250,CVE NB GCP - WILLETS PT BLVD,control,2024-05-01,744,684,0.919355,True
4362250,CVE NB GCP - WILLETS PT BLVD,control,2024-06-01,720,699,0.970833,True
4362250,CVE NB GCP - WILLETS PT BLVD,control,2024-07-01,713,653,0.915849,True
4362250,CVE NB GCP - WILLETS PT BLVD,control,2024-08-01,701,561,0.800285,True
4362250,CVE NB GCP - WILLETS PT BLVD,control,2024-09-01,720,708,0.983333,True
4362250,CVE NB GCP - WILLETS PT BLVD,control,2024-10-01,744,737,0.990591,True
4362250,CVE NB GCP - WILLETS PT BLVD,control,2024-11-01,719,717,0.997218,True
4362250,CVE NB GCP - WILLETS PT BLVD,control,2024-12-01,606,604,0.9967,True
4362250,CVE NB GCP - WILLETS PT BLVD,control,2025-01-01,744,731,0.982527,True
4362250,CVE NB GCP - WILLETS PT BLVD,control,2025-02-01,672,663,0.986607,True
4362250,CVE NB GCP - WILLETS PT BLVD,control,2025-03-01,743,737,0.991925,True
4362250,CVE NB GCP - WILLETS PT BLVD,control,2025-04-01,720,704,0.977778,True
4362250,CVE NB GCP - WILLETS PT BLVD,control,2025-05-01,744,494,0.663978,True
4362250,CVE NB GCP - WILLETS PT BLVD,control,2025-06-01,700,688,0.982857,True
4362250,CVE NB GCP - WILLETS PT BLVD,control,2025-07-01,744,729,0.979839,True
4362250,CVE NB GCP - WILLETS PT BLVD,control,2025-08-01,743,733,0.986541,True
4362250,CVE NB GCP - WILLETS PT BLVD,control,2025-09-01,720,707,0.981944,True
4362250,CVE NB GCP - WILLETS PT BLVD,control,2025-10-01,734,728,0.991826,True
4362250,CVE NB GCP - WILLETS PT BLVD,control,2025-11-01,715,699,0.977622,True
4362250,CVE NB GCP - WILLETS PT BLVD,control,2025-12-01,739,721,0.975643,True
4362250,CVE NB GCP - WILLETS PT BLVD,control,2026-01-01,743,728,0.979812,True
4362250,CVE NB GCP - WILLETS PT BLVD,control,2026-02-01,672,662,0.985119,True
4362250,CVE NB GCP - WILLETS PT BLVD,control,2026-03-01,743,531,0.71467,True
4362250,CVE NB GCP - WILLETS PT BLVD,control,2026-04-01,477,471,0.987421,True
4362250,CVE NB GCP - WILLETS PT BLVD,control,2026-05-01,736,721,0.97962,True
4362251,LIE WB LITTLE NECK PKWY - NB CVE,control,2023-01-01,557,557,1.0,True
4362251,LIE WB LITTLE NECK PKWY - NB CVE,control,2023-02-01,661,661,1.0,True
4362251,LIE WB LITTLE NECK PKWY - NB CVE,control,2023-03-01,743,743,1.0,True
4362251,LIE WB LITTLE NECK PKWY - NB CVE,control,2023-04-01,720,720,1.0,True
4362251,LIE WB LITTLE NECK PKWY - NB CVE,control,2023-05-01,468,468,1.0,True
4362251,LIE WB LITTLE NECK PKWY - NB CVE,control,2023-06-01,541,541,1.0,True
4362251,LIE WB LITTLE NECK PKWY - NB CVE,control,2023-07-01,629,628,0.99841,True
4362251,LIE WB LITTLE NECK PKWY - NB CVE,control,2023-08-01,739,739,1.0,True
4362251,LIE WB LITTLE NECK PKWY - NB CVE,control,2023-09-01,708,707,0.998588,True
4362251,LIE WB LITTLE NECK PKWY - NB CVE,control,2023-10-01,744,744,1.0,True
4362251,LIE WB LITTLE NECK PKWY - NB CVE,control,2023-11-01,706,698,0.988669,True
4362251,LIE WB LITTLE NECK PKWY - NB CVE,control,2023-12-01,744,744,1.0,True
4362251,LIE WB LITTLE NECK PKWY - NB CVE,control,2024-01-01,682,682,1.0,True
4362251,LIE WB LITTLE NECK PKWY - NB CVE,control,2024-02-01,416,416,1.0,True
4362251,LIE WB LITTLE NECK PKWY - NB CVE,control,2024-03-01,717,717,1.0,True
4362251,LIE WB LITTLE NECK PKWY - NB CVE,control,2024-04-01,720,720,1.0,True
4362251,LIE WB LITTLE NECK PKWY - NB CVE,control,2024-05-01,744,743,0.998656,True
4362251,LIE WB LITTLE NECK PKWY - NB CVE,control,2024-06-01,720,720,1.0,True
4362251,LIE WB LITTLE NECK PKWY - NB CVE,control,2024-07-01,713,708,0.992987,True
4362251,LIE WB LITTLE NECK PKWY - NB CVE,control,2024-08-01,701,700,0.998573,True
4362251,LIE WB LITTLE NECK PKWY - NB CVE,control,2024-09-01,720,720,1.0,True
4362251,LIE WB LITTLE NECK PKWY - NB CVE,control,2024-10-01,744,744,1.0,True
4362251,LIE WB LITTLE NECK PKWY - NB CVE,control,2024-11-01,719,719,1.0,True
4362251,LIE WB LITTLE NECK PKWY - NB CVE,control,2024-12-01,606,606,1.0,True
4362251,LIE WB LITTLE NECK PKWY - NB CVE,control,2025-01-01,744,744,1.0,True
4362251,LIE WB LITTLE NECK PKWY - NB CVE,control,2025-02-01,672,672,1.0,True
4362251,LIE WB LITTLE NECK PKWY - NB CVE,control,2025-03-01,743,743,1.0,True
4362251,LIE WB LITTLE NECK PKWY - NB CVE,control,2025-04-01,720,716,0.994444,True
4362251,LIE WB LITTLE NECK PKWY - NB CVE,control,2025-05-01,744,743,0.998656,True
4362251,LIE WB LITTLE NECK PKWY - NB CVE,control,2025-06-01,700,700,1.0,True
4362251,LIE WB LITTLE NECK PKWY - NB CVE,control,2025-07-01,744,744,1.0,True
4362251,LIE WB LITTLE NECK PKWY - NB CVE,control,2025-08-01,743,743,1.0,True
4362251,LIE WB LITTLE NECK PKWY - NB CVE,control,2025-09-01,720,720,1.0,True
4362251,LIE WB LITTLE NECK PKWY - NB CVE,control,2025-10-01,734,734,1.0,True
4362251,LIE WB LITTLE NECK PKWY - NB CVE,control,2025-11-01,715,715,1.0,True
4362251,LIE WB LITTLE NECK PKWY - NB CVE,control,2025-12-01,739,739,1.0,True
4362251,LIE WB LITTLE NECK PKWY - NB CVE,control,2026-01-01,743,743,1.0,True
4362251,LIE WB LITTLE NECK PKWY - NB CVE,control,2026-02-01,672,672,1.0,True
4362251,LIE WB LITTLE NECK PKWY - NB CVE,control,2026-03-01,743,698,0.939435,True
4362251,LIE WB LITTLE NECK PKWY - NB CVE,control,2026-04-01,476,476,1.0,True
4362251,LIE WB LITTLE NECK PKWY - NB CVE,control,2026-05-01,736,736,1.0,True
4362252,CIP N LIE ramp - TNB,control,2023-01-01,557,557,1.0,True
4362252,CIP N LIE ramp - TNB,control,2023-02-01,661,661,1.0,True
4362252,CIP N LIE ramp - TNB,control,2023-03-01,496,496,1.0,True
4362252,CIP N LIE ramp - TNB,control,2023-07-01,350,350,1.0,True
4362252,CIP N LIE ramp - TNB,control,2023-08-01,739,739,1.0,True
4362252,CIP N LIE ramp - TNB,control,2023-09-01,708,708,1.0,True
4362252,CIP N LIE ramp - TNB,control,2023-10-01,744,735,0.987903,True
4362252,CIP N LIE ramp - TNB,control,2023-11-01,130,0,0.0,False
4362314,TNB S Qns Anchorage - CIP S @ TNB,control,2023-01-01,557,557,1.0,True
4362314,TNB S Qns Anchorage - CIP S @ TNB,control,2023-02-01,661,661,1.0,True
4362314,TNB S Qns Anchorage - CIP S @ TNB,control,2023-03-01,743,743,1.0,True
4362314,TNB S Qns Anchorage - CIP S @ TNB,control,2023-04-01,720,719,0.998611,True
4362314,TNB S Qns Anchorage - CIP S @ TNB,control,2023-05-01,468,468,1.0,True
4362314,TNB S Qns Anchorage - CIP S @ TNB,control,2023-06-01,541,541,1.0,True
4362314,TNB S Qns Anchorage - CIP S @ TNB,control,2023-07-01,629,629,1.0,True
4362314,TNB S Qns Anchorage - CIP S @ TNB,control,2023-08-01,739,737,0.997294,True
4362314,TNB S Qns Anchorage - CIP S @ TNB,control,2023-09-01,708,699,0.987288,True
4362314,TNB S Qns Anchorage - CIP S @ TNB,control,2023-10-01,744,590,0.793011,True
4362314,TNB S Qns Anchorage - CIP S @ TNB,control,2023-11-01,706,552,0.78187,True
4362314,TNB S Qns Anchorage - CIP S @ TNB,control,2023-12-01,744,742,0.997312,True
4362314,TNB S Qns Anchorage - CIP S @ TNB,control,2024-01-01,682,681,0.998534,True
4362314,TNB S Qns Anchorage - CIP S @ TNB,control,2024-02-01,416,416,1.0,True
4362314,TNB S Qns Anchorage - CIP S @ TNB,control,2024-03-01,717,716,0.998605,True
4362314,TNB S Qns Anchorage - CIP S @ TNB,control,2024-04-01,720,720,1.0,True
4362314,TNB S Qns Anchorage - CIP S @ TNB,control,2024-05-01,744,744,1.0,True
4362314,TNB S Qns Anchorage - CIP S @ TNB,control,2024-06-01,720,720,1.0,True
4362314,TNB S Qns Anchorage - CIP S @ TNB,control,2024-07-01,712,711,0.998596,True
4362314,TNB S Qns Anchorage - CIP S @ TNB,control,2024-08-01,701,688,0.981455,True
4362314,TNB S Qns Anchorage - CIP S @ TNB,control,2024-09-01,720,720,1.0,True
4362314,TNB S Qns Anchorage - CIP S @ TNB,control,2024-10-01,744,742,0.997312,True
4362314,TNB S Qns Anchorage - CIP S @ TNB,control,2024-11-01,719,719,1.0,True
4362314,TNB S Qns Anchorage - CIP S @ TNB,control,2024-12-01,606,606,1.0,True
4362314,TNB S Qns Anchorage - CIP S @ TNB,control,2025-01-01,744,744,1.0,True
4362314,TNB S Qns Anchorage - CIP S @ TNB,control,2025-02-01,672,671,0.998512,True
4362314,TNB S Qns Anchorage - CIP S @ TNB,control,2025-03-01,743,738,0.993271,True
4362314,TNB S Qns Anchorage - CIP S @ TNB,control,2025-04-01,720,718,0.997222,True
4362314,TNB S Qns Anchorage - CIP S @ TNB,control,2025-05-01,744,739,0.99328,True
4362314,TNB S Qns Anchorage - CIP S @ TNB,control,2025-06-01,700,700,1.0,True
4362314,TNB S Qns Anchorage - CIP S @ TNB,control,2025-07-01,744,739,0.99328,True
4362314,TNB S Qns Anchorage - CIP S @ TNB,control,2025-08-01,743,743,1.0,True
4362314,TNB S Qns Anchorage - CIP S @ TNB,control,2025-09-01,720,719,0.998611,True
4362314,TNB S Qns Anchorage - CIP S @ TNB,control,2025-10-01,734,734,1.0,True
4362314,TNB S Qns Anchorage - CIP S @ TNB,control,2025-11-01,715,561,0.784615,True
4362314,TNB S Qns Anchorage - CIP S @ TNB,control,2025-12-01,739,726,0.982409,True
4362314,TNB S Qns Anchorage - CIP S @ TNB,control,2026-01-01,743,742,0.998654,True
4362314,TNB S Qns Anchorage - CIP S @ TNB,control,2026-02-01,672,672,1.0,True
4362314,TNB S Qns Anchorage - CIP S @ TNB,control,2026-03-01,743,363,0.48856,True
4362314,TNB S Qns Anchorage - CIP S @ TNB,control,2026-04-01,476,475,0.997899,True
4362314,TNB S Qns Anchorage - CIP S @ TNB,control,2026-05-01,736,185,0.251359,True
4362342,LIE E 84TH ST - 108TH ST,control,2023-01-01,557,557,1.0,True
4362342,LIE E 84TH ST - 108TH ST,control,2023-02-01,661,661,1.0,True
4362342,LIE E 84TH ST - 108TH ST,control,2023-03-01,743,743,1.0,True
4362342,LIE E 84TH ST - 108TH ST,control,2023-04-01,720,720,1.0,True
4362342,LIE E 84TH ST - 108TH ST,control,2023-05-01,468,468,1.0,True
4362342,LIE E 84TH ST - 108TH ST,control,2023-06-01,541,541,1.0,True
4362342,LIE E 84TH ST - 108TH ST,control,2023-07-01,629,629,1.0,True
4362342,LIE E 84TH ST - 108TH ST,control,2023-08-01,739,739,1.0,True
4362342,LIE E 84TH ST - 108TH ST,control,2023-09-01,708,702,0.991525,True
4362342,LIE E 84TH ST - 108TH ST,control,2023-10-01,744,737,0.990591,True
4362342,LIE E 84TH ST - 108TH ST,control,2023-11-01,706,552,0.78187,True
4362342,LIE E 84TH ST - 108TH ST,control,2023-12-01,744,744,1.0,True
4362342,LIE E 84TH ST - 108TH ST,control,2024-01-01,682,682,1.0,True
4362342,LIE E 84TH ST - 108TH ST,control,2024-02-01,416,416,1.0,True
4362342,LIE E 84TH ST - 108TH ST,control,2024-03-01,717,717,1.0,True
4362342,LIE E 84TH ST - 108TH ST,control,2024-04-01,720,720,1.0,True
4362342,LIE E 84TH ST - 108TH ST,control,2024-05-01,744,744,1.0,True
4362342,LIE E 84TH ST - 108TH ST,control,2024-06-01,720,720,1.0,True
4362342,LIE E 84TH ST - 108TH ST,control,2024-07-01,712,711,0.998596,True
4362342,LIE E 84TH ST - 108TH ST,control,2024-08-01,701,701,1.0,True
4362342,LIE E 84TH ST - 108TH ST,control,2024-09-01,720,720,1.0,True
4362342,LIE E 84TH ST - 108TH ST,control,2024-10-01,744,744,1.0,True
4362342,LIE E 84TH ST - 108TH ST,control,2024-11-01,719,719,1.0,True
4362342,LIE E 84TH ST - 108TH ST,control,2024-12-01,606,606,1.0,True
4362342,LIE E 84TH ST - 108TH ST,control,2025-01-01,744,744,1.0,True
4362342,LIE E 84TH ST - 108TH ST,control,2025-02-01,672,672,1.0,True
4362342,LIE E 84TH ST - 108TH ST,control,2025-03-01,743,743,1.0,True
4362342,LIE E 84TH ST - 108TH ST,control,2025-04-01,720,720,1.0,True
4362342,LIE E 84TH ST - 108TH ST,control,2025-05-01,744,744,1.0,True
4362342,LIE E 84TH ST - 108TH ST,control,2025-06-01,700,700,1.0,True
4362342,LIE E 84TH ST - 108TH ST,control,2025-07-01,744,744,1.0,True
4362342,LIE E 84TH ST - 108TH ST,control,2025-08-01,743,742,0.998654,True
4362342,LIE E 84TH ST - 108TH ST,control,2025-09-01,720,719,0.998611,True
4362342,LIE E 84TH ST - 108TH ST,control,2025-10-01,734,734,1.0,True
4362342,LIE E 84TH ST - 108TH ST,control,2025-11-01,715,563,0.787413,True
4362342,LIE E 84TH ST - 108TH ST,control,2025-12-01,739,372,0.503383,True
4362342,LIE E 84TH ST - 108TH ST,control,2026-01-01,743,743,1.0,True
4362342,LIE E 84TH ST - 108TH ST,control,2026-02-01,672,672,1.0,True
4362342,LIE E 84TH ST - 108TH ST,control,2026-03-01,743,740,0.995962,True
4362342,LIE E 84TH ST - 108TH ST,control,2026-04-01,477,454,0.951782,True
4362342,LIE E 84TH ST - 108TH ST,control,2026-05-01,736,699,0.949728,True
4456450,FDR N - TBB E 116TH STREET - MANHATTAN TRUSS,control,2023-01-01,557,557,1.0,True
4456450,FDR N - TBB E 116TH STREET - MANHATTAN TRUSS,control,2023-02-01,661,661,1.0,True
4456450,FDR N - TBB E 116TH STREET - MANHATTAN TRUSS,control,2023-03-01,743,743,1.0,True
4456450,FDR N - TBB E 116TH STREET - MANHATTAN TRUSS,control,2023-04-01,720,720,1.0,True
4456450,FDR N - TBB E 116TH STREET - MANHATTAN TRUSS,control,2023-05-01,468,468,1.0,True
4456450,FDR N - TBB E 116TH STREET - MANHATTAN TRUSS,control,2023-06-01,541,541,1.0,True
4456450,FDR N - TBB E 116TH STREET - MANHATTAN TRUSS,control,2023-07-01,629,629,1.0,True
4456450,FDR N - TBB E 116TH STREET - MANHATTAN TRUSS,control,2023-08-01,741,741,1.0,True
4456450,FDR N - TBB E 116TH STREET - MANHATTAN TRUSS,control,2023-09-01,703,703,1.0,True
4456450,FDR N - TBB E 116TH STREET - MANHATTAN TRUSS,control,2023-10-01,744,734,0.986559,True
4456450,FDR N - TBB E 116TH STREET - MANHATTAN TRUSS,control,2023-11-01,706,551,0.780453,True
4456450,FDR N - TBB E 116TH STREET - MANHATTAN TRUSS,control,2023-12-01,744,743,0.998656,True
4456450,FDR N - TBB E 116TH STREET - MANHATTAN TRUSS,control,2024-01-01,682,682,1.0,True
4456450,FDR N - TBB E 116TH STREET - MANHATTAN TRUSS,control,2024-02-01,416,416,1.0,True
4456450,FDR N - TBB E 116TH STREET - MANHATTAN TRUSS,control,2024-03-01,717,717,1.0,True
4456450,FDR N - TBB E 116TH STREET - MANHATTAN TRUSS,control,2024-04-01,720,720,1.0,True
4456450,FDR N - TBB E 116TH STREET - MANHATTAN TRUSS,control,2024-05-01,744,744,1.0,True
4456450,FDR N - TBB E 116TH STREET - MANHATTAN TRUSS,control,2024-06-01,720,720,1.0,True
4456450,FDR N - TBB E 116TH STREET - MANHATTAN TRUSS,control,2024-07-01,729,729,1.0,True
4456450,FDR N - TBB E 116TH STREET - MANHATTAN TRUSS,control,2024-08-01,689,689,1.0,True
4456450,FDR N - TBB E 116TH STREET - MANHATTAN TRUSS,control,2024-09-01,720,720,1.0,True
4456450,FDR N - TBB E 116TH STREET - MANHATTAN TRUSS,control,2024-10-01,744,743,0.998656,True
4456450,FDR N - TBB E 116TH STREET - MANHATTAN TRUSS,control,2024-11-01,719,719,1.0,True
4456450,FDR N - TBB E 116TH STREET - MANHATTAN TRUSS,control,2024-12-01,606,604,0.9967,True
4456450,FDR N - TBB E 116TH STREET - MANHATTAN TRUSS,control,2025-01-01,744,737,0.990591,True
4456450,FDR N - TBB E 116TH STREET - MANHATTAN TRUSS,control,2025-02-01,672,658,0.979167,True
4456450,FDR N - TBB E 116TH STREET - MANHATTAN TRUSS,control,2025-03-01,743,734,0.987887,True
4456450,FDR N - TBB E 116TH STREET - MANHATTAN TRUSS,control,2025-04-01,720,717,0.995833,True
4456450,FDR N - TBB E 116TH STREET - MANHATTAN TRUSS,control,2025-05-01,738,732,0.99187,True
4456450,FDR N - TBB E 116TH STREET - MANHATTAN TRUSS,control,2025-06-01,700,700,1.0,True
4456450,FDR N - TBB E 116TH STREET - MANHATTAN TRUSS,control,2025-07-01,744,744,1.0,True
4456450,FDR N - TBB E 116TH STREET - MANHATTAN TRUSS,control,2025-08-01,743,742,0.998654,True
4456450,FDR N - TBB E 116TH STREET - MANHATTAN TRUSS,control,2025-09-01,720,719,0.998611,True
4456450,FDR N - TBB E 116TH STREET - MANHATTAN TRUSS,control,2025-10-01,734,730,0.99455,True
4456450,FDR N - TBB E 116TH STREET - MANHATTAN TRUSS,control,2025-11-01,715,559,0.781818,True
4456450,FDR N - TBB E 116TH STREET - MANHATTAN TRUSS,control,2025-12-01,740,370,0.5,True
4456450,FDR N - TBB E 116TH STREET - MANHATTAN TRUSS,control,2026-01-01,743,742,0.998654,True
4456450,FDR N - TBB E 116TH STREET - MANHATTAN TRUSS,control,2026-02-01,672,672,1.0,True
4456450,FDR N - TBB E 116TH STREET - MANHATTAN TRUSS,control,2026-03-01,331,331,1.0,True
4456450,FDR N - TBB E 116TH STREET - MANHATTAN TRUSS,control,2026-04-01,477,477,1.0,True
4456450,FDR N - TBB E 116TH STREET - MANHATTAN TRUSS,control,2026-05-01,182,175,0.961538,True
4456452,TBB W - FDR S MANHATTAN TRUSS - E116TH STREET,control,2023-01-01,557,557,1.0,True
4456452,TBB W - FDR S MANHATTAN TRUSS - E116TH STREET,control,2023-02-01,661,661,1.0,True
4456452,TBB W - FDR S MANHATTAN TRUSS - E116TH STREET,control,2023-03-01,743,743,1.0,True
4456452,TBB W - FDR S MANHATTAN TRUSS - E116TH STREET,control,2023-04-01,720,720,1.0,True
4456452,TBB W - FDR S MANHATTAN TRUSS - E116TH STREET,control,2023-05-01,468,468,1.0,True
4456452,TBB W - FDR S MANHATTAN TRUSS - E116TH STREET,control,2023-06-01,541,541,1.0,True
4456452,TBB W - FDR S MANHATTAN TRUSS - E116TH STREET,control,2023-07-01,629,629,1.0,True
4456452,TBB W - FDR S MANHATTAN TRUSS - E116TH STREET,control,2023-08-01,741,741,1.0,True
4456452,TBB W - FDR S MANHATTAN TRUSS - E116TH STREET,control,2023-09-01,708,703,0.992938,True
4456452,TBB W - FDR S MANHATTAN TRUSS - E116TH STREET,control,2023-10-01,744,735,0.987903,True
4456452,TBB W - FDR S MANHATTAN TRUSS - E116TH STREET,control,2023-11-01,706,542,0.767705,True
4456452,TBB W - FDR S MANHATTAN TRUSS - E116TH STREET,control,2023-12-01,744,744,1.0,True
4456452,TBB W - FDR S MANHATTAN TRUSS - E116TH STREET,control,2024-01-01,682,682,1.0,True
4456452,TBB W - FDR S MANHATTAN TRUSS - E116TH STREET,control,2024-02-01,416,416,1.0,True
4456452,TBB W - FDR S MANHATTAN TRUSS - E116TH STREET,control,2024-03-01,717,717,1.0,True
4456452,TBB W - FDR S MANHATTAN TRUSS - E116TH STREET,control,2024-04-01,720,720,1.0,True
4456452,TBB W - FDR S MANHATTAN TRUSS - E116TH STREET,control,2024-05-01,744,740,0.994624,True
4456452,TBB W - FDR S MANHATTAN TRUSS - E116TH STREET,control,2024-06-01,720,720,1.0,True
4456452,TBB W - FDR S MANHATTAN TRUSS - E116TH STREET,control,2024-07-01,729,729,1.0,True
4456452,TBB W - FDR S MANHATTAN TRUSS - E116TH STREET,control,2024-08-01,701,690,0.984308,True
4456452,TBB W - FDR S MANHATTAN TRUSS - E116TH STREET,control,2024-09-01,720,720,1.0,True
4456452,TBB W - FDR S MANHATTAN TRUSS - E116TH STREET,control,2024-10-01,744,744,1.0,True
4456452,TBB W - FDR S MANHATTAN TRUSS - E116TH STREET,control,2024-11-01,719,719,1.0,True
4456452,TBB W - FDR S MANHATTAN TRUSS - E116TH STREET,control,2024-12-01,606,514,0.848185,True
4456452,TBB W - FDR S MANHATTAN TRUSS - E116TH STREET,control,2025-01-01,744,741,0.995968,True
4456452,TBB W - FDR S MANHATTAN TRUSS - E116TH STREET,control,2025-02-01,672,664,0.988095,True
4456452,TBB W - FDR S MANHATTAN TRUSS - E116TH STREET,control,2025-03-01,743,737,0.991925,True
4456452,TBB W - FDR S MANHATTAN TRUSS - E116TH STREET,control,2025-04-01,720,717,0.995833,True
4456452,TBB W - FDR S MANHATTAN TRUSS - E116TH STREET,control,2025-05-01,744,740,0.994624,True
4456452,TBB W - FDR S MANHATTAN TRUSS - E116TH STREET,control,2025-06-01,700,700,1.0,True
4456452,TBB W - FDR S MANHATTAN TRUSS - E116TH STREET,control,2025-07-01,744,744,1.0,True
4456452,TBB W - FDR S MANHATTAN TRUSS - E116TH STREET,control,2025-08-01,744,743,0.998656,True
4456452,TBB W - FDR S MANHATTAN TRUSS - E116TH STREET,control,2025-09-01,720,719,0.998611,True
4456452,TBB W - FDR S MANHATTAN TRUSS - E116TH STREET,control,2025-10-01,734,595,0.810627,True
4456452,TBB W - FDR S MANHATTAN TRUSS - E116TH STREET,control,2025-11-01,718,714,0.994429,True
4456452,TBB W - FDR S MANHATTAN TRUSS - E116TH STREET,control,2025-12-01,740,740,1.0,True
4456452,TBB W - FDR S MANHATTAN TRUSS - E116TH STREET,control,2026-01-01,743,743,1.0,True
4456452,TBB W - FDR S MANHATTAN TRUSS - E116TH STREET,control,2026-02-01,672,672,1.0,True
4456452,TBB W - FDR S MANHATTAN TRUSS - E116TH STREET,control,2026-03-01,743,743,1.0,True
4456452,TBB W - FDR S MANHATTAN TRUSS - E116TH STREET,control,2026-04-01,477,477,1.0,True
4456452,TBB W - FDR S MANHATTAN TRUSS - E116TH STREET,control,2026-05-01,736,468,0.63587,True
4456476,TBB N QUEENS ANCHORAGE - MANHATTAN LIFT SPAN,control,2023-01-01,557,557,1.0,True
4456476,TBB N QUEENS ANCHORAGE - MANHATTAN LIFT SPAN,control,2023-02-01,661,661,1.0,True
4456476,TBB N QUEENS ANCHORAGE - MANHATTAN LIFT SPAN,control,2023-03-01,743,743,1.0,True
4456476,TBB N QUEENS ANCHORAGE - MANHATTAN LIFT SPAN,control,2023-04-01,720,720,1.0,True
4456476,TBB N QUEENS ANCHORAGE - MANHATTAN LIFT SPAN,control,2023-05-01,468,468,1.0,True
4456476,TBB N QUEENS ANCHORAGE - MANHATTAN LIFT SPAN,control,2023-06-01,541,541,1.0,True
4456476,TBB N QUEENS ANCHORAGE - MANHATTAN LIFT SPAN,control,2023-07-01,629,629,1.0,True
4456476,TBB N QUEENS ANCHORAGE - MANHATTAN LIFT SPAN,control,2023-08-01,741,741,1.0,True
4456476,TBB N QUEENS ANCHORAGE - MANHATTAN LIFT SPAN,control,2023-09-01,703,703,1.0,True
4456476,TBB N QUEENS ANCHORAGE - MANHATTAN LIFT SPAN,control,2023-10-01,744,742,0.997312,True
4456476,TBB N QUEENS ANCHORAGE - MANHATTAN LIFT SPAN,control,2023-11-01,706,706,1.0,True
4456476,TBB N QUEENS ANCHORAGE - MANHATTAN LIFT SPAN,control,2023-12-01,744,744,1.0,True
4456476,TBB N QUEENS ANCHORAGE - MANHATTAN LIFT SPAN,control,2024-01-01,682,682,1.0,True
4456476,TBB N QUEENS ANCHORAGE - MANHATTAN LIFT SPAN,control,2024-02-01,416,416,1.0,True
4456476,TBB N QUEENS ANCHORAGE - MANHATTAN LIFT SPAN,control,2024-03-01,717,717,1.0,True
4456476,TBB N QUEENS ANCHORAGE - MANHATTAN LIFT SPAN,control,2024-04-01,720,720,1.0,True
4456476,TBB N QUEENS ANCHORAGE - MANHATTAN LIFT SPAN,control,2024-05-01,744,744,1.0,True
4456476,TBB N QUEENS ANCHORAGE - MANHATTAN LIFT SPAN,control,2024-06-01,720,720,1.0,True
4456476,TBB N QUEENS ANCHORAGE - MANHATTAN LIFT SPAN,control,2024-07-01,729,729,1.0,True
4456476,TBB N QUEENS ANCHORAGE - MANHATTAN LIFT SPAN,control,2024-08-01,689,689,1.0,True
4456476,TBB N QUEENS ANCHORAGE - MANHATTAN LIFT SPAN,control,2024-09-01,720,717,0.995833,True
4456476,TBB N QUEENS ANCHORAGE - MANHATTAN LIFT SPAN,control,2024-10-01,744,744,1.0,True
4456476,TBB N QUEENS ANCHORAGE - MANHATTAN LIFT SPAN,control,2024-11-01,719,719,1.0,True
4456476,TBB N QUEENS ANCHORAGE - MANHATTAN LIFT SPAN,control,2024-12-01,606,606,1.0,True
4456476,TBB N QUEENS ANCHORAGE - MANHATTAN LIFT SPAN,control,2025-01-01,744,744,1.0,True
4456476,TBB N QUEENS ANCHORAGE - MANHATTAN LIFT SPAN,control,2025-02-01,672,672,1.0,True
4456476,TBB N QUEENS ANCHORAGE - MANHATTAN LIFT SPAN,control,2025-03-01,743,738,0.993271,True
4456476,TBB N QUEENS ANCHORAGE - MANHATTAN LIFT SPAN,control,2025-04-01,720,718,0.997222,True
4456476,TBB N QUEENS ANCHORAGE - MANHATTAN LIFT SPAN,control,2025-05-01,738,736,0.99729,True
4456476,TBB N QUEENS ANCHORAGE - MANHATTAN LIFT SPAN,control,2025-06-01,700,700,1.0,True
4456476,TBB N QUEENS ANCHORAGE - MANHATTAN LIFT SPAN,control,2025-07-01,744,744,1.0,True
4456476,TBB N QUEENS ANCHORAGE - MANHATTAN LIFT SPAN,control,2025-08-01,743,742,0.998654,True
4456476,TBB N QUEENS ANCHORAGE - MANHATTAN LIFT SPAN,control,2025-09-01,720,719,0.998611,True
4456476,TBB N QUEENS ANCHORAGE - MANHATTAN LIFT SPAN,control,2025-10-01,734,734,1.0,True
4456476,TBB N QUEENS ANCHORAGE - MANHATTAN LIFT SPAN,control,2025-11-01,715,714,0.998601,True
4456476,TBB N QUEENS ANCHORAGE - MANHATTAN LIFT SPAN,control,2025-12-01,740,694,0.937838,True
4456476,TBB N QUEENS ANCHORAGE - MANHATTAN LIFT SPAN,control,2026-01-01,743,743,1.0,True
4456476,TBB N QUEENS ANCHORAGE - MANHATTAN LIFT SPAN,control,2026-02-01,672,672,1.0,True
4456476,TBB N QUEENS ANCHORAGE - MANHATTAN LIFT SPAN,control,2026-03-01,331,331,1.0,True
4456476,TBB N QUEENS ANCHORAGE - MANHATTAN LIFT SPAN,control,2026-04-01,477,477,1.0,True
4456476,TBB N QUEENS ANCHORAGE - MANHATTAN LIFT SPAN,control,2026-05-01,182,175,0.961538,True
4456477,MDE S TBB EXIT RAMP - QUEENS ANCHORAGE,control,2023-01-01,557,557,1.0,True
4456477,MDE S TBB EXIT RAMP - QUEENS ANCHORAGE,control,2023-02-01,661,661,1.0,True
4456477,MDE S TBB EXIT RAMP - QUEENS ANCHORAGE,control,2023-03-01,743,743,1.0,True
4456477,MDE S TBB EXIT RAMP - QUEENS ANCHORAGE,control,2023-04-01,720,720,1.0,True
4456477,MDE S TBB EXIT RAMP - QUEENS ANCHORAGE,control,2023-05-01,468,468,1.0,True
4456477,MDE S TBB EXIT RAMP - QUEENS ANCHORAGE,control,2023-06-01,541,541,1.0,True
4456477,MDE S TBB EXIT RAMP - QUEENS ANCHORAGE,control,2023-07-01,629,629,1.0,True
4456477,MDE S TBB EXIT RAMP - QUEENS ANCHORAGE,control,2023-08-01,741,741,1.0,True
4456477,MDE S TBB EXIT RAMP - QUEENS ANCHORAGE,control,2023-09-01,703,703,1.0,True
4456477,MDE S TBB EXIT RAMP - QUEENS ANCHORAGE,control,2023-10-01,744,744,1.0,True
4456477,MDE S TBB EXIT RAMP - QUEENS ANCHORAGE,control,2023-11-01,706,706,1.0,True
4456477,MDE S TBB EXIT RAMP - QUEENS ANCHORAGE,control,2023-12-01,744,744,1.0,True
4456477,MDE S TBB EXIT RAMP - QUEENS ANCHORAGE,control,2024-01-01,682,682,1.0,True
4456477,MDE S TBB EXIT RAMP - QUEENS ANCHORAGE,control,2024-02-01,416,416,1.0,True
4456477,MDE S TBB EXIT RAMP - QUEENS ANCHORAGE,control,2024-03-01,717,717,1.0,True
4456477,MDE S TBB EXIT RAMP - QUEENS ANCHORAGE,control,2024-04-01,720,720,1.0,True
4456477,MDE S TBB EXIT RAMP - QUEENS ANCHORAGE,control,2024-05-01,744,744,1.0,True
4456477,MDE S TBB EXIT RAMP - QUEENS ANCHORAGE,control,2024-06-01,720,720,1.0,True
4456477,MDE S TBB EXIT RAMP - QUEENS ANCHORAGE,control,2024-07-01,729,729,1.0,True
4456477,MDE S TBB EXIT RAMP - QUEENS ANCHORAGE,control,2024-08-01,689,689,1.0,True
4456477,MDE S TBB EXIT RAMP - QUEENS ANCHORAGE,control,2024-09-01,720,720,1.0,True
4456477,MDE S TBB EXIT RAMP - QUEENS ANCHORAGE,control,2024-10-01,744,744,1.0,True
4456477,MDE S TBB EXIT RAMP - QUEENS ANCHORAGE,control,2024-11-01,719,719,1.0,True
4456477,MDE S TBB EXIT RAMP - QUEENS ANCHORAGE,control,2024-12-01,606,606,1.0,True
4456477,MDE S TBB EXIT RAMP - QUEENS ANCHORAGE,control,2025-01-01,744,744,1.0,True
4456477,MDE S TBB EXIT RAMP - QUEENS ANCHORAGE,control,2025-02-01,672,672,1.0,True
4456477,MDE S TBB EXIT RAMP - QUEENS ANCHORAGE,control,2025-03-01,743,738,0.993271,True
4456477,MDE S TBB EXIT RAMP - QUEENS ANCHORAGE,control,2025-04-01,720,718,0.997222,True
4456477,MDE S TBB EXIT RAMP - QUEENS ANCHORAGE,control,2025-05-01,738,734,0.99458,True
4456477,MDE S TBB EXIT RAMP - QUEENS ANCHORAGE,control,2025-06-01,700,700,1.0,True
4456477,MDE S TBB EXIT RAMP - QUEENS ANCHORAGE,control,2025-07-01,744,744,1.0,True
4456477,MDE S TBB EXIT RAMP - QUEENS ANCHORAGE,control,2025-08-01,743,741,0.997308,True
4456477,MDE S TBB EXIT RAMP - QUEENS ANCHORAGE,control,2025-09-01,720,719,0.998611,True
4456477,MDE S TBB EXIT RAMP - QUEENS ANCHORAGE,control,2025-10-01,734,734,1.0,True
4456477,MDE S TBB EXIT RAMP - QUEENS ANCHORAGE,control,2025-11-01,715,714,0.998601,True
4456477,MDE S TBB EXIT RAMP - QUEENS ANCHORAGE,control,2025-12-01,740,695,0.939189,True
4456477,MDE S TBB EXIT RAMP - QUEENS ANCHORAGE,control,2026-01-01,743,742,0.998654,True
4456477,MDE S TBB EXIT RAMP - QUEENS ANCHORAGE,control,2026-02-01,672,672,1.0,True
4456477,MDE S TBB EXIT RAMP - QUEENS ANCHORAGE,control,2026-03-01,331,331,1.0,True
4456477,MDE S TBB EXIT RAMP - QUEENS ANCHORAGE,control,2026-04-01,477,477,1.0,True
4456477,MDE S TBB EXIT RAMP - QUEENS ANCHORAGE,control,2026-05-01,182,173,0.950549,True
4456478,BE S TBB EXIT RAMP - QUEENS ANCHORAGE,control,2023-01-01,557,557,1.0,True
4456478,BE S TBB EXIT RAMP - QUEENS ANCHORAGE,control,2023-02-01,661,593,0.897126,True
4456478,BE S TBB EXIT RAMP - QUEENS ANCHORAGE,control,2023-03-01,743,743,1.0,True
4456478,BE S TBB EXIT RAMP - QUEENS ANCHORAGE,control,2023-04-01,720,720,1.0,True
4456478,BE S TBB EXIT RAMP - QUEENS ANCHORAGE,control,2023-05-01,468,468,1.0,True
4456478,BE S TBB EXIT RAMP - QUEENS ANCHORAGE,control,2023-06-01,541,541,1.0,True
4456478,BE S TBB EXIT RAMP - QUEENS ANCHORAGE,control,2023-07-01,629,629,1.0,True
4456478,BE S TBB EXIT RAMP - QUEENS ANCHORAGE,control,2023-08-01,741,741,1.0,True
4456478,BE S TBB EXIT RAMP - QUEENS ANCHORAGE,control,2023-09-01,703,703,1.0,True
4456478,BE S TBB EXIT RAMP - QUEENS ANCHORAGE,control,2023-10-01,744,744,1.0,True
4456478,BE S TBB EXIT RAMP - QUEENS ANCHORAGE,control,2023-11-01,706,706,1.0,True
4456478,BE S TBB EXIT RAMP - QUEENS ANCHORAGE,control,2023-12-01,744,744,1.0,True
4456478,BE S TBB EXIT RAMP - QUEENS ANCHORAGE,control,2024-01-01,682,682,1.0,True
4456478,BE S TBB EXIT RAMP - QUEENS ANCHORAGE,control,2024-02-01,416,416,1.0,True
4456478,BE S TBB EXIT RAMP - QUEENS ANCHORAGE,control,2024-03-01,717,714,0.995816,True
4456478,BE S TBB EXIT RAMP - QUEENS ANCHORAGE,control,2024-04-01,720,720,1.0,True
4456478,BE S TBB EXIT RAMP - QUEENS ANCHORAGE,control,2024-05-01,744,744,1.0,True
4456478,BE S TBB EXIT RAMP - QUEENS ANCHORAGE,control,2024-06-01,720,720,1.0,True
4456478,BE S TBB EXIT RAMP - QUEENS ANCHORAGE,control,2024-07-01,729,729,1.0,True
4456478,BE S TBB EXIT RAMP - QUEENS ANCHORAGE,control,2024-08-01,689,689,1.0,True
4456478,BE S TBB EXIT RAMP - QUEENS ANCHORAGE,control,2024-09-01,720,717,0.995833,True
4456478,BE S TBB EXIT RAMP - QUEENS ANCHORAGE,control,2024-10-01,744,744,1.0,True
4456478,BE S TBB EXIT RAMP - QUEENS ANCHORAGE,control,2024-11-01,719,717,0.997218,True
4456478,BE S TBB EXIT RAMP - QUEENS ANCHORAGE,control,2024-12-01,606,606,1.0,True
4456478,BE S TBB EXIT RAMP - QUEENS ANCHORAGE,control,2025-01-01,744,744,1.0,True
4456478,BE S TBB EXIT RAMP - QUEENS ANCHORAGE,control,2025-02-01,672,672,1.0,True
4456478,BE S TBB EXIT RAMP - QUEENS ANCHORAGE,control,2025-03-01,743,738,0.993271,True
4456478,BE S TBB EXIT RAMP - QUEENS ANCHORAGE,control,2025-04-01,720,718,0.997222,True
4456478,BE S TBB EXIT RAMP - QUEENS ANCHORAGE,control,2025-05-01,738,736,0.99729,True
4456478,BE S TBB EXIT RAMP - QUEENS ANCHORAGE,control,2025-06-01,700,700,1.0,True
4456478,BE S TBB EXIT RAMP - QUEENS ANCHORAGE,control,2025-07-01,744,744,1.0,True
4456478,BE S TBB EXIT RAMP - QUEENS ANCHORAGE,control,2025-08-01,743,741,0.997308,True
4456478,BE S TBB EXIT RAMP - QUEENS ANCHORAGE,control,2025-09-01,720,719,0.998611,True
4456478,BE S TBB EXIT RAMP - QUEENS ANCHORAGE,control,2025-10-01,734,734,1.0,True
4456478,BE S TBB EXIT RAMP - QUEENS ANCHORAGE,control,2025-11-01,715,714,0.998601,True
4456478,BE S TBB EXIT RAMP - QUEENS ANCHORAGE,control,2025-12-01,740,694,0.937838,True
4456478,BE S TBB EXIT RAMP - QUEENS ANCHORAGE,control,2026-01-01,743,742,0.998654,True
4456478,BE S TBB EXIT RAMP - QUEENS ANCHORAGE,control,2026-02-01,672,672,1.0,True
4456478,BE S TBB EXIT RAMP - QUEENS ANCHORAGE,control,2026-03-01,331,329,0.993958,True
4456478,BE S TBB EXIT RAMP - QUEENS ANCHORAGE,control,2026-04-01,477,477,1.0,True
4456478,BE S TBB EXIT RAMP - QUEENS ANCHORAGE,control,2026-05-01,182,175,0.961538,True
4456479,BE S TBB EXIT RAMP - MANHATTAN LIFT SPAN,control,2023-01-01,557,557,1.0,True
4456479,BE S TBB EXIT RAMP - MANHATTAN LIFT SPAN,control,2023-02-01,661,590,0.892587,True
4456479,BE S TBB EXIT RAMP - MANHATTAN LIFT SPAN,control,2023-03-01,743,743,1.0,True
4456479,BE S TBB EXIT RAMP - MANHATTAN LIFT SPAN,control,2023-04-01,720,719,0.998611,True
4456479,BE S TBB EXIT RAMP - MANHATTAN LIFT SPAN,control,2023-05-01,468,468,1.0,True
4456479,BE S TBB EXIT RAMP - MANHATTAN LIFT SPAN,control,2023-06-01,541,539,0.996303,True
4456479,BE S TBB EXIT RAMP - MANHATTAN LIFT SPAN,control,2023-07-01,629,627,0.99682,True
4456479,BE S TBB EXIT RAMP - MANHATTAN LIFT SPAN,control,2023-08-01,741,741,1.0,True
4456479,BE S TBB EXIT RAMP - MANHATTAN LIFT SPAN,control,2023-09-01,703,702,0.998578,True
4456479,BE S TBB EXIT RAMP - MANHATTAN LIFT SPAN,control,2023-10-01,744,741,0.995968,True
4456479,BE S TBB EXIT RAMP - MANHATTAN LIFT SPAN,control,2023-11-01,706,699,0.990085,True
4456479,BE S TBB EXIT RAMP - MANHATTAN LIFT SPAN,control,2023-12-01,744,734,0.986559,True
4456479,BE S TBB EXIT RAMP - MANHATTAN LIFT SPAN,control,2024-01-01,682,674,0.98827,True
4456479,BE S TBB EXIT RAMP - MANHATTAN LIFT SPAN,control,2024-02-01,416,397,0.954327,True
4456479,BE S TBB EXIT RAMP - MANHATTAN LIFT SPAN,control,2024-03-01,717,701,0.977685,True
4456479,BE S TBB EXIT RAMP - MANHATTAN LIFT SPAN,control,2024-04-01,720,716,0.994444,True
4456479,BE S TBB EXIT RAMP - MANHATTAN LIFT SPAN,control,2024-05-01,744,741,0.995968,True
4456479,BE S TBB EXIT RAMP - MANHATTAN LIFT SPAN,control,2024-06-01,720,720,1.0,True
4456479,BE S TBB EXIT RAMP - MANHATTAN LIFT SPAN,control,2024-07-01,729,729,1.0,True
4456479,BE S TBB EXIT RAMP - MANHATTAN LIFT SPAN,control,2024-08-01,689,689,1.0,True
4456479,BE S TBB EXIT RAMP - MANHATTAN LIFT SPAN,control,2024-09-01,720,715,0.993056,True
4456479,BE S TBB EXIT RAMP - MANHATTAN LIFT SPAN,control,2024-10-01,744,744,1.0,True
4456479,BE S TBB EXIT RAMP - MANHATTAN LIFT SPAN,control,2024-11-01,719,710,0.987483,True
4456479,BE S TBB EXIT RAMP - MANHATTAN LIFT SPAN,control,2024-12-01,606,594,0.980198,True
4456479,BE S TBB EXIT RAMP - MANHATTAN LIFT SPAN,control,2025-01-01,744,738,0.991935,True
4456479,BE S TBB EXIT RAMP - MANHATTAN LIFT SPAN,control,2025-02-01,672,662,0.985119,True
4456479,BE S TBB EXIT RAMP - MANHATTAN LIFT SPAN,control,2025-03-01,743,737,0.991925,True
4456479,BE S TBB EXIT RAMP - MANHATTAN LIFT SPAN,control,2025-04-01,720,714,0.991667,True
4456479,BE S TBB EXIT RAMP - MANHATTAN LIFT SPAN,control,2025-05-01,738,736,0.99729,True
4456479,BE S TBB EXIT RAMP - MANHATTAN LIFT SPAN,control,2025-06-01,700,698,0.997143,True
4456479,BE S TBB EXIT RAMP - MANHATTAN LIFT SPAN,control,2025-07-01,744,744,1.0,True
4456479,BE S TBB EXIT RAMP - MANHATTAN LIFT SPAN,control,2025-08-01,743,739,0.994616,True
4456479,BE S TBB EXIT RAMP - MANHATTAN LIFT SPAN,control,2025-09-01,720,717,0.995833,True
4456479,BE S TBB EXIT RAMP - MANHATTAN LIFT SPAN,control,2025-10-01,734,733,0.998638,True
4456479,BE S TBB EXIT RAMP - MANHATTAN LIFT SPAN,control,2025-11-01,715,713,0.997203,True
4456479,BE S TBB EXIT RAMP - MANHATTAN LIFT SPAN,control,2025-12-01,740,687,0.928378,True
4456479,BE S TBB EXIT RAMP - MANHATTAN LIFT SPAN,control,2026-01-01,743,743,1.0,True
4456479,BE S TBB EXIT RAMP - MANHATTAN LIFT SPAN,control,2026-02-01,672,671,0.998512,True
4456479,BE S TBB EXIT RAMP - MANHATTAN LIFT SPAN,control,2026-03-01,331,331,1.0,True
4456479,BE S TBB EXIT RAMP - MANHATTAN LIFT SPAN,control,2026-04-01,477,477,1.0,True
4456479,BE S TBB EXIT RAMP - MANHATTAN LIFT SPAN,control,2026-05-01,182,175,0.961538,True
4456481,TBB S MANHATTAN LIFT SPAN - QUEENS ANCHORAGE,control,2023-01-01,557,557,1.0,True
4456481,TBB S MANHATTAN LIFT SPAN - QUEENS ANCHORAGE,control,2023-02-01,661,661,1.0,True
4456481,TBB S MANHATTAN LIFT SPAN - QUEENS ANCHORAGE,control,2023-03-01,743,743,1.0,True
4456481,TBB S MANHATTAN LIFT SPAN - QUEENS ANCHORAGE,control,2023-04-01,720,720,1.0,True
4456481,TBB S MANHATTAN LIFT SPAN - QUEENS ANCHORAGE,control,2023-05-01,468,468,1.0,True
4456481,TBB S MANHATTAN LIFT SPAN - QUEENS ANCHORAGE,control,2023-06-01,541,541,1.0,True
4456481,TBB S MANHATTAN LIFT SPAN - QUEENS ANCHORAGE,control,2023-07-01,629,629,1.0,True
4456481,TBB S MANHATTAN LIFT SPAN - QUEENS ANCHORAGE,control,2023-08-01,741,741,1.0,True
4456481,TBB S MANHATTAN LIFT SPAN - QUEENS ANCHORAGE,control,2023-09-01,703,703,1.0,True
4456481,TBB S MANHATTAN LIFT SPAN - QUEENS ANCHORAGE,control,2023-10-01,744,742,0.997312,True
4456481,TBB S MANHATTAN LIFT SPAN - QUEENS ANCHORAGE,control,2023-11-01,706,706,1.0,True
4456481,TBB S MANHATTAN LIFT SPAN - QUEENS ANCHORAGE,control,2023-12-01,744,743,0.998656,True
4456481,TBB S MANHATTAN LIFT SPAN - QUEENS ANCHORAGE,control,2024-01-01,682,682,1.0,True
4456481,TBB S MANHATTAN LIFT SPAN - QUEENS ANCHORAGE,control,2024-02-01,416,416,1.0,True
4456481,TBB S MANHATTAN LIFT SPAN - QUEENS ANCHORAGE,control,2024-03-01,717,717,1.0,True
4456481,TBB S MANHATTAN LIFT SPAN - QUEENS ANCHORAGE,control,2024-04-01,720,720,1.0,True
4456481,TBB S MANHATTAN LIFT SPAN - QUEENS ANCHORAGE,control,2024-05-01,744,744,1.0,True
4456481,TBB S MANHATTAN LIFT SPAN - QUEENS ANCHORAGE,control,2024-06-01,720,720,1.0,True
4456481,TBB S MANHATTAN LIFT SPAN - QUEENS ANCHORAGE,control,2024-07-01,729,729,1.0,True
4456481,TBB S MANHATTAN LIFT SPAN - QUEENS ANCHORAGE,control,2024-08-01,689,689,1.0,True
4456481,TBB S MANHATTAN LIFT SPAN - QUEENS ANCHORAGE,control,2024-09-01,720,720,1.0,True
4456481,TBB S MANHATTAN LIFT SPAN - QUEENS ANCHORAGE,control,2024-10-01,744,744,1.0,True
4456481,TBB S MANHATTAN LIFT SPAN - QUEENS ANCHORAGE,control,2024-11-01,719,719,1.0,True
4456481,TBB S MANHATTAN LIFT SPAN - QUEENS ANCHORAGE,control,2024-12-01,606,606,1.0,True
4456481,TBB S MANHATTAN LIFT SPAN - QUEENS ANCHORAGE,control,2025-01-01,744,744,1.0,True
4456481,TBB S MANHATTAN LIFT SPAN - QUEENS ANCHORAGE,control,2025-02-01,672,672,1.0,True
4456481,TBB S MANHATTAN LIFT SPAN - QUEENS ANCHORAGE,control,2025-03-01,743,738,0.993271,True
4456481,TBB S MANHATTAN LIFT SPAN - QUEENS ANCHORAGE,control,2025-04-01,720,718,0.997222,True
4456481,TBB S MANHATTAN LIFT SPAN - QUEENS ANCHORAGE,control,2025-05-01,738,736,0.99729,True
4456481,TBB S MANHATTAN LIFT SPAN - QUEENS ANCHORAGE,control,2025-06-01,700,700,1.0,True
4456481,TBB S MANHATTAN LIFT SPAN - QUEENS ANCHORAGE,control,2025-07-01,744,744,1.0,True
4456481,TBB S MANHATTAN LIFT SPAN - QUEENS ANCHORAGE,control,2025-08-01,743,741,0.997308,True
4456481,TBB S MANHATTAN LIFT SPAN - QUEENS ANCHORAGE,control,2025-09-01,720,719,0.998611,True
4456481,TBB S MANHATTAN LIFT SPAN - QUEENS ANCHORAGE,control,2025-10-01,734,734,1.0,True
4456481,TBB S MANHATTAN LIFT SPAN - QUEENS ANCHORAGE,control,2025-11-01,715,714,0.998601,True
4456481,TBB S MANHATTAN LIFT SPAN - QUEENS ANCHORAGE,control,2025-12-01,740,695,0.939189,True
4456481,TBB S MANHATTAN LIFT SPAN - QUEENS ANCHORAGE,control,2026-01-01,743,742,0.998654,True
4456481,TBB S MANHATTAN LIFT SPAN - QUEENS ANCHORAGE,control,2026-02-01,672,672,1.0,True
4456481,TBB S MANHATTAN LIFT SPAN - QUEENS ANCHORAGE,control,2026-03-01,331,331,1.0,True
4456481,TBB S MANHATTAN LIFT SPAN - QUEENS ANCHORAGE,control,2026-04-01,477,477,1.0,True
4456481,TBB S MANHATTAN LIFT SPAN - QUEENS ANCHORAGE,control,2026-05-01,182,175,0.961538,True
4456483,CIP N ramp to TNB - TNB Queens Anchorage,control,2023-01-01,557,557,1.0,True
4456483,CIP N ramp to TNB - TNB Queens Anchorage,control,2023-02-01,661,661,1.0,True
4456483,CIP N ramp to TNB - TNB Queens Anchorage,control,2023-03-01,743,743,1.0,True
4456483,CIP N ramp to TNB - TNB Queens Anchorage,control,2023-04-01,720,720,1.0,True
4456483,CIP N ramp to TNB - TNB Queens Anchorage,control,2023-05-01,468,468,1.0,True
4456483,CIP N ramp to TNB - TNB Queens Anchorage,control,2023-06-01,541,541,1.0,True
4456483,CIP N ramp to TNB - TNB Queens Anchorage,control,2023-07-01,629,629,1.0,True
4456483,CIP N ramp to TNB - TNB Queens Anchorage,control,2023-08-01,741,737,0.994602,True
4456483,CIP N ramp to TNB - TNB Queens Anchorage,control,2023-09-01,703,703,1.0,True
4456483,CIP N ramp to TNB - TNB Queens Anchorage,control,2023-10-01,744,736,0.989247,True
4456483,CIP N ramp to TNB - TNB Queens Anchorage,control,2023-11-01,706,0,0.0,False
4456483,CIP N ramp to TNB - TNB Queens Anchorage,control,2023-12-01,744,0,0.0,False
4456483,CIP N ramp to TNB - TNB Queens Anchorage,control,2024-01-01,682,0,0.0,False
4456483,CIP N ramp to TNB - TNB Queens Anchorage,control,2024-02-01,416,0,0.0,False
4456483,CIP N ramp to TNB - TNB Queens Anchorage,control,2024-03-01,717,250,0.348675,True
4456483,CIP N ramp to TNB - TNB Queens Anchorage,control,2024-04-01,720,720,1.0,True
4456483,CIP N ramp to TNB - TNB Queens Anchorage,control,2024-05-01,744,686,0.922043,True
4456483,CIP N ramp to TNB - TNB Queens Anchorage,control,2024-06-01,720,719,0.998611,True
4456483,CIP N ramp to TNB - TNB Queens Anchorage,control,2024-07-01,729,694,0.951989,True
4456483,CIP N ramp to TNB - TNB Queens Anchorage,control,2024-08-01,689,689,1.0,True
4456483,CIP N ramp to TNB - TNB Queens Anchorage,control,2024-09-01,720,719,0.998611,True
4456483,CIP N ramp to TNB - TNB Queens Anchorage,control,2024-10-01,744,744,1.0,True
4456483,CIP N ramp to TNB - TNB Queens Anchorage,control,2024-11-01,719,719,1.0,True
4456483,CIP N ramp to TNB - TNB Queens Anchorage,control,2024-12-01,606,595,0.981848,True
4456483,CIP N ramp to TNB - TNB Queens Anchorage,control,2025-01-01,744,744,1.0,True
4456483,CIP N ramp to TNB - TNB Queens Anchorage,control,2025-02-01,672,671,0.998512,True
4456483,CIP N ramp to TNB - TNB Queens Anchorage,control,2025-03-01,743,738,0.993271,True
4456483,CIP N ramp to TNB - TNB Queens Anchorage,control,2025-04-01,720,718,0.997222,True
4456483,CIP N ramp to TNB - TNB Queens Anchorage,control,2025-05-01,738,719,0.974255,True
4456483,CIP N ramp to TNB - TNB Queens Anchorage,control,2025-06-01,700,689,0.984286,True
4456483,CIP N ramp to TNB - TNB Queens Anchorage,control,2025-07-01,744,744,1.0,True
4456483,CIP N ramp to TNB - TNB Queens Anchorage,control,2025-08-01,743,741,0.997308,True
4456483,CIP N ramp to TNB - TNB Queens Anchorage,control,2025-09-01,720,719,0.998611,True
4456483,CIP N ramp to TNB - TNB Queens Anchorage,control,2025-10-01,734,723,0.985014,True
4456483,CIP N ramp to TNB - TNB Queens Anchorage,control,2025-11-01,715,561,0.784615,True
4456483,CIP N ramp to TNB - TNB Queens Anchorage,control,2025-12-01,740,724,0.978378,True
4456483,CIP N ramp to TNB - TNB Queens Anchorage,control,2026-01-01,743,742,0.998654,True
4456483,CIP N ramp to TNB - TNB Queens Anchorage,control,2026-02-01,672,654,0.973214,True
4456483,CIP N ramp to TNB - TNB Queens Anchorage,control,2026-03-01,331,324,0.978852,True
4456483,CIP N ramp to TNB - TNB Queens Anchorage,control,2026-04-01,477,453,0.949686,True
4456483,CIP N ramp to TNB - TNB Queens Anchorage,control,2026-05-01,182,179,0.983516,True
4456496,BWB S Toll Plaza - Queens Anchorage,control,2023-01-01,557,557,1.0,True
4456496,BWB S Toll Plaza - Queens Anchorage,control,2023-02-01,661,661,1.0,True
4456496,BWB S Toll Plaza - Queens Anchorage,control,2023-03-01,743,743,1.0,True
4456496,BWB S Toll Plaza - Queens Anchorage,control,2023-04-01,720,720,1.0,True
4456496,BWB S Toll Plaza - Queens Anchorage,control,2023-05-01,468,468,1.0,True
4456496,BWB S Toll Plaza - Queens Anchorage,control,2023-06-01,541,541,1.0,True
4456496,BWB S Toll Plaza - Queens Anchorage,control,2023-07-01,629,626,0.995231,True
4456496,BWB S Toll Plaza - Queens Anchorage,control,2023-08-01,741,739,0.997301,True
4456496,BWB S Toll Plaza - Queens Anchorage,control,2023-09-01,703,702,0.998578,True
4456496,BWB S Toll Plaza - Queens Anchorage,control,2023-10-01,744,744,1.0,True
4456496,BWB S Toll Plaza - Queens Anchorage,control,2023-11-01,706,689,0.975921,True
4456496,BWB S Toll Plaza - Queens Anchorage,control,2023-12-01,744,744,1.0,True
4456496,BWB S Toll Plaza - Queens Anchorage,control,2024-01-01,682,682,1.0,True
4456496,BWB S Toll Plaza - Queens Anchorage,control,2024-02-01,416,416,1.0,True
4456496,BWB S Toll Plaza - Queens Anchorage,control,2024-03-01,717,717,1.0,True
4456496,BWB S Toll Plaza - Queens Anchorage,control,2024-04-01,720,719,0.998611,True
4456496,BWB S Toll Plaza - Queens Anchorage,control,2024-05-01,744,743,0.998656,True
4456496,BWB S Toll Plaza - Queens Anchorage,control,2024-06-01,720,720,1.0,True
4456496,BWB S Toll Plaza - Queens Anchorage,control,2024-07-01,729,699,0.958848,True
4456496,BWB S Toll Plaza - Queens Anchorage,control,2024-08-01,689,678,0.984035,True
4456496,BWB S Toll Plaza - Queens Anchorage,control,2024-09-01,720,715,0.993056,True
4456496,BWB S Toll Plaza - Queens Anchorage,control,2024-10-01,744,742,0.997312,True
4456496,BWB S Toll Plaza - Queens Anchorage,control,2024-11-01,719,616,0.856745,True
4456496,BWB S Toll Plaza - Queens Anchorage,control,2024-12-01,606,606,1.0,True
4456496,BWB S Toll Plaza - Queens Anchorage,control,2025-01-01,744,731,0.982527,True
4456496,BWB S Toll Plaza - Queens Anchorage,control,2025-02-01,672,672,1.0,True
4456496,BWB S Toll Plaza - Queens Anchorage,control,2025-03-01,743,729,0.981157,True
4456496,BWB S Toll Plaza - Queens Anchorage,control,2025-04-01,720,718,0.997222,True
4456496,BWB S Toll Plaza - Queens Anchorage,control,2025-05-01,738,737,0.998645,True
4456496,BWB S Toll Plaza - Queens Anchorage,control,2025-06-01,700,700,1.0,True
4456496,BWB S Toll Plaza - Queens Anchorage,control,2025-07-01,744,744,1.0,True
4456496,BWB S Toll Plaza - Queens Anchorage,control,2025-08-01,743,726,0.97712,True
4456496,BWB S Toll Plaza - Queens Anchorage,control,2025-09-01,720,706,0.980556,True
4456496,BWB S Toll Plaza - Queens Anchorage,control,2025-10-01,734,729,0.993188,True
4456496,BWB S Toll Plaza - Queens Anchorage,control,2025-11-01,715,480,0.671329,True
4456496,BWB S Toll Plaza - Queens Anchorage,control,2025-12-01,740,680,0.918919,True
4456496,BWB S Toll Plaza - Queens Anchorage,control,2026-01-01,743,741,0.997308,True
4456496,BWB S Toll Plaza - Queens Anchorage,control,2026-02-01,672,672,1.0,True
4456496,BWB S Toll Plaza - Queens Anchorage,control,2026-03-01,331,331,1.0,True
4456496,BWB S Toll Plaza - Queens Anchorage,control,2026-04-01,477,467,0.979036,True
4456496,BWB S Toll Plaza - Queens Anchorage,control,2026-05-01,182,182,1.0,True
4456497,BWB N Queens Anchorage - Toll Plaza,control,2023-01-01,557,557,1.0,True
4456497,BWB N Queens Anchorage - Toll Plaza,control,2023-02-01,661,657,0.993949,True
4456497,BWB N Queens Anchorage - Toll Plaza,control,2023-03-01,743,743,1.0,True
4456497,BWB N Queens Anchorage - Toll Plaza,control,2023-04-01,720,720,1.0,True
4456497,BWB N Queens Anchorage - Toll Plaza,control,2023-05-01,468,468,1.0,True
4456497,BWB N Queens Anchorage - Toll Plaza,control,2023-06-01,541,541,1.0,True
4456497,BWB N Queens Anchorage - Toll Plaza,control,2023-07-01,629,629,1.0,True
4456497,BWB N Queens Anchorage - Toll Plaza,control,2023-08-01,741,741,1.0,True
4456497,BWB N Queens Anchorage - Toll Plaza,control,2023-09-01,703,703,1.0,True
4456497,BWB N Queens Anchorage - Toll Plaza,control,2023-10-01,744,744,1.0,True
4456497,BWB N Queens Anchorage - Toll Plaza,control,2023-11-01,706,682,0.966006,True
4456497,BWB N Queens Anchorage - Toll Plaza,control,2023-12-01,744,744,1.0,True
4456497,BWB N Queens Anchorage - Toll Plaza,control,2024-01-01,682,682,1.0,True
4456497,BWB N Queens Anchorage - Toll Plaza,control,2024-02-01,416,416,1.0,True
4456497,BWB N Queens Anchorage - Toll Plaza,control,2024-03-01,717,717,1.0,True
4456497,BWB N Queens Anchorage - Toll Plaza,control,2024-04-01,720,717,0.995833,True
4456497,BWB N Queens Anchorage - Toll Plaza,control,2024-05-01,744,743,0.998656,True
4456497,BWB N Queens Anchorage - Toll Plaza,control,2024-06-01,720,720,1.0,True
4456497,BWB N Queens Anchorage - Toll Plaza,control,2024-07-01,729,694,0.951989,True
4456497,BWB N Queens Anchorage - Toll Plaza,control,2024-08-01,689,683,0.991292,True
4456497,BWB N Queens Anchorage - Toll Plaza,control,2024-09-01,720,716,0.994444,True
4456497,BWB N Queens Anchorage - Toll Plaza,control,2024-10-01,744,741,0.995968,True
4456497,BWB N Queens Anchorage - Toll Plaza,control,2024-11-01,719,608,0.845619,True
4456497,BWB N Queens Anchorage - Toll Plaza,control,2024-12-01,606,606,1.0,True
4456497,BWB N Queens Anchorage - Toll Plaza,control,2025-01-01,744,741,0.995968,True
4456497,BWB N Queens Anchorage - Toll Plaza,control,2025-02-01,672,672,1.0,True
4456497,BWB N Queens Anchorage - Toll Plaza,control,2025-03-01,743,729,0.981157,True
4456497,BWB N Queens Anchorage - Toll Plaza,control,2025-04-01,720,718,0.997222,True
4456497,BWB N Queens Anchorage - Toll Plaza,control,2025-05-01,738,736,0.99729,True
4456497,BWB N Queens Anchorage - Toll Plaza,control,2025-06-01,700,700,1.0,True
4456497,BWB N Queens Anchorage - Toll Plaza,control,2025-07-01,744,744,1.0,True
4456497,BWB N Queens Anchorage - Toll Plaza,control,2025-08-01,743,740,0.995962,True
4456497,BWB N Queens Anchorage - Toll Plaza,control,2025-09-01,720,717,0.995833,True
4456497,BWB N Queens Anchorage - Toll Plaza,control,2025-10-01,734,728,0.991826,True
4456497,BWB N Queens Anchorage - Toll Plaza,control,2025-11-01,715,615,0.86014,True
4456497,BWB N Queens Anchorage - Toll Plaza,control,2025-12-01,740,694,0.937838,True
4456497,BWB N Queens Anchorage - Toll Plaza,control,2026-01-01,743,742,0.998654,True
4456497,BWB N Queens Anchorage - Toll Plaza,control,2026-02-01,672,672,1.0,True
4456497,BWB N Queens Anchorage - Toll Plaza,control,2026-03-01,331,331,1.0,True
4456497,BWB N Queens Anchorage - Toll Plaza,control,2026-04-01,477,463,0.97065,True
4456497,BWB N Queens Anchorage - Toll Plaza,control,2026-05-01,182,182,1.0,True
4456498,HRP S Lafayette Ave - BWB S Toll Plaza,control,2023-01-01,557,557,1.0,True
4456498,HRP S Lafayette Ave - BWB S Toll Plaza,control,2023-02-01,661,661,1.0,True
4456498,HRP S Lafayette Ave - BWB S Toll Plaza,control,2023-03-01,743,743,1.0,True
4456498,HRP S Lafayette Ave - BWB S Toll Plaza,control,2023-04-01,720,720,1.0,True
4456498,HRP S Lafayette Ave - BWB S Toll Plaza,control,2023-05-01,468,468,1.0,True
4456498,HRP S Lafayette Ave - BWB S Toll Plaza,control,2023-06-01,541,541,1.0,True
4456498,HRP S Lafayette Ave - BWB S Toll Plaza,control,2023-07-01,629,629,1.0,True
4456498,HRP S Lafayette Ave - BWB S Toll Plaza,control,2023-08-01,741,741,1.0,True
4456498,HRP S Lafayette Ave - BWB S Toll Plaza,control,2023-09-01,703,703,1.0,True
4456498,HRP S Lafayette Ave - BWB S Toll Plaza,control,2023-10-01,744,736,0.989247,True
4456498,HRP S Lafayette Ave - BWB S Toll Plaza,control,2023-11-01,706,551,0.780453,True
4456498,HRP S Lafayette Ave - BWB S Toll Plaza,control,2023-12-01,744,744,1.0,True
4456498,HRP S Lafayette Ave - BWB S Toll Plaza,control,2024-01-01,682,682,1.0,True
4456498,HRP S Lafayette Ave - BWB S Toll Plaza,control,2024-02-01,416,416,1.0,True
4456498,HRP S Lafayette Ave - BWB S Toll Plaza,control,2024-03-01,717,717,1.0,True
4456498,HRP S Lafayette Ave - BWB S Toll Plaza,control,2024-04-01,720,718,0.997222,True
4456498,HRP S Lafayette Ave - BWB S Toll Plaza,control,2024-05-01,744,744,1.0,True
4456498,HRP S Lafayette Ave - BWB S Toll Plaza,control,2024-06-01,720,720,1.0,True
4456498,HRP S Lafayette Ave - BWB S Toll Plaza,control,2024-07-01,729,705,0.967078,True
4456498,HRP S Lafayette Ave - BWB S Toll Plaza,control,2024-08-01,689,675,0.979681,True
4456498,HRP S Lafayette Ave - BWB S Toll Plaza,control,2024-09-01,720,710,0.986111,True
4456498,HRP S Lafayette Ave - BWB S Toll Plaza,control,2024-10-01,744,744,1.0,True
4456498,HRP S Lafayette Ave - BWB S Toll Plaza,control,2024-11-01,719,696,0.968011,True
4456498,HRP S Lafayette Ave - BWB S Toll Plaza,control,2024-12-01,606,606,1.0,True
4456498,HRP S Lafayette Ave - BWB S Toll Plaza,control,2025-01-01,744,744,1.0,True
4456498,HRP S Lafayette Ave - BWB S Toll Plaza,control,2025-02-01,672,672,1.0,True
4456498,HRP S Lafayette Ave - BWB S Toll Plaza,control,2025-03-01,743,729,0.981157,True
4456498,HRP S Lafayette Ave - BWB S Toll Plaza,control,2025-04-01,720,718,0.997222,True
4456498,HRP S Lafayette Ave - BWB S Toll Plaza,control,2025-05-01,738,736,0.99729,True
4456498,HRP S Lafayette Ave - BWB S Toll Plaza,control,2025-06-01,700,698,0.997143,True
4456498,HRP S Lafayette Ave - BWB S Toll Plaza,control,2025-07-01,744,744,1.0,True
4456498,HRP S Lafayette Ave - BWB S Toll Plaza,control,2025-08-01,743,737,0.991925,True
4456498,HRP S Lafayette Ave - BWB S Toll Plaza,control,2025-09-01,720,675,0.9375,True
4456498,HRP S Lafayette Ave - BWB S Toll Plaza,control,2025-10-01,734,727,0.990463,True
4456498,HRP S Lafayette Ave - BWB S Toll Plaza,control,2025-11-01,715,496,0.693706,True
4456498,HRP S Lafayette Ave - BWB S Toll Plaza,control,2025-12-01,740,130,0.175676,True
4456498,HRP S Lafayette Ave - BWB S Toll Plaza,control,2026-01-01,743,286,0.384926,True
4456498,HRP S Lafayette Ave - BWB S Toll Plaza,control,2026-02-01,672,229,0.340774,True
4456498,HRP S Lafayette Ave - BWB S Toll Plaza,control,2026-03-01,331,161,0.486405,True
4456498,HRP S Lafayette Ave - BWB S Toll Plaza,control,2026-04-01,477,190,0.398323,True
4456498,HRP S Lafayette Ave - BWB S Toll Plaza,control,2026-05-01,182,64,0.351648,True
4456500,Whitestone Expwy N Exit 14 (Linden Pl) - BWB N Queens Anchorage,control,2023-01-01,557,557,1.0,True
4456500,Whitestone Expwy N Exit 14 (Linden Pl) - BWB N Queens Anchorage,control,2023-02-01,661,661,1.0,True
4456500,Whitestone Expwy N Exit 14 (Linden Pl) - BWB N Queens Anchorage,control,2023-03-01,743,743,1.0,True
4456500,Whitestone Expwy N Exit 14 (Linden Pl) - BWB N Queens Anchorage,control,2023-04-01,720,720,1.0,True
4456500,Whitestone Expwy N Exit 14 (Linden Pl) - BWB N Queens Anchorage,control,2023-05-01,468,468,1.0,True
4456500,Whitestone Expwy N Exit 14 (Linden Pl) - BWB N Queens Anchorage,control,2023-06-01,541,541,1.0,True
4456500,Whitestone Expwy N Exit 14 (Linden Pl) - BWB N Queens Anchorage,control,2023-07-01,629,629,1.0,True
4456500,Whitestone Expwy N Exit 14 (Linden Pl) - BWB N Queens Anchorage,control,2023-08-01,741,741,1.0,True
4456500,Whitestone Expwy N Exit 14 (Linden Pl) - BWB N Queens Anchorage,control,2023-09-01,703,703,1.0,True
4456500,Whitestone Expwy N Exit 14 (Linden Pl) - BWB N Queens Anchorage,control,2023-10-01,744,738,0.991935,True
4456500,Whitestone Expwy N Exit 14 (Linden Pl) - BWB N Queens Anchorage,control,2023-11-01,706,551,0.780453,True
4456500,Whitestone Expwy N Exit 14 (Linden Pl) - BWB N Queens Anchorage,control,2023-12-01,744,744,1.0,True
4456500,Whitestone Expwy N Exit 14 (Linden Pl) - BWB N Queens Anchorage,control,2024-01-01,682,682,1.0,True
4456500,Whitestone Expwy N Exit 14 (Linden Pl) - BWB N Queens Anchorage,control,2024-02-01,416,416,1.0,True
4456500,Whitestone Expwy N Exit 14 (Linden Pl) - BWB N Queens Anchorage,control,2024-03-01,717,717,1.0,True
4456500,Whitestone Expwy N Exit 14 (Linden Pl) - BWB N Queens Anchorage,control,2024-04-01,720,720,1.0,True
4456500,Whitestone Expwy N Exit 14 (Linden Pl) - BWB N Queens Anchorage,control,2024-05-01,744,744,1.0,True
4456500,Whitestone Expwy N Exit 14 (Linden Pl) - BWB N Queens Anchorage,control,2024-06-01,720,720,1.0,True
4456500,Whitestone Expwy N Exit 14 (Linden Pl) - BWB N Queens Anchorage,control,2024-07-01,729,729,1.0,True
4456500,Whitestone Expwy N Exit 14 (Linden Pl) - BWB N Queens Anchorage,control,2024-08-01,689,689,1.0,True
4456500,Whitestone Expwy N Exit 14 (Linden Pl) - BWB N Queens Anchorage,control,2024-09-01,720,720,1.0,True
4456500,Whitestone Expwy N Exit 14 (Linden Pl) - BWB N Queens Anchorage,control,2024-10-01,744,744,1.0,True
4456500,Whitestone Expwy N Exit 14 (Linden Pl) - BWB N Queens Anchorage,control,2024-11-01,719,719,1.0,True
4456500,Whitestone Expwy N Exit 14 (Linden Pl) - BWB N Queens Anchorage,control,2024-12-01,606,606,1.0,True
4456500,Whitestone Expwy N Exit 14 (Linden Pl) - BWB N Queens Anchorage,control,2025-01-01,744,744,1.0,True
4456500,Whitestone Expwy N Exit 14 (Linden Pl) - BWB N Queens Anchorage,control,2025-02-01,672,672,1.0,True
4456500,Whitestone Expwy N Exit 14 (Linden Pl) - BWB N Queens Anchorage,control,2025-03-01,743,738,0.993271,True
4456500,Whitestone Expwy N Exit 14 (Linden Pl) - BWB N Queens Anchorage,control,2025-04-01,720,718,0.997222,True
4456500,Whitestone Expwy N Exit 14 (Linden Pl) - BWB N Queens Anchorage,control,2025-05-01,738,736,0.99729,True
4456500,Whitestone Expwy N Exit 14 (Linden Pl) - BWB N Queens Anchorage,control,2025-06-01,700,700,1.0,True
4456500,Whitestone Expwy N Exit 14 (Linden Pl) - BWB N Queens Anchorage,control,2025-07-01,744,744,1.0,True
4456500,Whitestone Expwy N Exit 14 (Linden Pl) - BWB N Queens Anchorage,control,2025-08-01,743,742,0.998654,True
4456500,Whitestone Expwy N Exit 14 (Linden Pl) - BWB N Queens Anchorage,control,2025-09-01,720,719,0.998611,True
4456500,Whitestone Expwy N Exit 14 (Linden Pl) - BWB N Queens Anchorage,control,2025-10-01,734,734,1.0,True
4456500,Whitestone Expwy N Exit 14 (Linden Pl) - BWB N Queens Anchorage,control,2025-11-01,715,559,0.781818,True
4456500,Whitestone Expwy N Exit 14 (Linden Pl) - BWB N Queens Anchorage,control,2025-12-01,740,373,0.504054,True
4456500,Whitestone Expwy N Exit 14 (Linden Pl) - BWB N Queens Anchorage,control,2026-01-01,743,742,0.998654,True
4456500,Whitestone Expwy N Exit 14 (Linden Pl) - BWB N Queens Anchorage,control,2026-02-01,672,672,1.0,True
4456500,Whitestone Expwy N Exit 14 (Linden Pl) - BWB N Queens Anchorage,control,2026-03-01,331,331,1.0,True
4456500,Whitestone Expwy N Exit 14 (Linden Pl) - BWB N Queens Anchorage,control,2026-04-01,477,477,1.0,True
4456500,Whitestone Expwy N Exit 14 (Linden Pl) - BWB N Queens Anchorage,control,2026-05-01,182,182,1.0,True
4456505,TNB N Queens Anchorage - Toll Plaza,control,2023-01-01,557,557,1.0,True
4456505,TNB N Queens Anchorage - Toll Plaza,control,2023-02-01,661,661,1.0,True
4456505,TNB N Queens Anchorage - Toll Plaza,control,2023-03-01,743,743,1.0,True
4456505,TNB N Queens Anchorage - Toll Plaza,control,2023-04-01,720,720,1.0,True
4456505,TNB N Queens Anchorage - Toll Plaza,control,2023-05-01,468,468,1.0,True
4456505,TNB N Queens Anchorage - Toll Plaza,control,2023-06-01,541,541,1.0,True
4456505,TNB N Queens Anchorage - Toll Plaza,control,2023-07-01,629,620,0.985692,True
4456505,TNB N Queens Anchorage - Toll Plaza,control,2023-08-01,741,602,0.812416,True
4456505,TNB N Queens Anchorage - Toll Plaza,control,2023-09-01,703,672,0.955903,True
4456505,TNB N Queens Anchorage - Toll Plaza,control,2023-10-01,744,706,0.948925,True
4456505,TNB N Queens Anchorage - Toll Plaza,control,2023-11-01,706,651,0.922096,True
4456505,TNB N Queens Anchorage - Toll Plaza,control,2023-12-01,744,740,0.994624,True
4456505,TNB N Queens Anchorage - Toll Plaza,control,2024-01-01,682,606,0.888563,True
4456505,TNB N Queens Anchorage - Toll Plaza,control,2024-02-01,416,416,1.0,True
4456505,TNB N Queens Anchorage - Toll Plaza,control,2024-03-01,717,713,0.994421,True
4456505,TNB N Queens Anchorage - Toll Plaza,control,2024-04-01,720,712,0.988889,True
4456505,TNB N Queens Anchorage - Toll Plaza,control,2024-05-01,744,725,0.974462,True
4456505,TNB N Queens Anchorage - Toll Plaza,control,2024-06-01,720,648,0.9,True
4456505,TNB N Queens Anchorage - Toll Plaza,control,2024-07-01,729,570,0.781893,True
4456505,TNB N Queens Anchorage - Toll Plaza,control,2024-08-01,689,585,0.849057,True
4456505,TNB N Queens Anchorage - Toll Plaza,control,2024-09-01,720,715,0.993056,True
4456505,TNB N Queens Anchorage - Toll Plaza,control,2024-10-01,744,744,1.0,True
4456505,TNB N Queens Anchorage - Toll Plaza,control,2024-11-01,719,719,1.0,True
4456505,TNB N Queens Anchorage - Toll Plaza,control,2024-12-01,606,591,0.975248,True
4456505,TNB N Queens Anchorage - Toll Plaza,control,2025-01-01,744,730,0.981183,True
4456505,TNB N Queens Anchorage - Toll Plaza,control,2025-02-01,672,571,0.849702,True
4456505,TNB N Queens Anchorage - Toll Plaza,control,2025-03-01,743,651,0.876178,True
4456505,TNB N Queens Anchorage - Toll Plaza,control,2025-04-01,720,693,0.9625,True
4456505,TNB N Queens Anchorage - Toll Plaza,control,2025-05-01,738,640,0.867209,True
4456505,TNB N Queens Anchorage - Toll Plaza,control,2025-06-01,700,615,0.878571,True
4456505,TNB N Queens Anchorage - Toll Plaza,control,2025-07-01,744,731,0.982527,True
4456505,TNB N Queens Anchorage - Toll Plaza,control,2025-08-01,743,720,0.969044,True
4456505,TNB N Queens Anchorage - Toll Plaza,control,2025-09-01,720,686,0.952778,True
4456505,TNB N Queens Anchorage - Toll Plaza,control,2025-10-01,734,703,0.957766,True
4456505,TNB N Queens Anchorage - Toll Plaza,control,2025-11-01,715,391,0.546853,True
4456505,TNB N Queens Anchorage - Toll Plaza,control,2025-12-01,740,703,0.95,True
4456505,TNB N Queens Anchorage - Toll Plaza,control,2026-01-01,743,709,0.95424,True
4456505,TNB N Queens Anchorage - Toll Plaza,control,2026-02-01,672,662,0.985119,True
4456505,TNB N Queens Anchorage - Toll Plaza,control,2026-03-01,331,331,1.0,True
4456505,TNB N Queens Anchorage - Toll Plaza,control,2026-04-01,477,443,0.928721,True
4456505,TNB N Queens Anchorage - Toll Plaza,control,2026-05-01,182,182,1.0,True
4456506,TNB S Toll Plaza - Queens Anchorage,control,2023-01-01,557,557,1.0,True
4456506,TNB S Toll Plaza - Queens Anchorage,control,2023-02-01,661,661,1.0,True
4456506,TNB S Toll Plaza - Queens Anchorage,control,2023-03-01,743,738,0.993271,True
4456506,TNB S Toll Plaza - Queens Anchorage,control,2023-04-01,720,720,1.0,True
4456506,TNB S Toll Plaza - Queens Anchorage,control,2023-05-01,468,468,1.0,True
4456506,TNB S Toll Plaza - Queens Anchorage,control,2023-06-01,541,541,1.0,True
4456506,TNB S Toll Plaza - Queens Anchorage,control,2023-07-01,629,629,1.0,True
4456506,TNB S Toll Plaza - Queens Anchorage,control,2023-08-01,741,739,0.997301,True
4456506,TNB S Toll Plaza - Queens Anchorage,control,2023-09-01,703,701,0.997155,True
4456506,TNB S Toll Plaza - Queens Anchorage,control,2023-10-01,744,727,0.977151,True
4456506,TNB S Toll Plaza - Queens Anchorage,control,2023-11-01,706,680,0.963173,True
4456506,TNB S Toll Plaza - Queens Anchorage,control,2023-12-01,744,744,1.0,True
4456506,TNB S Toll Plaza - Queens Anchorage,control,2024-01-01,682,682,1.0,True
4456506,TNB S Toll Plaza - Queens Anchorage,control,2024-02-01,416,416,1.0,True
4456506,TNB S Toll Plaza - Queens Anchorage,control,2024-03-01,717,717,1.0,True
4456506,TNB S Toll Plaza - Queens Anchorage,control,2024-04-01,720,720,1.0,True
4456506,TNB S Toll Plaza - Queens Anchorage,control,2024-05-01,744,742,0.997312,True
4456506,TNB S Toll Plaza - Queens Anchorage,control,2024-06-01,720,720,1.0,True
4456506,TNB S Toll Plaza - Queens Anchorage,control,2024-07-01,729,718,0.984911,True
4456506,TNB S Toll Plaza - Queens Anchorage,control,2024-08-01,689,602,0.87373,True
4456506,TNB S Toll Plaza - Queens Anchorage,control,2024-09-01,720,720,1.0,True
4456506,TNB S Toll Plaza - Queens Anchorage,control,2024-10-01,744,744,1.0,True
4456506,TNB S Toll Plaza - Queens Anchorage,control,2024-11-01,719,704,0.979138,True
4456506,TNB S Toll Plaza - Queens Anchorage,control,2024-12-01,606,606,1.0,True
4456506,TNB S Toll Plaza - Queens Anchorage,control,2025-01-01,744,714,0.959677,True
4456506,TNB S Toll Plaza - Queens Anchorage,control,2025-02-01,672,671,0.998512,True
4456506,TNB S Toll Plaza - Queens Anchorage,control,2025-03-01,743,729,0.981157,True
4456506,TNB S Toll Plaza - Queens Anchorage,control,2025-04-01,720,718,0.997222,True
4456506,TNB S Toll Plaza - Queens Anchorage,control,2025-05-01,738,737,0.998645,True
4456506,TNB S Toll Plaza - Queens Anchorage,control,2025-06-01,700,700,1.0,True
4456506,TNB S Toll Plaza - Queens Anchorage,control,2025-07-01,744,743,0.998656,True
4456506,TNB S Toll Plaza - Queens Anchorage,control,2025-08-01,743,730,0.982503,True
4456506,TNB S Toll Plaza - Queens Anchorage,control,2025-09-01,720,711,0.9875,True
4456506,TNB S Toll Plaza - Queens Anchorage,control,2025-10-01,734,734,1.0,True
4456506,TNB S Toll Plaza - Queens Anchorage,control,2025-11-01,715,559,0.781818,True
4456506,TNB S Toll Plaza - Queens Anchorage,control,2025-12-01,740,715,0.966216,True
4456506,TNB S Toll Plaza - Queens Anchorage,control,2026-01-01,743,742,0.998654,True
4456506,TNB S Toll Plaza - Queens Anchorage,control,2026-02-01,672,672,1.0,True
4456506,TNB S Toll Plaza - Queens Anchorage,control,2026-03-01,331,331,1.0,True
4456506,TNB S Toll Plaza - Queens Anchorage,control,2026-04-01,477,455,0.953878,True
4456506,TNB S Toll Plaza - Queens Anchorage,control,2026-05-01,182,182,1.0,True
4456510,QMT W Toll Plaza - Manhattan Side,control,2023-01-01,557,557,1.0,True
4456510,QMT W Toll Plaza - Manhattan Side,control,2023-02-01,661,661,1.0,True
4456510,QMT W Toll Plaza - Manhattan Side,control,2023-03-01,743,742,0.998654,True
4456510,QMT W Toll Plaza - Manhattan Side,control,2023-04-01,720,720,1.0,True
4456510,QMT W Toll Plaza - Manhattan Side,control,2023-05-01,468,468,1.0,True
4456510,QMT W Toll Plaza - Manhattan Side,control,2023-06-01,541,451,0.833641,True
4456510,QMT W Toll Plaza - Manhattan Side,control,2023-07-01,629,629,1.0,True
4456510,QMT W Toll Plaza - Manhattan Side,control,2023-08-01,741,741,1.0,True
4456510,QMT W Toll Plaza - Manhattan Side,control,2023-09-01,703,702,0.998578,True
4456510,QMT W Toll Plaza - Manhattan Side,control,2023-10-01,744,742,0.997312,True
4456510,QMT W Toll Plaza - Manhattan Side,control,2023-11-01,706,706,1.0,True
4456510,QMT W Toll Plaza - Manhattan Side,control,2023-12-01,744,656,0.88172,True
4456510,QMT W Toll Plaza - Manhattan Side,control,2024-01-01,682,598,0.876833,True
4456510,QMT W Toll Plaza - Manhattan Side,control,2024-02-01,416,412,0.990385,True
4456510,QMT W Toll Plaza - Manhattan Side,control,2024-03-01,717,717,1.0,True
4456510,QMT W Toll Plaza - Manhattan Side,control,2024-04-01,720,633,0.879167,True
4456510,QMT W Toll Plaza - Manhattan Side,control,2024-05-01,744,733,0.985215,True
4456510,QMT W Toll Plaza - Manhattan Side,control,2024-06-01,720,720,1.0,True
4456510,QMT W Toll Plaza - Manhattan Side,control,2024-07-01,729,522,0.716049,True
4456510,QMT W Toll Plaza - Manhattan Side,control,2024-08-01,689,685,0.994194,True
4456510,QMT W Toll Plaza - Manhattan Side,control,2024-09-01,720,712,0.988889,True
4456510,QMT W Toll Plaza - Manhattan Side,control,2024-10-01,744,740,0.994624,True
4456510,QMT W Toll Plaza - Manhattan Side,control,2024-11-01,719,719,1.0,True
4456510,QMT W Toll Plaza - Manhattan Side,control,2024-12-01,606,489,0.806931,True
4456510,QMT W Toll Plaza - Manhattan Side,control,2025-01-01,744,744,1.0,True
4456510,QMT W Toll Plaza - Manhattan Side,control,2025-02-01,672,240,0.357143,True
4456510,QMT W Toll Plaza - Manhattan Side,control,2025-03-01,743,461,0.620458,True
4456510,QMT W Toll Plaza - Manhattan Side,control,2025-04-01,720,560,0.777778,True
4456510,QMT W Toll Plaza - Manhattan Side,control,2025-05-01,738,508,0.688347,True
4456510,QMT W Toll Plaza - Manhattan Side,control,2025-06-01,700,613,0.875714,True
4456510,QMT W Toll Plaza - Manhattan Side,control,2025-07-01,744,730,0.981183,True
4456510,QMT W Toll Plaza - Manhattan Side,control,2025-08-01,743,694,0.934051,True
4456510,QMT W Toll Plaza - Manhattan Side,control,2025-09-01,720,676,0.938889,True
4456510,QMT W Toll Plaza - Manhattan Side,control,2025-10-01,734,584,0.79564,True
4456510,QMT W Toll Plaza - Manhattan Side,control,2025-11-01,715,309,0.432168,True
4456510,QMT W Toll Plaza - Manhattan Side,control,2025-12-01,740,667,0.901351,True
4456510,QMT W Toll Plaza - Manhattan Side,control,2026-01-01,743,688,0.925976,True
4456510,QMT W Toll Plaza - Manhattan Side,control,2026-02-01,66,45,0.681818,True
4456510,QMT W Toll Plaza - Manhattan Side,control,2026-03-01,204,204,1.0,True
4456510,QMT W Toll Plaza - Manhattan Side,control,2026-04-01,477,443,0.928721,True
4456510,QMT W Toll Plaza - Manhattan Side,control,2026-05-01,182,182,1.0,True
4575278,MDE N VAN CORTLAND PARK - NYST N EXIT 1 (MP.48),control,2024-05-01,1,1,1.0,True
4575278,MDE N VAN CORTLAND PARK - NYST N EXIT 1 (MP.48),control,2024-08-01,126,126,1.0,True
4575278,MDE N VAN CORTLAND PARK - NYST N EXIT 1 (MP.48),control,2024-09-01,650,646,0.993846,True
4575278,MDE N VAN CORTLAND PARK - NYST N EXIT 1 (MP.48),control,2024-10-01,744,744,1.0,True
4575278,MDE N VAN CORTLAND PARK - NYST N EXIT 1 (MP.48),control,2024-11-01,716,714,0.997207,True
4575278,MDE N VAN CORTLAND PARK - NYST N EXIT 1 (MP.48),control,2024-12-01,606,606,1.0,True
4575278,MDE N VAN CORTLAND PARK - NYST N EXIT 1 (MP.48),control,2025-01-01,744,741,0.995968,True
4575278,MDE N VAN CORTLAND PARK - NYST N EXIT 1 (MP.48),control,2025-02-01,672,672,1.0,True
4575278,MDE N VAN CORTLAND PARK - NYST N EXIT 1 (MP.48),control,2025-03-01,737,737,1.0,True
4575278,MDE N VAN CORTLAND PARK - NYST N EXIT 1 (MP.48),control,2025-04-01,720,719,0.998611,True
4575278,MDE N VAN CORTLAND PARK - NYST N EXIT 1 (MP.48),control,2025-05-01,744,744,1.0,True
4575278,MDE N VAN CORTLAND PARK - NYST N EXIT 1 (MP.48),control,2025-06-01,693,692,0.998557,True
4575278,MDE N VAN CORTLAND PARK - NYST N EXIT 1 (MP.48),control,2025-07-01,744,743,0.998656,True
4575278,MDE N VAN CORTLAND PARK - NYST N EXIT 1 (MP.48),control,2025-08-01,743,743,1.0,True
4575278,MDE N VAN CORTLAND PARK - NYST N EXIT 1 (MP.48),control,2025-09-01,720,687,0.954167,True
4575278,MDE N VAN CORTLAND PARK - NYST N EXIT 1 (MP.48),control,2025-10-01,734,722,0.983651,True
4575278,MDE N VAN CORTLAND PARK - NYST N EXIT 1 (MP.48),control,2025-11-01,715,560,0.783217,True
4575278,MDE N VAN CORTLAND PARK - NYST N EXIT 1 (MP.48),control,2025-12-01,739,372,0.503383,True
4575278,MDE N VAN CORTLAND PARK - NYST N EXIT 1 (MP.48),control,2026-01-01,743,743,1.0,True
4575278,MDE N VAN CORTLAND PARK - NYST N EXIT 1 (MP.48),control,2026-02-01,672,669,0.995536,True
4575278,MDE N VAN CORTLAND PARK - NYST N EXIT 1 (MP.48),control,2026-03-01,743,741,0.997308,True
4575278,MDE N VAN CORTLAND PARK - NYST N EXIT 1 (MP.48),control,2026-04-01,477,476,0.997904,True
4575278,MDE N VAN CORTLAND PARK - NYST N EXIT 1 (MP.48),control,2026-05-01,736,736,1.0,True
4616192,SIE E CLOVE ROAD - FINGERBOARD ROAD,control,2023-01-01,557,557,1.0,True
4616192,SIE E CLOVE ROAD - FINGERBOARD ROAD,control,2023-02-01,661,661,1.0,True
4616192,SIE E CLOVE ROAD - FINGERBOARD ROAD,control,2023-03-01,743,743,1.0,True
4616192,SIE E CLOVE ROAD - FINGERBOARD ROAD,control,2023-04-01,720,720,1.0,True
4616192,SIE E CLOVE ROAD - FINGERBOARD ROAD,control,2023-05-01,468,468,1.0,True
4616192,SIE E CLOVE ROAD - FINGERBOARD ROAD,control,2023-06-01,541,541,1.0,True
4616192,SIE E CLOVE ROAD - FINGERBOARD ROAD,control,2023-07-01,629,626,0.995231,True
4616192,SIE E CLOVE ROAD - FINGERBOARD ROAD,control,2023-08-01,741,741,1.0,True
4616192,SIE E CLOVE ROAD - FINGERBOARD ROAD,control,2023-09-01,708,708,1.0,True
4616192,SIE E CLOVE ROAD - FINGERBOARD ROAD,control,2023-10-01,744,743,0.998656,True
4616192,SIE E CLOVE ROAD - FINGERBOARD ROAD,control,2023-11-01,706,699,0.990085,True
4616192,SIE E CLOVE ROAD - FINGERBOARD ROAD,control,2023-12-01,744,741,0.995968,True
4616192,SIE E CLOVE ROAD - FINGERBOARD ROAD,control,2024-01-01,682,682,1.0,True
4616192,SIE E CLOVE ROAD - FINGERBOARD ROAD,control,2024-02-01,416,416,1.0,True
4616192,SIE E CLOVE ROAD - FINGERBOARD ROAD,control,2024-03-01,717,717,1.0,True
4616192,SIE E CLOVE ROAD - FINGERBOARD ROAD,control,2024-04-01,720,720,1.0,True
4616192,SIE E CLOVE ROAD - FINGERBOARD ROAD,control,2024-05-01,744,744,1.0,True
4616192,SIE E CLOVE ROAD - FINGERBOARD ROAD,control,2024-06-01,720,718,0.997222,True
4616192,SIE E CLOVE ROAD - FINGERBOARD ROAD,control,2024-07-01,729,719,0.986283,True
4616192,SIE E CLOVE ROAD - FINGERBOARD ROAD,control,2024-08-01,701,696,0.992867,True
4616192,SIE E CLOVE ROAD - FINGERBOARD ROAD,control,2024-09-01,720,720,1.0,True
4616192,SIE E CLOVE ROAD - FINGERBOARD ROAD,control,2024-10-01,744,744,1.0,True
4616192,SIE E CLOVE ROAD - FINGERBOARD ROAD,control,2024-11-01,719,715,0.994437,True
4616192,SIE E CLOVE ROAD - FINGERBOARD ROAD,control,2024-12-01,606,606,1.0,True
4616192,SIE E CLOVE ROAD - FINGERBOARD ROAD,control,2025-01-01,744,744,1.0,True
4616192,SIE E CLOVE ROAD - FINGERBOARD ROAD,control,2025-02-01,672,666,0.991071,True
4616192,SIE E CLOVE ROAD - FINGERBOARD ROAD,control,2025-03-01,743,740,0.995962,True
4616192,SIE E CLOVE ROAD - FINGERBOARD ROAD,control,2025-04-01,720,720,1.0,True
4616192,SIE E CLOVE ROAD - FINGERBOARD ROAD,control,2025-05-01,744,518,0.696237,True
4616192,SIE E CLOVE ROAD - FINGERBOARD ROAD,control,2025-06-01,700,398,0.568571,True
4616192,SIE E CLOVE ROAD - FINGERBOARD ROAD,control,2025-07-01,744,706,0.948925,True
4616192,SIE E CLOVE ROAD - FINGERBOARD ROAD,control,2025-08-01,744,743,0.998656,True
4616192,SIE E CLOVE ROAD - FINGERBOARD ROAD,control,2025-09-01,720,711,0.9875,True
4616192,SIE E CLOVE ROAD - FINGERBOARD ROAD,control,2025-10-01,734,722,0.983651,True
4616192,SIE E CLOVE ROAD - FINGERBOARD ROAD,control,2025-11-01,718,596,0.830084,True
4616192,SIE E CLOVE ROAD - FINGERBOARD ROAD,control,2025-12-01,740,654,0.883784,True
4616192,SIE E CLOVE ROAD - FINGERBOARD ROAD,control,2026-01-01,743,659,0.886945,True
4616192,SIE E CLOVE ROAD - FINGERBOARD ROAD,control,2026-02-01,672,591,0.879464,True
4616192,SIE E CLOVE ROAD - FINGERBOARD ROAD,control,2026-03-01,743,714,0.960969,True
4616192,SIE E CLOVE ROAD - FINGERBOARD ROAD,control,2026-04-01,477,470,0.985325,True
4616192,SIE E CLOVE ROAD - FINGERBOARD ROAD,control,2026-05-01,736,721,0.97962,True
4616193,SIE E BRADLEY AVENUE - CLOVE ROAD,control,2023-01-01,557,557,1.0,True
4616193,SIE E BRADLEY AVENUE - CLOVE ROAD,control,2023-02-01,661,661,1.0,True
4616193,SIE E BRADLEY AVENUE - CLOVE ROAD,control,2023-03-01,743,743,1.0,True
4616193,SIE E BRADLEY AVENUE - CLOVE ROAD,control,2023-04-01,720,720,1.0,True
4616193,SIE E BRADLEY AVENUE - CLOVE ROAD,control,2023-05-01,468,468,1.0,True
4616193,SIE E BRADLEY AVENUE - CLOVE ROAD,control,2023-06-01,541,541,1.0,True
4616193,SIE E BRADLEY AVENUE - CLOVE ROAD,control,2023-07-01,629,626,0.995231,True
4616193,SIE E BRADLEY AVENUE - CLOVE ROAD,control,2023-08-01,741,741,1.0,True
4616193,SIE E BRADLEY AVENUE - CLOVE ROAD,control,2023-09-01,708,708,1.0,True
4616193,SIE E BRADLEY AVENUE - CLOVE ROAD,control,2023-10-01,744,743,0.998656,True
4616193,SIE E BRADLEY AVENUE - CLOVE ROAD,control,2023-11-01,706,701,0.992918,True
4616193,SIE E BRADLEY AVENUE - CLOVE ROAD,control,2023-12-01,744,744,1.0,True
4616193,SIE E BRADLEY AVENUE - CLOVE ROAD,control,2024-01-01,682,682,1.0,True
4616193,SIE E BRADLEY AVENUE - CLOVE ROAD,control,2024-02-01,416,416,1.0,True
4616193,SIE E BRADLEY AVENUE - CLOVE ROAD,control,2024-03-01,717,717,1.0,True
4616193,SIE E BRADLEY AVENUE - CLOVE ROAD,control,2024-04-01,720,720,1.0,True
4616193,SIE E BRADLEY AVENUE - CLOVE ROAD,control,2024-05-01,744,744,1.0,True
4616193,SIE E BRADLEY AVENUE - CLOVE ROAD,control,2024-06-01,720,720,1.0,True
4616193,SIE E BRADLEY AVENUE - CLOVE ROAD,control,2024-07-01,729,729,1.0,True
4616193,SIE E BRADLEY AVENUE - CLOVE ROAD,control,2024-08-01,701,701,1.0,True
4616193,SIE E BRADLEY AVENUE - CLOVE ROAD,control,2024-09-01,720,720,1.0,True
4616193,SIE E BRADLEY AVENUE - CLOVE ROAD,control,2024-10-01,744,744,1.0,True
4616193,SIE E BRADLEY AVENUE - CLOVE ROAD,control,2024-11-01,719,718,0.998609,True
4616193,SIE E BRADLEY AVENUE - CLOVE ROAD,control,2024-12-01,606,606,1.0,True
4616193,SIE E BRADLEY AVENUE - CLOVE ROAD,control,2025-01-01,744,744,1.0,True
4616193,SIE E BRADLEY AVENUE - CLOVE ROAD,control,2025-02-01,672,672,1.0,True
4616193,SIE E BRADLEY AVENUE - CLOVE ROAD,control,2025-03-01,743,656,0.882907,True
4616193,SIE E BRADLEY AVENUE - CLOVE ROAD,control,2025-04-01,720,512,0.711111,True
4616193,SIE E BRADLEY AVENUE - CLOVE ROAD,control,2025-05-01,744,481,0.646505,True
4616193,SIE E BRADLEY AVENUE - CLOVE ROAD,control,2025-06-01,700,398,0.568571,True
4616193,SIE E BRADLEY AVENUE - CLOVE ROAD,control,2025-07-01,744,592,0.795699,True
4616193,SIE E BRADLEY AVENUE - CLOVE ROAD,control,2025-08-01,744,520,0.698925,True
4616193,SIE E BRADLEY AVENUE - CLOVE ROAD,control,2025-09-01,720,485,0.673611,True
4616193,SIE E BRADLEY AVENUE - CLOVE ROAD,control,2025-10-01,734,450,0.613079,True
4616193,SIE E BRADLEY AVENUE - CLOVE ROAD,control,2025-11-01,718,457,0.63649,True
4616193,SIE E BRADLEY AVENUE - CLOVE ROAD,control,2025-12-01,740,654,0.883784,True
4616193,SIE E BRADLEY AVENUE - CLOVE ROAD,control,2026-01-01,743,659,0.886945,True
4616193,SIE E BRADLEY AVENUE - CLOVE ROAD,control,2026-02-01,672,591,0.879464,True
4616193,SIE E BRADLEY AVENUE - CLOVE ROAD,control,2026-03-01,743,583,0.784657,True
4616193,SIE E BRADLEY AVENUE - CLOVE ROAD,control,2026-04-01,477,385,0.807128,True
4616193,SIE E BRADLEY AVENUE - CLOVE ROAD,control,2026-05-01,736,578,0.785326,True
4616194,SIE E WOOLEY AVENUE - BRADLEY AVENUE,control,2023-01-01,557,557,1.0,True
4616194,SIE E WOOLEY AVENUE - BRADLEY AVENUE,control,2023-02-01,661,661,1.0,True
4616194,SIE E WOOLEY AVENUE - BRADLEY AVENUE,control,2023-03-01,743,743,1.0,True
4616194,SIE E WOOLEY AVENUE - BRADLEY AVENUE,control,2023-04-01,720,720,1.0,True
4616194,SIE E WOOLEY AVENUE - BRADLEY AVENUE,control,2023-05-01,468,468,1.0,True
4616194,SIE E WOOLEY AVENUE - BRADLEY AVENUE,control,2023-06-01,541,541,1.0,True
4616194,SIE E WOOLEY AVENUE - BRADLEY AVENUE,control,2023-07-01,629,624,0.992051,True
4616194,SIE E WOOLEY AVENUE - BRADLEY AVENUE,control,2023-08-01,741,741,1.0,True
4616194,SIE E WOOLEY AVENUE - BRADLEY AVENUE,control,2023-09-01,708,708,1.0,True
4616194,SIE E WOOLEY AVENUE - BRADLEY AVENUE,control,2023-10-01,744,739,0.99328,True
4616194,SIE E WOOLEY AVENUE - BRADLEY AVENUE,control,2023-11-01,706,706,1.0,True
4616194,SIE E WOOLEY AVENUE - BRADLEY AVENUE,control,2023-12-01,744,744,1.0,True
4616194,SIE E WOOLEY AVENUE - BRADLEY AVENUE,control,2024-01-01,682,682,1.0,True
4616194,SIE E WOOLEY AVENUE - BRADLEY AVENUE,control,2024-02-01,416,416,1.0,True
4616194,SIE E WOOLEY AVENUE - BRADLEY AVENUE,control,2024-03-01,717,717,1.0,True
4616194,SIE E WOOLEY AVENUE - BRADLEY AVENUE,control,2024-04-01,720,720,1.0,True
4616194,SIE E WOOLEY AVENUE - BRADLEY AVENUE,control,2024-05-01,744,744,1.0,True
4616194,SIE E WOOLEY AVENUE - BRADLEY AVENUE,control,2024-06-01,720,720,1.0,True
4616194,SIE E WOOLEY AVENUE - BRADLEY AVENUE,control,2024-07-01,729,729,1.0,True
4616194,SIE E WOOLEY AVENUE - BRADLEY AVENUE,control,2024-08-01,701,701,1.0,True
4616194,SIE E WOOLEY AVENUE - BRADLEY AVENUE,control,2024-09-01,720,720,1.0,True
4616194,SIE E WOOLEY AVENUE - BRADLEY AVENUE,control,2024-10-01,744,744,1.0,True
4616194,SIE E WOOLEY AVENUE - BRADLEY AVENUE,control,2024-11-01,719,719,1.0,True
4616194,SIE E WOOLEY AVENUE - BRADLEY AVENUE,control,2024-12-01,606,606,1.0,True
4616194,SIE E WOOLEY AVENUE - BRADLEY AVENUE,control,2025-01-01,744,744,1.0,True
4616194,SIE E WOOLEY AVENUE - BRADLEY AVENUE,control,2025-02-01,672,672,1.0,True
4616194,SIE E WOOLEY AVENUE - BRADLEY AVENUE,control,2025-03-01,743,740,0.995962,True
4616194,SIE E WOOLEY AVENUE - BRADLEY AVENUE,control,2025-04-01,720,715,0.993056,True
4616194,SIE E WOOLEY AVENUE - BRADLEY AVENUE,control,2025-05-01,744,738,0.991935,True
4616194,SIE E WOOLEY AVENUE - BRADLEY AVENUE,control,2025-06-01,700,502,0.717143,True
4616194,SIE E WOOLEY AVENUE - BRADLEY AVENUE,control,2025-07-01,744,419,0.563172,True
4616194,SIE E WOOLEY AVENUE - BRADLEY AVENUE,control,2025-08-01,744,341,0.458333,True
4616194,SIE E WOOLEY AVENUE - BRADLEY AVENUE,control,2025-09-01,720,62,0.086111,True
4616194,SIE E WOOLEY AVENUE - BRADLEY AVENUE,control,2025-10-01,734,60,0.081744,True
4616194,SIE E WOOLEY AVENUE - BRADLEY AVENUE,control,2025-11-01,718,108,0.150418,True
4616194,SIE E WOOLEY AVENUE - BRADLEY AVENUE,control,2025-12-01,740,567,0.766216,True
4616194,SIE E WOOLEY AVENUE - BRADLEY AVENUE,control,2026-01-01,743,521,0.701211,True
4616194,SIE E WOOLEY AVENUE - BRADLEY AVENUE,control,2026-02-01,672,437,0.650298,True
4616194,SIE E WOOLEY AVENUE - BRADLEY AVENUE,control,2026-03-01,743,473,0.636608,True
4616194,SIE E WOOLEY AVENUE - BRADLEY AVENUE,control,2026-04-01,477,337,0.706499,True
4616194,SIE E WOOLEY AVENUE - BRADLEY AVENUE,control,2026-05-01,736,519,0.705163,True
4616195,SIE E RICHMOND AVENUE - WOOLEY AVENUE,control,2023-01-01,557,557,1.0,True
4616195,SIE E RICHMOND AVENUE - WOOLEY AVENUE,control,2023-02-01,661,661,1.0,True
4616195,SIE E RICHMOND AVENUE - WOOLEY AVENUE,control,2023-03-01,743,743,1.0,True
4616195,SIE E RICHMOND AVENUE - WOOLEY AVENUE,control,2023-04-01,720,720,1.0,True
4616195,SIE E RICHMOND AVENUE - WOOLEY AVENUE,control,2023-05-01,468,468,1.0,True
4616195,SIE E RICHMOND AVENUE - WOOLEY AVENUE,control,2023-06-01,541,541,1.0,True
4616195,SIE E RICHMOND AVENUE - WOOLEY AVENUE,control,2023-07-01,629,470,0.747218,True
4616195,SIE E RICHMOND AVENUE - WOOLEY AVENUE,control,2023-08-01,741,741,1.0,True
4616195,SIE E RICHMOND AVENUE - WOOLEY AVENUE,control,2023-09-01,708,708,1.0,True
4616195,SIE E RICHMOND AVENUE - WOOLEY AVENUE,control,2023-10-01,744,739,0.99328,True
4616195,SIE E RICHMOND AVENUE - WOOLEY AVENUE,control,2023-11-01,706,706,1.0,True
4616195,SIE E RICHMOND AVENUE - WOOLEY AVENUE,control,2023-12-01,744,744,1.0,True
4616195,SIE E RICHMOND AVENUE - WOOLEY AVENUE,control,2024-01-01,682,682,1.0,True
4616195,SIE E RICHMOND AVENUE - WOOLEY AVENUE,control,2024-02-01,416,416,1.0,True
4616195,SIE E RICHMOND AVENUE - WOOLEY AVENUE,control,2024-03-01,717,717,1.0,True
4616195,SIE E RICHMOND AVENUE - WOOLEY AVENUE,control,2024-04-01,720,720,1.0,True
4616195,SIE E RICHMOND AVENUE - WOOLEY AVENUE,control,2024-05-01,744,744,1.0,True
4616195,SIE E RICHMOND AVENUE - WOOLEY AVENUE,control,2024-06-01,720,720,1.0,True
4616195,SIE E RICHMOND AVENUE - WOOLEY AVENUE,control,2024-07-01,729,729,1.0,True
4616195,SIE E RICHMOND AVENUE - WOOLEY AVENUE,control,2024-08-01,701,701,1.0,True
4616195,SIE E RICHMOND AVENUE - WOOLEY AVENUE,control,2024-09-01,720,720,1.0,True
4616195,SIE E RICHMOND AVENUE - WOOLEY AVENUE,control,2024-10-01,744,743,0.998656,True
4616195,SIE E RICHMOND AVENUE - WOOLEY AVENUE,control,2024-11-01,719,719,1.0,True
4616195,SIE E RICHMOND AVENUE - WOOLEY AVENUE,control,2024-12-01,606,606,1.0,True
4616195,SIE E RICHMOND AVENUE - WOOLEY AVENUE,control,2025-01-01,744,744,1.0,True
4616195,SIE E RICHMOND AVENUE - WOOLEY AVENUE,control,2025-02-01,672,672,1.0,True
4616195,SIE E RICHMOND AVENUE - WOOLEY AVENUE,control,2025-03-01,743,732,0.985195,True
4616195,SIE E RICHMOND AVENUE - WOOLEY AVENUE,control,2025-04-01,720,709,0.984722,True
4616195,SIE E RICHMOND AVENUE - WOOLEY AVENUE,control,2025-05-01,744,735,0.987903,True
4616195,SIE E RICHMOND AVENUE - WOOLEY AVENUE,control,2025-06-01,700,693,0.99,True
4616195,SIE E RICHMOND AVENUE - WOOLEY AVENUE,control,2025-07-01,744,686,0.922043,True
4616195,SIE E RICHMOND AVENUE - WOOLEY AVENUE,control,2025-08-01,744,712,0.956989,True
4616195,SIE E RICHMOND AVENUE - WOOLEY AVENUE,control,2025-09-01,720,711,0.9875,True
4616195,SIE E RICHMOND AVENUE - WOOLEY AVENUE,control,2025-10-01,734,734,1.0,True
4616195,SIE E RICHMOND AVENUE - WOOLEY AVENUE,control,2025-11-01,718,715,0.995822,True
4616195,SIE E RICHMOND AVENUE - WOOLEY AVENUE,control,2025-12-01,740,737,0.995946,True
4616195,SIE E RICHMOND AVENUE - WOOLEY AVENUE,control,2026-01-01,743,743,1.0,True
4616195,SIE E RICHMOND AVENUE - WOOLEY AVENUE,control,2026-02-01,672,655,0.974702,True
4616195,SIE E RICHMOND AVENUE - WOOLEY AVENUE,control,2026-03-01,743,702,0.944818,True
4616195,SIE E RICHMOND AVENUE - WOOLEY AVENUE,control,2026-04-01,477,477,1.0,True
4616195,SIE E RICHMOND AVENUE - WOOLEY AVENUE,control,2026-05-01,736,728,0.98913,True
4616196,MLK S - SIE E WALKER STREET - WOOLEY AVENUE,control,2023-01-01,557,0,0.0,False
4616196,MLK S - SIE E WALKER STREET - WOOLEY AVENUE,control,2023-02-01,661,0,0.0,False
4616196,MLK S - SIE E WALKER STREET - WOOLEY AVENUE,control,2023-03-01,743,0,0.0,False
4616196,MLK S - SIE E WALKER STREET - WOOLEY AVENUE,control,2023-04-01,720,0,0.0,False
4616196,MLK S - SIE E WALKER STREET - WOOLEY AVENUE,control,2023-05-01,468,0,0.0,False
4616196,MLK S - SIE E WALKER STREET - WOOLEY AVENUE,control,2023-06-01,541,0,0.0,False
4616196,MLK S - SIE E WALKER STREET - WOOLEY AVENUE,control,2023-07-01,629,0,0.0,False
4616196,MLK S - SIE E WALKER STREET - WOOLEY AVENUE,control,2023-08-01,741,0,0.0,False
4616196,MLK S - SIE E WALKER STREET - WOOLEY AVENUE,control,2023-09-01,708,0,0.0,False
4616196,MLK S - SIE E WALKER STREET - WOOLEY AVENUE,control,2023-10-01,744,0,0.0,False
4616196,MLK S - SIE E WALKER STREET - WOOLEY AVENUE,control,2023-11-01,706,0,0.0,False
4616196,MLK S - SIE E WALKER STREET - WOOLEY AVENUE,control,2023-12-01,744,0,0.0,False
4616196,MLK S - SIE E WALKER STREET - WOOLEY AVENUE,control,2024-01-01,682,0,0.0,False
4616196,MLK S - SIE E WALKER STREET - WOOLEY AVENUE,control,2024-02-01,416,0,0.0,False
4616196,MLK S - SIE E WALKER STREET - WOOLEY AVENUE,control,2024-03-01,717,0,0.0,False
4616196,MLK S - SIE E WALKER STREET - WOOLEY AVENUE,control,2024-04-01,720,0,0.0,False
4616196,MLK S - SIE E WALKER STREET - WOOLEY AVENUE,control,2024-05-01,744,0,0.0,False
4616196,MLK S - SIE E WALKER STREET - WOOLEY AVENUE,control,2024-06-01,720,0,0.0,False
4616196,MLK S - SIE E WALKER STREET - WOOLEY AVENUE,control,2024-07-01,729,0,0.0,False
4616196,MLK S - SIE E WALKER STREET - WOOLEY AVENUE,control,2024-08-01,701,0,0.0,False
4616196,MLK S - SIE E WALKER STREET - WOOLEY AVENUE,control,2024-09-01,720,0,0.0,False
4616196,MLK S - SIE E WALKER STREET - WOOLEY AVENUE,control,2024-10-01,744,0,0.0,False
4616196,MLK S - SIE E WALKER STREET - WOOLEY AVENUE,control,2024-11-01,719,0,0.0,False
4616196,MLK S - SIE E WALKER STREET - WOOLEY AVENUE,control,2024-12-01,606,0,0.0,False
4616196,MLK S - SIE E WALKER STREET - WOOLEY AVENUE,control,2025-01-01,744,0,0.0,False
4616196,MLK S - SIE E WALKER STREET - WOOLEY AVENUE,control,2025-02-01,672,0,0.0,False
4616196,MLK S - SIE E WALKER STREET - WOOLEY AVENUE,control,2025-03-01,743,0,0.0,False
4616196,MLK S - SIE E WALKER STREET - WOOLEY AVENUE,control,2025-04-01,720,0,0.0,False
4616196,MLK S - SIE E WALKER STREET - WOOLEY AVENUE,control,2025-05-01,744,0,0.0,False
4616196,MLK S - SIE E WALKER STREET - WOOLEY AVENUE,control,2025-06-01,700,274,0.391429,True
4616196,MLK S - SIE E WALKER STREET - WOOLEY AVENUE,control,2025-07-01,744,328,0.44086,True
4616196,MLK S - SIE E WALKER STREET - WOOLEY AVENUE,control,2025-08-01,744,440,0.591398,True
4616196,MLK S - SIE E WALKER STREET - WOOLEY AVENUE,control,2025-09-01,720,706,0.980556,True
4616196,MLK S - SIE E WALKER STREET - WOOLEY AVENUE,control,2025-10-01,734,728,0.991826,True
4616196,MLK S - SIE E WALKER STREET - WOOLEY AVENUE,control,2025-11-01,718,711,0.990251,True
4616196,MLK S - SIE E WALKER STREET - WOOLEY AVENUE,control,2025-12-01,740,738,0.997297,True
4616196,MLK S - SIE E WALKER STREET - WOOLEY AVENUE,control,2026-01-01,743,739,0.994616,True
4616196,MLK S - SIE E WALKER STREET - WOOLEY AVENUE,control,2026-02-01,61,61,1.0,True
4616196,MLK S - SIE E WALKER STREET - WOOLEY AVENUE,control,2026-03-01,273,176,0.644689,True
4616196,MLK S - SIE E WALKER STREET - WOOLEY AVENUE,control,2026-04-01,477,475,0.995807,True
4616196,MLK S - SIE E WALKER STREET - WOOLEY AVENUE,control,2026-05-01,736,545,0.740489,True
4616197,SIE E SOUTH AVENUE - RICHMOND AVENUE,control,2023-01-01,557,557,1.0,True
4616197,SIE E SOUTH AVENUE - RICHMOND AVENUE,control,2023-02-01,661,661,1.0,True
4616197,SIE E SOUTH AVENUE - RICHMOND AVENUE,control,2023-03-01,743,743,1.0,True
4616197,SIE E SOUTH AVENUE - RICHMOND AVENUE,control,2023-04-01,720,720,1.0,True
4616197,SIE E SOUTH AVENUE - RICHMOND AVENUE,control,2023-05-01,468,468,1.0,True
4616197,SIE E SOUTH AVENUE - RICHMOND AVENUE,control,2023-06-01,541,541,1.0,True
4616197,SIE E SOUTH AVENUE - RICHMOND AVENUE,control,2023-07-01,629,470,0.747218,True
4616197,SIE E SOUTH AVENUE - RICHMOND AVENUE,control,2023-08-01,741,741,1.0,True
4616197,SIE E SOUTH AVENUE - RICHMOND AVENUE,control,2023-09-01,708,708,1.0,True
4616197,SIE E SOUTH AVENUE - RICHMOND AVENUE,control,2023-10-01,744,739,0.99328,True
4616197,SIE E SOUTH AVENUE - RICHMOND AVENUE,control,2023-11-01,706,706,1.0,True
4616197,SIE E SOUTH AVENUE - RICHMOND AVENUE,control,2023-12-01,744,744,1.0,True
4616197,SIE E SOUTH AVENUE - RICHMOND AVENUE,control,2024-01-01,682,682,1.0,True
4616197,SIE E SOUTH AVENUE - RICHMOND AVENUE,control,2024-02-01,416,416,1.0,True
4616197,SIE E SOUTH AVENUE - RICHMOND AVENUE,control,2024-03-01,717,717,1.0,True
4616197,SIE E SOUTH AVENUE - RICHMOND AVENUE,control,2024-04-01,720,720,1.0,True
4616197,SIE E SOUTH AVENUE - RICHMOND AVENUE,control,2024-05-01,744,744,1.0,True
4616197,SIE E SOUTH AVENUE - RICHMOND AVENUE,control,2024-06-01,720,720,1.0,True
4616197,SIE E SOUTH AVENUE - RICHMOND AVENUE,control,2024-07-01,729,729,1.0,True
4616197,SIE E SOUTH AVENUE - RICHMOND AVENUE,control,2024-08-01,701,701,1.0,True
4616197,SIE E SOUTH AVENUE - RICHMOND AVENUE,control,2024-09-01,720,720,1.0,True
4616197,SIE E SOUTH AVENUE - RICHMOND AVENUE,control,2024-10-01,744,744,1.0,True
4616197,SIE E SOUTH AVENUE - RICHMOND AVENUE,control,2024-11-01,719,719,1.0,True
4616197,SIE E SOUTH AVENUE - RICHMOND AVENUE,control,2024-12-01,606,606,1.0,True
4616197,SIE E SOUTH AVENUE - RICHMOND AVENUE,control,2025-01-01,744,744,1.0,True
4616197,SIE E SOUTH AVENUE - RICHMOND AVENUE,control,2025-02-01,672,672,1.0,True
4616197,SIE E SOUTH AVENUE - RICHMOND AVENUE,control,2025-03-01,743,740,0.995962,True
4616197,SIE E SOUTH AVENUE - RICHMOND AVENUE,control,2025-04-01,720,719,0.998611,True
4616197,SIE E SOUTH AVENUE - RICHMOND AVENUE,control,2025-05-01,744,743,0.998656,True
4616197,SIE E SOUTH AVENUE - RICHMOND AVENUE,control,2025-06-01,700,700,1.0,True
4616197,SIE E SOUTH AVENUE - RICHMOND AVENUE,control,2025-07-01,744,739,0.99328,True
4616197,SIE E SOUTH AVENUE - RICHMOND AVENUE,control,2025-08-01,744,742,0.997312,True
4616197,SIE E SOUTH AVENUE - RICHMOND AVENUE,control,2025-09-01,720,715,0.993056,True
4616197,SIE E SOUTH AVENUE - RICHMOND AVENUE,control,2025-10-01,734,734,1.0,True
4616197,SIE E SOUTH AVENUE - RICHMOND AVENUE,control,2025-11-01,718,716,0.997214,True
4616197,SIE E SOUTH AVENUE - RICHMOND AVENUE,control,2025-12-01,740,737,0.995946,True
4616197,SIE E SOUTH AVENUE - RICHMOND AVENUE,control,2026-01-01,743,743,1.0,True
4616197,SIE E SOUTH AVENUE - RICHMOND AVENUE,control,2026-02-01,672,672,1.0,True
4616197,SIE E SOUTH AVENUE - RICHMOND AVENUE,control,2026-03-01,743,743,1.0,True
4616197,SIE E SOUTH AVENUE - RICHMOND AVENUE,control,2026-04-01,477,477,1.0,True
4616197,SIE E SOUTH AVENUE - RICHMOND AVENUE,control,2026-05-01,736,733,0.995924,True
4616198,WSE N-SIE E SOUTH AVENUE - SOUTH AVENUE,control,2023-01-01,557,557,1.0,True
4616198,WSE N-SIE E SOUTH AVENUE - SOUTH AVENUE,control,2023-02-01,661,661,1.0,True
4616198,WSE N-SIE E SOUTH AVENUE - SOUTH AVENUE,control,2023-03-01,743,741,0.997308,True
4616198,WSE N-SIE E SOUTH AVENUE - SOUTH AVENUE,control,2023-04-01,720,587,0.815278,True
4616198,WSE N-SIE E SOUTH AVENUE - SOUTH AVENUE,control,2023-05-01,468,0,0.0,False
4616198,WSE N-SIE E SOUTH AVENUE - SOUTH AVENUE,control,2023-06-01,541,0,0.0,False
4616198,WSE N-SIE E SOUTH AVENUE - SOUTH AVENUE,control,2023-07-01,629,0,0.0,False
4616198,WSE N-SIE E SOUTH AVENUE - SOUTH AVENUE,control,2023-08-01,741,0,0.0,False
4616198,WSE N-SIE E SOUTH AVENUE - SOUTH AVENUE,control,2023-09-01,708,1,0.001412,True
4616198,WSE N-SIE E SOUTH AVENUE - SOUTH AVENUE,control,2023-10-01,744,445,0.598118,True
4616198,WSE N-SIE E SOUTH AVENUE - SOUTH AVENUE,control,2023-11-01,706,706,1.0,True
4616198,WSE N-SIE E SOUTH AVENUE - SOUTH AVENUE,control,2023-12-01,744,744,1.0,True
4616198,WSE N-SIE E SOUTH AVENUE - SOUTH AVENUE,control,2024-01-01,682,682,1.0,True
4616198,WSE N-SIE E SOUTH AVENUE - SOUTH AVENUE,control,2024-02-01,416,416,1.0,True
4616198,WSE N-SIE E SOUTH AVENUE - SOUTH AVENUE,control,2024-03-01,717,717,1.0,True
4616198,WSE N-SIE E SOUTH AVENUE - SOUTH AVENUE,control,2024-04-01,720,720,1.0,True
4616198,WSE N-SIE E SOUTH AVENUE - SOUTH AVENUE,control,2024-05-01,744,744,1.0,True
4616198,WSE N-SIE E SOUTH AVENUE - SOUTH AVENUE,control,2024-06-01,720,720,1.0,True
4616198,WSE N-SIE E SOUTH AVENUE - SOUTH AVENUE,control,2024-07-01,729,729,1.0,True
4616198,WSE N-SIE E SOUTH AVENUE - SOUTH AVENUE,control,2024-08-01,701,701,1.0,True
4616198,WSE N-SIE E SOUTH AVENUE - SOUTH AVENUE,control,2024-09-01,720,720,1.0,True
4616198,WSE N-SIE E SOUTH AVENUE - SOUTH AVENUE,control,2024-10-01,744,744,1.0,True
4616198,WSE N-SIE E SOUTH AVENUE - SOUTH AVENUE,control,2024-11-01,719,719,1.0,True
4616198,WSE N-SIE E SOUTH AVENUE - SOUTH AVENUE,control,2024-12-01,606,606,1.0,True
4616198,WSE N-SIE E SOUTH AVENUE - SOUTH AVENUE,control,2025-01-01,744,744,1.0,True
4616198,WSE N-SIE E SOUTH AVENUE - SOUTH AVENUE,control,2025-02-01,672,188,0.279762,True
4616198,WSE N-SIE E SOUTH AVENUE - SOUTH AVENUE,control,2025-03-01,743,634,0.853297,True
4616198,WSE N-SIE E SOUTH AVENUE - SOUTH AVENUE,control,2025-04-01,720,719,0.998611,True
4616198,WSE N-SIE E SOUTH AVENUE - SOUTH AVENUE,control,2025-05-01,744,740,0.994624,True
4616198,WSE N-SIE E SOUTH AVENUE - SOUTH AVENUE,control,2025-06-01,700,700,1.0,True
4616198,WSE N-SIE E SOUTH AVENUE - SOUTH AVENUE,control,2025-07-01,744,694,0.932796,True
4616198,WSE N-SIE E SOUTH AVENUE - SOUTH AVENUE,control,2025-08-01,744,739,0.99328,True
4616198,WSE N-SIE E SOUTH AVENUE - SOUTH AVENUE,control,2025-09-01,720,715,0.993056,True
4616198,WSE N-SIE E SOUTH AVENUE - SOUTH AVENUE,control,2025-10-01,734,734,1.0,True
4616198,WSE N-SIE E SOUTH AVENUE - SOUTH AVENUE,control,2025-11-01,718,716,0.997214,True
4616198,WSE N-SIE E SOUTH AVENUE - SOUTH AVENUE,control,2025-12-01,740,736,0.994595,True
4616198,WSE N-SIE E SOUTH AVENUE - SOUTH AVENUE,control,2026-01-01,743,743,1.0,True
4616198,WSE N-SIE E SOUTH AVENUE - SOUTH AVENUE,control,2026-02-01,672,667,0.99256,True
4616198,WSE N-SIE E SOUTH AVENUE - SOUTH AVENUE,control,2026-03-01,743,743,1.0,True
4616198,WSE N-SIE E SOUTH AVENUE - SOUTH AVENUE,control,2026-04-01,477,477,1.0,True
4616198,WSE N-SIE E SOUTH AVENUE - SOUTH AVENUE,control,2026-05-01,736,733,0.995924,True
4616199,SIE W - WSE S SOUTH AVENUE - SOUTH AVENUE,control,2023-01-01,557,557,1.0,True
4616199,SIE W - WSE S SOUTH AVENUE - SOUTH AVENUE,control,2023-02-01,661,661,1.0,True
4616199,SIE W - WSE S SOUTH AVENUE - SOUTH AVENUE,control,2023-03-01,743,741,0.997308,True
4616199,SIE W - WSE S SOUTH AVENUE - SOUTH AVENUE,control,2023-04-01,720,587,0.815278,True
4616199,SIE W - WSE S SOUTH AVENUE - SOUTH AVENUE,control,2023-05-01,468,0,0.0,False
4616199,SIE W - WSE S SOUTH AVENUE - SOUTH AVENUE,control,2023-06-01,541,0,0.0,False
4616199,SIE W - WSE S SOUTH AVENUE - SOUTH AVENUE,control,2023-07-01,629,0,0.0,False
4616199,SIE W - WSE S SOUTH AVENUE - SOUTH AVENUE,control,2023-08-01,741,0,0.0,False
4616199,SIE W - WSE S SOUTH AVENUE - SOUTH AVENUE,control,2023-09-01,708,1,0.001412,True
4616199,SIE W - WSE S SOUTH AVENUE - SOUTH AVENUE,control,2023-10-01,744,445,0.598118,True
4616199,SIE W - WSE S SOUTH AVENUE - SOUTH AVENUE,control,2023-11-01,706,706,1.0,True
4616199,SIE W - WSE S SOUTH AVENUE - SOUTH AVENUE,control,2023-12-01,744,744,1.0,True
4616199,SIE W - WSE S SOUTH AVENUE - SOUTH AVENUE,control,2024-01-01,682,682,1.0,True
4616199,SIE W - WSE S SOUTH AVENUE - SOUTH AVENUE,control,2024-02-01,416,416,1.0,True
4616199,SIE W - WSE S SOUTH AVENUE - SOUTH AVENUE,control,2024-03-01,717,717,1.0,True
4616199,SIE W - WSE S SOUTH AVENUE - SOUTH AVENUE,control,2024-04-01,720,720,1.0,True
4616199,SIE W - WSE S SOUTH AVENUE - SOUTH AVENUE,control,2024-05-01,744,744,1.0,True
4616199,SIE W - WSE S SOUTH AVENUE - SOUTH AVENUE,control,2024-06-01,720,720,1.0,True
4616199,SIE W - WSE S SOUTH AVENUE - SOUTH AVENUE,control,2024-07-01,729,729,1.0,True
4616199,SIE W - WSE S SOUTH AVENUE - SOUTH AVENUE,control,2024-08-01,701,701,1.0,True
4616199,SIE W - WSE S SOUTH AVENUE - SOUTH AVENUE,control,2024-09-01,720,720,1.0,True
4616199,SIE W - WSE S SOUTH AVENUE - SOUTH AVENUE,control,2024-10-01,744,744,1.0,True
4616199,SIE W - WSE S SOUTH AVENUE - SOUTH AVENUE,control,2024-11-01,719,719,1.0,True
4616199,SIE W - WSE S SOUTH AVENUE - SOUTH AVENUE,control,2024-12-01,606,606,1.0,True
4616199,SIE W - WSE S SOUTH AVENUE - SOUTH AVENUE,control,2025-01-01,744,744,1.0,True
4616199,SIE W - WSE S SOUTH AVENUE - SOUTH AVENUE,control,2025-02-01,672,188,0.279762,True
4616199,SIE W - WSE S SOUTH AVENUE - SOUTH AVENUE,control,2025-03-01,743,634,0.853297,True
4616199,SIE W - WSE S SOUTH AVENUE - SOUTH AVENUE,control,2025-04-01,720,719,0.998611,True
4616199,SIE W - WSE S SOUTH AVENUE - SOUTH AVENUE,control,2025-05-01,744,741,0.995968,True
4616199,SIE W - WSE S SOUTH AVENUE - SOUTH AVENUE,control,2025-06-01,700,700,1.0,True
4616199,SIE W - WSE S SOUTH AVENUE - SOUTH AVENUE,control,2025-07-01,744,694,0.932796,True
4616199,SIE W - WSE S SOUTH AVENUE - SOUTH AVENUE,control,2025-08-01,744,740,0.994624,True
4616199,SIE W - WSE S SOUTH AVENUE - SOUTH AVENUE,control,2025-09-01,720,715,0.993056,True
4616199,SIE W - WSE S SOUTH AVENUE - SOUTH AVENUE,control,2025-10-01,734,734,1.0,True
4616199,SIE W - WSE S SOUTH AVENUE - SOUTH AVENUE,control,2025-11-01,718,716,0.997214,True
4616199,SIE W - WSE S SOUTH AVENUE - SOUTH AVENUE,control,2025-12-01,740,737,0.995946,True
4616199,SIE W - WSE S SOUTH AVENUE - SOUTH AVENUE,control,2026-01-01,743,743,1.0,True
4616199,SIE W - WSE S SOUTH AVENUE - SOUTH AVENUE,control,2026-02-01,672,666,0.991071,True
4616199,SIE W - WSE S SOUTH AVENUE - SOUTH AVENUE,control,2026-03-01,743,743,1.0,True
4616199,SIE W - WSE S SOUTH AVENUE - SOUTH AVENUE,control,2026-04-01,477,477,1.0,True
4616199,SIE W - WSE S SOUTH AVENUE - SOUTH AVENUE,control,2026-05-01,736,731,0.993207,True
4616200,WSE S SOUTH AVENUE - VICTORY BOULEVARD,control,2023-01-01,557,557,1.0,True
4616200,WSE S SOUTH AVENUE - VICTORY BOULEVARD,control,2023-02-01,661,367,0.555219,True
4616200,WSE S SOUTH AVENUE - VICTORY BOULEVARD,control,2023-03-01,743,0,0.0,False
4616200,WSE S SOUTH AVENUE - VICTORY BOULEVARD,control,2023-04-01,720,0,0.0,False
4616200,WSE S SOUTH AVENUE - VICTORY BOULEVARD,control,2023-05-01,468,0,0.0,False
4616200,WSE S SOUTH AVENUE - VICTORY BOULEVARD,control,2023-06-01,541,0,0.0,False
4616200,WSE S SOUTH AVENUE - VICTORY BOULEVARD,control,2023-07-01,629,0,0.0,False
4616200,WSE S SOUTH AVENUE - VICTORY BOULEVARD,control,2023-08-01,741,0,0.0,False
4616200,WSE S SOUTH AVENUE - VICTORY BOULEVARD,control,2023-09-01,708,0,0.0,False
4616200,WSE S SOUTH AVENUE - VICTORY BOULEVARD,control,2023-10-01,744,367,0.49328,True
4616200,WSE S SOUTH AVENUE - VICTORY BOULEVARD,control,2023-11-01,706,706,1.0,True
4616200,WSE S SOUTH AVENUE - VICTORY BOULEVARD,control,2023-12-01,744,744,1.0,True
4616200,WSE S SOUTH AVENUE - VICTORY BOULEVARD,control,2024-01-01,682,516,0.756598,True
4616200,WSE S SOUTH AVENUE - VICTORY BOULEVARD,control,2024-02-01,416,155,0.372596,True
4616200,WSE S SOUTH AVENUE - VICTORY BOULEVARD,control,2024-03-01,717,0,0.0,False
4616200,WSE S SOUTH AVENUE - VICTORY BOULEVARD,control,2024-04-01,720,0,0.0,False
4616200,WSE S SOUTH AVENUE - VICTORY BOULEVARD,control,2024-05-01,744,82,0.110215,True
4616200,WSE S SOUTH AVENUE - VICTORY BOULEVARD,control,2024-06-01,720,720,1.0,True
4616200,WSE S SOUTH AVENUE - VICTORY BOULEVARD,control,2024-07-01,729,729,1.0,True
4616200,WSE S SOUTH AVENUE - VICTORY BOULEVARD,control,2024-08-01,701,701,1.0,True
4616200,WSE S SOUTH AVENUE - VICTORY BOULEVARD,control,2024-09-01,720,720,1.0,True
4616200,WSE S SOUTH AVENUE - VICTORY BOULEVARD,control,2024-10-01,744,744,1.0,True
4616200,WSE S SOUTH AVENUE - VICTORY BOULEVARD,control,2024-11-01,719,719,1.0,True
4616200,WSE S SOUTH AVENUE - VICTORY BOULEVARD,control,2024-12-01,606,606,1.0,True
4616200,WSE S SOUTH AVENUE - VICTORY BOULEVARD,control,2025-01-01,744,744,1.0,True
4616200,WSE S SOUTH AVENUE - VICTORY BOULEVARD,control,2025-02-01,672,188,0.279762,True
4616200,WSE S SOUTH AVENUE - VICTORY BOULEVARD,control,2025-03-01,743,634,0.853297,True
4616200,WSE S SOUTH AVENUE - VICTORY BOULEVARD,control,2025-04-01,720,719,0.998611,True
4616200,WSE S SOUTH AVENUE - VICTORY BOULEVARD,control,2025-05-01,744,742,0.997312,True
4616200,WSE S SOUTH AVENUE - VICTORY BOULEVARD,control,2025-06-01,700,700,1.0,True
4616200,WSE S SOUTH AVENUE - VICTORY BOULEVARD,control,2025-07-01,744,694,0.932796,True
4616200,WSE S SOUTH AVENUE - VICTORY BOULEVARD,control,2025-08-01,744,671,0.901882,True
4616200,WSE S SOUTH AVENUE - VICTORY BOULEVARD,control,2025-09-01,720,716,0.994444,True
4616200,WSE S SOUTH AVENUE - VICTORY BOULEVARD,control,2025-10-01,734,734,1.0,True
4616200,WSE S SOUTH AVENUE - VICTORY BOULEVARD,control,2025-11-01,718,716,0.997214,True
4616200,WSE S SOUTH AVENUE - VICTORY BOULEVARD,control,2025-12-01,740,739,0.998649,True
4616200,WSE S SOUTH AVENUE - VICTORY BOULEVARD,control,2026-01-01,743,743,1.0,True
4616200,WSE S SOUTH AVENUE - VICTORY BOULEVARD,control,2026-02-01,672,666,0.991071,True
4616200,WSE S SOUTH AVENUE - VICTORY BOULEVARD,control,2026-03-01,743,404,0.543742,True
4616200,WSE S SOUTH AVENUE - VICTORY BOULEVARD,control,2026-04-01,477,477,1.0,True
4616200,WSE S SOUTH AVENUE - VICTORY BOULEVARD,control,2026-05-01,736,735,0.998641,True
4616201,WSE S VICTORY BOULEVARD - ARDEN AVENUE,control,2023-01-01,557,266,0.477558,True
4616201,WSE S VICTORY BOULEVARD - ARDEN AVENUE,control,2023-02-01,661,0,0.0,False
4616201,WSE S VICTORY BOULEVARD - ARDEN AVENUE,control,2023-03-01,743,0,0.0,False
4616201,WSE S VICTORY BOULEVARD - ARDEN AVENUE,control,2023-04-01,720,0,0.0,False
4616201,WSE S VICTORY BOULEVARD - ARDEN AVENUE,control,2023-05-01,468,0,0.0,False
4616201,WSE S VICTORY BOULEVARD - ARDEN AVENUE,control,2023-06-01,541,0,0.0,False
4616201,WSE S VICTORY BOULEVARD - ARDEN AVENUE,control,2023-07-01,629,0,0.0,False
4616201,WSE S VICTORY BOULEVARD - ARDEN AVENUE,control,2023-08-01,741,0,0.0,False
4616201,WSE S VICTORY BOULEVARD - ARDEN AVENUE,control,2023-09-01,708,0,0.0,False
4616201,WSE S VICTORY BOULEVARD - ARDEN AVENUE,control,2023-10-01,744,346,0.465054,True
4616201,WSE S VICTORY BOULEVARD - ARDEN AVENUE,control,2023-11-01,706,706,1.0,True
4616201,WSE S VICTORY BOULEVARD - ARDEN AVENUE,control,2023-12-01,744,744,1.0,True
4616201,WSE S VICTORY BOULEVARD - ARDEN AVENUE,control,2024-01-01,682,516,0.756598,True
4616201,WSE S VICTORY BOULEVARD - ARDEN AVENUE,control,2024-02-01,416,155,0.372596,True
4616201,WSE S VICTORY BOULEVARD - ARDEN AVENUE,control,2024-03-01,717,0,0.0,False
4616201,WSE S VICTORY BOULEVARD - ARDEN AVENUE,control,2024-04-01,720,0,0.0,False
4616201,WSE S VICTORY BOULEVARD - ARDEN AVENUE,control,2024-05-01,744,82,0.110215,True
4616201,WSE S VICTORY BOULEVARD - ARDEN AVENUE,control,2024-06-01,720,720,1.0,True
4616201,WSE S VICTORY BOULEVARD - ARDEN AVENUE,control,2024-07-01,729,729,1.0,True
4616201,WSE S VICTORY BOULEVARD - ARDEN AVENUE,control,2024-08-01,701,701,1.0,True
4616201,WSE S VICTORY BOULEVARD - ARDEN AVENUE,control,2024-09-01,720,720,1.0,True
4616201,WSE S VICTORY BOULEVARD - ARDEN AVENUE,control,2024-10-01,744,744,1.0,True
4616201,WSE S VICTORY BOULEVARD - ARDEN AVENUE,control,2024-11-01,719,719,1.0,True
4616201,WSE S VICTORY BOULEVARD - ARDEN AVENUE,control,2024-12-01,606,606,1.0,True
4616201,WSE S VICTORY BOULEVARD - ARDEN AVENUE,control,2025-01-01,744,744,1.0,True
4616201,WSE S VICTORY BOULEVARD - ARDEN AVENUE,control,2025-02-01,672,136,0.202381,True
4616201,WSE S VICTORY BOULEVARD - ARDEN AVENUE,control,2025-03-01,743,619,0.833109,True
4616201,WSE S VICTORY BOULEVARD - ARDEN AVENUE,control,2025-04-01,720,709,0.984722,True
4616201,WSE S VICTORY BOULEVARD - ARDEN AVENUE,control,2025-05-01,744,741,0.995968,True
4616201,WSE S VICTORY BOULEVARD - ARDEN AVENUE,control,2025-06-01,700,700,1.0,True
4616201,WSE S VICTORY BOULEVARD - ARDEN AVENUE,control,2025-07-01,744,394,0.52957,True
4616201,WSE S VICTORY BOULEVARD - ARDEN AVENUE,control,2025-08-01,744,670,0.900538,True
4616201,WSE S VICTORY BOULEVARD - ARDEN AVENUE,control,2025-09-01,720,716,0.994444,True
4616201,WSE S VICTORY BOULEVARD - ARDEN AVENUE,control,2025-10-01,734,734,1.0,True
4616201,WSE S VICTORY BOULEVARD - ARDEN AVENUE,control,2025-11-01,718,716,0.997214,True
4616201,WSE S VICTORY BOULEVARD - ARDEN AVENUE,control,2025-12-01,740,739,0.998649,True
4616201,WSE S VICTORY BOULEVARD - ARDEN AVENUE,control,2026-01-01,743,425,0.572005,True
4616201,WSE S VICTORY BOULEVARD - ARDEN AVENUE,control,2026-02-01,672,0,0.0,False
4616201,WSE S VICTORY BOULEVARD - ARDEN AVENUE,control,2026-03-01,743,0,0.0,False
4616201,WSE S VICTORY BOULEVARD - ARDEN AVENUE,control,2026-04-01,477,273,0.572327,True
4616201,WSE S VICTORY BOULEVARD - ARDEN AVENUE,control,2026-05-01,736,732,0.994565,True
4616202,WSE S ARDEN AVENUE - BLOOMINGDALE ROAD,control,2023-01-01,557,266,0.477558,True
4616202,WSE S ARDEN AVENUE - BLOOMINGDALE ROAD,control,2023-02-01,661,0,0.0,False
4616202,WSE S ARDEN AVENUE - BLOOMINGDALE ROAD,control,2023-03-01,743,0,0.0,False
4616202,WSE S ARDEN AVENUE - BLOOMINGDALE ROAD,control,2023-04-01,720,0,0.0,False
4616202,WSE S ARDEN AVENUE - BLOOMINGDALE ROAD,control,2023-05-01,468,0,0.0,False
4616202,WSE S ARDEN AVENUE - BLOOMINGDALE ROAD,control,2023-06-01,541,0,0.0,False
4616202,WSE S ARDEN AVENUE - BLOOMINGDALE ROAD,control,2023-07-01,629,0,0.0,False
4616202,WSE S ARDEN AVENUE - BLOOMINGDALE ROAD,control,2023-08-01,741,0,0.0,False
4616202,WSE S ARDEN AVENUE - BLOOMINGDALE ROAD,control,2023-09-01,708,0,0.0,False
4616202,WSE S ARDEN AVENUE - BLOOMINGDALE ROAD,control,2023-10-01,744,303,0.407258,True
4616202,WSE S ARDEN AVENUE - BLOOMINGDALE ROAD,control,2023-11-01,706,706,1.0,True
4616202,WSE S ARDEN AVENUE - BLOOMINGDALE ROAD,control,2023-12-01,744,744,1.0,True
4616202,WSE S ARDEN AVENUE - BLOOMINGDALE ROAD,control,2024-01-01,682,511,0.749267,True
4616202,WSE S ARDEN AVENUE - BLOOMINGDALE ROAD,control,2024-02-01,416,154,0.370192,True
4616202,WSE S ARDEN AVENUE - BLOOMINGDALE ROAD,control,2024-03-01,717,0,0.0,False
4616202,WSE S ARDEN AVENUE - BLOOMINGDALE ROAD,control,2024-04-01,720,0,0.0,False
4616202,WSE S ARDEN AVENUE - BLOOMINGDALE ROAD,control,2024-05-01,744,82,0.110215,True
4616202,WSE S ARDEN AVENUE - BLOOMINGDALE ROAD,control,2024-06-01,720,711,0.9875,True
4616202,WSE S ARDEN AVENUE - BLOOMINGDALE ROAD,control,2024-07-01,729,726,0.995885,True
4616202,WSE S ARDEN AVENUE - BLOOMINGDALE ROAD,control,2024-08-01,701,701,1.0,True
4616202,WSE S ARDEN AVENUE - BLOOMINGDALE ROAD,control,2024-09-01,720,720,1.0,True
4616202,WSE S ARDEN AVENUE - BLOOMINGDALE ROAD,control,2024-10-01,744,744,1.0,True
4616202,WSE S ARDEN AVENUE - BLOOMINGDALE ROAD,control,2024-11-01,719,719,1.0,True
4616202,WSE S ARDEN AVENUE - BLOOMINGDALE ROAD,control,2024-12-01,606,606,1.0,True
4616202,WSE S ARDEN AVENUE - BLOOMINGDALE ROAD,control,2025-01-01,744,744,1.0,True
4616202,WSE S ARDEN AVENUE - BLOOMINGDALE ROAD,control,2025-02-01,672,135,0.200893,True
4616202,WSE S ARDEN AVENUE - BLOOMINGDALE ROAD,control,2025-03-01,743,617,0.830417,True
4616202,WSE S ARDEN AVENUE - BLOOMINGDALE ROAD,control,2025-04-01,720,709,0.984722,True
4616202,WSE S ARDEN AVENUE - BLOOMINGDALE ROAD,control,2025-05-01,744,741,0.995968,True
4616202,WSE S ARDEN AVENUE - BLOOMINGDALE ROAD,control,2025-06-01,700,700,1.0,True
4616202,WSE S ARDEN AVENUE - BLOOMINGDALE ROAD,control,2025-07-01,744,394,0.52957,True
4616202,WSE S ARDEN AVENUE - BLOOMINGDALE ROAD,control,2025-08-01,744,670,0.900538,True
4616202,WSE S ARDEN AVENUE - BLOOMINGDALE ROAD,control,2025-09-01,720,716,0.994444,True
4616202,WSE S ARDEN AVENUE - BLOOMINGDALE ROAD,control,2025-10-01,734,734,1.0,True
4616202,WSE S ARDEN AVENUE - BLOOMINGDALE ROAD,control,2025-11-01,718,716,0.997214,True
4616202,WSE S ARDEN AVENUE - BLOOMINGDALE ROAD,control,2025-12-01,740,739,0.998649,True
4616202,WSE S ARDEN AVENUE - BLOOMINGDALE ROAD,control,2026-01-01,743,425,0.572005,True
4616202,WSE S ARDEN AVENUE - BLOOMINGDALE ROAD,control,2026-02-01,672,0,0.0,False
4616202,WSE S ARDEN AVENUE - BLOOMINGDALE ROAD,control,2026-03-01,743,0,0.0,False
4616202,WSE S ARDEN AVENUE - BLOOMINGDALE ROAD,control,2026-04-01,477,273,0.572327,True
4616202,WSE S ARDEN AVENUE - BLOOMINGDALE ROAD,control,2026-05-01,736,732,0.994565,True
4616203,WSE S BLLOMINGDALE ROAD - TYRELLAN AVENUE,control,2023-01-01,557,0,0.0,False
4616203,WSE S BLLOMINGDALE ROAD - TYRELLAN AVENUE,control,2023-02-01,661,0,0.0,False
4616203,WSE S BLLOMINGDALE ROAD - TYRELLAN AVENUE,control,2023-03-01,743,0,0.0,False
4616203,WSE S BLLOMINGDALE ROAD - TYRELLAN AVENUE,control,2023-04-01,720,0,0.0,False
4616203,WSE S BLLOMINGDALE ROAD - TYRELLAN AVENUE,control,2023-05-01,468,0,0.0,False
4616203,WSE S BLLOMINGDALE ROAD - TYRELLAN AVENUE,control,2023-06-01,541,0,0.0,False
4616203,WSE S BLLOMINGDALE ROAD - TYRELLAN AVENUE,control,2023-07-01,629,0,0.0,False
4616203,WSE S BLLOMINGDALE ROAD - TYRELLAN AVENUE,control,2023-08-01,741,0,0.0,False
4616203,WSE S BLLOMINGDALE ROAD - TYRELLAN AVENUE,control,2023-09-01,708,0,0.0,False
4616203,WSE S BLLOMINGDALE ROAD - TYRELLAN AVENUE,control,2023-10-01,744,0,0.0,False
4616203,WSE S BLLOMINGDALE ROAD - TYRELLAN AVENUE,control,2023-11-01,706,0,0.0,False
4616203,WSE S BLLOMINGDALE ROAD - TYRELLAN AVENUE,control,2023-12-01,744,0,0.0,False
4616203,WSE S BLLOMINGDALE ROAD - TYRELLAN AVENUE,control,2024-01-01,682,0,0.0,False
4616203,WSE S BLLOMINGDALE ROAD - TYRELLAN AVENUE,control,2024-02-01,416,0,0.0,False
4616203,WSE S BLLOMINGDALE ROAD - TYRELLAN AVENUE,control,2024-03-01,717,0,0.0,False
4616203,WSE S BLLOMINGDALE ROAD - TYRELLAN AVENUE,control,2024-04-01,720,0,0.0,False
4616203,WSE S BLLOMINGDALE ROAD - TYRELLAN AVENUE,control,2024-05-01,744,0,0.0,False
4616203,WSE S BLLOMINGDALE ROAD - TYRELLAN AVENUE,control,2024-06-01,720,0,0.0,False
4616203,WSE S BLLOMINGDALE ROAD - TYRELLAN AVENUE,control,2024-07-01,729,0,0.0,False
4616203,WSE S BLLOMINGDALE ROAD - TYRELLAN AVENUE,control,2024-08-01,701,0,0.0,False
4616203,WSE S BLLOMINGDALE ROAD - TYRELLAN AVENUE,control,2024-09-01,720,0,0.0,False
4616203,WSE S BLLOMINGDALE ROAD - TYRELLAN AVENUE,control,2024-10-01,744,0,0.0,False
4616203,WSE S BLLOMINGDALE ROAD - TYRELLAN AVENUE,control,2024-11-01,719,0,0.0,False
4616203,WSE S BLLOMINGDALE ROAD - TYRELLAN AVENUE,control,2024-12-01,606,0,0.0,False
4616203,WSE S BLLOMINGDALE ROAD - TYRELLAN AVENUE,control,2025-01-01,744,0,0.0,False
4616203,WSE S BLLOMINGDALE ROAD - TYRELLAN AVENUE,control,2025-02-01,672,0,0.0,False
4616203,WSE S BLLOMINGDALE ROAD - TYRELLAN AVENUE,control,2025-03-01,743,0,0.0,False
4616203,WSE S BLLOMINGDALE ROAD - TYRELLAN AVENUE,control,2025-04-01,720,0,0.0,False
4616203,WSE S BLLOMINGDALE ROAD - TYRELLAN AVENUE,control,2025-05-01,744,93,0.125,True
4616203,WSE S BLLOMINGDALE ROAD - TYRELLAN AVENUE,control,2025-06-01,700,0,0.0,False
4616203,WSE S BLLOMINGDALE ROAD - TYRELLAN AVENUE,control,2025-07-01,744,0,0.0,False
4616203,WSE S BLLOMINGDALE ROAD - TYRELLAN AVENUE,control,2025-08-01,744,0,0.0,False
4616203,WSE S BLLOMINGDALE ROAD - TYRELLAN AVENUE,control,2025-09-01,720,0,0.0,False
4616203,WSE S BLLOMINGDALE ROAD - TYRELLAN AVENUE,control,2025-10-01,734,0,0.0,False
4616203,WSE S BLLOMINGDALE ROAD - TYRELLAN AVENUE,control,2025-11-01,718,0,0.0,False
4616203,WSE S BLLOMINGDALE ROAD - TYRELLAN AVENUE,control,2025-12-01,740,0,0.0,False
4616203,WSE S BLLOMINGDALE ROAD - TYRELLAN AVENUE,control,2026-01-01,743,0,0.0,False
4616203,WSE S BLLOMINGDALE ROAD - TYRELLAN AVENUE,control,2026-02-01,672,0,0.0,False
4616203,WSE S BLLOMINGDALE ROAD - TYRELLAN AVENUE,control,2026-03-01,743,0,0.0,False
4616203,WSE S BLLOMINGDALE ROAD - TYRELLAN AVENUE,control,2026-04-01,477,0,0.0,False
4616203,WSE S BLLOMINGDALE ROAD - TYRELLAN AVENUE,control,2026-05-01,736,0,0.0,False
4616204,VNB W-SIE W SI GANTRY UPPER LEVEL - FINGERBOARD ROAD,control,2023-07-01,1,0,0.0,False
4616204,VNB W-SIE W SI GANTRY UPPER LEVEL - FINGERBOARD ROAD,control,2023-10-01,1,0,0.0,False
4616205,VNB W-SIE W SI GANTRY LOWER LEVEL - FINGERBOARD ROAD,control,2023-07-01,1,0,0.0,False
4616205,VNB W-SIE W SI GANTRY LOWER LEVEL - FINGERBOARD ROAD,control,2023-10-01,1,0,0.0,False
4616206,SIE W FINGERBOARD ROAD - CLOVE ROAD,control,2023-01-01,557,557,1.0,True
4616206,SIE W FINGERBOARD ROAD - CLOVE ROAD,control,2023-02-01,661,661,1.0,True
4616206,SIE W FINGERBOARD ROAD - CLOVE ROAD,control,2023-03-01,743,743,1.0,True
4616206,SIE W FINGERBOARD ROAD - CLOVE ROAD,control,2023-04-01,720,720,1.0,True
4616206,SIE W FINGERBOARD ROAD - CLOVE ROAD,control,2023-05-01,468,468,1.0,True
4616206,SIE W FINGERBOARD ROAD - CLOVE ROAD,control,2023-06-01,541,541,1.0,True
4616206,SIE W FINGERBOARD ROAD - CLOVE ROAD,control,2023-07-01,629,625,0.993641,True
4616206,SIE W FINGERBOARD ROAD - CLOVE ROAD,control,2023-08-01,741,741,1.0,True
4616206,SIE W FINGERBOARD ROAD - CLOVE ROAD,control,2023-09-01,708,708,1.0,True
4616206,SIE W FINGERBOARD ROAD - CLOVE ROAD,control,2023-10-01,744,743,0.998656,True
4616206,SIE W FINGERBOARD ROAD - CLOVE ROAD,control,2023-11-01,706,706,1.0,True
4616206,SIE W FINGERBOARD ROAD - CLOVE ROAD,control,2023-12-01,744,744,1.0,True
4616206,SIE W FINGERBOARD ROAD - CLOVE ROAD,control,2024-01-01,682,682,1.0,True
4616206,SIE W FINGERBOARD ROAD - CLOVE ROAD,control,2024-02-01,416,416,1.0,True
4616206,SIE W FINGERBOARD ROAD - CLOVE ROAD,control,2024-03-01,717,717,1.0,True
4616206,SIE W FINGERBOARD ROAD - CLOVE ROAD,control,2024-04-01,720,720,1.0,True
4616206,SIE W FINGERBOARD ROAD - CLOVE ROAD,control,2024-05-01,744,744,1.0,True
4616206,SIE W FINGERBOARD ROAD - CLOVE ROAD,control,2024-06-01,720,720,1.0,True
4616206,SIE W FINGERBOARD ROAD - CLOVE ROAD,control,2024-07-01,729,729,1.0,True
4616206,SIE W FINGERBOARD ROAD - CLOVE ROAD,control,2024-08-01,701,701,1.0,True
4616206,SIE W FINGERBOARD ROAD - CLOVE ROAD,control,2024-09-01,720,720,1.0,True
4616206,SIE W FINGERBOARD ROAD - CLOVE ROAD,control,2024-10-01,744,743,0.998656,True
4616206,SIE W FINGERBOARD ROAD - CLOVE ROAD,control,2024-11-01,719,717,0.997218,True
4616206,SIE W FINGERBOARD ROAD - CLOVE ROAD,control,2024-12-01,606,606,1.0,True
4616206,SIE W FINGERBOARD ROAD - CLOVE ROAD,control,2025-01-01,744,744,1.0,True
4616206,SIE W FINGERBOARD ROAD - CLOVE ROAD,control,2025-02-01,672,672,1.0,True
4616206,SIE W FINGERBOARD ROAD - CLOVE ROAD,control,2025-03-01,743,743,1.0,True
4616206,SIE W FINGERBOARD ROAD - CLOVE ROAD,control,2025-04-01,720,720,1.0,True
4616206,SIE W FINGERBOARD ROAD - CLOVE ROAD,control,2025-05-01,744,740,0.994624,True
4616206,SIE W FINGERBOARD ROAD - CLOVE ROAD,control,2025-06-01,700,700,1.0,True
4616206,SIE W FINGERBOARD ROAD - CLOVE ROAD,control,2025-07-01,744,744,1.0,True
4616206,SIE W FINGERBOARD ROAD - CLOVE ROAD,control,2025-08-01,744,744,1.0,True
4616206,SIE W FINGERBOARD ROAD - CLOVE ROAD,control,2025-09-01,720,713,0.990278,True
4616206,SIE W FINGERBOARD ROAD - CLOVE ROAD,control,2025-10-01,734,734,1.0,True
4616206,SIE W FINGERBOARD ROAD - CLOVE ROAD,control,2025-11-01,718,712,0.991643,True
4616206,SIE W FINGERBOARD ROAD - CLOVE ROAD,control,2025-12-01,740,740,1.0,True
4616206,SIE W FINGERBOARD ROAD - CLOVE ROAD,control,2026-01-01,743,743,1.0,True
4616206,SIE W FINGERBOARD ROAD - CLOVE ROAD,control,2026-02-01,672,672,1.0,True
4616206,SIE W FINGERBOARD ROAD - CLOVE ROAD,control,2026-03-01,743,743,1.0,True
4616206,SIE W FINGERBOARD ROAD - CLOVE ROAD,control,2026-04-01,477,477,1.0,True
4616206,SIE W FINGERBOARD ROAD - CLOVE ROAD,control,2026-05-01,736,721,0.97962,True
4616208,SIE W BRADLEY AVENUE - WOOLEY AVENUE,control,2023-01-01,557,557,1.0,True
4616208,SIE W BRADLEY AVENUE - WOOLEY AVENUE,control,2023-02-01,661,661,1.0,True
4616208,SIE W BRADLEY AVENUE - WOOLEY AVENUE,control,2023-03-01,743,743,1.0,True
4616208,SIE W BRADLEY AVENUE - WOOLEY AVENUE,control,2023-04-01,720,720,1.0,True
4616208,SIE W BRADLEY AVENUE - WOOLEY AVENUE,control,2023-05-01,468,468,1.0,True
4616208,SIE W BRADLEY AVENUE - WOOLEY AVENUE,control,2023-06-01,541,541,1.0,True
4616208,SIE W BRADLEY AVENUE - WOOLEY AVENUE,control,2023-07-01,629,625,0.993641,True
4616208,SIE W BRADLEY AVENUE - WOOLEY AVENUE,control,2023-08-01,741,741,1.0,True
4616208,SIE W BRADLEY AVENUE - WOOLEY AVENUE,control,2023-09-01,708,708,1.0,True
4616208,SIE W BRADLEY AVENUE - WOOLEY AVENUE,control,2023-10-01,744,739,0.99328,True
4616208,SIE W BRADLEY AVENUE - WOOLEY AVENUE,control,2023-11-01,706,706,1.0,True
4616208,SIE W BRADLEY AVENUE - WOOLEY AVENUE,control,2023-12-01,744,744,1.0,True
4616208,SIE W BRADLEY AVENUE - WOOLEY AVENUE,control,2024-01-01,682,682,1.0,True
4616208,SIE W BRADLEY AVENUE - WOOLEY AVENUE,control,2024-02-01,416,416,1.0,True
4616208,SIE W BRADLEY AVENUE - WOOLEY AVENUE,control,2024-03-01,717,717,1.0,True
4616208,SIE W BRADLEY AVENUE - WOOLEY AVENUE,control,2024-04-01,720,720,1.0,True
4616208,SIE W BRADLEY AVENUE - WOOLEY AVENUE,control,2024-05-01,744,744,1.0,True
4616208,SIE W BRADLEY AVENUE - WOOLEY AVENUE,control,2024-06-01,720,720,1.0,True
4616208,SIE W BRADLEY AVENUE - WOOLEY AVENUE,control,2024-07-01,729,729,1.0,True
4616208,SIE W BRADLEY AVENUE - WOOLEY AVENUE,control,2024-08-01,701,701,1.0,True
4616208,SIE W BRADLEY AVENUE - WOOLEY AVENUE,control,2024-09-01,720,720,1.0,True
4616208,SIE W BRADLEY AVENUE - WOOLEY AVENUE,control,2024-10-01,744,744,1.0,True
4616208,SIE W BRADLEY AVENUE - WOOLEY AVENUE,control,2024-11-01,719,719,1.0,True
4616208,SIE W BRADLEY AVENUE - WOOLEY AVENUE,control,2024-12-01,606,606,1.0,True
4616208,SIE W BRADLEY AVENUE - WOOLEY AVENUE,control,2025-01-01,744,744,1.0,True
4616208,SIE W BRADLEY AVENUE - WOOLEY AVENUE,control,2025-02-01,672,672,1.0,True
4616208,SIE W BRADLEY AVENUE - WOOLEY AVENUE,control,2025-03-01,743,743,1.0,True
4616208,SIE W BRADLEY AVENUE - WOOLEY AVENUE,control,2025-04-01,720,720,1.0,True
4616208,SIE W BRADLEY AVENUE - WOOLEY AVENUE,control,2025-05-01,744,744,1.0,True
4616208,SIE W BRADLEY AVENUE - WOOLEY AVENUE,control,2025-06-01,700,700,1.0,True
4616208,SIE W BRADLEY AVENUE - WOOLEY AVENUE,control,2025-07-01,744,740,0.994624,True
4616208,SIE W BRADLEY AVENUE - WOOLEY AVENUE,control,2025-08-01,744,744,1.0,True
4616208,SIE W BRADLEY AVENUE - WOOLEY AVENUE,control,2025-09-01,720,713,0.990278,True
4616208,SIE W BRADLEY AVENUE - WOOLEY AVENUE,control,2025-10-01,734,734,1.0,True
4616208,SIE W BRADLEY AVENUE - WOOLEY AVENUE,control,2025-11-01,718,716,0.997214,True
4616208,SIE W BRADLEY AVENUE - WOOLEY AVENUE,control,2025-12-01,740,740,1.0,True
4616208,SIE W BRADLEY AVENUE - WOOLEY AVENUE,control,2026-01-01,743,743,1.0,True
4616208,SIE W BRADLEY AVENUE - WOOLEY AVENUE,control,2026-02-01,672,671,0.998512,True
4616208,SIE W BRADLEY AVENUE - WOOLEY AVENUE,control,2026-03-01,743,743,1.0,True
4616208,SIE W BRADLEY AVENUE - WOOLEY AVENUE,control,2026-04-01,477,477,1.0,True
4616208,SIE W BRADLEY AVENUE - WOOLEY AVENUE,control,2026-05-01,736,732,0.994565,True
4616209,SIE W WOOLEY AVENUE - RICHMOND AVENUE,control,2023-01-01,557,557,1.0,True
4616209,SIE W WOOLEY AVENUE - RICHMOND AVENUE,control,2023-02-01,661,661,1.0,True
4616209,SIE W WOOLEY AVENUE - RICHMOND AVENUE,control,2023-03-01,743,743,1.0,True
4616209,SIE W WOOLEY AVENUE - RICHMOND AVENUE,control,2023-04-01,720,720,1.0,True
4616209,SIE W WOOLEY AVENUE - RICHMOND AVENUE,control,2023-05-01,468,468,1.0,True
4616209,SIE W WOOLEY AVENUE - RICHMOND AVENUE,control,2023-06-01,541,541,1.0,True
4616209,SIE W WOOLEY AVENUE - RICHMOND AVENUE,control,2023-07-01,629,286,0.45469,True
4616209,SIE W WOOLEY AVENUE - RICHMOND AVENUE,control,2023-08-01,741,741,1.0,True
4616209,SIE W WOOLEY AVENUE - RICHMOND AVENUE,control,2023-09-01,708,708,1.0,True
4616209,SIE W WOOLEY AVENUE - RICHMOND AVENUE,control,2023-10-01,744,739,0.99328,True
4616209,SIE W WOOLEY AVENUE - RICHMOND AVENUE,control,2023-11-01,706,706,1.0,True
4616209,SIE W WOOLEY AVENUE - RICHMOND AVENUE,control,2023-12-01,744,744,1.0,True
4616209,SIE W WOOLEY AVENUE - RICHMOND AVENUE,control,2024-01-01,682,682,1.0,True
4616209,SIE W WOOLEY AVENUE - RICHMOND AVENUE,control,2024-02-01,416,416,1.0,True
4616209,SIE W WOOLEY AVENUE - RICHMOND AVENUE,control,2024-03-01,717,717,1.0,True
4616209,SIE W WOOLEY AVENUE - RICHMOND AVENUE,control,2024-04-01,720,720,1.0,True
4616209,SIE W WOOLEY AVENUE - RICHMOND AVENUE,control,2024-05-01,744,744,1.0,True
4616209,SIE W WOOLEY AVENUE - RICHMOND AVENUE,control,2024-06-01,720,720,1.0,True
4616209,SIE W WOOLEY AVENUE - RICHMOND AVENUE,control,2024-07-01,729,729,1.0,True
4616209,SIE W WOOLEY AVENUE - RICHMOND AVENUE,control,2024-08-01,701,701,1.0,True
4616209,SIE W WOOLEY AVENUE - RICHMOND AVENUE,control,2024-09-01,720,720,1.0,True
4616209,SIE W WOOLEY AVENUE - RICHMOND AVENUE,control,2024-10-01,744,744,1.0,True
4616209,SIE W WOOLEY AVENUE - RICHMOND AVENUE,control,2024-11-01,719,719,1.0,True
4616209,SIE W WOOLEY AVENUE - RICHMOND AVENUE,control,2024-12-01,606,606,1.0,True
4616209,SIE W WOOLEY AVENUE - RICHMOND AVENUE,control,2025-01-01,744,744,1.0,True
4616209,SIE W WOOLEY AVENUE - RICHMOND AVENUE,control,2025-02-01,672,671,0.998512,True
4616209,SIE W WOOLEY AVENUE - RICHMOND AVENUE,control,2025-03-01,743,670,0.90175,True
4616209,SIE W WOOLEY AVENUE - RICHMOND AVENUE,control,2025-04-01,720,718,0.997222,True
4616209,SIE W WOOLEY AVENUE - RICHMOND AVENUE,control,2025-05-01,744,742,0.997312,True
4616209,SIE W WOOLEY AVENUE - RICHMOND AVENUE,control,2025-06-01,700,700,1.0,True
4616209,SIE W WOOLEY AVENUE - RICHMOND AVENUE,control,2025-07-01,744,691,0.928763,True
4616209,SIE W WOOLEY AVENUE - RICHMOND AVENUE,control,2025-08-01,744,739,0.99328,True
4616209,SIE W WOOLEY AVENUE - RICHMOND AVENUE,control,2025-09-01,720,712,0.988889,True
4616209,SIE W WOOLEY AVENUE - RICHMOND AVENUE,control,2025-10-01,734,734,1.0,True
4616209,SIE W WOOLEY AVENUE - RICHMOND AVENUE,control,2025-11-01,718,716,0.997214,True
4616209,SIE W WOOLEY AVENUE - RICHMOND AVENUE,control,2025-12-01,740,736,0.994595,True
4616209,SIE W WOOLEY AVENUE - RICHMOND AVENUE,control,2026-01-01,743,743,1.0,True
4616209,SIE W WOOLEY AVENUE - RICHMOND AVENUE,control,2026-02-01,672,671,0.998512,True
4616209,SIE W WOOLEY AVENUE - RICHMOND AVENUE,control,2026-03-01,743,743,1.0,True
4616209,SIE W WOOLEY AVENUE - RICHMOND AVENUE,control,2026-04-01,477,477,1.0,True
4616209,SIE W WOOLEY AVENUE - RICHMOND AVENUE,control,2026-05-01,736,732,0.994565,True
4616210,MLK S - SIE W WALKER STREET - RICHMOND AVENUE,control,2023-01-01,557,557,1.0,True
4616210,MLK S - SIE W WALKER STREET - RICHMOND AVENUE,control,2023-02-01,661,661,1.0,True
4616210,MLK S - SIE W WALKER STREET - RICHMOND AVENUE,control,2023-03-01,743,743,1.0,True
4616210,MLK S - SIE W WALKER STREET - RICHMOND AVENUE,control,2023-04-01,720,720,1.0,True
4616210,MLK S - SIE W WALKER STREET - RICHMOND AVENUE,control,2023-05-01,468,468,1.0,True
4616210,MLK S - SIE W WALKER STREET - RICHMOND AVENUE,control,2023-06-01,541,541,1.0,True
4616210,MLK S - SIE W WALKER STREET - RICHMOND AVENUE,control,2023-07-01,629,189,0.300477,True
4616210,MLK S - SIE W WALKER STREET - RICHMOND AVENUE,control,2023-08-01,741,737,0.994602,True
4616210,MLK S - SIE W WALKER STREET - RICHMOND AVENUE,control,2023-09-01,708,707,0.998588,True
4616210,MLK S - SIE W WALKER STREET - RICHMOND AVENUE,control,2023-10-01,744,403,0.541667,True
4616210,MLK S - SIE W WALKER STREET - RICHMOND AVENUE,control,2023-11-01,706,452,0.640227,True
4616210,MLK S - SIE W WALKER STREET - RICHMOND AVENUE,control,2023-12-01,744,738,0.991935,True
4616210,MLK S - SIE W WALKER STREET - RICHMOND AVENUE,control,2024-01-01,682,682,1.0,True
4616210,MLK S - SIE W WALKER STREET - RICHMOND AVENUE,control,2024-02-01,416,416,1.0,True
4616210,MLK S - SIE W WALKER STREET - RICHMOND AVENUE,control,2024-03-01,717,717,1.0,True
4616210,MLK S - SIE W WALKER STREET - RICHMOND AVENUE,control,2024-04-01,720,720,1.0,True
4616210,MLK S - SIE W WALKER STREET - RICHMOND AVENUE,control,2024-05-01,744,744,1.0,True
4616210,MLK S - SIE W WALKER STREET - RICHMOND AVENUE,control,2024-06-01,720,720,1.0,True
4616210,MLK S - SIE W WALKER STREET - RICHMOND AVENUE,control,2024-07-01,729,729,1.0,True
4616210,MLK S - SIE W WALKER STREET - RICHMOND AVENUE,control,2024-08-01,701,701,1.0,True
4616210,MLK S - SIE W WALKER STREET - RICHMOND AVENUE,control,2024-09-01,720,720,1.0,True
4616210,MLK S - SIE W WALKER STREET - RICHMOND AVENUE,control,2024-10-01,744,741,0.995968,True
4616210,MLK S - SIE W WALKER STREET - RICHMOND AVENUE,control,2024-11-01,719,719,1.0,True
4616210,MLK S - SIE W WALKER STREET - RICHMOND AVENUE,control,2024-12-01,606,606,1.0,True
4616210,MLK S - SIE W WALKER STREET - RICHMOND AVENUE,control,2025-01-01,744,744,1.0,True
4616210,MLK S - SIE W WALKER STREET - RICHMOND AVENUE,control,2025-02-01,672,671,0.998512,True
4616210,MLK S - SIE W WALKER STREET - RICHMOND AVENUE,control,2025-03-01,743,671,0.903096,True
4616210,MLK S - SIE W WALKER STREET - RICHMOND AVENUE,control,2025-04-01,720,719,0.998611,True
4616210,MLK S - SIE W WALKER STREET - RICHMOND AVENUE,control,2025-05-01,744,664,0.892473,True
4616210,MLK S - SIE W WALKER STREET - RICHMOND AVENUE,control,2025-06-01,700,698,0.997143,True
4616210,MLK S - SIE W WALKER STREET - RICHMOND AVENUE,control,2025-07-01,744,694,0.932796,True
4616210,MLK S - SIE W WALKER STREET - RICHMOND AVENUE,control,2025-08-01,744,740,0.994624,True
4616210,MLK S - SIE W WALKER STREET - RICHMOND AVENUE,control,2025-09-01,720,715,0.993056,True
4616210,MLK S - SIE W WALKER STREET - RICHMOND AVENUE,control,2025-10-01,734,734,1.0,True
4616210,MLK S - SIE W WALKER STREET - RICHMOND AVENUE,control,2025-11-01,718,716,0.997214,True
4616210,MLK S - SIE W WALKER STREET - RICHMOND AVENUE,control,2025-12-01,740,737,0.995946,True
4616210,MLK S - SIE W WALKER STREET - RICHMOND AVENUE,control,2026-01-01,743,743,1.0,True
4616210,MLK S - SIE W WALKER STREET - RICHMOND AVENUE,control,2026-02-01,672,467,0.69494,True
4616210,MLK S - SIE W WALKER STREET - RICHMOND AVENUE,control,2026-03-01,743,268,0.3607,True
4616210,MLK S - SIE W WALKER STREET - RICHMOND AVENUE,control,2026-04-01,477,452,0.947589,True
4616210,MLK S - SIE W WALKER STREET - RICHMOND AVENUE,control,2026-05-01,736,623,0.846467,True
4616211,SIE W RICHMOND AVENUE - SOUTH AVENUE,control,2023-01-01,557,557,1.0,True
4616211,SIE W RICHMOND AVENUE - SOUTH AVENUE,control,2023-02-01,661,661,1.0,True
4616211,SIE W RICHMOND AVENUE - SOUTH AVENUE,control,2023-03-01,743,743,1.0,True
4616211,SIE W RICHMOND AVENUE - SOUTH AVENUE,control,2023-04-01,720,720,1.0,True
4616211,SIE W RICHMOND AVENUE - SOUTH AVENUE,control,2023-05-01,468,468,1.0,True
4616211,SIE W RICHMOND AVENUE - SOUTH AVENUE,control,2023-06-01,541,541,1.0,True
4616211,SIE W RICHMOND AVENUE - SOUTH AVENUE,control,2023-07-01,629,286,0.45469,True
4616211,SIE W RICHMOND AVENUE - SOUTH AVENUE,control,2023-08-01,741,741,1.0,True
4616211,SIE W RICHMOND AVENUE - SOUTH AVENUE,control,2023-09-01,708,708,1.0,True
4616211,SIE W RICHMOND AVENUE - SOUTH AVENUE,control,2023-10-01,744,739,0.99328,True
4616211,SIE W RICHMOND AVENUE - SOUTH AVENUE,control,2023-11-01,706,706,1.0,True
4616211,SIE W RICHMOND AVENUE - SOUTH AVENUE,control,2023-12-01,744,744,1.0,True
4616211,SIE W RICHMOND AVENUE - SOUTH AVENUE,control,2024-01-01,682,682,1.0,True
4616211,SIE W RICHMOND AVENUE - SOUTH AVENUE,control,2024-02-01,416,416,1.0,True
4616211,SIE W RICHMOND AVENUE - SOUTH AVENUE,control,2024-03-01,717,717,1.0,True
4616211,SIE W RICHMOND AVENUE - SOUTH AVENUE,control,2024-04-01,720,720,1.0,True
4616211,SIE W RICHMOND AVENUE - SOUTH AVENUE,control,2024-05-01,744,744,1.0,True
4616211,SIE W RICHMOND AVENUE - SOUTH AVENUE,control,2024-06-01,720,720,1.0,True
4616211,SIE W RICHMOND AVENUE - SOUTH AVENUE,control,2024-07-01,729,729,1.0,True
4616211,SIE W RICHMOND AVENUE - SOUTH AVENUE,control,2024-08-01,701,701,1.0,True
4616211,SIE W RICHMOND AVENUE - SOUTH AVENUE,control,2024-09-01,720,720,1.0,True
4616211,SIE W RICHMOND AVENUE - SOUTH AVENUE,control,2024-10-01,744,744,1.0,True
4616211,SIE W RICHMOND AVENUE - SOUTH AVENUE,control,2024-11-01,719,719,1.0,True
4616211,SIE W RICHMOND AVENUE - SOUTH AVENUE,control,2024-12-01,606,606,1.0,True
4616211,SIE W RICHMOND AVENUE - SOUTH AVENUE,control,2025-01-01,744,744,1.0,True
4616211,SIE W RICHMOND AVENUE - SOUTH AVENUE,control,2025-02-01,672,671,0.998512,True
4616211,SIE W RICHMOND AVENUE - SOUTH AVENUE,control,2025-03-01,743,670,0.90175,True
4616211,SIE W RICHMOND AVENUE - SOUTH AVENUE,control,2025-04-01,720,719,0.998611,True
4616211,SIE W RICHMOND AVENUE - SOUTH AVENUE,control,2025-05-01,744,742,0.997312,True
4616211,SIE W RICHMOND AVENUE - SOUTH AVENUE,control,2025-06-01,700,700,1.0,True
4616211,SIE W RICHMOND AVENUE - SOUTH AVENUE,control,2025-07-01,744,694,0.932796,True
4616211,SIE W RICHMOND AVENUE - SOUTH AVENUE,control,2025-08-01,744,739,0.99328,True
4616211,SIE W RICHMOND AVENUE - SOUTH AVENUE,control,2025-09-01,720,715,0.993056,True
4616211,SIE W RICHMOND AVENUE - SOUTH AVENUE,control,2025-10-01,734,734,1.0,True
4616211,SIE W RICHMOND AVENUE - SOUTH AVENUE,control,2025-11-01,718,716,0.997214,True
4616211,SIE W RICHMOND AVENUE - SOUTH AVENUE,control,2025-12-01,740,736,0.994595,True
4616211,SIE W RICHMOND AVENUE - SOUTH AVENUE,control,2026-01-01,743,743,1.0,True
4616211,SIE W RICHMOND AVENUE - SOUTH AVENUE,control,2026-02-01,672,672,1.0,True
4616211,SIE W RICHMOND AVENUE - SOUTH AVENUE,control,2026-03-01,743,743,1.0,True
4616211,SIE W RICHMOND AVENUE - SOUTH AVENUE,control,2026-04-01,477,477,1.0,True
4616211,SIE W RICHMOND AVENUE - SOUTH AVENUE,control,2026-05-01,736,731,0.993207,True
4616212,WSE N VICTORY BLVD - SOUTH AVENUE,control,2023-01-01,557,554,0.994614,True
4616212,WSE N VICTORY BLVD - SOUTH AVENUE,control,2023-02-01,661,366,0.553707,True
4616212,WSE N VICTORY BLVD - SOUTH AVENUE,control,2023-03-01,743,0,0.0,False
4616212,WSE N VICTORY BLVD - SOUTH AVENUE,control,2023-04-01,720,0,0.0,False
4616212,WSE N VICTORY BLVD - SOUTH AVENUE,control,2023-05-01,468,0,0.0,False
4616212,WSE N VICTORY BLVD - SOUTH AVENUE,control,2023-06-01,541,0,0.0,False
4616212,WSE N VICTORY BLVD - SOUTH AVENUE,control,2023-07-01,629,0,0.0,False
4616212,WSE N VICTORY BLVD - SOUTH AVENUE,control,2023-08-01,741,0,0.0,False
4616212,WSE N VICTORY BLVD - SOUTH AVENUE,control,2023-09-01,708,0,0.0,False
4616212,WSE N VICTORY BLVD - SOUTH AVENUE,control,2023-10-01,744,367,0.49328,True
4616212,WSE N VICTORY BLVD - SOUTH AVENUE,control,2023-11-01,706,706,1.0,True
4616212,WSE N VICTORY BLVD - SOUTH AVENUE,control,2023-12-01,744,744,1.0,True
4616212,WSE N VICTORY BLVD - SOUTH AVENUE,control,2024-01-01,682,515,0.755132,True
4616212,WSE N VICTORY BLVD - SOUTH AVENUE,control,2024-02-01,416,155,0.372596,True
4616212,WSE N VICTORY BLVD - SOUTH AVENUE,control,2024-03-01,717,0,0.0,False
4616212,WSE N VICTORY BLVD - SOUTH AVENUE,control,2024-04-01,720,0,0.0,False
4616212,WSE N VICTORY BLVD - SOUTH AVENUE,control,2024-05-01,744,82,0.110215,True
4616212,WSE N VICTORY BLVD - SOUTH AVENUE,control,2024-06-01,720,720,1.0,True
4616212,WSE N VICTORY BLVD - SOUTH AVENUE,control,2024-07-01,729,729,1.0,True
4616212,WSE N VICTORY BLVD - SOUTH AVENUE,control,2024-08-01,701,701,1.0,True
4616212,WSE N VICTORY BLVD - SOUTH AVENUE,control,2024-09-01,720,720,1.0,True
4616212,WSE N VICTORY BLVD - SOUTH AVENUE,control,2024-10-01,744,744,1.0,True
4616212,WSE N VICTORY BLVD - SOUTH AVENUE,control,2024-11-01,719,719,1.0,True
4616212,WSE N VICTORY BLVD - SOUTH AVENUE,control,2024-12-01,606,606,1.0,True
4616212,WSE N VICTORY BLVD - SOUTH AVENUE,control,2025-01-01,744,744,1.0,True
4616212,WSE N VICTORY BLVD - SOUTH AVENUE,control,2025-02-01,672,189,0.28125,True
4616212,WSE N VICTORY BLVD - SOUTH AVENUE,control,2025-03-01,743,634,0.853297,True
4616212,WSE N VICTORY BLVD - SOUTH AVENUE,control,2025-04-01,720,719,0.998611,True
4616212,WSE N VICTORY BLVD - SOUTH AVENUE,control,2025-05-01,744,742,0.997312,True
4616212,WSE N VICTORY BLVD - SOUTH AVENUE,control,2025-06-01,700,700,1.0,True
4616212,WSE N VICTORY BLVD - SOUTH AVENUE,control,2025-07-01,744,694,0.932796,True
4616212,WSE N VICTORY BLVD - SOUTH AVENUE,control,2025-08-01,744,671,0.901882,True
4616212,WSE N VICTORY BLVD - SOUTH AVENUE,control,2025-09-01,720,716,0.994444,True
4616212,WSE N VICTORY BLVD - SOUTH AVENUE,control,2025-10-01,734,734,1.0,True
4616212,WSE N VICTORY BLVD - SOUTH AVENUE,control,2025-11-01,718,716,0.997214,True
4616212,WSE N VICTORY BLVD - SOUTH AVENUE,control,2025-12-01,740,739,0.998649,True
4616212,WSE N VICTORY BLVD - SOUTH AVENUE,control,2026-01-01,743,743,1.0,True
4616212,WSE N VICTORY BLVD - SOUTH AVENUE,control,2026-02-01,672,667,0.99256,True
4616212,WSE N VICTORY BLVD - SOUTH AVENUE,control,2026-03-01,674,404,0.599407,True
4616212,WSE N VICTORY BLVD - SOUTH AVENUE,control,2026-04-01,477,477,1.0,True
4616212,WSE N VICTORY BLVD - SOUTH AVENUE,control,2026-05-01,736,733,0.995924,True
4616213,WSE N ARDEN AVENUE - VICTORY BLVD,control,2023-01-01,557,266,0.477558,True
4616213,WSE N ARDEN AVENUE - VICTORY BLVD,control,2023-02-01,661,0,0.0,False
4616213,WSE N ARDEN AVENUE - VICTORY BLVD,control,2023-03-01,743,0,0.0,False
4616213,WSE N ARDEN AVENUE - VICTORY BLVD,control,2023-04-01,720,0,0.0,False
4616213,WSE N ARDEN AVENUE - VICTORY BLVD,control,2023-05-01,468,0,0.0,False
4616213,WSE N ARDEN AVENUE - VICTORY BLVD,control,2023-06-01,541,0,0.0,False
4616213,WSE N ARDEN AVENUE - VICTORY BLVD,control,2023-07-01,629,0,0.0,False
4616213,WSE N ARDEN AVENUE - VICTORY BLVD,control,2023-08-01,741,0,0.0,False
4616213,WSE N ARDEN AVENUE - VICTORY BLVD,control,2023-09-01,708,0,0.0,False
4616213,WSE N ARDEN AVENUE - VICTORY BLVD,control,2023-10-01,744,346,0.465054,True
4616213,WSE N ARDEN AVENUE - VICTORY BLVD,control,2023-11-01,706,706,1.0,True
4616213,WSE N ARDEN AVENUE - VICTORY BLVD,control,2023-12-01,744,744,1.0,True
4616213,WSE N ARDEN AVENUE - VICTORY BLVD,control,2024-01-01,682,515,0.755132,True
4616213,WSE N ARDEN AVENUE - VICTORY BLVD,control,2024-02-01,416,155,0.372596,True
4616213,WSE N ARDEN AVENUE - VICTORY BLVD,control,2024-03-01,717,0,0.0,False
4616213,WSE N ARDEN AVENUE - VICTORY BLVD,control,2024-04-01,720,0,0.0,False
4616213,WSE N ARDEN AVENUE - VICTORY BLVD,control,2024-05-01,744,82,0.110215,True
4616213,WSE N ARDEN AVENUE - VICTORY BLVD,control,2024-06-01,720,720,1.0,True
4616213,WSE N ARDEN AVENUE - VICTORY BLVD,control,2024-07-01,729,729,1.0,True
4616213,WSE N ARDEN AVENUE - VICTORY BLVD,control,2024-08-01,701,701,1.0,True
4616213,WSE N ARDEN AVENUE - VICTORY BLVD,control,2024-09-01,720,720,1.0,True
4616213,WSE N ARDEN AVENUE - VICTORY BLVD,control,2024-10-01,744,744,1.0,True
4616213,WSE N ARDEN AVENUE - VICTORY BLVD,control,2024-11-01,719,719,1.0,True
4616213,WSE N ARDEN AVENUE - VICTORY BLVD,control,2024-12-01,606,606,1.0,True
4616213,WSE N ARDEN AVENUE - VICTORY BLVD,control,2025-01-01,744,744,1.0,True
4616213,WSE N ARDEN AVENUE - VICTORY BLVD,control,2025-02-01,672,136,0.202381,True
4616213,WSE N ARDEN AVENUE - VICTORY BLVD,control,2025-03-01,743,619,0.833109,True
4616213,WSE N ARDEN AVENUE - VICTORY BLVD,control,2025-04-01,720,709,0.984722,True
4616213,WSE N ARDEN AVENUE - VICTORY BLVD,control,2025-05-01,744,741,0.995968,True
4616213,WSE N ARDEN AVENUE - VICTORY BLVD,control,2025-06-01,700,700,1.0,True
4616213,WSE N ARDEN AVENUE - VICTORY BLVD,control,2025-07-01,744,394,0.52957,True
4616213,WSE N ARDEN AVENUE - VICTORY BLVD,control,2025-08-01,744,670,0.900538,True
4616213,WSE N ARDEN AVENUE - VICTORY BLVD,control,2025-09-01,720,716,0.994444,True
4616213,WSE N ARDEN AVENUE - VICTORY BLVD,control,2025-10-01,734,734,1.0,True
4616213,WSE N ARDEN AVENUE - VICTORY BLVD,control,2025-11-01,718,716,0.997214,True
4616213,WSE N ARDEN AVENUE - VICTORY BLVD,control,2025-12-01,740,739,0.998649,True
4616213,WSE N ARDEN AVENUE - VICTORY BLVD,control,2026-01-01,743,425,0.572005,True
4616213,WSE N ARDEN AVENUE - VICTORY BLVD,control,2026-02-01,672,0,0.0,False
4616213,WSE N ARDEN AVENUE - VICTORY BLVD,control,2026-03-01,743,0,0.0,False
4616213,WSE N ARDEN AVENUE - VICTORY BLVD,control,2026-04-01,477,273,0.572327,True
4616213,WSE N ARDEN AVENUE - VICTORY BLVD,control,2026-05-01,736,732,0.994565,True
4616214,WSE N BLOOMUINGDALE ROAD - ARDEN AVENUE,control,2023-01-01,557,266,0.477558,True
4616214,WSE N BLOOMUINGDALE ROAD - ARDEN AVENUE,control,2023-02-01,661,0,0.0,False
4616214,WSE N BLOOMUINGDALE ROAD - ARDEN AVENUE,control,2023-03-01,743,0,0.0,False
4616214,WSE N BLOOMUINGDALE ROAD - ARDEN AVENUE,control,2023-04-01,720,0,0.0,False
4616214,WSE N BLOOMUINGDALE ROAD - ARDEN AVENUE,control,2023-05-01,468,0,0.0,False
4616214,WSE N BLOOMUINGDALE ROAD - ARDEN AVENUE,control,2023-06-01,541,0,0.0,False
4616214,WSE N BLOOMUINGDALE ROAD - ARDEN AVENUE,control,2023-07-01,629,0,0.0,False
4616214,WSE N BLOOMUINGDALE ROAD - ARDEN AVENUE,control,2023-08-01,741,0,0.0,False
4616214,WSE N BLOOMUINGDALE ROAD - ARDEN AVENUE,control,2023-09-01,708,0,0.0,False
4616214,WSE N BLOOMUINGDALE ROAD - ARDEN AVENUE,control,2023-10-01,744,303,0.407258,True
4616214,WSE N BLOOMUINGDALE ROAD - ARDEN AVENUE,control,2023-11-01,706,706,1.0,True
4616214,WSE N BLOOMUINGDALE ROAD - ARDEN AVENUE,control,2023-12-01,744,744,1.0,True
4616214,WSE N BLOOMUINGDALE ROAD - ARDEN AVENUE,control,2024-01-01,682,513,0.752199,True
4616214,WSE N BLOOMUINGDALE ROAD - ARDEN AVENUE,control,2024-02-01,416,154,0.370192,True
4616214,WSE N BLOOMUINGDALE ROAD - ARDEN AVENUE,control,2024-03-01,717,0,0.0,False
4616214,WSE N BLOOMUINGDALE ROAD - ARDEN AVENUE,control,2024-04-01,720,0,0.0,False
4616214,WSE N BLOOMUINGDALE ROAD - ARDEN AVENUE,control,2024-05-01,744,82,0.110215,True
4616214,WSE N BLOOMUINGDALE ROAD - ARDEN AVENUE,control,2024-06-01,720,718,0.997222,True
4616214,WSE N BLOOMUINGDALE ROAD - ARDEN AVENUE,control,2024-07-01,729,729,1.0,True
4616214,WSE N BLOOMUINGDALE ROAD - ARDEN AVENUE,control,2024-08-01,701,701,1.0,True
4616214,WSE N BLOOMUINGDALE ROAD - ARDEN AVENUE,control,2024-09-01,720,720,1.0,True
4616214,WSE N BLOOMUINGDALE ROAD - ARDEN AVENUE,control,2024-10-01,744,744,1.0,True
4616214,WSE N BLOOMUINGDALE ROAD - ARDEN AVENUE,control,2024-11-01,719,719,1.0,True
4616214,WSE N BLOOMUINGDALE ROAD - ARDEN AVENUE,control,2024-12-01,606,606,1.0,True
4616214,WSE N BLOOMUINGDALE ROAD - ARDEN AVENUE,control,2025-01-01,744,744,1.0,True
4616214,WSE N BLOOMUINGDALE ROAD - ARDEN AVENUE,control,2025-02-01,672,135,0.200893,True
4616214,WSE N BLOOMUINGDALE ROAD - ARDEN AVENUE,control,2025-03-01,743,619,0.833109,True
4616214,WSE N BLOOMUINGDALE ROAD - ARDEN AVENUE,control,2025-04-01,720,709,0.984722,True
4616214,WSE N BLOOMUINGDALE ROAD - ARDEN AVENUE,control,2025-05-01,744,741,0.995968,True
4616214,WSE N BLOOMUINGDALE ROAD - ARDEN AVENUE,control,2025-06-01,700,700,1.0,True
4616214,WSE N BLOOMUINGDALE ROAD - ARDEN AVENUE,control,2025-07-01,744,394,0.52957,True
4616214,WSE N BLOOMUINGDALE ROAD - ARDEN AVENUE,control,2025-08-01,744,670,0.900538,True
4616214,WSE N BLOOMUINGDALE ROAD - ARDEN AVENUE,control,2025-09-01,720,716,0.994444,True
4616214,WSE N BLOOMUINGDALE ROAD - ARDEN AVENUE,control,2025-10-01,734,734,1.0,True
4616214,WSE N BLOOMUINGDALE ROAD - ARDEN AVENUE,control,2025-11-01,718,716,0.997214,True
4616214,WSE N BLOOMUINGDALE ROAD - ARDEN AVENUE,control,2025-12-01,740,739,0.998649,True
4616214,WSE N BLOOMUINGDALE ROAD - ARDEN AVENUE,control,2026-01-01,743,425,0.572005,True
4616214,WSE N BLOOMUINGDALE ROAD - ARDEN AVENUE,control,2026-02-01,672,0,0.0,False
4616214,WSE N BLOOMUINGDALE ROAD - ARDEN AVENUE,control,2026-03-01,743,0,0.0,False
4616214,WSE N BLOOMUINGDALE ROAD - ARDEN AVENUE,control,2026-04-01,477,273,0.572327,True
4616214,WSE N BLOOMUINGDALE ROAD - ARDEN AVENUE,control,2026-05-01,736,731,0.993207,True
4616215,WSE N TYRELLAN AVENUE - BLOOMINGDALE ROAD,control,2023-01-01,557,0,0.0,False
4616215,WSE N TYRELLAN AVENUE - BLOOMINGDALE ROAD,control,2023-02-01,661,0,0.0,False
4616215,WSE N TYRELLAN AVENUE - BLOOMINGDALE ROAD,control,2023-03-01,743,0,0.0,False
4616215,WSE N TYRELLAN AVENUE - BLOOMINGDALE ROAD,control,2023-04-01,720,0,0.0,False
4616215,WSE N TYRELLAN AVENUE - BLOOMINGDALE ROAD,control,2023-05-01,468,0,0.0,False
4616215,WSE N TYRELLAN AVENUE - BLOOMINGDALE ROAD,control,2023-06-01,541,0,0.0,False
4616215,WSE N TYRELLAN AVENUE - BLOOMINGDALE ROAD,control,2023-07-01,629,0,0.0,False
4616215,WSE N TYRELLAN AVENUE - BLOOMINGDALE ROAD,control,2023-08-01,741,0,0.0,False
4616215,WSE N TYRELLAN AVENUE - BLOOMINGDALE ROAD,control,2023-09-01,708,0,0.0,False
4616215,WSE N TYRELLAN AVENUE - BLOOMINGDALE ROAD,control,2023-10-01,744,0,0.0,False
4616215,WSE N TYRELLAN AVENUE - BLOOMINGDALE ROAD,control,2023-11-01,706,0,0.0,False
4616215,WSE N TYRELLAN AVENUE - BLOOMINGDALE ROAD,control,2023-12-01,744,0,0.0,False
4616215,WSE N TYRELLAN AVENUE - BLOOMINGDALE ROAD,control,2024-01-01,682,0,0.0,False
4616215,WSE N TYRELLAN AVENUE - BLOOMINGDALE ROAD,control,2024-02-01,416,0,0.0,False
4616215,WSE N TYRELLAN AVENUE - BLOOMINGDALE ROAD,control,2024-03-01,717,0,0.0,False
4616215,WSE N TYRELLAN AVENUE - BLOOMINGDALE ROAD,control,2024-04-01,720,0,0.0,False
4616215,WSE N TYRELLAN AVENUE - BLOOMINGDALE ROAD,control,2024-05-01,744,0,0.0,False
4616215,WSE N TYRELLAN AVENUE - BLOOMINGDALE ROAD,control,2024-06-01,720,0,0.0,False
4616215,WSE N TYRELLAN AVENUE - BLOOMINGDALE ROAD,control,2024-07-01,729,0,0.0,False
4616215,WSE N TYRELLAN AVENUE - BLOOMINGDALE ROAD,control,2024-08-01,701,0,0.0,False
4616215,WSE N TYRELLAN AVENUE - BLOOMINGDALE ROAD,control,2024-09-01,720,0,0.0,False
4616215,WSE N TYRELLAN AVENUE - BLOOMINGDALE ROAD,control,2024-10-01,744,0,0.0,False
4616215,WSE N TYRELLAN AVENUE - BLOOMINGDALE ROAD,control,2024-11-01,719,0,0.0,False
4616215,WSE N TYRELLAN AVENUE - BLOOMINGDALE ROAD,control,2024-12-01,606,0,0.0,False
4616215,WSE N TYRELLAN AVENUE - BLOOMINGDALE ROAD,control,2025-01-01,744,0,0.0,False
4616215,WSE N TYRELLAN AVENUE - BLOOMINGDALE ROAD,control,2025-02-01,672,0,0.0,False
4616215,WSE N TYRELLAN AVENUE - BLOOMINGDALE ROAD,control,2025-03-01,743,0,0.0,False
4616215,WSE N TYRELLAN AVENUE - BLOOMINGDALE ROAD,control,2025-04-01,720,0,0.0,False
4616215,WSE N TYRELLAN AVENUE - BLOOMINGDALE ROAD,control,2025-05-01,744,93,0.125,True
4616215,WSE N TYRELLAN AVENUE - BLOOMINGDALE ROAD,control,2025-06-01,700,0,0.0,False
4616215,WSE N TYRELLAN AVENUE - BLOOMINGDALE ROAD,control,2025-07-01,744,0,0.0,False
4616215,WSE N TYRELLAN AVENUE - BLOOMINGDALE ROAD,control,2025-08-01,744,0,0.0,False
4616215,WSE N TYRELLAN AVENUE - BLOOMINGDALE ROAD,control,2025-09-01,720,0,0.0,False
4616215,WSE N TYRELLAN AVENUE - BLOOMINGDALE ROAD,control,2025-10-01,734,0,0.0,False
4616215,WSE N TYRELLAN AVENUE - BLOOMINGDALE ROAD,control,2025-11-01,718,0,0.0,False
4616215,WSE N TYRELLAN AVENUE - BLOOMINGDALE ROAD,control,2025-12-01,740,0,0.0,False
4616215,WSE N TYRELLAN AVENUE - BLOOMINGDALE ROAD,control,2026-01-01,743,0,0.0,False
4616215,WSE N TYRELLAN AVENUE - BLOOMINGDALE ROAD,control,2026-02-01,672,0,0.0,False
4616215,WSE N TYRELLAN AVENUE - BLOOMINGDALE ROAD,control,2026-03-01,743,0,0.0,False
4616215,WSE N TYRELLAN AVENUE - BLOOMINGDALE ROAD,control,2026-04-01,477,0,0.0,False
4616215,WSE N TYRELLAN AVENUE - BLOOMINGDALE ROAD,control,2026-05-01,736,0,0.0,False
4616216,SIE E-MLK N RICHMOND AVENUE - WALKER STREET,control,2023-01-01,557,0,0.0,False
4616216,SIE E-MLK N RICHMOND AVENUE - WALKER STREET,control,2023-02-01,661,0,0.0,False
4616216,SIE E-MLK N RICHMOND AVENUE - WALKER STREET,control,2023-03-01,743,0,0.0,False
4616216,SIE E-MLK N RICHMOND AVENUE - WALKER STREET,control,2023-04-01,720,0,0.0,False
4616216,SIE E-MLK N RICHMOND AVENUE - WALKER STREET,control,2023-05-01,468,0,0.0,False
4616216,SIE E-MLK N RICHMOND AVENUE - WALKER STREET,control,2023-06-01,541,0,0.0,False
4616216,SIE E-MLK N RICHMOND AVENUE - WALKER STREET,control,2023-07-01,629,0,0.0,False
4616216,SIE E-MLK N RICHMOND AVENUE - WALKER STREET,control,2023-08-01,741,0,0.0,False
4616216,SIE E-MLK N RICHMOND AVENUE - WALKER STREET,control,2023-09-01,708,0,0.0,False
4616216,SIE E-MLK N RICHMOND AVENUE - WALKER STREET,control,2023-10-01,744,0,0.0,False
4616216,SIE E-MLK N RICHMOND AVENUE - WALKER STREET,control,2023-11-01,706,0,0.0,False
4616216,SIE E-MLK N RICHMOND AVENUE - WALKER STREET,control,2023-12-01,744,0,0.0,False
4616216,SIE E-MLK N RICHMOND AVENUE - WALKER STREET,control,2024-01-01,682,0,0.0,False
4616216,SIE E-MLK N RICHMOND AVENUE - WALKER STREET,control,2024-02-01,416,0,0.0,False
4616216,SIE E-MLK N RICHMOND AVENUE - WALKER STREET,control,2024-03-01,717,0,0.0,False
4616216,SIE E-MLK N RICHMOND AVENUE - WALKER STREET,control,2024-04-01,720,0,0.0,False
4616216,SIE E-MLK N RICHMOND AVENUE - WALKER STREET,control,2024-05-01,744,0,0.0,False
4616216,SIE E-MLK N RICHMOND AVENUE - WALKER STREET,control,2024-06-01,720,0,0.0,False
4616216,SIE E-MLK N RICHMOND AVENUE - WALKER STREET,control,2024-07-01,729,0,0.0,False
4616216,SIE E-MLK N RICHMOND AVENUE - WALKER STREET,control,2024-08-01,701,0,0.0,False
4616216,SIE E-MLK N RICHMOND AVENUE - WALKER STREET,control,2024-09-01,720,0,0.0,False
4616216,SIE E-MLK N RICHMOND AVENUE - WALKER STREET,control,2024-10-01,744,0,0.0,False
4616216,SIE E-MLK N RICHMOND AVENUE - WALKER STREET,control,2024-11-01,719,0,0.0,False
4616216,SIE E-MLK N RICHMOND AVENUE - WALKER STREET,control,2024-12-01,606,0,0.0,False
4616216,SIE E-MLK N RICHMOND AVENUE - WALKER STREET,control,2025-01-01,744,0,0.0,False
4616216,SIE E-MLK N RICHMOND AVENUE - WALKER STREET,control,2025-02-01,672,0,0.0,False
4616216,SIE E-MLK N RICHMOND AVENUE - WALKER STREET,control,2025-03-01,743,0,0.0,False
4616216,SIE E-MLK N RICHMOND AVENUE - WALKER STREET,control,2025-04-01,720,0,0.0,False
4616216,SIE E-MLK N RICHMOND AVENUE - WALKER STREET,control,2025-05-01,744,0,0.0,False
4616216,SIE E-MLK N RICHMOND AVENUE - WALKER STREET,control,2025-06-01,700,0,0.0,False
4616216,SIE E-MLK N RICHMOND AVENUE - WALKER STREET,control,2025-07-01,744,454,0.610215,True
4616216,SIE E-MLK N RICHMOND AVENUE - WALKER STREET,control,2025-08-01,744,713,0.958333,True
4616216,SIE E-MLK N RICHMOND AVENUE - WALKER STREET,control,2025-09-01,720,0,0.0,False
4616216,SIE E-MLK N RICHMOND AVENUE - WALKER STREET,control,2025-10-01,734,0,0.0,False
4616216,SIE E-MLK N RICHMOND AVENUE - WALKER STREET,control,2025-11-01,718,0,0.0,False
4616216,SIE E-MLK N RICHMOND AVENUE - WALKER STREET,control,2025-12-01,740,323,0.436486,True
4616216,SIE E-MLK N RICHMOND AVENUE - WALKER STREET,control,2026-01-01,743,743,1.0,True
4616216,SIE E-MLK N RICHMOND AVENUE - WALKER STREET,control,2026-02-01,672,467,0.69494,True
4616216,SIE E-MLK N RICHMOND AVENUE - WALKER STREET,control,2026-03-01,743,273,0.367429,True
4616216,SIE E-MLK N RICHMOND AVENUE - WALKER STREET,control,2026-04-01,477,454,0.951782,True
4616216,SIE E-MLK N RICHMOND AVENUE - WALKER STREET,control,2026-05-01,736,544,0.73913,True
4616217,SIE W - MLK N WOOLEY AVENUE - WLAKER STREET,control,2023-01-01,557,0,0.0,False
4616217,SIE W - MLK N WOOLEY AVENUE - WLAKER STREET,control,2023-02-01,661,0,0.0,False
4616217,SIE W - MLK N WOOLEY AVENUE - WLAKER STREET,control,2023-03-01,743,0,0.0,False
4616217,SIE W - MLK N WOOLEY AVENUE - WLAKER STREET,control,2023-04-01,720,0,0.0,False
4616217,SIE W - MLK N WOOLEY AVENUE - WLAKER STREET,control,2023-05-01,468,0,0.0,False
4616217,SIE W - MLK N WOOLEY AVENUE - WLAKER STREET,control,2023-06-01,541,0,0.0,False
4616217,SIE W - MLK N WOOLEY AVENUE - WLAKER STREET,control,2023-07-01,629,0,0.0,False
4616217,SIE W - MLK N WOOLEY AVENUE - WLAKER STREET,control,2023-08-01,741,0,0.0,False
4616217,SIE W - MLK N WOOLEY AVENUE - WLAKER STREET,control,2023-09-01,708,0,0.0,False
4616217,SIE W - MLK N WOOLEY AVENUE - WLAKER STREET,control,2023-10-01,744,0,0.0,False
4616217,SIE W - MLK N WOOLEY AVENUE - WLAKER STREET,control,2023-11-01,706,0,0.0,False
4616217,SIE W - MLK N WOOLEY AVENUE - WLAKER STREET,control,2023-12-01,744,0,0.0,False
4616217,SIE W - MLK N WOOLEY AVENUE - WLAKER STREET,control,2024-01-01,682,0,0.0,False
4616217,SIE W - MLK N WOOLEY AVENUE - WLAKER STREET,control,2024-02-01,416,0,0.0,False
4616217,SIE W - MLK N WOOLEY AVENUE - WLAKER STREET,control,2024-03-01,717,0,0.0,False
4616217,SIE W - MLK N WOOLEY AVENUE - WLAKER STREET,control,2024-04-01,720,0,0.0,False
4616217,SIE W - MLK N WOOLEY AVENUE - WLAKER STREET,control,2024-05-01,744,0,0.0,False
4616217,SIE W - MLK N WOOLEY AVENUE - WLAKER STREET,control,2024-06-01,720,0,0.0,False
4616217,SIE W - MLK N WOOLEY AVENUE - WLAKER STREET,control,2024-07-01,729,0,0.0,False
4616217,SIE W - MLK N WOOLEY AVENUE - WLAKER STREET,control,2024-08-01,701,0,0.0,False
4616217,SIE W - MLK N WOOLEY AVENUE - WLAKER STREET,control,2024-09-01,720,0,0.0,False
4616217,SIE W - MLK N WOOLEY AVENUE - WLAKER STREET,control,2024-10-01,744,0,0.0,False
4616217,SIE W - MLK N WOOLEY AVENUE - WLAKER STREET,control,2024-11-01,719,0,0.0,False
4616217,SIE W - MLK N WOOLEY AVENUE - WLAKER STREET,control,2024-12-01,606,0,0.0,False
4616217,SIE W - MLK N WOOLEY AVENUE - WLAKER STREET,control,2025-01-01,744,0,0.0,False
4616217,SIE W - MLK N WOOLEY AVENUE - WLAKER STREET,control,2025-02-01,672,0,0.0,False
4616217,SIE W - MLK N WOOLEY AVENUE - WLAKER STREET,control,2025-03-01,743,0,0.0,False
4616217,SIE W - MLK N WOOLEY AVENUE - WLAKER STREET,control,2025-04-01,720,0,0.0,False
4616217,SIE W - MLK N WOOLEY AVENUE - WLAKER STREET,control,2025-05-01,744,0,0.0,False
4616217,SIE W - MLK N WOOLEY AVENUE - WLAKER STREET,control,2025-06-01,700,275,0.392857,True
4616217,SIE W - MLK N WOOLEY AVENUE - WLAKER STREET,control,2025-07-01,744,328,0.44086,True
4616217,SIE W - MLK N WOOLEY AVENUE - WLAKER STREET,control,2025-08-01,744,441,0.592742,True
4616217,SIE W - MLK N WOOLEY AVENUE - WLAKER STREET,control,2025-09-01,720,708,0.983333,True
4616217,SIE W - MLK N WOOLEY AVENUE - WLAKER STREET,control,2025-10-01,734,733,0.998638,True
4616217,SIE W - MLK N WOOLEY AVENUE - WLAKER STREET,control,2025-11-01,718,716,0.997214,True
4616217,SIE W - MLK N WOOLEY AVENUE - WLAKER STREET,control,2025-12-01,740,740,1.0,True
4616217,SIE W - MLK N WOOLEY AVENUE - WLAKER STREET,control,2026-01-01,743,743,1.0,True
4616217,SIE W - MLK N WOOLEY AVENUE - WLAKER STREET,control,2026-02-01,672,465,0.691964,True
4616217,SIE W - MLK N WOOLEY AVENUE - WLAKER STREET,control,2026-03-01,743,261,0.351279,True
4616217,SIE W - MLK N WOOLEY AVENUE - WLAKER STREET,control,2026-04-01,477,459,0.962264,True
4616217,SIE W - MLK N WOOLEY AVENUE - WLAKER STREET,control,2026-05-01,736,523,0.710598,True
4616218,VNB E-GOWANUS N BROOKLYN GANTRY LOWER LEVEL - 92ND STREET,control,2023-07-01,1,0,0.0,False
4616218,VNB E-GOWANUS N BROOKLYN GANTRY LOWER LEVEL - 92ND STREET,control,2023-10-01,1,0,0.0,False
4616219,VNB E-GOWANUS N BROOKLYN GANTRY UPPER LEVEL - 92ND STREET,control,2023-07-01,1,0,0.0,False
4616219,VNB E-GOWANUS N BROOKLYN GANTRY UPPER LEVEL - 92ND STREET,control,2023-10-01,1,0,0.0,False
4616220,GOW N 92ND STREET - 7TH AVENUE,control,2023-01-01,557,557,1.0,True
4616220,GOW N 92ND STREET - 7TH AVENUE,control,2023-02-01,661,661,1.0,True
4616220,GOW N 92ND STREET - 7TH AVENUE,control,2023-03-01,743,743,1.0,True
4616220,GOW N 92ND STREET - 7TH AVENUE,control,2023-04-01,720,720,1.0,True
4616220,GOW N 92ND STREET - 7TH AVENUE,control,2023-05-01,468,468,1.0,True
4616220,GOW N 92ND STREET - 7TH AVENUE,control,2023-06-01,541,541,1.0,True
4616220,GOW N 92ND STREET - 7TH AVENUE,control,2023-07-01,629,629,1.0,True
4616220,GOW N 92ND STREET - 7TH AVENUE,control,2023-08-01,741,741,1.0,True
4616220,GOW N 92ND STREET - 7TH AVENUE,control,2023-09-01,708,708,1.0,True
4616220,GOW N 92ND STREET - 7TH AVENUE,control,2023-10-01,744,744,1.0,True
4616220,GOW N 92ND STREET - 7TH AVENUE,control,2023-11-01,706,701,0.992918,True
4616220,GOW N 92ND STREET - 7TH AVENUE,control,2023-12-01,744,743,0.998656,True
4616220,GOW N 92ND STREET - 7TH AVENUE,control,2024-01-01,682,682,1.0,True
4616220,GOW N 92ND STREET - 7TH AVENUE,control,2024-02-01,416,416,1.0,True
4616220,GOW N 92ND STREET - 7TH AVENUE,control,2024-03-01,717,717,1.0,True
4616220,GOW N 92ND STREET - 7TH AVENUE,control,2024-04-01,720,720,1.0,True
4616220,GOW N 92ND STREET - 7TH AVENUE,control,2024-05-01,744,744,1.0,True
4616220,GOW N 92ND STREET - 7TH AVENUE,control,2024-06-01,720,720,1.0,True
4616220,GOW N 92ND STREET - 7TH AVENUE,control,2024-07-01,729,729,1.0,True
4616220,GOW N 92ND STREET - 7TH AVENUE,control,2024-08-01,701,701,1.0,True
4616220,GOW N 92ND STREET - 7TH AVENUE,control,2024-09-01,720,720,1.0,True
4616220,GOW N 92ND STREET - 7TH AVENUE,control,2024-10-01,744,744,1.0,True
4616220,GOW N 92ND STREET - 7TH AVENUE,control,2024-11-01,719,715,0.994437,True
4616220,GOW N 92ND STREET - 7TH AVENUE,control,2024-12-01,606,606,1.0,True
4616220,GOW N 92ND STREET - 7TH AVENUE,control,2025-01-01,744,740,0.994624,True
4616220,GOW N 92ND STREET - 7TH AVENUE,control,2025-02-01,672,669,0.995536,True
4616220,GOW N 92ND STREET - 7TH AVENUE,control,2025-03-01,743,743,1.0,True
4616220,GOW N 92ND STREET - 7TH AVENUE,control,2025-04-01,720,720,1.0,True
4616220,GOW N 92ND STREET - 7TH AVENUE,control,2025-05-01,744,739,0.99328,True
4616220,GOW N 92ND STREET - 7TH AVENUE,control,2025-06-01,700,700,1.0,True
4616220,GOW N 92ND STREET - 7TH AVENUE,control,2025-07-01,744,744,1.0,True
4616220,GOW N 92ND STREET - 7TH AVENUE,control,2025-08-01,744,744,1.0,True
4616220,GOW N 92ND STREET - 7TH AVENUE,control,2025-09-01,720,720,1.0,True
4616220,GOW N 92ND STREET - 7TH AVENUE,control,2025-10-01,734,734,1.0,True
4616220,GOW N 92ND STREET - 7TH AVENUE,control,2025-11-01,718,712,0.991643,True
4616220,GOW N 92ND STREET - 7TH AVENUE,control,2025-12-01,740,740,1.0,True
4616220,GOW N 92ND STREET - 7TH AVENUE,control,2026-01-01,743,743,1.0,True
4616220,GOW N 92ND STREET - 7TH AVENUE,control,2026-02-01,672,672,1.0,True
4616220,GOW N 92ND STREET - 7TH AVENUE,control,2026-03-01,743,742,0.998654,True
4616220,GOW N 92ND STREET - 7TH AVENUE,control,2026-04-01,477,476,0.997904,True
4616220,GOW N 92ND STREET - 7TH AVENUE,control,2026-05-01,736,732,0.994565,True
4616223,GOW N 9TH STREET - ATLANTIC AVENUE,control,2023-01-01,557,557,1.0,True
4616223,GOW N 9TH STREET - ATLANTIC AVENUE,control,2023-02-01,661,661,1.0,True
4616223,GOW N 9TH STREET - ATLANTIC AVENUE,control,2023-03-01,743,743,1.0,True
4616223,GOW N 9TH STREET - ATLANTIC AVENUE,control,2023-04-01,720,720,1.0,True
4616223,GOW N 9TH STREET - ATLANTIC AVENUE,control,2023-05-01,468,468,1.0,True
4616223,GOW N 9TH STREET - ATLANTIC AVENUE,control,2023-06-01,541,541,1.0,True
4616223,GOW N 9TH STREET - ATLANTIC AVENUE,control,2023-07-01,629,629,1.0,True
4616223,GOW N 9TH STREET - ATLANTIC AVENUE,control,2023-08-01,741,741,1.0,True
4616223,GOW N 9TH STREET - ATLANTIC AVENUE,control,2023-09-01,708,708,1.0,True
4616223,GOW N 9TH STREET - ATLANTIC AVENUE,control,2023-10-01,744,738,0.991935,True
4616223,GOW N 9TH STREET - ATLANTIC AVENUE,control,2023-11-01,706,693,0.981586,True
4616223,GOW N 9TH STREET - ATLANTIC AVENUE,control,2023-12-01,744,744,1.0,True
4616223,GOW N 9TH STREET - ATLANTIC AVENUE,control,2024-01-01,682,682,1.0,True
4616223,GOW N 9TH STREET - ATLANTIC AVENUE,control,2024-02-01,416,416,1.0,True
4616223,GOW N 9TH STREET - ATLANTIC AVENUE,control,2024-03-01,717,717,1.0,True
4616223,GOW N 9TH STREET - ATLANTIC AVENUE,control,2024-04-01,720,706,0.980556,True
4616223,GOW N 9TH STREET - ATLANTIC AVENUE,control,2024-05-01,744,744,1.0,True
4616223,GOW N 9TH STREET - ATLANTIC AVENUE,control,2024-06-01,720,708,0.983333,True
4616223,GOW N 9TH STREET - ATLANTIC AVENUE,control,2024-07-01,729,729,1.0,True
4616223,GOW N 9TH STREET - ATLANTIC AVENUE,control,2024-08-01,701,701,1.0,True
4616223,GOW N 9TH STREET - ATLANTIC AVENUE,control,2024-09-01,720,720,1.0,True
4616223,GOW N 9TH STREET - ATLANTIC AVENUE,control,2024-10-01,744,744,1.0,True
4616223,GOW N 9TH STREET - ATLANTIC AVENUE,control,2024-11-01,719,719,1.0,True
4616223,GOW N 9TH STREET - ATLANTIC AVENUE,control,2024-12-01,606,606,1.0,True
4616223,GOW N 9TH STREET - ATLANTIC AVENUE,control,2025-01-01,744,744,1.0,True
4616223,GOW N 9TH STREET - ATLANTIC AVENUE,control,2025-02-01,672,672,1.0,True
4616223,GOW N 9TH STREET - ATLANTIC AVENUE,control,2025-03-01,743,739,0.994616,True
4616223,GOW N 9TH STREET - ATLANTIC AVENUE,control,2025-04-01,44,44,1.0,True
4616223,GOW N 9TH STREET - ATLANTIC AVENUE,control,2025-06-01,1,0,0.0,False
4616223,GOW N 9TH STREET - ATLANTIC AVENUE,control,2025-07-01,344,344,1.0,True
4616223,GOW N 9TH STREET - ATLANTIC AVENUE,control,2025-08-01,744,744,1.0,True
4616223,GOW N 9TH STREET - ATLANTIC AVENUE,control,2025-09-01,720,720,1.0,True
4616223,GOW N 9TH STREET - ATLANTIC AVENUE,control,2025-10-01,734,734,1.0,True
4616223,GOW N 9TH STREET - ATLANTIC AVENUE,control,2025-11-01,718,718,1.0,True
4616223,GOW N 9TH STREET - ATLANTIC AVENUE,control,2025-12-01,740,740,1.0,True
4616223,GOW N 9TH STREET - ATLANTIC AVENUE,control,2026-01-01,743,743,1.0,True
4616223,GOW N 9TH STREET - ATLANTIC AVENUE,control,2026-02-01,672,672,1.0,True
4616223,GOW N 9TH STREET - ATLANTIC AVENUE,control,2026-03-01,743,742,0.998654,True
4616223,GOW N 9TH STREET - ATLANTIC AVENUE,control,2026-04-01,477,477,1.0,True
4616223,GOW N 9TH STREET - ATLANTIC AVENUE,control,2026-05-01,736,733,0.995924,True
4616225,TBB N QUEENS ANCHORAGE - BE N,control,2023-01-01,557,557,1.0,True
4616225,TBB N QUEENS ANCHORAGE - BE N,control,2023-02-01,661,661,1.0,True
4616225,TBB N QUEENS ANCHORAGE - BE N,control,2023-03-01,743,743,1.0,True
4616225,TBB N QUEENS ANCHORAGE - BE N,control,2023-04-01,720,720,1.0,True
4616225,TBB N QUEENS ANCHORAGE - BE N,control,2023-05-01,468,468,1.0,True
4616225,TBB N QUEENS ANCHORAGE - BE N,control,2023-06-01,541,541,1.0,True
4616225,TBB N QUEENS ANCHORAGE - BE N,control,2023-07-01,629,629,1.0,True
4616225,TBB N QUEENS ANCHORAGE - BE N,control,2023-08-01,741,741,1.0,True
4616225,TBB N QUEENS ANCHORAGE - BE N,control,2023-09-01,703,703,1.0,True
4616225,TBB N QUEENS ANCHORAGE - BE N,control,2023-10-01,744,744,1.0,True
4616225,TBB N QUEENS ANCHORAGE - BE N,control,2023-11-01,706,706,1.0,True
4616225,TBB N QUEENS ANCHORAGE - BE N,control,2023-12-01,744,744,1.0,True
4616225,TBB N QUEENS ANCHORAGE - BE N,control,2024-01-01,682,682,1.0,True
4616225,TBB N QUEENS ANCHORAGE - BE N,control,2024-02-01,416,416,1.0,True
4616225,TBB N QUEENS ANCHORAGE - BE N,control,2024-03-01,717,717,1.0,True
4616225,TBB N QUEENS ANCHORAGE - BE N,control,2024-04-01,720,720,1.0,True
4616225,TBB N QUEENS ANCHORAGE - BE N,control,2024-05-01,744,744,1.0,True
4616225,TBB N QUEENS ANCHORAGE - BE N,control,2024-06-01,720,720,1.0,True
4616225,TBB N QUEENS ANCHORAGE - BE N,control,2024-07-01,729,729,1.0,True
4616225,TBB N QUEENS ANCHORAGE - BE N,control,2024-08-01,689,689,1.0,True
4616225,TBB N QUEENS ANCHORAGE - BE N,control,2024-09-01,720,719,0.998611,True
4616225,TBB N QUEENS ANCHORAGE - BE N,control,2024-10-01,744,744,1.0,True
4616225,TBB N QUEENS ANCHORAGE - BE N,control,2024-11-01,719,719,1.0,True
4616225,TBB N QUEENS ANCHORAGE - BE N,control,2024-12-01,606,606,1.0,True
4616225,TBB N QUEENS ANCHORAGE - BE N,control,2025-01-01,744,744,1.0,True
4616225,TBB N QUEENS ANCHORAGE - BE N,control,2025-02-01,672,672,1.0,True
4616225,TBB N QUEENS ANCHORAGE - BE N,control,2025-03-01,743,738,0.993271,True
4616225,TBB N QUEENS ANCHORAGE - BE N,control,2025-04-01,720,718,0.997222,True
4616225,TBB N QUEENS ANCHORAGE - BE N,control,2025-05-01,738,736,0.99729,True
4616225,TBB N QUEENS ANCHORAGE - BE N,control,2025-06-01,700,700,1.0,True
4616225,TBB N QUEENS ANCHORAGE - BE N,control,2025-07-01,744,744,1.0,True
4616225,TBB N QUEENS ANCHORAGE - BE N,control,2025-08-01,743,742,0.998654,True
4616225,TBB N QUEENS ANCHORAGE - BE N,control,2025-09-01,720,719,0.998611,True
4616225,TBB N QUEENS ANCHORAGE - BE N,control,2025-10-01,734,731,0.995913,True
4616225,TBB N QUEENS ANCHORAGE - BE N,control,2025-11-01,715,715,1.0,True
4616225,TBB N QUEENS ANCHORAGE - BE N,control,2025-12-01,740,695,0.939189,True
4616225,TBB N QUEENS ANCHORAGE - BE N,control,2026-01-01,743,742,0.998654,True
4616225,TBB N QUEENS ANCHORAGE - BE N,control,2026-02-01,672,672,1.0,True
4616225,TBB N QUEENS ANCHORAGE - BE N,control,2026-03-01,331,331,1.0,True
4616225,TBB N QUEENS ANCHORAGE - BE N,control,2026-04-01,477,477,1.0,True
4616225,TBB N QUEENS ANCHORAGE - BE N,control,2026-05-01,182,175,0.961538,True
4616226,GOW S 7TH AVENUE - 92ND STREET,control,2023-01-01,557,557,1.0,True
4616226,GOW S 7TH AVENUE - 92ND STREET,control,2023-02-01,661,661,1.0,True
4616226,GOW S 7TH AVENUE - 92ND STREET,control,2023-03-01,743,743,1.0,True
4616226,GOW S 7TH AVENUE - 92ND STREET,control,2023-04-01,720,720,1.0,True
4616226,GOW S 7TH AVENUE - 92ND STREET,control,2023-05-01,468,468,1.0,True
4616226,GOW S 7TH AVENUE - 92ND STREET,control,2023-06-01,541,541,1.0,True
4616226,GOW S 7TH AVENUE - 92ND STREET,control,2023-07-01,629,629,1.0,True
4616226,GOW S 7TH AVENUE - 92ND STREET,control,2023-08-01,741,741,1.0,True
4616226,GOW S 7TH AVENUE - 92ND STREET,control,2023-09-01,708,708,1.0,True
4616226,GOW S 7TH AVENUE - 92ND STREET,control,2023-10-01,744,744,1.0,True
4616226,GOW S 7TH AVENUE - 92ND STREET,control,2023-11-01,706,700,0.991501,True
4616226,GOW S 7TH AVENUE - 92ND STREET,control,2023-12-01,744,741,0.995968,True
4616226,GOW S 7TH AVENUE - 92ND STREET,control,2024-01-01,682,682,1.0,True
4616226,GOW S 7TH AVENUE - 92ND STREET,control,2024-02-01,416,416,1.0,True
4616226,GOW S 7TH AVENUE - 92ND STREET,control,2024-03-01,717,713,0.994421,True
4616226,GOW S 7TH AVENUE - 92ND STREET,control,2024-04-01,720,720,1.0,True
4616226,GOW S 7TH AVENUE - 92ND STREET,control,2024-05-01,744,744,1.0,True
4616226,GOW S 7TH AVENUE - 92ND STREET,control,2024-06-01,720,720,1.0,True
4616226,GOW S 7TH AVENUE - 92ND STREET,control,2024-07-01,729,729,1.0,True
4616226,GOW S 7TH AVENUE - 92ND STREET,control,2024-08-01,701,701,1.0,True
4616226,GOW S 7TH AVENUE - 92ND STREET,control,2024-09-01,720,720,1.0,True
4616226,GOW S 7TH AVENUE - 92ND STREET,control,2024-10-01,744,744,1.0,True
4616226,GOW S 7TH AVENUE - 92ND STREET,control,2024-11-01,719,718,0.998609,True
4616226,GOW S 7TH AVENUE - 92ND STREET,control,2024-12-01,606,606,1.0,True
4616226,GOW S 7TH AVENUE - 92ND STREET,control,2025-01-01,744,740,0.994624,True
4616226,GOW S 7TH AVENUE - 92ND STREET,control,2025-02-01,672,672,1.0,True
4616226,GOW S 7TH AVENUE - 92ND STREET,control,2025-03-01,743,741,0.997308,True
4616226,GOW S 7TH AVENUE - 92ND STREET,control,2025-04-01,720,720,1.0,True
4616226,GOW S 7TH AVENUE - 92ND STREET,control,2025-05-01,744,738,0.991935,True
4616226,GOW S 7TH AVENUE - 92ND STREET,control,2025-06-01,700,700,1.0,True
4616226,GOW S 7TH AVENUE - 92ND STREET,control,2025-07-01,744,744,1.0,True
4616226,GOW S 7TH AVENUE - 92ND STREET,control,2025-08-01,744,744,1.0,True
4616226,GOW S 7TH AVENUE - 92ND STREET,control,2025-09-01,720,720,1.0,True
4616226,GOW S 7TH AVENUE - 92ND STREET,control,2025-10-01,734,734,1.0,True
4616226,GOW S 7TH AVENUE - 92ND STREET,control,2025-11-01,718,717,0.998607,True
4616226,GOW S 7TH AVENUE - 92ND STREET,control,2025-12-01,740,740,1.0,True
4616226,GOW S 7TH AVENUE - 92ND STREET,control,2026-01-01,743,743,1.0,True
4616226,GOW S 7TH AVENUE - 92ND STREET,control,2026-02-01,672,671,0.998512,True
4616226,GOW S 7TH AVENUE - 92ND STREET,control,2026-03-01,743,742,0.998654,True
4616226,GOW S 7TH AVENUE - 92ND STREET,control,2026-04-01,477,476,0.997904,True
4616226,GOW S 7TH AVENUE - 92ND STREET,control,2026-05-01,736,732,0.994565,True
4616228,I-87 NYST S Exit 1 - MDE S Van Cortlandt Park,control,2023-01-01,557,557,1.0,True
4616228,I-87 NYST S Exit 1 - MDE S Van Cortlandt Park,control,2023-02-01,661,647,0.97882,True
4616228,I-87 NYST S Exit 1 - MDE S Van Cortlandt Park,control,2023-03-01,743,737,0.991925,True
4616228,I-87 NYST S Exit 1 - MDE S Van Cortlandt Park,control,2023-04-01,720,712,0.988889,True
4616228,I-87 NYST S Exit 1 - MDE S Van Cortlandt Park,control,2023-05-01,468,447,0.955128,True
4616228,I-87 NYST S Exit 1 - MDE S Van Cortlandt Park,control,2023-06-01,541,533,0.985213,True
4616228,I-87 NYST S Exit 1 - MDE S Van Cortlandt Park,control,2023-07-01,629,528,0.839428,True
4616228,I-87 NYST S Exit 1 - MDE S Van Cortlandt Park,control,2023-08-01,741,737,0.994602,True
4616228,I-87 NYST S Exit 1 - MDE S Van Cortlandt Park,control,2023-09-01,708,707,0.998588,True
4616228,I-87 NYST S Exit 1 - MDE S Van Cortlandt Park,control,2023-10-01,744,720,0.967742,True
4616228,I-87 NYST S Exit 1 - MDE S Van Cortlandt Park,control,2023-11-01,706,542,0.767705,True
4616228,I-87 NYST S Exit 1 - MDE S Van Cortlandt Park,control,2023-12-01,744,731,0.982527,True
4616228,I-87 NYST S Exit 1 - MDE S Van Cortlandt Park,control,2024-01-01,682,674,0.98827,True
4616228,I-87 NYST S Exit 1 - MDE S Van Cortlandt Park,control,2024-02-01,416,416,1.0,True
4616228,I-87 NYST S Exit 1 - MDE S Van Cortlandt Park,control,2024-03-01,717,714,0.995816,True
4616228,I-87 NYST S Exit 1 - MDE S Van Cortlandt Park,control,2024-04-01,720,714,0.991667,True
4616228,I-87 NYST S Exit 1 - MDE S Van Cortlandt Park,control,2024-05-01,744,709,0.952957,True
4616228,I-87 NYST S Exit 1 - MDE S Van Cortlandt Park,control,2024-06-01,720,717,0.995833,True
4616228,I-87 NYST S Exit 1 - MDE S Van Cortlandt Park,control,2024-07-01,729,724,0.993141,True
4616228,I-87 NYST S Exit 1 - MDE S Van Cortlandt Park,control,2024-08-01,701,641,0.914408,True
4616228,I-87 NYST S Exit 1 - MDE S Van Cortlandt Park,control,2024-09-01,720,550,0.763889,True
4616228,I-87 NYST S Exit 1 - MDE S Van Cortlandt Park,control,2024-10-01,744,744,1.0,True
4616228,I-87 NYST S Exit 1 - MDE S Van Cortlandt Park,control,2024-11-01,719,700,0.973574,True
4616228,I-87 NYST S Exit 1 - MDE S Van Cortlandt Park,control,2024-12-01,606,606,1.0,True
4616228,I-87 NYST S Exit 1 - MDE S Van Cortlandt Park,control,2025-01-01,744,733,0.985215,True
4616228,I-87 NYST S Exit 1 - MDE S Van Cortlandt Park,control,2025-02-01,672,672,1.0,True
4616228,I-87 NYST S Exit 1 - MDE S Van Cortlandt Park,control,2025-03-01,743,734,0.987887,True
4616228,I-87 NYST S Exit 1 - MDE S Van Cortlandt Park,control,2025-04-01,720,716,0.994444,True
4616228,I-87 NYST S Exit 1 - MDE S Van Cortlandt Park,control,2025-05-01,744,742,0.997312,True
4616228,I-87 NYST S Exit 1 - MDE S Van Cortlandt Park,control,2025-06-01,700,691,0.987143,True
4616228,I-87 NYST S Exit 1 - MDE S Van Cortlandt Park,control,2025-07-01,744,694,0.932796,True
4616228,I-87 NYST S Exit 1 - MDE S Van Cortlandt Park,control,2025-08-01,744,743,0.998656,True
4616228,I-87 NYST S Exit 1 - MDE S Van Cortlandt Park,control,2025-09-01,720,590,0.819444,True
4616228,I-87 NYST S Exit 1 - MDE S Van Cortlandt Park,control,2025-10-01,734,734,1.0,True
4616228,I-87 NYST S Exit 1 - MDE S Van Cortlandt Park,control,2025-11-01,718,709,0.987465,True
4616228,I-87 NYST S Exit 1 - MDE S Van Cortlandt Park,control,2025-12-01,740,740,1.0,True
4616228,I-87 NYST S Exit 1 - MDE S Van Cortlandt Park,control,2026-01-01,743,743,1.0,True
4616228,I-87 NYST S Exit 1 - MDE S Van Cortlandt Park,control,2026-02-01,672,668,0.994048,True
4616228,I-87 NYST S Exit 1 - MDE S Van Cortlandt Park,control,2026-03-01,743,739,0.994616,True
4616228,I-87 NYST S Exit 1 - MDE S Van Cortlandt Park,control,2026-04-01,477,470,0.985325,True
4616228,I-87 NYST S Exit 1 - MDE S Van Cortlandt Park,control,2026-05-01,736,730,0.991848,True
4616229,BQE S - GOW S ALTANTIC AVENUE - 9TH STREET,control,2023-01-01,557,557,1.0,True
4616229,BQE S - GOW S ALTANTIC AVENUE - 9TH STREET,control,2023-02-01,661,661,1.0,True
4616229,BQE S - GOW S ALTANTIC AVENUE - 9TH STREET,control,2023-03-01,743,743,1.0,True
4616229,BQE S - GOW S ALTANTIC AVENUE - 9TH STREET,control,2023-04-01,720,720,1.0,True
4616229,BQE S - GOW S ALTANTIC AVENUE - 9TH STREET,control,2023-05-01,468,468,1.0,True
4616229,BQE S - GOW S ALTANTIC AVENUE - 9TH STREET,control,2023-06-01,541,541,1.0,True
4616229,BQE S - GOW S ALTANTIC AVENUE - 9TH STREET,control,2023-07-01,629,629,1.0,True
4616229,BQE S - GOW S ALTANTIC AVENUE - 9TH STREET,control,2023-08-01,741,741,1.0,True
4616229,BQE S - GOW S ALTANTIC AVENUE - 9TH STREET,control,2023-09-01,708,708,1.0,True
4616229,BQE S - GOW S ALTANTIC AVENUE - 9TH STREET,control,2023-10-01,744,744,1.0,True
4616229,BQE S - GOW S ALTANTIC AVENUE - 9TH STREET,control,2023-11-01,706,706,1.0,True
4616229,BQE S - GOW S ALTANTIC AVENUE - 9TH STREET,control,2023-12-01,744,744,1.0,True
4616229,BQE S - GOW S ALTANTIC AVENUE - 9TH STREET,control,2024-01-01,682,682,1.0,True
4616229,BQE S - GOW S ALTANTIC AVENUE - 9TH STREET,control,2024-02-01,416,416,1.0,True
4616229,BQE S - GOW S ALTANTIC AVENUE - 9TH STREET,control,2024-03-01,717,717,1.0,True
4616229,BQE S - GOW S ALTANTIC AVENUE - 9TH STREET,control,2024-04-01,720,720,1.0,True
4616229,BQE S - GOW S ALTANTIC AVENUE - 9TH STREET,control,2024-05-01,744,736,0.989247,True
4616229,BQE S - GOW S ALTANTIC AVENUE - 9TH STREET,control,2024-06-01,720,720,1.0,True
4616229,BQE S - GOW S ALTANTIC AVENUE - 9TH STREET,control,2024-07-01,729,729,1.0,True
4616229,BQE S - GOW S ALTANTIC AVENUE - 9TH STREET,control,2024-08-01,701,701,1.0,True
4616229,BQE S - GOW S ALTANTIC AVENUE - 9TH STREET,control,2024-09-01,720,720,1.0,True
4616229,BQE S - GOW S ALTANTIC AVENUE - 9TH STREET,control,2024-10-01,744,744,1.0,True
4616229,BQE S - GOW S ALTANTIC AVENUE - 9TH STREET,control,2024-11-01,719,719,1.0,True
4616229,BQE S - GOW S ALTANTIC AVENUE - 9TH STREET,control,2024-12-01,606,606,1.0,True
4616229,BQE S - GOW S ALTANTIC AVENUE - 9TH STREET,control,2025-01-01,744,744,1.0,True
4616229,BQE S - GOW S ALTANTIC AVENUE - 9TH STREET,control,2025-02-01,672,671,0.998512,True
4616229,BQE S - GOW S ALTANTIC AVENUE - 9TH STREET,control,2025-03-01,743,742,0.998654,True
4616229,BQE S - GOW S ALTANTIC AVENUE - 9TH STREET,control,2025-04-01,720,720,1.0,True
4616229,BQE S - GOW S ALTANTIC AVENUE - 9TH STREET,control,2025-05-01,744,744,1.0,True
4616229,BQE S - GOW S ALTANTIC AVENUE - 9TH STREET,control,2025-06-01,700,700,1.0,True
4616229,BQE S - GOW S ALTANTIC AVENUE - 9TH STREET,control,2025-07-01,744,744,1.0,True
4616229,BQE S - GOW S ALTANTIC AVENUE - 9TH STREET,control,2025-08-01,744,744,1.0,True
4616229,BQE S - GOW S ALTANTIC AVENUE - 9TH STREET,control,2025-09-01,720,720,1.0,True
4616229,BQE S - GOW S ALTANTIC AVENUE - 9TH STREET,control,2025-10-01,734,734,1.0,True
4616229,BQE S - GOW S ALTANTIC AVENUE - 9TH STREET,control,2025-11-01,718,718,1.0,True
4616229,BQE S - GOW S ALTANTIC AVENUE - 9TH STREET,control,2025-12-01,740,740,1.0,True
4616229,BQE S - GOW S ALTANTIC AVENUE - 9TH STREET,control,2026-01-01,743,743,1.0,True
4616229,BQE S - GOW S ALTANTIC AVENUE - 9TH STREET,control,2026-02-01,672,672,1.0,True
4616229,BQE S - GOW S ALTANTIC AVENUE - 9TH STREET,control,2026-03-01,743,742,0.998654,True
4616229,BQE S - GOW S ALTANTIC AVENUE - 9TH STREET,control,2026-04-01,477,477,1.0,True
4616229,BQE S - GOW S ALTANTIC AVENUE - 9TH STREET,control,2026-05-01,736,726,0.986413,True
4616232,BQE S 46TH STREET - LEONARD STREET,control,2023-01-01,557,557,1.0,True
4616232,BQE S 46TH STREET - LEONARD STREET,control,2023-02-01,661,661,1.0,True
4616232,BQE S 46TH STREET - LEONARD STREET,control,2023-03-01,743,743,1.0,True
4616232,BQE S 46TH STREET - LEONARD STREET,control,2023-04-01,720,720,1.0,True
4616232,BQE S 46TH STREET - LEONARD STREET,control,2023-05-01,468,468,1.0,True
4616232,BQE S 46TH STREET - LEONARD STREET,control,2023-06-01,541,541,1.0,True
4616232,BQE S 46TH STREET - LEONARD STREET,control,2023-07-01,629,629,1.0,True
4616232,BQE S 46TH STREET - LEONARD STREET,control,2023-08-01,741,739,0.997301,True
4616232,BQE S 46TH STREET - LEONARD STREET,control,2023-09-01,708,706,0.997175,True
4616232,BQE S 46TH STREET - LEONARD STREET,control,2023-10-01,744,744,1.0,True
4616232,BQE S 46TH STREET - LEONARD STREET,control,2023-11-01,706,706,1.0,True
4616232,BQE S 46TH STREET - LEONARD STREET,control,2023-12-01,744,744,1.0,True
4616232,BQE S 46TH STREET - LEONARD STREET,control,2024-01-01,682,682,1.0,True
4616232,BQE S 46TH STREET - LEONARD STREET,control,2024-02-01,416,416,1.0,True
4616232,BQE S 46TH STREET - LEONARD STREET,control,2024-03-01,717,717,1.0,True
4616232,BQE S 46TH STREET - LEONARD STREET,control,2024-04-01,720,720,1.0,True
4616232,BQE S 46TH STREET - LEONARD STREET,control,2024-05-01,186,186,1.0,True
4616235,BQE N LEONARD STREET - 46TH STREET,control,2023-01-01,557,557,1.0,True
4616235,BQE N LEONARD STREET - 46TH STREET,control,2023-02-01,661,661,1.0,True
4616235,BQE N LEONARD STREET - 46TH STREET,control,2023-03-01,743,743,1.0,True
4616235,BQE N LEONARD STREET - 46TH STREET,control,2023-04-01,720,720,1.0,True
4616235,BQE N LEONARD STREET - 46TH STREET,control,2023-05-01,468,468,1.0,True
4616235,BQE N LEONARD STREET - 46TH STREET,control,2023-06-01,541,537,0.992606,True
4616235,BQE N LEONARD STREET - 46TH STREET,control,2023-07-01,629,537,0.853736,True
4616235,BQE N LEONARD STREET - 46TH STREET,control,2023-08-01,741,741,1.0,True
4616235,BQE N LEONARD STREET - 46TH STREET,control,2023-09-01,708,704,0.99435,True
4616235,BQE N LEONARD STREET - 46TH STREET,control,2023-10-01,744,744,1.0,True
4616235,BQE N LEONARD STREET - 46TH STREET,control,2023-11-01,706,706,1.0,True
4616235,BQE N LEONARD STREET - 46TH STREET,control,2023-12-01,744,744,1.0,True
4616235,BQE N LEONARD STREET - 46TH STREET,control,2024-01-01,682,682,1.0,True
4616235,BQE N LEONARD STREET - 46TH STREET,control,2024-02-01,416,416,1.0,True
4616235,BQE N LEONARD STREET - 46TH STREET,control,2024-03-01,717,717,1.0,True
4616235,BQE N LEONARD STREET - 46TH STREET,control,2024-04-01,720,720,1.0,True
4616235,BQE N LEONARD STREET - 46TH STREET,control,2024-05-01,186,186,1.0,True
4616239,Whitestone Expwy S Exit 14 (Linden Pl) - VWE S MP8.65 (Exit 13 Northern Blvd),control,2023-01-01,557,557,1.0,True
4616239,Whitestone Expwy S Exit 14 (Linden Pl) - VWE S MP8.65 (Exit 13 Northern Blvd),control,2023-02-01,661,660,0.998487,True
4616239,Whitestone Expwy S Exit 14 (Linden Pl) - VWE S MP8.65 (Exit 13 Northern Blvd),control,2023-03-01,743,743,1.0,True
4616239,Whitestone Expwy S Exit 14 (Linden Pl) - VWE S MP8.65 (Exit 13 Northern Blvd),control,2023-04-01,720,720,1.0,True
4616239,Whitestone Expwy S Exit 14 (Linden Pl) - VWE S MP8.65 (Exit 13 Northern Blvd),control,2023-05-01,468,468,1.0,True
4616239,Whitestone Expwy S Exit 14 (Linden Pl) - VWE S MP8.65 (Exit 13 Northern Blvd),control,2023-06-01,541,541,1.0,True
4616239,Whitestone Expwy S Exit 14 (Linden Pl) - VWE S MP8.65 (Exit 13 Northern Blvd),control,2023-07-01,629,629,1.0,True
4616239,Whitestone Expwy S Exit 14 (Linden Pl) - VWE S MP8.65 (Exit 13 Northern Blvd),control,2023-08-01,741,741,1.0,True
4616239,Whitestone Expwy S Exit 14 (Linden Pl) - VWE S MP8.65 (Exit 13 Northern Blvd),control,2023-09-01,708,708,1.0,True
4616239,Whitestone Expwy S Exit 14 (Linden Pl) - VWE S MP8.65 (Exit 13 Northern Blvd),control,2023-10-01,744,743,0.998656,True
4616239,Whitestone Expwy S Exit 14 (Linden Pl) - VWE S MP8.65 (Exit 13 Northern Blvd),control,2023-11-01,706,706,1.0,True
4616239,Whitestone Expwy S Exit 14 (Linden Pl) - VWE S MP8.65 (Exit 13 Northern Blvd),control,2023-12-01,744,744,1.0,True
4616239,Whitestone Expwy S Exit 14 (Linden Pl) - VWE S MP8.65 (Exit 13 Northern Blvd),control,2024-01-01,682,682,1.0,True
4616239,Whitestone Expwy S Exit 14 (Linden Pl) - VWE S MP8.65 (Exit 13 Northern Blvd),control,2024-02-01,416,416,1.0,True
4616239,Whitestone Expwy S Exit 14 (Linden Pl) - VWE S MP8.65 (Exit 13 Northern Blvd),control,2024-03-01,717,717,1.0,True
4616239,Whitestone Expwy S Exit 14 (Linden Pl) - VWE S MP8.65 (Exit 13 Northern Blvd),control,2024-04-01,720,720,1.0,True
4616239,Whitestone Expwy S Exit 14 (Linden Pl) - VWE S MP8.65 (Exit 13 Northern Blvd),control,2024-05-01,744,744,1.0,True
4616239,Whitestone Expwy S Exit 14 (Linden Pl) - VWE S MP8.65 (Exit 13 Northern Blvd),control,2024-06-01,720,720,1.0,True
4616239,Whitestone Expwy S Exit 14 (Linden Pl) - VWE S MP8.65 (Exit 13 Northern Blvd),control,2024-07-01,729,729,1.0,True
4616239,Whitestone Expwy S Exit 14 (Linden Pl) - VWE S MP8.65 (Exit 13 Northern Blvd),control,2024-08-01,701,701,1.0,True
4616239,Whitestone Expwy S Exit 14 (Linden Pl) - VWE S MP8.65 (Exit 13 Northern Blvd),control,2024-09-01,720,720,1.0,True
4616239,Whitestone Expwy S Exit 14 (Linden Pl) - VWE S MP8.65 (Exit 13 Northern Blvd),control,2024-10-01,744,742,0.997312,True
4616239,Whitestone Expwy S Exit 14 (Linden Pl) - VWE S MP8.65 (Exit 13 Northern Blvd),control,2024-11-01,719,719,1.0,True
4616239,Whitestone Expwy S Exit 14 (Linden Pl) - VWE S MP8.65 (Exit 13 Northern Blvd),control,2024-12-01,606,606,1.0,True
4616239,Whitestone Expwy S Exit 14 (Linden Pl) - VWE S MP8.65 (Exit 13 Northern Blvd),control,2025-01-01,744,744,1.0,True
4616239,Whitestone Expwy S Exit 14 (Linden Pl) - VWE S MP8.65 (Exit 13 Northern Blvd),control,2025-02-01,672,672,1.0,True
4616239,Whitestone Expwy S Exit 14 (Linden Pl) - VWE S MP8.65 (Exit 13 Northern Blvd),control,2025-03-01,743,743,1.0,True
4616239,Whitestone Expwy S Exit 14 (Linden Pl) - VWE S MP8.65 (Exit 13 Northern Blvd),control,2025-04-01,720,720,1.0,True
4616239,Whitestone Expwy S Exit 14 (Linden Pl) - VWE S MP8.65 (Exit 13 Northern Blvd),control,2025-05-01,744,744,1.0,True
4616239,Whitestone Expwy S Exit 14 (Linden Pl) - VWE S MP8.65 (Exit 13 Northern Blvd),control,2025-06-01,700,700,1.0,True
4616239,Whitestone Expwy S Exit 14 (Linden Pl) - VWE S MP8.65 (Exit 13 Northern Blvd),control,2025-07-01,744,742,0.997312,True
4616239,Whitestone Expwy S Exit 14 (Linden Pl) - VWE S MP8.65 (Exit 13 Northern Blvd),control,2025-08-01,744,744,1.0,True
4616239,Whitestone Expwy S Exit 14 (Linden Pl) - VWE S MP8.65 (Exit 13 Northern Blvd),control,2025-09-01,720,720,1.0,True
4616239,Whitestone Expwy S Exit 14 (Linden Pl) - VWE S MP8.65 (Exit 13 Northern Blvd),control,2025-10-01,734,734,1.0,True
4616239,Whitestone Expwy S Exit 14 (Linden Pl) - VWE S MP8.65 (Exit 13 Northern Blvd),control,2025-11-01,718,718,1.0,True
4616239,Whitestone Expwy S Exit 14 (Linden Pl) - VWE S MP8.65 (Exit 13 Northern Blvd),control,2025-12-01,740,740,1.0,True
4616239,Whitestone Expwy S Exit 14 (Linden Pl) - VWE S MP8.65 (Exit 13 Northern Blvd),control,2026-01-01,743,743,1.0,True
4616239,Whitestone Expwy S Exit 14 (Linden Pl) - VWE S MP8.65 (Exit 13 Northern Blvd),control,2026-02-01,672,672,1.0,True
4616239,Whitestone Expwy S Exit 14 (Linden Pl) - VWE S MP8.65 (Exit 13 Northern Blvd),control,2026-03-01,743,743,1.0,True
4616239,Whitestone Expwy S Exit 14 (Linden Pl) - VWE S MP8.65 (Exit 13 Northern Blvd),control,2026-04-01,477,477,1.0,True
4616239,Whitestone Expwy S Exit 14 (Linden Pl) - VWE S MP8.65 (Exit 13 Northern Blvd),control,2026-05-01,736,705,0.95788,True
4616241,VWE S MP8.65 (Exit 13 Northern Blvd) - MP6.39 (Exit 11 Jewel Ave),control,2023-01-01,557,557,1.0,True
4616241,VWE S MP8.65 (Exit 13 Northern Blvd) - MP6.39 (Exit 11 Jewel Ave),control,2023-02-01,661,661,1.0,True
4616241,VWE S MP8.65 (Exit 13 Northern Blvd) - MP6.39 (Exit 11 Jewel Ave),control,2023-03-01,743,743,1.0,True
4616241,VWE S MP8.65 (Exit 13 Northern Blvd) - MP6.39 (Exit 11 Jewel Ave),control,2023-04-01,720,720,1.0,True
4616241,VWE S MP8.65 (Exit 13 Northern Blvd) - MP6.39 (Exit 11 Jewel Ave),control,2023-05-01,468,468,1.0,True
4616241,VWE S MP8.65 (Exit 13 Northern Blvd) - MP6.39 (Exit 11 Jewel Ave),control,2023-06-01,541,541,1.0,True
4616241,VWE S MP8.65 (Exit 13 Northern Blvd) - MP6.39 (Exit 11 Jewel Ave),control,2023-07-01,629,629,1.0,True
4616241,VWE S MP8.65 (Exit 13 Northern Blvd) - MP6.39 (Exit 11 Jewel Ave),control,2023-08-01,741,741,1.0,True
4616241,VWE S MP8.65 (Exit 13 Northern Blvd) - MP6.39 (Exit 11 Jewel Ave),control,2023-09-01,708,708,1.0,True
4616241,VWE S MP8.65 (Exit 13 Northern Blvd) - MP6.39 (Exit 11 Jewel Ave),control,2023-10-01,744,744,1.0,True
4616241,VWE S MP8.65 (Exit 13 Northern Blvd) - MP6.39 (Exit 11 Jewel Ave),control,2023-11-01,706,706,1.0,True
4616241,VWE S MP8.65 (Exit 13 Northern Blvd) - MP6.39 (Exit 11 Jewel Ave),control,2023-12-01,744,744,1.0,True
4616241,VWE S MP8.65 (Exit 13 Northern Blvd) - MP6.39 (Exit 11 Jewel Ave),control,2024-01-01,682,682,1.0,True
4616241,VWE S MP8.65 (Exit 13 Northern Blvd) - MP6.39 (Exit 11 Jewel Ave),control,2024-02-01,416,416,1.0,True
4616241,VWE S MP8.65 (Exit 13 Northern Blvd) - MP6.39 (Exit 11 Jewel Ave),control,2024-03-01,717,717,1.0,True
4616241,VWE S MP8.65 (Exit 13 Northern Blvd) - MP6.39 (Exit 11 Jewel Ave),control,2024-04-01,720,720,1.0,True
4616241,VWE S MP8.65 (Exit 13 Northern Blvd) - MP6.39 (Exit 11 Jewel Ave),control,2024-05-01,744,744,1.0,True
4616241,VWE S MP8.65 (Exit 13 Northern Blvd) - MP6.39 (Exit 11 Jewel Ave),control,2024-06-01,720,720,1.0,True
4616241,VWE S MP8.65 (Exit 13 Northern Blvd) - MP6.39 (Exit 11 Jewel Ave),control,2024-07-01,729,729,1.0,True
4616241,VWE S MP8.65 (Exit 13 Northern Blvd) - MP6.39 (Exit 11 Jewel Ave),control,2024-08-01,701,701,1.0,True
4616241,VWE S MP8.65 (Exit 13 Northern Blvd) - MP6.39 (Exit 11 Jewel Ave),control,2024-09-01,720,720,1.0,True
4616241,VWE S MP8.65 (Exit 13 Northern Blvd) - MP6.39 (Exit 11 Jewel Ave),control,2024-10-01,744,742,0.997312,True
4616241,VWE S MP8.65 (Exit 13 Northern Blvd) - MP6.39 (Exit 11 Jewel Ave),control,2024-11-01,719,719,1.0,True
4616241,VWE S MP8.65 (Exit 13 Northern Blvd) - MP6.39 (Exit 11 Jewel Ave),control,2024-12-01,606,606,1.0,True
4616241,VWE S MP8.65 (Exit 13 Northern Blvd) - MP6.39 (Exit 11 Jewel Ave),control,2025-01-01,744,744,1.0,True
4616241,VWE S MP8.65 (Exit 13 Northern Blvd) - MP6.39 (Exit 11 Jewel Ave),control,2025-02-01,672,672,1.0,True
4616241,VWE S MP8.65 (Exit 13 Northern Blvd) - MP6.39 (Exit 11 Jewel Ave),control,2025-03-01,743,743,1.0,True
4616241,VWE S MP8.65 (Exit 13 Northern Blvd) - MP6.39 (Exit 11 Jewel Ave),control,2025-04-01,720,720,1.0,True
4616241,VWE S MP8.65 (Exit 13 Northern Blvd) - MP6.39 (Exit 11 Jewel Ave),control,2025-05-01,744,744,1.0,True
4616241,VWE S MP8.65 (Exit 13 Northern Blvd) - MP6.39 (Exit 11 Jewel Ave),control,2025-06-01,700,700,1.0,True
4616241,VWE S MP8.65 (Exit 13 Northern Blvd) - MP6.39 (Exit 11 Jewel Ave),control,2025-07-01,744,742,0.997312,True
4616241,VWE S MP8.65 (Exit 13 Northern Blvd) - MP6.39 (Exit 11 Jewel Ave),control,2025-08-01,744,744,1.0,True
4616241,VWE S MP8.65 (Exit 13 Northern Blvd) - MP6.39 (Exit 11 Jewel Ave),control,2025-09-01,720,719,0.998611,True
4616241,VWE S MP8.65 (Exit 13 Northern Blvd) - MP6.39 (Exit 11 Jewel Ave),control,2025-10-01,734,734,1.0,True
4616241,VWE S MP8.65 (Exit 13 Northern Blvd) - MP6.39 (Exit 11 Jewel Ave),control,2025-11-01,718,714,0.994429,True
4616241,VWE S MP8.65 (Exit 13 Northern Blvd) - MP6.39 (Exit 11 Jewel Ave),control,2025-12-01,740,740,1.0,True
4616241,VWE S MP8.65 (Exit 13 Northern Blvd) - MP6.39 (Exit 11 Jewel Ave),control,2026-01-01,743,743,1.0,True
4616241,VWE S MP8.65 (Exit 13 Northern Blvd) - MP6.39 (Exit 11 Jewel Ave),control,2026-02-01,672,672,1.0,True
4616241,VWE S MP8.65 (Exit 13 Northern Blvd) - MP6.39 (Exit 11 Jewel Ave),control,2026-03-01,743,737,0.991925,True
4616241,VWE S MP8.65 (Exit 13 Northern Blvd) - MP6.39 (Exit 11 Jewel Ave),control,2026-04-01,477,477,1.0,True
4616241,VWE S MP8.65 (Exit 13 Northern Blvd) - MP6.39 (Exit 11 Jewel Ave),control,2026-05-01,736,730,0.991848,True
4616246,BE N STRATFORD AVENUE - CASTLE HILL AVE,control,2023-01-01,557,557,1.0,True
4616246,BE N STRATFORD AVENUE - CASTLE HILL AVE,control,2023-02-01,661,661,1.0,True
4616246,BE N STRATFORD AVENUE - CASTLE HILL AVE,control,2023-03-01,743,743,1.0,True
4616246,BE N STRATFORD AVENUE - CASTLE HILL AVE,control,2023-04-01,720,719,0.998611,True
4616246,BE N STRATFORD AVENUE - CASTLE HILL AVE,control,2023-05-01,468,468,1.0,True
4616246,BE N STRATFORD AVENUE - CASTLE HILL AVE,control,2023-06-01,541,541,1.0,True
4616246,BE N STRATFORD AVENUE - CASTLE HILL AVE,control,2023-07-01,629,629,1.0,True
4616246,BE N STRATFORD AVENUE - CASTLE HILL AVE,control,2023-08-01,741,741,1.0,True
4616246,BE N STRATFORD AVENUE - CASTLE HILL AVE,control,2023-09-01,708,708,1.0,True
4616246,BE N STRATFORD AVENUE - CASTLE HILL AVE,control,2023-10-01,744,743,0.998656,True
4616246,BE N STRATFORD AVENUE - CASTLE HILL AVE,control,2023-11-01,706,706,1.0,True
4616246,BE N STRATFORD AVENUE - CASTLE HILL AVE,control,2023-12-01,744,744,1.0,True
4616246,BE N STRATFORD AVENUE - CASTLE HILL AVE,control,2024-01-01,682,682,1.0,True
4616246,BE N STRATFORD AVENUE - CASTLE HILL AVE,control,2024-02-01,416,416,1.0,True
4616246,BE N STRATFORD AVENUE - CASTLE HILL AVE,control,2024-03-01,717,717,1.0,True
4616246,BE N STRATFORD AVENUE - CASTLE HILL AVE,control,2024-04-01,720,720,1.0,True
4616246,BE N STRATFORD AVENUE - CASTLE HILL AVE,control,2024-05-01,744,744,1.0,True
4616246,BE N STRATFORD AVENUE - CASTLE HILL AVE,control,2024-06-01,720,720,1.0,True
4616246,BE N STRATFORD AVENUE - CASTLE HILL AVE,control,2024-07-01,729,728,0.998628,True
4616246,BE N STRATFORD AVENUE - CASTLE HILL AVE,control,2024-08-01,701,701,1.0,True
4616246,BE N STRATFORD AVENUE - CASTLE HILL AVE,control,2024-09-01,720,715,0.993056,True
4616246,BE N STRATFORD AVENUE - CASTLE HILL AVE,control,2024-10-01,744,744,1.0,True
4616246,BE N STRATFORD AVENUE - CASTLE HILL AVE,control,2024-11-01,719,716,0.995828,True
4616246,BE N STRATFORD AVENUE - CASTLE HILL AVE,control,2024-12-01,606,606,1.0,True
4616246,BE N STRATFORD AVENUE - CASTLE HILL AVE,control,2025-01-01,744,744,1.0,True
4616246,BE N STRATFORD AVENUE - CASTLE HILL AVE,control,2025-02-01,672,672,1.0,True
4616246,BE N STRATFORD AVENUE - CASTLE HILL AVE,control,2025-03-01,743,743,1.0,True
4616246,BE N STRATFORD AVENUE - CASTLE HILL AVE,control,2025-04-01,720,720,1.0,True
4616246,BE N STRATFORD AVENUE - CASTLE HILL AVE,control,2025-05-01,744,735,0.987903,True
4616246,BE N STRATFORD AVENUE - CASTLE HILL AVE,control,2025-06-01,700,699,0.998571,True
4616246,BE N STRATFORD AVENUE - CASTLE HILL AVE,control,2025-07-01,744,734,0.986559,True
4616246,BE N STRATFORD AVENUE - CASTLE HILL AVE,control,2025-08-01,744,744,1.0,True
4616246,BE N STRATFORD AVENUE - CASTLE HILL AVE,control,2025-09-01,720,719,0.998611,True
4616246,BE N STRATFORD AVENUE - CASTLE HILL AVE,control,2025-10-01,734,734,1.0,True
4616246,BE N STRATFORD AVENUE - CASTLE HILL AVE,control,2025-11-01,718,718,1.0,True
4616246,BE N STRATFORD AVENUE - CASTLE HILL AVE,control,2025-12-01,740,740,1.0,True
4616246,BE N STRATFORD AVENUE - CASTLE HILL AVE,control,2026-01-01,743,743,1.0,True
4616246,BE N STRATFORD AVENUE - CASTLE HILL AVE,control,2026-02-01,672,672,1.0,True
4616246,BE N STRATFORD AVENUE - CASTLE HILL AVE,control,2026-03-01,743,740,0.995962,True
4616246,BE N STRATFORD AVENUE - CASTLE HILL AVE,control,2026-04-01,477,476,0.997904,True
4616246,BE N STRATFORD AVENUE - CASTLE HILL AVE,control,2026-05-01,736,729,0.990489,True
4616247,BE N Castle Hill Avenue - Griswold Ave,control,2023-01-01,557,557,1.0,True
4616247,BE N Castle Hill Avenue - Griswold Ave,control,2023-02-01,661,661,1.0,True
4616247,BE N Castle Hill Avenue - Griswold Ave,control,2023-03-01,743,743,1.0,True
4616247,BE N Castle Hill Avenue - Griswold Ave,control,2023-04-01,720,720,1.0,True
4616247,BE N Castle Hill Avenue - Griswold Ave,control,2023-05-01,468,468,1.0,True
4616247,BE N Castle Hill Avenue - Griswold Ave,control,2023-06-01,541,541,1.0,True
4616247,BE N Castle Hill Avenue - Griswold Ave,control,2023-07-01,629,629,1.0,True
4616247,BE N Castle Hill Avenue - Griswold Ave,control,2023-08-01,741,741,1.0,True
4616247,BE N Castle Hill Avenue - Griswold Ave,control,2023-09-01,708,708,1.0,True
4616247,BE N Castle Hill Avenue - Griswold Ave,control,2023-10-01,744,744,1.0,True
4616247,BE N Castle Hill Avenue - Griswold Ave,control,2023-11-01,706,706,1.0,True
4616247,BE N Castle Hill Avenue - Griswold Ave,control,2023-12-01,744,744,1.0,True
4616247,BE N Castle Hill Avenue - Griswold Ave,control,2024-01-01,682,682,1.0,True
4616247,BE N Castle Hill Avenue - Griswold Ave,control,2024-02-01,416,416,1.0,True
4616247,BE N Castle Hill Avenue - Griswold Ave,control,2024-03-01,717,717,1.0,True
4616247,BE N Castle Hill Avenue - Griswold Ave,control,2024-04-01,720,720,1.0,True
4616247,BE N Castle Hill Avenue - Griswold Ave,control,2024-05-01,744,744,1.0,True
4616247,BE N Castle Hill Avenue - Griswold Ave,control,2024-06-01,720,719,0.998611,True
4616247,BE N Castle Hill Avenue - Griswold Ave,control,2024-07-01,729,729,1.0,True
4616247,BE N Castle Hill Avenue - Griswold Ave,control,2024-08-01,701,701,1.0,True
4616247,BE N Castle Hill Avenue - Griswold Ave,control,2024-09-01,720,716,0.994444,True
4616247,BE N Castle Hill Avenue - Griswold Ave,control,2024-10-01,744,744,1.0,True
4616247,BE N Castle Hill Avenue - Griswold Ave,control,2024-11-01,719,716,0.995828,True
4616247,BE N Castle Hill Avenue - Griswold Ave,control,2024-12-01,606,606,1.0,True
4616247,BE N Castle Hill Avenue - Griswold Ave,control,2025-01-01,744,744,1.0,True
4616247,BE N Castle Hill Avenue - Griswold Ave,control,2025-02-01,672,672,1.0,True
4616247,BE N Castle Hill Avenue - Griswold Ave,control,2025-03-01,743,743,1.0,True
4616247,BE N Castle Hill Avenue - Griswold Ave,control,2025-04-01,720,720,1.0,True
4616247,BE N Castle Hill Avenue - Griswold Ave,control,2025-05-01,744,744,1.0,True
4616247,BE N Castle Hill Avenue - Griswold Ave,control,2025-06-01,700,700,1.0,True
4616247,BE N Castle Hill Avenue - Griswold Ave,control,2025-07-01,744,735,0.987903,True
4616247,BE N Castle Hill Avenue - Griswold Ave,control,2025-08-01,744,744,1.0,True
4616247,BE N Castle Hill Avenue - Griswold Ave,control,2025-09-01,720,719,0.998611,True
4616247,BE N Castle Hill Avenue - Griswold Ave,control,2025-10-01,734,734,1.0,True
4616247,BE N Castle Hill Avenue - Griswold Ave,control,2025-11-01,718,718,1.0,True
4616247,BE N Castle Hill Avenue - Griswold Ave,control,2025-12-01,740,740,1.0,True
4616247,BE N Castle Hill Avenue - Griswold Ave,control,2026-01-01,743,743,1.0,True
4616247,BE N Castle Hill Avenue - Griswold Ave,control,2026-02-01,672,672,1.0,True
4616247,BE N Castle Hill Avenue - Griswold Ave,control,2026-03-01,743,740,0.995962,True
4616247,BE N Castle Hill Avenue - Griswold Ave,control,2026-04-01,477,450,0.943396,True
4616247,BE N Castle Hill Avenue - Griswold Ave,control,2026-05-01,736,730,0.991848,True
4616250,HRP N LAFAYETTE AVENUE - E TREMONT AVENUE,control,2023-01-01,557,557,1.0,True
4616250,HRP N LAFAYETTE AVENUE - E TREMONT AVENUE,control,2023-02-01,661,660,0.998487,True
4616250,HRP N LAFAYETTE AVENUE - E TREMONT AVENUE,control,2023-03-01,743,741,0.997308,True
4616250,HRP N LAFAYETTE AVENUE - E TREMONT AVENUE,control,2023-04-01,720,713,0.990278,True
4616250,HRP N LAFAYETTE AVENUE - E TREMONT AVENUE,control,2023-05-01,468,465,0.99359,True
4616250,HRP N LAFAYETTE AVENUE - E TREMONT AVENUE,control,2023-06-01,541,539,0.996303,True
4616250,HRP N LAFAYETTE AVENUE - E TREMONT AVENUE,control,2023-07-01,629,629,1.0,True
4616250,HRP N LAFAYETTE AVENUE - E TREMONT AVENUE,control,2023-08-01,741,741,1.0,True
4616250,HRP N LAFAYETTE AVENUE - E TREMONT AVENUE,control,2023-09-01,708,701,0.990113,True
4616250,HRP N LAFAYETTE AVENUE - E TREMONT AVENUE,control,2023-10-01,744,737,0.990591,True
4616250,HRP N LAFAYETTE AVENUE - E TREMONT AVENUE,control,2023-11-01,706,542,0.767705,True
4616250,HRP N LAFAYETTE AVENUE - E TREMONT AVENUE,control,2023-12-01,744,744,1.0,True
4616250,HRP N LAFAYETTE AVENUE - E TREMONT AVENUE,control,2024-01-01,682,682,1.0,True
4616250,HRP N LAFAYETTE AVENUE - E TREMONT AVENUE,control,2024-02-01,416,416,1.0,True
4616250,HRP N LAFAYETTE AVENUE - E TREMONT AVENUE,control,2024-03-01,717,717,1.0,True
4616250,HRP N LAFAYETTE AVENUE - E TREMONT AVENUE,control,2024-04-01,720,718,0.997222,True
4616250,HRP N LAFAYETTE AVENUE - E TREMONT AVENUE,control,2024-05-01,744,744,1.0,True
4616250,HRP N LAFAYETTE AVENUE - E TREMONT AVENUE,control,2024-06-01,720,720,1.0,True
4616250,HRP N LAFAYETTE AVENUE - E TREMONT AVENUE,control,2024-07-01,729,718,0.984911,True
4616250,HRP N LAFAYETTE AVENUE - E TREMONT AVENUE,control,2024-08-01,701,687,0.980029,True
4616250,HRP N LAFAYETTE AVENUE - E TREMONT AVENUE,control,2024-09-01,720,720,1.0,True
4616250,HRP N LAFAYETTE AVENUE - E TREMONT AVENUE,control,2024-10-01,744,744,1.0,True
4616250,HRP N LAFAYETTE AVENUE - E TREMONT AVENUE,control,2024-11-01,719,680,0.945758,True
4616250,HRP N LAFAYETTE AVENUE - E TREMONT AVENUE,control,2024-12-01,606,605,0.99835,True
4616250,HRP N LAFAYETTE AVENUE - E TREMONT AVENUE,control,2025-01-01,744,739,0.99328,True
4616250,HRP N LAFAYETTE AVENUE - E TREMONT AVENUE,control,2025-02-01,672,672,1.0,True
4616250,HRP N LAFAYETTE AVENUE - E TREMONT AVENUE,control,2025-03-01,743,732,0.985195,True
4616250,HRP N LAFAYETTE AVENUE - E TREMONT AVENUE,control,2025-04-01,720,718,0.997222,True
4616250,HRP N LAFAYETTE AVENUE - E TREMONT AVENUE,control,2025-05-01,744,740,0.994624,True
4616250,HRP N LAFAYETTE AVENUE - E TREMONT AVENUE,control,2025-06-01,700,696,0.994286,True
4616250,HRP N LAFAYETTE AVENUE - E TREMONT AVENUE,control,2025-07-01,744,744,1.0,True
4616250,HRP N LAFAYETTE AVENUE - E TREMONT AVENUE,control,2025-08-01,744,740,0.994624,True
4616250,HRP N LAFAYETTE AVENUE - E TREMONT AVENUE,control,2025-09-01,720,628,0.872222,True
4616250,HRP N LAFAYETTE AVENUE - E TREMONT AVENUE,control,2025-10-01,734,590,0.803815,True
4616250,HRP N LAFAYETTE AVENUE - E TREMONT AVENUE,control,2025-11-01,718,636,0.885794,True
4616250,HRP N LAFAYETTE AVENUE - E TREMONT AVENUE,control,2025-12-01,740,722,0.975676,True
4616250,HRP N LAFAYETTE AVENUE - E TREMONT AVENUE,control,2026-01-01,743,738,0.993271,True
4616250,HRP N LAFAYETTE AVENUE - E TREMONT AVENUE,control,2026-02-01,672,648,0.964286,True
4616250,HRP N LAFAYETTE AVENUE - E TREMONT AVENUE,control,2026-03-01,743,735,0.989233,True
4616250,HRP N LAFAYETTE AVENUE - E TREMONT AVENUE,control,2026-04-01,477,476,0.997904,True
4616250,HRP N LAFAYETTE AVENUE - E TREMONT AVENUE,control,2026-05-01,736,726,0.986413,True
4616252,BRP N WATSON AVENUE - FORDHAM ROAD,control,2023-01-01,557,327,0.587074,True
4616252,BRP N WATSON AVENUE - FORDHAM ROAD,control,2023-02-01,661,661,1.0,True
4616252,BRP N WATSON AVENUE - FORDHAM ROAD,control,2023-03-01,743,743,1.0,True
4616252,BRP N WATSON AVENUE - FORDHAM ROAD,control,2023-04-01,720,708,0.983333,True
4616252,BRP N WATSON AVENUE - FORDHAM ROAD,control,2023-05-01,468,468,1.0,True
4616252,BRP N WATSON AVENUE - FORDHAM ROAD,control,2023-06-01,541,541,1.0,True
4616252,BRP N WATSON AVENUE - FORDHAM ROAD,control,2023-07-01,629,629,1.0,True
4616252,BRP N WATSON AVENUE - FORDHAM ROAD,control,2023-08-01,741,740,0.99865,True
4616252,BRP N WATSON AVENUE - FORDHAM ROAD,control,2023-09-01,708,708,1.0,True
4616252,BRP N WATSON AVENUE - FORDHAM ROAD,control,2023-10-01,744,743,0.998656,True
4616252,BRP N WATSON AVENUE - FORDHAM ROAD,control,2023-11-01,706,706,1.0,True
4616252,BRP N WATSON AVENUE - FORDHAM ROAD,control,2023-12-01,744,744,1.0,True
4616252,BRP N WATSON AVENUE - FORDHAM ROAD,control,2024-01-01,682,682,1.0,True
4616252,BRP N WATSON AVENUE - FORDHAM ROAD,control,2024-02-01,416,416,1.0,True
4616252,BRP N WATSON AVENUE - FORDHAM ROAD,control,2024-03-01,717,717,1.0,True
4616252,BRP N WATSON AVENUE - FORDHAM ROAD,control,2024-04-01,720,719,0.998611,True
4616252,BRP N WATSON AVENUE - FORDHAM ROAD,control,2024-05-01,744,744,1.0,True
4616252,BRP N WATSON AVENUE - FORDHAM ROAD,control,2024-06-01,720,720,1.0,True
4616252,BRP N WATSON AVENUE - FORDHAM ROAD,control,2024-07-01,729,692,0.949246,True
4616252,BRP N WATSON AVENUE - FORDHAM ROAD,control,2024-08-01,701,701,1.0,True
4616252,BRP N WATSON AVENUE - FORDHAM ROAD,control,2024-09-01,720,660,0.916667,True
4616252,BRP N WATSON AVENUE - FORDHAM ROAD,control,2024-10-01,744,744,1.0,True
4616252,BRP N WATSON AVENUE - FORDHAM ROAD,control,2024-11-01,719,719,1.0,True
4616252,BRP N WATSON AVENUE - FORDHAM ROAD,control,2024-12-01,606,606,1.0,True
4616252,BRP N WATSON AVENUE - FORDHAM ROAD,control,2025-01-01,744,744,1.0,True
4616252,BRP N WATSON AVENUE - FORDHAM ROAD,control,2025-02-01,672,672,1.0,True
4616252,BRP N WATSON AVENUE - FORDHAM ROAD,control,2025-03-01,743,743,1.0,True
4616252,BRP N WATSON AVENUE - FORDHAM ROAD,control,2025-04-01,720,720,1.0,True
4616252,BRP N WATSON AVENUE - FORDHAM ROAD,control,2025-05-01,744,744,1.0,True
4616252,BRP N WATSON AVENUE - FORDHAM ROAD,control,2025-06-01,700,696,0.994286,True
4616252,BRP N WATSON AVENUE - FORDHAM ROAD,control,2025-07-01,744,744,1.0,True
4616252,BRP N WATSON AVENUE - FORDHAM ROAD,control,2025-08-01,744,744,1.0,True
4616252,BRP N WATSON AVENUE - FORDHAM ROAD,control,2025-09-01,720,710,0.986111,True
4616252,BRP N WATSON AVENUE - FORDHAM ROAD,control,2025-10-01,734,734,1.0,True
4616252,BRP N WATSON AVENUE - FORDHAM ROAD,control,2025-11-01,718,711,0.990251,True
4616252,BRP N WATSON AVENUE - FORDHAM ROAD,control,2025-12-01,740,740,1.0,True
4616252,BRP N WATSON AVENUE - FORDHAM ROAD,control,2026-01-01,743,743,1.0,True
4616252,BRP N WATSON AVENUE - FORDHAM ROAD,control,2026-02-01,672,670,0.997024,True
4616252,BRP N WATSON AVENUE - FORDHAM ROAD,control,2026-03-01,743,741,0.997308,True
4616252,BRP N WATSON AVENUE - FORDHAM ROAD,control,2026-04-01,477,477,1.0,True
4616252,BRP N WATSON AVENUE - FORDHAM ROAD,control,2026-05-01,736,730,0.991848,True
4616253,CBE E TAYLOR AVENUE - CASTLE HILL AVENUE,control,2023-01-01,557,557,1.0,True
4616253,CBE E TAYLOR AVENUE - CASTLE HILL AVENUE,control,2023-02-01,661,661,1.0,True
4616253,CBE E TAYLOR AVENUE - CASTLE HILL AVENUE,control,2023-03-01,743,743,1.0,True
4616253,CBE E TAYLOR AVENUE - CASTLE HILL AVENUE,control,2023-04-01,720,720,1.0,True
4616253,CBE E TAYLOR AVENUE - CASTLE HILL AVENUE,control,2023-05-01,468,468,1.0,True
4616253,CBE E TAYLOR AVENUE - CASTLE HILL AVENUE,control,2023-06-01,541,541,1.0,True
4616253,CBE E TAYLOR AVENUE - CASTLE HILL AVENUE,control,2023-07-01,629,629,1.0,True
4616253,CBE E TAYLOR AVENUE - CASTLE HILL AVENUE,control,2023-08-01,741,741,1.0,True
4616253,CBE E TAYLOR AVENUE - CASTLE HILL AVENUE,control,2023-09-01,708,708,1.0,True
4616253,CBE E TAYLOR AVENUE - CASTLE HILL AVENUE,control,2023-10-01,744,743,0.998656,True
4616253,CBE E TAYLOR AVENUE - CASTLE HILL AVENUE,control,2023-11-01,706,706,1.0,True
4616253,CBE E TAYLOR AVENUE - CASTLE HILL AVENUE,control,2023-12-01,416,416,1.0,True
4616253,CBE E TAYLOR AVENUE - CASTLE HILL AVENUE,control,2024-01-01,640,640,1.0,True
4616253,CBE E TAYLOR AVENUE - CASTLE HILL AVENUE,control,2024-02-01,416,416,1.0,True
4616253,CBE E TAYLOR AVENUE - CASTLE HILL AVENUE,control,2024-03-01,717,717,1.0,True
4616253,CBE E TAYLOR AVENUE - CASTLE HILL AVENUE,control,2024-04-01,720,719,0.998611,True
4616253,CBE E TAYLOR AVENUE - CASTLE HILL AVENUE,control,2024-05-01,744,744,1.0,True
4616253,CBE E TAYLOR AVENUE - CASTLE HILL AVENUE,control,2024-06-01,720,720,1.0,True
4616253,CBE E TAYLOR AVENUE - CASTLE HILL AVENUE,control,2024-07-01,729,729,1.0,True
4616253,CBE E TAYLOR AVENUE - CASTLE HILL AVENUE,control,2024-08-01,701,701,1.0,True
4616253,CBE E TAYLOR AVENUE - CASTLE HILL AVENUE,control,2024-09-01,720,719,0.998611,True
4616253,CBE E TAYLOR AVENUE - CASTLE HILL AVENUE,control,2024-10-01,744,744,1.0,True
4616253,CBE E TAYLOR AVENUE - CASTLE HILL AVENUE,control,2024-11-01,719,714,0.993046,True
4616253,CBE E TAYLOR AVENUE - CASTLE HILL AVENUE,control,2024-12-01,606,606,1.0,True
4616253,CBE E TAYLOR AVENUE - CASTLE HILL AVENUE,control,2025-01-01,744,744,1.0,True
4616253,CBE E TAYLOR AVENUE - CASTLE HILL AVENUE,control,2025-02-01,672,672,1.0,True
4616253,CBE E TAYLOR AVENUE - CASTLE HILL AVENUE,control,2025-03-01,743,743,1.0,True
4616253,CBE E TAYLOR AVENUE - CASTLE HILL AVENUE,control,2025-04-01,720,720,1.0,True
4616253,CBE E TAYLOR AVENUE - CASTLE HILL AVENUE,control,2025-05-01,744,744,1.0,True
4616253,CBE E TAYLOR AVENUE - CASTLE HILL AVENUE,control,2025-06-01,700,700,1.0,True
4616253,CBE E TAYLOR AVENUE - CASTLE HILL AVENUE,control,2025-07-01,744,744,1.0,True
4616253,CBE E TAYLOR AVENUE - CASTLE HILL AVENUE,control,2025-08-01,744,744,1.0,True
4616253,CBE E TAYLOR AVENUE - CASTLE HILL AVENUE,control,2025-09-01,720,718,0.997222,True
4616253,CBE E TAYLOR AVENUE - CASTLE HILL AVENUE,control,2025-10-01,734,733,0.998638,True
4616253,CBE E TAYLOR AVENUE - CASTLE HILL AVENUE,control,2025-11-01,718,718,1.0,True
4616253,CBE E TAYLOR AVENUE - CASTLE HILL AVENUE,control,2025-12-01,740,740,1.0,True
4616253,CBE E TAYLOR AVENUE - CASTLE HILL AVENUE,control,2026-01-01,743,743,1.0,True
4616253,CBE E TAYLOR AVENUE - CASTLE HILL AVENUE,control,2026-02-01,672,672,1.0,True
4616253,CBE E TAYLOR AVENUE - CASTLE HILL AVENUE,control,2026-03-01,743,743,1.0,True
4616253,CBE E TAYLOR AVENUE - CASTLE HILL AVENUE,control,2026-04-01,477,395,0.828092,True
4616253,CBE E TAYLOR AVENUE - CASTLE HILL AVENUE,control,2026-05-01,736,730,0.991848,True
4616255,MDE N RFK Bridge - 142nd St,control,2023-01-01,557,0,0.0,False
4616255,MDE N RFK Bridge - 142nd St,control,2023-02-01,661,0,0.0,False
4616255,MDE N RFK Bridge - 142nd St,control,2023-03-01,743,0,0.0,False
4616255,MDE N RFK Bridge - 142nd St,control,2023-04-01,720,0,0.0,False
4616255,MDE N RFK Bridge - 142nd St,control,2023-05-01,468,0,0.0,False
4616255,MDE N RFK Bridge - 142nd St,control,2023-06-01,541,0,0.0,False
4616255,MDE N RFK Bridge - 142nd St,control,2023-07-01,629,0,0.0,False
4616255,MDE N RFK Bridge - 142nd St,control,2023-08-01,741,0,0.0,False
4616255,MDE N RFK Bridge - 142nd St,control,2023-09-01,708,0,0.0,False
4616255,MDE N RFK Bridge - 142nd St,control,2023-10-01,744,0,0.0,False
4616255,MDE N RFK Bridge - 142nd St,control,2023-11-01,706,0,0.0,False
4616255,MDE N RFK Bridge - 142nd St,control,2023-12-01,744,0,0.0,False
4616255,MDE N RFK Bridge - 142nd St,control,2024-01-01,682,0,0.0,False
4616255,MDE N RFK Bridge - 142nd St,control,2024-02-01,416,0,0.0,False
4616255,MDE N RFK Bridge - 142nd St,control,2024-03-01,717,0,0.0,False
4616255,MDE N RFK Bridge - 142nd St,control,2024-04-01,720,0,0.0,False
4616255,MDE N RFK Bridge - 142nd St,control,2024-05-01,744,0,0.0,False
4616255,MDE N RFK Bridge - 142nd St,control,2024-06-01,720,0,0.0,False
4616255,MDE N RFK Bridge - 142nd St,control,2024-07-01,729,0,0.0,False
4616255,MDE N RFK Bridge - 142nd St,control,2024-08-01,701,0,0.0,False
4616255,MDE N RFK Bridge - 142nd St,control,2024-09-01,720,0,0.0,False
4616255,MDE N RFK Bridge - 142nd St,control,2024-10-01,744,0,0.0,False
4616255,MDE N RFK Bridge - 142nd St,control,2024-11-01,719,0,0.0,False
4616255,MDE N RFK Bridge - 142nd St,control,2024-12-01,606,0,0.0,False
4616255,MDE N RFK Bridge - 142nd St,control,2025-01-01,744,0,0.0,False
4616255,MDE N RFK Bridge - 142nd St,control,2025-02-01,672,0,0.0,False
4616255,MDE N RFK Bridge - 142nd St,control,2025-03-01,743,0,0.0,False
4616255,MDE N RFK Bridge - 142nd St,control,2025-04-01,720,0,0.0,False
4616255,MDE N RFK Bridge - 142nd St,control,2025-05-01,744,0,0.0,False
4616255,MDE N RFK Bridge - 142nd St,control,2025-06-01,700,0,0.0,False
4616255,MDE N RFK Bridge - 142nd St,control,2025-07-01,744,0,0.0,False
4616255,MDE N RFK Bridge - 142nd St,control,2025-08-01,744,0,0.0,False
4616255,MDE N RFK Bridge - 142nd St,control,2025-09-01,720,0,0.0,False
4616255,MDE N RFK Bridge - 142nd St,control,2025-10-01,734,0,0.0,False
4616255,MDE N RFK Bridge - 142nd St,control,2025-11-01,718,0,0.0,False
4616255,MDE N RFK Bridge - 142nd St,control,2025-12-01,740,0,0.0,False
4616255,MDE N RFK Bridge - 142nd St,control,2026-01-01,743,0,0.0,False
4616255,MDE N RFK Bridge - 142nd St,control,2026-02-01,672,0,0.0,False
4616255,MDE N RFK Bridge - 142nd St,control,2026-03-01,743,0,0.0,False
4616255,MDE N RFK Bridge - 142nd St,control,2026-04-01,477,0,0.0,False
4616255,MDE N RFK Bridge - 142nd St,control,2026-05-01,736,0,0.0,False
4616257,BQE N ATLANTIC AVENUE - LEONARD STREET,control,2023-01-01,557,105,0.18851,True
4616257,BQE N ATLANTIC AVENUE - LEONARD STREET,control,2023-02-01,661,113,0.170953,True
4616257,BQE N ATLANTIC AVENUE - LEONARD STREET,control,2023-03-01,743,149,0.200538,True
4616257,BQE N ATLANTIC AVENUE - LEONARD STREET,control,2023-04-01,720,105,0.145833,True
4616257,BQE N ATLANTIC AVENUE - LEONARD STREET,control,2023-05-01,468,62,0.132479,True
4616257,BQE N ATLANTIC AVENUE - LEONARD STREET,control,2023-06-01,541,63,0.116451,True
4616257,BQE N ATLANTIC AVENUE - LEONARD STREET,control,2023-07-01,629,72,0.114467,True
4616257,BQE N ATLANTIC AVENUE - LEONARD STREET,control,2023-08-01,741,73,0.098516,True
4616257,BQE N ATLANTIC AVENUE - LEONARD STREET,control,2023-09-01,708,71,0.100282,True
4616257,BQE N ATLANTIC AVENUE - LEONARD STREET,control,2023-10-01,744,90,0.120968,True
4616257,BQE N ATLANTIC AVENUE - LEONARD STREET,control,2023-11-01,706,82,0.116147,True
4616257,BQE N ATLANTIC AVENUE - LEONARD STREET,control,2023-12-01,744,121,0.162634,True
4616257,BQE N ATLANTIC AVENUE - LEONARD STREET,control,2024-01-01,682,124,0.181818,True
4616257,BQE N ATLANTIC AVENUE - LEONARD STREET,control,2024-02-01,416,77,0.185096,True
4616257,BQE N ATLANTIC AVENUE - LEONARD STREET,control,2024-03-01,717,717,1.0,True
4616257,BQE N ATLANTIC AVENUE - LEONARD STREET,control,2024-04-01,720,720,1.0,True
4616257,BQE N ATLANTIC AVENUE - LEONARD STREET,control,2024-05-01,744,744,1.0,True
4616257,BQE N ATLANTIC AVENUE - LEONARD STREET,control,2024-06-01,720,720,1.0,True
4616257,BQE N ATLANTIC AVENUE - LEONARD STREET,control,2024-07-01,729,729,1.0,True
4616257,BQE N ATLANTIC AVENUE - LEONARD STREET,control,2024-08-01,701,701,1.0,True
4616257,BQE N ATLANTIC AVENUE - LEONARD STREET,control,2024-09-01,720,720,1.0,True
4616257,BQE N ATLANTIC AVENUE - LEONARD STREET,control,2024-10-01,744,744,1.0,True
4616257,BQE N ATLANTIC AVENUE - LEONARD STREET,control,2024-11-01,719,719,1.0,True
4616257,BQE N ATLANTIC AVENUE - LEONARD STREET,control,2024-12-01,606,606,1.0,True
4616257,BQE N ATLANTIC AVENUE - LEONARD STREET,control,2025-01-01,744,744,1.0,True
4616257,BQE N ATLANTIC AVENUE - LEONARD STREET,control,2025-02-01,672,671,0.998512,True
4616257,BQE N ATLANTIC AVENUE - LEONARD STREET,control,2025-03-01,743,740,0.995962,True
4616257,BQE N ATLANTIC AVENUE - LEONARD STREET,control,2025-04-01,720,104,0.144444,True
4616257,BQE N ATLANTIC AVENUE - LEONARD STREET,control,2025-05-01,744,4,0.005376,True
4616257,BQE N ATLANTIC AVENUE - LEONARD STREET,control,2025-06-01,700,0,0.0,False
4616257,BQE N ATLANTIC AVENUE - LEONARD STREET,control,2025-07-01,744,732,0.983871,True
4616257,BQE N ATLANTIC AVENUE - LEONARD STREET,control,2025-08-01,744,744,1.0,True
4616257,BQE N ATLANTIC AVENUE - LEONARD STREET,control,2025-09-01,720,720,1.0,True
4616257,BQE N ATLANTIC AVENUE - LEONARD STREET,control,2025-10-01,734,734,1.0,True
4616257,BQE N ATLANTIC AVENUE - LEONARD STREET,control,2025-11-01,718,718,1.0,True
4616257,BQE N ATLANTIC AVENUE - LEONARD STREET,control,2025-12-01,740,740,1.0,True
4616257,BQE N ATLANTIC AVENUE - LEONARD STREET,control,2026-01-01,743,743,1.0,True
4616257,BQE N ATLANTIC AVENUE - LEONARD STREET,control,2026-02-01,672,672,1.0,True
4616257,BQE N ATLANTIC AVENUE - LEONARD STREET,control,2026-03-01,743,741,0.997308,True
4616257,BQE N ATLANTIC AVENUE - LEONARD STREET,control,2026-04-01,477,477,1.0,True
4616257,BQE N ATLANTIC AVENUE - LEONARD STREET,control,2026-05-01,736,730,0.991848,True
4616259,VWE S MP6.39 (Exit 11 Jewel Ave) - MP4.63 (Exit 6 Jamaica Ave),control,2023-01-01,557,557,1.0,True
4616259,VWE S MP6.39 (Exit 11 Jewel Ave) - MP4.63 (Exit 6 Jamaica Ave),control,2023-02-01,661,661,1.0,True
4616259,VWE S MP6.39 (Exit 11 Jewel Ave) - MP4.63 (Exit 6 Jamaica Ave),control,2023-03-01,743,743,1.0,True
4616259,VWE S MP6.39 (Exit 11 Jewel Ave) - MP4.63 (Exit 6 Jamaica Ave),control,2023-04-01,720,720,1.0,True
4616259,VWE S MP6.39 (Exit 11 Jewel Ave) - MP4.63 (Exit 6 Jamaica Ave),control,2023-05-01,468,468,1.0,True
4616259,VWE S MP6.39 (Exit 11 Jewel Ave) - MP4.63 (Exit 6 Jamaica Ave),control,2023-06-01,541,541,1.0,True
4616259,VWE S MP6.39 (Exit 11 Jewel Ave) - MP4.63 (Exit 6 Jamaica Ave),control,2023-07-01,629,629,1.0,True
4616259,VWE S MP6.39 (Exit 11 Jewel Ave) - MP4.63 (Exit 6 Jamaica Ave),control,2023-08-01,741,741,1.0,True
4616259,VWE S MP6.39 (Exit 11 Jewel Ave) - MP4.63 (Exit 6 Jamaica Ave),control,2023-09-01,708,708,1.0,True
4616259,VWE S MP6.39 (Exit 11 Jewel Ave) - MP4.63 (Exit 6 Jamaica Ave),control,2023-10-01,744,742,0.997312,True
4616259,VWE S MP6.39 (Exit 11 Jewel Ave) - MP4.63 (Exit 6 Jamaica Ave),control,2023-11-01,706,706,1.0,True
4616259,VWE S MP6.39 (Exit 11 Jewel Ave) - MP4.63 (Exit 6 Jamaica Ave),control,2023-12-01,744,744,1.0,True
4616259,VWE S MP6.39 (Exit 11 Jewel Ave) - MP4.63 (Exit 6 Jamaica Ave),control,2024-01-01,682,682,1.0,True
4616259,VWE S MP6.39 (Exit 11 Jewel Ave) - MP4.63 (Exit 6 Jamaica Ave),control,2024-02-01,416,416,1.0,True
4616259,VWE S MP6.39 (Exit 11 Jewel Ave) - MP4.63 (Exit 6 Jamaica Ave),control,2024-03-01,717,717,1.0,True
4616259,VWE S MP6.39 (Exit 11 Jewel Ave) - MP4.63 (Exit 6 Jamaica Ave),control,2024-04-01,720,720,1.0,True
4616259,VWE S MP6.39 (Exit 11 Jewel Ave) - MP4.63 (Exit 6 Jamaica Ave),control,2024-05-01,744,744,1.0,True
4616259,VWE S MP6.39 (Exit 11 Jewel Ave) - MP4.63 (Exit 6 Jamaica Ave),control,2024-06-01,720,720,1.0,True
4616259,VWE S MP6.39 (Exit 11 Jewel Ave) - MP4.63 (Exit 6 Jamaica Ave),control,2024-07-01,729,727,0.997257,True
4616259,VWE S MP6.39 (Exit 11 Jewel Ave) - MP4.63 (Exit 6 Jamaica Ave),control,2024-08-01,701,701,1.0,True
4616259,VWE S MP6.39 (Exit 11 Jewel Ave) - MP4.63 (Exit 6 Jamaica Ave),control,2024-09-01,720,720,1.0,True
4616259,VWE S MP6.39 (Exit 11 Jewel Ave) - MP4.63 (Exit 6 Jamaica Ave),control,2024-10-01,744,744,1.0,True
4616259,VWE S MP6.39 (Exit 11 Jewel Ave) - MP4.63 (Exit 6 Jamaica Ave),control,2024-11-01,719,719,1.0,True
4616259,VWE S MP6.39 (Exit 11 Jewel Ave) - MP4.63 (Exit 6 Jamaica Ave),control,2024-12-01,606,606,1.0,True
4616259,VWE S MP6.39 (Exit 11 Jewel Ave) - MP4.63 (Exit 6 Jamaica Ave),control,2025-01-01,744,738,0.991935,True
4616259,VWE S MP6.39 (Exit 11 Jewel Ave) - MP4.63 (Exit 6 Jamaica Ave),control,2025-02-01,672,672,1.0,True
4616259,VWE S MP6.39 (Exit 11 Jewel Ave) - MP4.63 (Exit 6 Jamaica Ave),control,2025-03-01,743,743,1.0,True
4616259,VWE S MP6.39 (Exit 11 Jewel Ave) - MP4.63 (Exit 6 Jamaica Ave),control,2025-04-01,720,720,1.0,True
4616259,VWE S MP6.39 (Exit 11 Jewel Ave) - MP4.63 (Exit 6 Jamaica Ave),control,2025-05-01,744,744,1.0,True
4616259,VWE S MP6.39 (Exit 11 Jewel Ave) - MP4.63 (Exit 6 Jamaica Ave),control,2025-06-01,700,690,0.985714,True
4616259,VWE S MP6.39 (Exit 11 Jewel Ave) - MP4.63 (Exit 6 Jamaica Ave),control,2025-07-01,744,722,0.97043,True
4616259,VWE S MP6.39 (Exit 11 Jewel Ave) - MP4.63 (Exit 6 Jamaica Ave),control,2025-08-01,744,741,0.995968,True
4616259,VWE S MP6.39 (Exit 11 Jewel Ave) - MP4.63 (Exit 6 Jamaica Ave),control,2025-09-01,720,709,0.984722,True
4616259,VWE S MP6.39 (Exit 11 Jewel Ave) - MP4.63 (Exit 6 Jamaica Ave),control,2025-10-01,734,726,0.989101,True
4616259,VWE S MP6.39 (Exit 11 Jewel Ave) - MP4.63 (Exit 6 Jamaica Ave),control,2025-11-01,718,662,0.922006,True
4616259,VWE S MP6.39 (Exit 11 Jewel Ave) - MP4.63 (Exit 6 Jamaica Ave),control,2025-12-01,740,727,0.982432,True
4616259,VWE S MP6.39 (Exit 11 Jewel Ave) - MP4.63 (Exit 6 Jamaica Ave),control,2026-01-01,743,740,0.995962,True
4616259,VWE S MP6.39 (Exit 11 Jewel Ave) - MP4.63 (Exit 6 Jamaica Ave),control,2026-02-01,672,660,0.982143,True
4616259,VWE S MP6.39 (Exit 11 Jewel Ave) - MP4.63 (Exit 6 Jamaica Ave),control,2026-03-01,743,725,0.975774,True
4616259,VWE S MP6.39 (Exit 11 Jewel Ave) - MP4.63 (Exit 6 Jamaica Ave),control,2026-04-01,477,464,0.972746,True
4616259,VWE S MP6.39 (Exit 11 Jewel Ave) - MP4.63 (Exit 6 Jamaica Ave),control,2026-05-01,736,690,0.9375,True
4616260,BE S CASTLE HILL AVENUE - STRATFORD AVENUE,control,2023-01-01,557,557,1.0,True
4616260,BE S CASTLE HILL AVENUE - STRATFORD AVENUE,control,2023-02-01,661,661,1.0,True
4616260,BE S CASTLE HILL AVENUE - STRATFORD AVENUE,control,2023-03-01,743,743,1.0,True
4616260,BE S CASTLE HILL AVENUE - STRATFORD AVENUE,control,2023-04-01,720,719,0.998611,True
4616260,BE S CASTLE HILL AVENUE - STRATFORD AVENUE,control,2023-05-01,468,468,1.0,True
4616260,BE S CASTLE HILL AVENUE - STRATFORD AVENUE,control,2023-06-01,541,541,1.0,True
4616260,BE S CASTLE HILL AVENUE - STRATFORD AVENUE,control,2023-07-01,629,629,1.0,True
4616260,BE S CASTLE HILL AVENUE - STRATFORD AVENUE,control,2023-08-01,741,741,1.0,True
4616260,BE S CASTLE HILL AVENUE - STRATFORD AVENUE,control,2023-09-01,708,708,1.0,True
4616260,BE S CASTLE HILL AVENUE - STRATFORD AVENUE,control,2023-10-01,744,744,1.0,True
4616260,BE S CASTLE HILL AVENUE - STRATFORD AVENUE,control,2023-11-01,706,706,1.0,True
4616260,BE S CASTLE HILL AVENUE - STRATFORD AVENUE,control,2023-12-01,744,744,1.0,True
4616260,BE S CASTLE HILL AVENUE - STRATFORD AVENUE,control,2024-01-01,682,682,1.0,True
4616260,BE S CASTLE HILL AVENUE - STRATFORD AVENUE,control,2024-02-01,416,416,1.0,True
4616260,BE S CASTLE HILL AVENUE - STRATFORD AVENUE,control,2024-03-01,717,717,1.0,True
4616260,BE S CASTLE HILL AVENUE - STRATFORD AVENUE,control,2024-04-01,720,720,1.0,True
4616260,BE S CASTLE HILL AVENUE - STRATFORD AVENUE,control,2024-05-01,744,744,1.0,True
4616260,BE S CASTLE HILL AVENUE - STRATFORD AVENUE,control,2024-06-01,720,720,1.0,True
4616260,BE S CASTLE HILL AVENUE - STRATFORD AVENUE,control,2024-07-01,729,728,0.998628,True
4616260,BE S CASTLE HILL AVENUE - STRATFORD AVENUE,control,2024-08-01,701,701,1.0,True
4616260,BE S CASTLE HILL AVENUE - STRATFORD AVENUE,control,2024-09-01,720,715,0.993056,True
4616260,BE S CASTLE HILL AVENUE - STRATFORD AVENUE,control,2024-10-01,744,744,1.0,True
4616260,BE S CASTLE HILL AVENUE - STRATFORD AVENUE,control,2024-11-01,719,717,0.997218,True
4616260,BE S CASTLE HILL AVENUE - STRATFORD AVENUE,control,2024-12-01,606,606,1.0,True
4616260,BE S CASTLE HILL AVENUE - STRATFORD AVENUE,control,2025-01-01,744,744,1.0,True
4616260,BE S CASTLE HILL AVENUE - STRATFORD AVENUE,control,2025-02-01,672,672,1.0,True
4616260,BE S CASTLE HILL AVENUE - STRATFORD AVENUE,control,2025-03-01,743,742,0.998654,True
4616260,BE S CASTLE HILL AVENUE - STRATFORD AVENUE,control,2025-04-01,720,720,1.0,True
4616260,BE S CASTLE HILL AVENUE - STRATFORD AVENUE,control,2025-05-01,744,735,0.987903,True
4616260,BE S CASTLE HILL AVENUE - STRATFORD AVENUE,control,2025-06-01,700,699,0.998571,True
4616260,BE S CASTLE HILL AVENUE - STRATFORD AVENUE,control,2025-07-01,744,735,0.987903,True
4616260,BE S CASTLE HILL AVENUE - STRATFORD AVENUE,control,2025-08-01,744,744,1.0,True
4616260,BE S CASTLE HILL AVENUE - STRATFORD AVENUE,control,2025-09-01,720,719,0.998611,True
4616260,BE S CASTLE HILL AVENUE - STRATFORD AVENUE,control,2025-10-01,734,734,1.0,True
4616260,BE S CASTLE HILL AVENUE - STRATFORD AVENUE,control,2025-11-01,718,718,1.0,True
4616260,BE S CASTLE HILL AVENUE - STRATFORD AVENUE,control,2025-12-01,740,740,1.0,True
4616260,BE S CASTLE HILL AVENUE - STRATFORD AVENUE,control,2026-01-01,743,743,1.0,True
4616260,BE S CASTLE HILL AVENUE - STRATFORD AVENUE,control,2026-02-01,672,672,1.0,True
4616260,BE S CASTLE HILL AVENUE - STRATFORD AVENUE,control,2026-03-01,743,741,0.997308,True
4616260,BE S CASTLE HILL AVENUE - STRATFORD AVENUE,control,2026-04-01,477,477,1.0,True
4616260,BE S CASTLE HILL AVENUE - STRATFORD AVENUE,control,2026-05-01,736,732,0.994565,True
4616261,BE S Griswold - Castle Hill Avenue,control,2023-01-01,557,557,1.0,True
4616261,BE S Griswold - Castle Hill Avenue,control,2023-02-01,661,661,1.0,True
4616261,BE S Griswold - Castle Hill Avenue,control,2023-03-01,743,743,1.0,True
4616261,BE S Griswold - Castle Hill Avenue,control,2023-04-01,720,720,1.0,True
4616261,BE S Griswold - Castle Hill Avenue,control,2023-05-01,468,468,1.0,True
4616261,BE S Griswold - Castle Hill Avenue,control,2023-06-01,541,541,1.0,True
4616261,BE S Griswold - Castle Hill Avenue,control,2023-07-01,629,629,1.0,True
4616261,BE S Griswold - Castle Hill Avenue,control,2023-08-01,741,741,1.0,True
4616261,BE S Griswold - Castle Hill Avenue,control,2023-09-01,708,708,1.0,True
4616261,BE S Griswold - Castle Hill Avenue,control,2023-10-01,744,744,1.0,True
4616261,BE S Griswold - Castle Hill Avenue,control,2023-11-01,706,706,1.0,True
4616261,BE S Griswold - Castle Hill Avenue,control,2023-12-01,744,744,1.0,True
4616261,BE S Griswold - Castle Hill Avenue,control,2024-01-01,682,682,1.0,True
4616261,BE S Griswold - Castle Hill Avenue,control,2024-02-01,416,416,1.0,True
4616261,BE S Griswold - Castle Hill Avenue,control,2024-03-01,717,717,1.0,True
4616261,BE S Griswold - Castle Hill Avenue,control,2024-04-01,720,720,1.0,True
4616261,BE S Griswold - Castle Hill Avenue,control,2024-05-01,744,744,1.0,True
4616261,BE S Griswold - Castle Hill Avenue,control,2024-06-01,720,720,1.0,True
4616261,BE S Griswold - Castle Hill Avenue,control,2024-07-01,729,729,1.0,True
4616261,BE S Griswold - Castle Hill Avenue,control,2024-08-01,701,701,1.0,True
4616261,BE S Griswold - Castle Hill Avenue,control,2024-09-01,720,715,0.993056,True
4616261,BE S Griswold - Castle Hill Avenue,control,2024-10-01,744,744,1.0,True
4616261,BE S Griswold - Castle Hill Avenue,control,2024-11-01,719,703,0.977747,True
4616261,BE S Griswold - Castle Hill Avenue,control,2024-12-01,606,604,0.9967,True
4616261,BE S Griswold - Castle Hill Avenue,control,2025-01-01,744,744,1.0,True
4616261,BE S Griswold - Castle Hill Avenue,control,2025-02-01,672,672,1.0,True
4616261,BE S Griswold - Castle Hill Avenue,control,2025-03-01,743,667,0.897712,True
4616261,BE S Griswold - Castle Hill Avenue,control,2025-04-01,720,720,1.0,True
4616261,BE S Griswold - Castle Hill Avenue,control,2025-05-01,744,744,1.0,True
4616261,BE S Griswold - Castle Hill Avenue,control,2025-06-01,700,700,1.0,True
4616261,BE S Griswold - Castle Hill Avenue,control,2025-07-01,744,734,0.986559,True
4616261,BE S Griswold - Castle Hill Avenue,control,2025-08-01,744,744,1.0,True
4616261,BE S Griswold - Castle Hill Avenue,control,2025-09-01,720,719,0.998611,True
4616261,BE S Griswold - Castle Hill Avenue,control,2025-10-01,734,734,1.0,True
4616261,BE S Griswold - Castle Hill Avenue,control,2025-11-01,718,718,1.0,True
4616261,BE S Griswold - Castle Hill Avenue,control,2025-12-01,740,740,1.0,True
4616261,BE S Griswold - Castle Hill Avenue,control,2026-01-01,743,743,1.0,True
4616261,BE S Griswold - Castle Hill Avenue,control,2026-02-01,672,672,1.0,True
4616261,BE S Griswold - Castle Hill Avenue,control,2026-03-01,743,740,0.995962,True
4616261,BE S Griswold - Castle Hill Avenue,control,2026-04-01,477,477,1.0,True
4616261,BE S Griswold - Castle Hill Avenue,control,2026-05-01,736,730,0.991848,True
4616266,BRP S FORDHAM ROAD - WATSON AVENUE,control,2023-01-01,557,0,0.0,False
4616266,BRP S FORDHAM ROAD - WATSON AVENUE,control,2023-02-01,661,0,0.0,False
4616266,BRP S FORDHAM ROAD - WATSON AVENUE,control,2023-03-01,743,0,0.0,False
4616266,BRP S FORDHAM ROAD - WATSON AVENUE,control,2023-04-01,720,0,0.0,False
4616266,BRP S FORDHAM ROAD - WATSON AVENUE,control,2023-05-01,468,0,0.0,False
4616266,BRP S FORDHAM ROAD - WATSON AVENUE,control,2023-06-01,541,0,0.0,False
4616266,BRP S FORDHAM ROAD - WATSON AVENUE,control,2023-07-01,629,0,0.0,False
4616266,BRP S FORDHAM ROAD - WATSON AVENUE,control,2023-08-01,741,0,0.0,False
4616266,BRP S FORDHAM ROAD - WATSON AVENUE,control,2023-09-01,708,0,0.0,False
4616266,BRP S FORDHAM ROAD - WATSON AVENUE,control,2023-10-01,744,0,0.0,False
4616266,BRP S FORDHAM ROAD - WATSON AVENUE,control,2023-11-01,706,0,0.0,False
4616266,BRP S FORDHAM ROAD - WATSON AVENUE,control,2023-12-01,744,0,0.0,False
4616266,BRP S FORDHAM ROAD - WATSON AVENUE,control,2024-01-01,682,0,0.0,False
4616266,BRP S FORDHAM ROAD - WATSON AVENUE,control,2024-02-01,416,0,0.0,False
4616266,BRP S FORDHAM ROAD - WATSON AVENUE,control,2024-03-01,717,0,0.0,False
4616266,BRP S FORDHAM ROAD - WATSON AVENUE,control,2024-04-01,720,0,0.0,False
4616266,BRP S FORDHAM ROAD - WATSON AVENUE,control,2024-05-01,744,0,0.0,False
4616266,BRP S FORDHAM ROAD - WATSON AVENUE,control,2024-06-01,720,0,0.0,False
4616266,BRP S FORDHAM ROAD - WATSON AVENUE,control,2024-07-01,729,0,0.0,False
4616266,BRP S FORDHAM ROAD - WATSON AVENUE,control,2024-08-01,701,0,0.0,False
4616266,BRP S FORDHAM ROAD - WATSON AVENUE,control,2024-09-01,720,0,0.0,False
4616266,BRP S FORDHAM ROAD - WATSON AVENUE,control,2024-10-01,744,0,0.0,False
4616266,BRP S FORDHAM ROAD - WATSON AVENUE,control,2024-11-01,719,0,0.0,False
4616266,BRP S FORDHAM ROAD - WATSON AVENUE,control,2024-12-01,606,0,0.0,False
4616266,BRP S FORDHAM ROAD - WATSON AVENUE,control,2025-01-01,744,0,0.0,False
4616266,BRP S FORDHAM ROAD - WATSON AVENUE,control,2025-02-01,672,0,0.0,False
4616266,BRP S FORDHAM ROAD - WATSON AVENUE,control,2025-03-01,743,0,0.0,False
4616266,BRP S FORDHAM ROAD - WATSON AVENUE,control,2025-04-01,720,133,0.184722,True
4616266,BRP S FORDHAM ROAD - WATSON AVENUE,control,2025-05-01,744,738,0.991935,True
4616266,BRP S FORDHAM ROAD - WATSON AVENUE,control,2025-06-01,700,694,0.991429,True
4616266,BRP S FORDHAM ROAD - WATSON AVENUE,control,2025-07-01,744,691,0.928763,True
4616266,BRP S FORDHAM ROAD - WATSON AVENUE,control,2025-08-01,744,219,0.294355,True
4616266,BRP S FORDHAM ROAD - WATSON AVENUE,control,2025-09-01,720,460,0.638889,True
4616266,BRP S FORDHAM ROAD - WATSON AVENUE,control,2025-10-01,734,0,0.0,False
4616266,BRP S FORDHAM ROAD - WATSON AVENUE,control,2025-11-01,718,0,0.0,False
4616266,BRP S FORDHAM ROAD - WATSON AVENUE,control,2025-12-01,740,59,0.07973,True
4616266,BRP S FORDHAM ROAD - WATSON AVENUE,control,2026-01-01,743,741,0.997308,True
4616266,BRP S FORDHAM ROAD - WATSON AVENUE,control,2026-02-01,672,668,0.994048,True
4616266,BRP S FORDHAM ROAD - WATSON AVENUE,control,2026-03-01,743,724,0.974428,True
4616266,BRP S FORDHAM ROAD - WATSON AVENUE,control,2026-04-01,477,456,0.955975,True
4616266,BRP S FORDHAM ROAD - WATSON AVENUE,control,2026-05-01,736,418,0.567935,True
4616267,CBE W CASTLE HILL AVENUE - TAYLOR AVENUE,control,2023-01-01,557,557,1.0,True
4616267,CBE W CASTLE HILL AVENUE - TAYLOR AVENUE,control,2023-02-01,661,661,1.0,True
4616267,CBE W CASTLE HILL AVENUE - TAYLOR AVENUE,control,2023-03-01,743,743,1.0,True
4616267,CBE W CASTLE HILL AVENUE - TAYLOR AVENUE,control,2023-04-01,720,720,1.0,True
4616267,CBE W CASTLE HILL AVENUE - TAYLOR AVENUE,control,2023-05-01,468,468,1.0,True
4616267,CBE W CASTLE HILL AVENUE - TAYLOR AVENUE,control,2023-06-01,541,541,1.0,True
4616267,CBE W CASTLE HILL AVENUE - TAYLOR AVENUE,control,2023-07-01,629,614,0.976153,True
4616267,CBE W CASTLE HILL AVENUE - TAYLOR AVENUE,control,2023-08-01,741,741,1.0,True
4616267,CBE W CASTLE HILL AVENUE - TAYLOR AVENUE,control,2023-09-01,708,708,1.0,True
4616267,CBE W CASTLE HILL AVENUE - TAYLOR AVENUE,control,2023-10-01,744,744,1.0,True
4616267,CBE W CASTLE HILL AVENUE - TAYLOR AVENUE,control,2023-11-01,706,706,1.0,True
4616267,CBE W CASTLE HILL AVENUE - TAYLOR AVENUE,control,2023-12-01,744,744,1.0,True
4616267,CBE W CASTLE HILL AVENUE - TAYLOR AVENUE,control,2024-01-01,682,682,1.0,True
4616267,CBE W CASTLE HILL AVENUE - TAYLOR AVENUE,control,2024-02-01,416,416,1.0,True
4616267,CBE W CASTLE HILL AVENUE - TAYLOR AVENUE,control,2024-03-01,717,717,1.0,True
4616267,CBE W CASTLE HILL AVENUE - TAYLOR AVENUE,control,2024-04-01,720,719,0.998611,True
4616267,CBE W CASTLE HILL AVENUE - TAYLOR AVENUE,control,2024-05-01,744,744,1.0,True
4616267,CBE W CASTLE HILL AVENUE - TAYLOR AVENUE,control,2024-06-01,720,720,1.0,True
4616267,CBE W CASTLE HILL AVENUE - TAYLOR AVENUE,control,2024-07-01,729,729,1.0,True
4616267,CBE W CASTLE HILL AVENUE - TAYLOR AVENUE,control,2024-08-01,701,701,1.0,True
4616267,CBE W CASTLE HILL AVENUE - TAYLOR AVENUE,control,2024-09-01,720,719,0.998611,True
4616267,CBE W CASTLE HILL AVENUE - TAYLOR AVENUE,control,2024-10-01,744,744,1.0,True
4616267,CBE W CASTLE HILL AVENUE - TAYLOR AVENUE,control,2024-11-01,719,716,0.995828,True
4616267,CBE W CASTLE HILL AVENUE - TAYLOR AVENUE,control,2024-12-01,606,606,1.0,True
4616267,CBE W CASTLE HILL AVENUE - TAYLOR AVENUE,control,2025-01-01,744,744,1.0,True
4616267,CBE W CASTLE HILL AVENUE - TAYLOR AVENUE,control,2025-02-01,672,672,1.0,True
4616267,CBE W CASTLE HILL AVENUE - TAYLOR AVENUE,control,2025-03-01,743,743,1.0,True
4616267,CBE W CASTLE HILL AVENUE - TAYLOR AVENUE,control,2025-04-01,720,720,1.0,True
4616267,CBE W CASTLE HILL AVENUE - TAYLOR AVENUE,control,2025-05-01,744,744,1.0,True
4616267,CBE W CASTLE HILL AVENUE - TAYLOR AVENUE,control,2025-06-01,700,700,1.0,True
4616267,CBE W CASTLE HILL AVENUE - TAYLOR AVENUE,control,2025-07-01,744,744,1.0,True
4616267,CBE W CASTLE HILL AVENUE - TAYLOR AVENUE,control,2025-08-01,744,744,1.0,True
4616267,CBE W CASTLE HILL AVENUE - TAYLOR AVENUE,control,2025-09-01,720,720,1.0,True
4616267,CBE W CASTLE HILL AVENUE - TAYLOR AVENUE,control,2025-10-01,734,734,1.0,True
4616267,CBE W CASTLE HILL AVENUE - TAYLOR AVENUE,control,2025-11-01,718,718,1.0,True
4616267,CBE W CASTLE HILL AVENUE - TAYLOR AVENUE,control,2025-12-01,740,740,1.0,True
4616267,CBE W CASTLE HILL AVENUE - TAYLOR AVENUE,control,2026-01-01,743,743,1.0,True
4616267,CBE W CASTLE HILL AVENUE - TAYLOR AVENUE,control,2026-02-01,672,672,1.0,True
4616267,CBE W CASTLE HILL AVENUE - TAYLOR AVENUE,control,2026-03-01,743,743,1.0,True
4616267,CBE W CASTLE HILL AVENUE - TAYLOR AVENUE,control,2026-04-01,477,477,1.0,True
4616267,CBE W CASTLE HILL AVENUE - TAYLOR AVENUE,control,2026-05-01,736,730,0.991848,True
4616271,BQE S LEONARD STREET - ATLANTIC AVENUE,control,2023-01-01,557,557,1.0,True
4616271,BQE S LEONARD STREET - ATLANTIC AVENUE,control,2023-02-01,661,661,1.0,True
4616271,BQE S LEONARD STREET - ATLANTIC AVENUE,control,2023-03-01,743,743,1.0,True
4616271,BQE S LEONARD STREET - ATLANTIC AVENUE,control,2023-04-01,720,720,1.0,True
4616271,BQE S LEONARD STREET - ATLANTIC AVENUE,control,2023-05-01,468,468,1.0,True
4616271,BQE S LEONARD STREET - ATLANTIC AVENUE,control,2023-06-01,541,541,1.0,True
4616271,BQE S LEONARD STREET - ATLANTIC AVENUE,control,2023-07-01,629,629,1.0,True
4616271,BQE S LEONARD STREET - ATLANTIC AVENUE,control,2023-08-01,741,741,1.0,True
4616271,BQE S LEONARD STREET - ATLANTIC AVENUE,control,2023-09-01,708,708,1.0,True
4616271,BQE S LEONARD STREET - ATLANTIC AVENUE,control,2023-10-01,744,744,1.0,True
4616271,BQE S LEONARD STREET - ATLANTIC AVENUE,control,2023-11-01,706,706,1.0,True
4616271,BQE S LEONARD STREET - ATLANTIC AVENUE,control,2023-12-01,222,222,1.0,True
4616271,BQE S LEONARD STREET - ATLANTIC AVENUE,control,2024-02-01,10,10,1.0,True
4616271,BQE S LEONARD STREET - ATLANTIC AVENUE,control,2024-03-01,717,717,1.0,True
4616271,BQE S LEONARD STREET - ATLANTIC AVENUE,control,2024-04-01,720,720,1.0,True
4616271,BQE S LEONARD STREET - ATLANTIC AVENUE,control,2024-05-01,744,738,0.991935,True
4616271,BQE S LEONARD STREET - ATLANTIC AVENUE,control,2024-06-01,720,720,1.0,True
4616271,BQE S LEONARD STREET - ATLANTIC AVENUE,control,2024-07-01,729,729,1.0,True
4616271,BQE S LEONARD STREET - ATLANTIC AVENUE,control,2024-08-01,701,701,1.0,True
4616271,BQE S LEONARD STREET - ATLANTIC AVENUE,control,2024-09-01,720,720,1.0,True
4616271,BQE S LEONARD STREET - ATLANTIC AVENUE,control,2024-10-01,744,744,1.0,True
4616271,BQE S LEONARD STREET - ATLANTIC AVENUE,control,2024-11-01,719,719,1.0,True
4616271,BQE S LEONARD STREET - ATLANTIC AVENUE,control,2024-12-01,606,606,1.0,True
4616271,BQE S LEONARD STREET - ATLANTIC AVENUE,control,2025-01-01,744,744,1.0,True
4616271,BQE S LEONARD STREET - ATLANTIC AVENUE,control,2025-02-01,672,671,0.998512,True
4616271,BQE S LEONARD STREET - ATLANTIC AVENUE,control,2025-03-01,743,739,0.994616,True
4616271,BQE S LEONARD STREET - ATLANTIC AVENUE,control,2025-04-01,720,720,1.0,True
4616271,BQE S LEONARD STREET - ATLANTIC AVENUE,control,2025-05-01,744,744,1.0,True
4616271,BQE S LEONARD STREET - ATLANTIC AVENUE,control,2025-06-01,700,700,1.0,True
4616271,BQE S LEONARD STREET - ATLANTIC AVENUE,control,2025-07-01,744,744,1.0,True
4616271,BQE S LEONARD STREET - ATLANTIC AVENUE,control,2025-08-01,744,743,0.998656,True
4616271,BQE S LEONARD STREET - ATLANTIC AVENUE,control,2025-09-01,720,720,1.0,True
4616271,BQE S LEONARD STREET - ATLANTIC AVENUE,control,2025-10-01,734,734,1.0,True
4616271,BQE S LEONARD STREET - ATLANTIC AVENUE,control,2025-11-01,718,718,1.0,True
4616271,BQE S LEONARD STREET - ATLANTIC AVENUE,control,2025-12-01,740,740,1.0,True
4616271,BQE S LEONARD STREET - ATLANTIC AVENUE,control,2026-01-01,743,743,1.0,True
4616271,BQE S LEONARD STREET - ATLANTIC AVENUE,control,2026-02-01,672,672,1.0,True
4616271,BQE S LEONARD STREET - ATLANTIC AVENUE,control,2026-03-01,743,743,1.0,True
4616271,BQE S LEONARD STREET - ATLANTIC AVENUE,control,2026-04-01,477,477,1.0,True
4616271,BQE S LEONARD STREET - ATLANTIC AVENUE,control,2026-05-01,736,724,0.983696,True
4616272,VWE S MP4.63 (Exit 6 Jamaica Ave) - MP2.66 (Exit 2 Roackaway Blvd),control,2023-01-01,557,557,1.0,True
4616272,VWE S MP4.63 (Exit 6 Jamaica Ave) - MP2.66 (Exit 2 Roackaway Blvd),control,2023-02-01,661,661,1.0,True
4616272,VWE S MP4.63 (Exit 6 Jamaica Ave) - MP2.66 (Exit 2 Roackaway Blvd),control,2023-03-01,743,743,1.0,True
4616272,VWE S MP4.63 (Exit 6 Jamaica Ave) - MP2.66 (Exit 2 Roackaway Blvd),control,2023-04-01,720,720,1.0,True
4616272,VWE S MP4.63 (Exit 6 Jamaica Ave) - MP2.66 (Exit 2 Roackaway Blvd),control,2023-05-01,468,468,1.0,True
4616272,VWE S MP4.63 (Exit 6 Jamaica Ave) - MP2.66 (Exit 2 Roackaway Blvd),control,2023-06-01,541,541,1.0,True
4616272,VWE S MP4.63 (Exit 6 Jamaica Ave) - MP2.66 (Exit 2 Roackaway Blvd),control,2023-07-01,629,629,1.0,True
4616272,VWE S MP4.63 (Exit 6 Jamaica Ave) - MP2.66 (Exit 2 Roackaway Blvd),control,2023-08-01,741,741,1.0,True
4616272,VWE S MP4.63 (Exit 6 Jamaica Ave) - MP2.66 (Exit 2 Roackaway Blvd),control,2023-09-01,708,708,1.0,True
4616272,VWE S MP4.63 (Exit 6 Jamaica Ave) - MP2.66 (Exit 2 Roackaway Blvd),control,2023-10-01,744,743,0.998656,True
4616272,VWE S MP4.63 (Exit 6 Jamaica Ave) - MP2.66 (Exit 2 Roackaway Blvd),control,2023-11-01,706,706,1.0,True
4616272,VWE S MP4.63 (Exit 6 Jamaica Ave) - MP2.66 (Exit 2 Roackaway Blvd),control,2023-12-01,744,744,1.0,True
4616272,VWE S MP4.63 (Exit 6 Jamaica Ave) - MP2.66 (Exit 2 Roackaway Blvd),control,2024-01-01,682,682,1.0,True
4616272,VWE S MP4.63 (Exit 6 Jamaica Ave) - MP2.66 (Exit 2 Roackaway Blvd),control,2024-02-01,416,416,1.0,True
4616272,VWE S MP4.63 (Exit 6 Jamaica Ave) - MP2.66 (Exit 2 Roackaway Blvd),control,2024-03-01,717,717,1.0,True
4616272,VWE S MP4.63 (Exit 6 Jamaica Ave) - MP2.66 (Exit 2 Roackaway Blvd),control,2024-04-01,720,720,1.0,True
4616272,VWE S MP4.63 (Exit 6 Jamaica Ave) - MP2.66 (Exit 2 Roackaway Blvd),control,2024-05-01,744,744,1.0,True
4616272,VWE S MP4.63 (Exit 6 Jamaica Ave) - MP2.66 (Exit 2 Roackaway Blvd),control,2024-06-01,720,720,1.0,True
4616272,VWE S MP4.63 (Exit 6 Jamaica Ave) - MP2.66 (Exit 2 Roackaway Blvd),control,2024-07-01,729,727,0.997257,True
4616272,VWE S MP4.63 (Exit 6 Jamaica Ave) - MP2.66 (Exit 2 Roackaway Blvd),control,2024-08-01,701,701,1.0,True
4616272,VWE S MP4.63 (Exit 6 Jamaica Ave) - MP2.66 (Exit 2 Roackaway Blvd),control,2024-09-01,720,720,1.0,True
4616272,VWE S MP4.63 (Exit 6 Jamaica Ave) - MP2.66 (Exit 2 Roackaway Blvd),control,2024-10-01,744,744,1.0,True
4616272,VWE S MP4.63 (Exit 6 Jamaica Ave) - MP2.66 (Exit 2 Roackaway Blvd),control,2024-11-01,719,719,1.0,True
4616272,VWE S MP4.63 (Exit 6 Jamaica Ave) - MP2.66 (Exit 2 Roackaway Blvd),control,2024-12-01,606,606,1.0,True
4616272,VWE S MP4.63 (Exit 6 Jamaica Ave) - MP2.66 (Exit 2 Roackaway Blvd),control,2025-01-01,744,738,0.991935,True
4616272,VWE S MP4.63 (Exit 6 Jamaica Ave) - MP2.66 (Exit 2 Roackaway Blvd),control,2025-02-01,672,672,1.0,True
4616272,VWE S MP4.63 (Exit 6 Jamaica Ave) - MP2.66 (Exit 2 Roackaway Blvd),control,2025-03-01,743,743,1.0,True
4616272,VWE S MP4.63 (Exit 6 Jamaica Ave) - MP2.66 (Exit 2 Roackaway Blvd),control,2025-04-01,720,720,1.0,True
4616272,VWE S MP4.63 (Exit 6 Jamaica Ave) - MP2.66 (Exit 2 Roackaway Blvd),control,2025-05-01,744,744,1.0,True
4616272,VWE S MP4.63 (Exit 6 Jamaica Ave) - MP2.66 (Exit 2 Roackaway Blvd),control,2025-06-01,700,692,0.988571,True
4616272,VWE S MP4.63 (Exit 6 Jamaica Ave) - MP2.66 (Exit 2 Roackaway Blvd),control,2025-07-01,744,724,0.973118,True
4616272,VWE S MP4.63 (Exit 6 Jamaica Ave) - MP2.66 (Exit 2 Roackaway Blvd),control,2025-08-01,744,741,0.995968,True
4616272,VWE S MP4.63 (Exit 6 Jamaica Ave) - MP2.66 (Exit 2 Roackaway Blvd),control,2025-09-01,720,710,0.986111,True
4616272,VWE S MP4.63 (Exit 6 Jamaica Ave) - MP2.66 (Exit 2 Roackaway Blvd),control,2025-10-01,734,731,0.995913,True
4616272,VWE S MP4.63 (Exit 6 Jamaica Ave) - MP2.66 (Exit 2 Roackaway Blvd),control,2025-11-01,718,675,0.940111,True
4616272,VWE S MP4.63 (Exit 6 Jamaica Ave) - MP2.66 (Exit 2 Roackaway Blvd),control,2025-12-01,740,736,0.994595,True
4616272,VWE S MP4.63 (Exit 6 Jamaica Ave) - MP2.66 (Exit 2 Roackaway Blvd),control,2026-01-01,743,741,0.997308,True
4616272,VWE S MP4.63 (Exit 6 Jamaica Ave) - MP2.66 (Exit 2 Roackaway Blvd),control,2026-02-01,672,665,0.989583,True
4616272,VWE S MP4.63 (Exit 6 Jamaica Ave) - MP2.66 (Exit 2 Roackaway Blvd),control,2026-03-01,743,721,0.97039,True
4616272,VWE S MP4.63 (Exit 6 Jamaica Ave) - MP2.66 (Exit 2 Roackaway Blvd),control,2026-04-01,477,468,0.981132,True
4616272,VWE S MP4.63 (Exit 6 Jamaica Ave) - MP2.66 (Exit 2 Roackaway Blvd),control,2026-05-01,736,688,0.934783,True
4616276,VWE S MP2.66 (Exit 2 Rockaway Blvd) - Belt Pkwy E 182nd St,control,2023-01-01,557,557,1.0,True
4616276,VWE S MP2.66 (Exit 2 Rockaway Blvd) - Belt Pkwy E 182nd St,control,2023-02-01,661,657,0.993949,True
4616276,VWE S MP2.66 (Exit 2 Rockaway Blvd) - Belt Pkwy E 182nd St,control,2023-03-01,743,743,1.0,True
4616276,VWE S MP2.66 (Exit 2 Rockaway Blvd) - Belt Pkwy E 182nd St,control,2023-04-01,720,713,0.990278,True
4616276,VWE S MP2.66 (Exit 2 Rockaway Blvd) - Belt Pkwy E 182nd St,control,2023-05-01,468,467,0.997863,True
4616276,VWE S MP2.66 (Exit 2 Rockaway Blvd) - Belt Pkwy E 182nd St,control,2023-06-01,541,541,1.0,True
4616276,VWE S MP2.66 (Exit 2 Rockaway Blvd) - Belt Pkwy E 182nd St,control,2023-07-01,629,628,0.99841,True
4616276,VWE S MP2.66 (Exit 2 Rockaway Blvd) - Belt Pkwy E 182nd St,control,2023-08-01,741,741,1.0,True
4616276,VWE S MP2.66 (Exit 2 Rockaway Blvd) - Belt Pkwy E 182nd St,control,2023-09-01,708,705,0.995763,True
4616276,VWE S MP2.66 (Exit 2 Rockaway Blvd) - Belt Pkwy E 182nd St,control,2023-10-01,744,735,0.987903,True
4616276,VWE S MP2.66 (Exit 2 Rockaway Blvd) - Belt Pkwy E 182nd St,control,2023-11-01,706,696,0.985836,True
4616276,VWE S MP2.66 (Exit 2 Rockaway Blvd) - Belt Pkwy E 182nd St,control,2023-12-01,744,738,0.991935,True
4616276,VWE S MP2.66 (Exit 2 Rockaway Blvd) - Belt Pkwy E 182nd St,control,2024-01-01,682,681,0.998534,True
4616276,VWE S MP2.66 (Exit 2 Rockaway Blvd) - Belt Pkwy E 182nd St,control,2024-02-01,416,415,0.997596,True
4616276,VWE S MP2.66 (Exit 2 Rockaway Blvd) - Belt Pkwy E 182nd St,control,2024-03-01,717,712,0.993026,True
4616276,VWE S MP2.66 (Exit 2 Rockaway Blvd) - Belt Pkwy E 182nd St,control,2024-04-01,720,719,0.998611,True
4616276,VWE S MP2.66 (Exit 2 Rockaway Blvd) - Belt Pkwy E 182nd St,control,2024-05-01,744,739,0.99328,True
4616276,VWE S MP2.66 (Exit 2 Rockaway Blvd) - Belt Pkwy E 182nd St,control,2024-06-01,720,720,1.0,True
4616276,VWE S MP2.66 (Exit 2 Rockaway Blvd) - Belt Pkwy E 182nd St,control,2024-07-01,729,667,0.914952,True
4616276,VWE S MP2.66 (Exit 2 Rockaway Blvd) - Belt Pkwy E 182nd St,control,2024-08-01,701,697,0.994294,True
4616276,VWE S MP2.66 (Exit 2 Rockaway Blvd) - Belt Pkwy E 182nd St,control,2024-09-01,720,717,0.995833,True
4616276,VWE S MP2.66 (Exit 2 Rockaway Blvd) - Belt Pkwy E 182nd St,control,2024-10-01,744,735,0.987903,True
4616276,VWE S MP2.66 (Exit 2 Rockaway Blvd) - Belt Pkwy E 182nd St,control,2024-11-01,719,697,0.969402,True
4616276,VWE S MP2.66 (Exit 2 Rockaway Blvd) - Belt Pkwy E 182nd St,control,2024-12-01,606,601,0.991749,True
4616276,VWE S MP2.66 (Exit 2 Rockaway Blvd) - Belt Pkwy E 182nd St,control,2025-01-01,744,739,0.99328,True
4616276,VWE S MP2.66 (Exit 2 Rockaway Blvd) - Belt Pkwy E 182nd St,control,2025-02-01,672,671,0.998512,True
4616276,VWE S MP2.66 (Exit 2 Rockaway Blvd) - Belt Pkwy E 182nd St,control,2025-03-01,743,729,0.981157,True
4616276,VWE S MP2.66 (Exit 2 Rockaway Blvd) - Belt Pkwy E 182nd St,control,2025-04-01,720,712,0.988889,True
4616276,VWE S MP2.66 (Exit 2 Rockaway Blvd) - Belt Pkwy E 182nd St,control,2025-05-01,744,718,0.965054,True
4616276,VWE S MP2.66 (Exit 2 Rockaway Blvd) - Belt Pkwy E 182nd St,control,2025-06-01,700,695,0.992857,True
4616276,VWE S MP2.66 (Exit 2 Rockaway Blvd) - Belt Pkwy E 182nd St,control,2025-07-01,744,724,0.973118,True
4616276,VWE S MP2.66 (Exit 2 Rockaway Blvd) - Belt Pkwy E 182nd St,control,2025-08-01,744,740,0.994624,True
4616276,VWE S MP2.66 (Exit 2 Rockaway Blvd) - Belt Pkwy E 182nd St,control,2025-09-01,720,707,0.981944,True
4616276,VWE S MP2.66 (Exit 2 Rockaway Blvd) - Belt Pkwy E 182nd St,control,2025-10-01,734,728,0.991826,True
4616276,VWE S MP2.66 (Exit 2 Rockaway Blvd) - Belt Pkwy E 182nd St,control,2025-11-01,718,672,0.935933,True
4616276,VWE S MP2.66 (Exit 2 Rockaway Blvd) - Belt Pkwy E 182nd St,control,2025-12-01,740,740,1.0,True
4616276,VWE S MP2.66 (Exit 2 Rockaway Blvd) - Belt Pkwy E 182nd St,control,2026-01-01,743,741,0.997308,True
4616276,VWE S MP2.66 (Exit 2 Rockaway Blvd) - Belt Pkwy E 182nd St,control,2026-02-01,672,665,0.989583,True
4616276,VWE S MP2.66 (Exit 2 Rockaway Blvd) - Belt Pkwy E 182nd St,control,2026-03-01,743,718,0.966353,True
4616276,VWE S MP2.66 (Exit 2 Rockaway Blvd) - Belt Pkwy E 182nd St,control,2026-04-01,477,464,0.972746,True
4616276,VWE S MP2.66 (Exit 2 Rockaway Blvd) - Belt Pkwy E 182nd St,control,2026-05-01,736,696,0.945652,True
4616281,440 N FRANCIS STREET - WSE N TYRELLAN AVE,control,2023-07-01,350,0,0.0,False
4616281,440 N FRANCIS STREET - WSE N TYRELLAN AVE,control,2023-08-01,741,0,0.0,False
4616281,440 N FRANCIS STREET - WSE N TYRELLAN AVE,control,2023-09-01,708,0,0.0,False
4616281,440 N FRANCIS STREET - WSE N TYRELLAN AVE,control,2023-10-01,744,0,0.0,False
4616281,440 N FRANCIS STREET - WSE N TYRELLAN AVE,control,2023-11-01,130,0,0.0,False
4616282,ROUTE 169 S - MLK WALKER STREET,control,2023-01-01,557,556,0.998205,True
4616282,ROUTE 169 S - MLK WALKER STREET,control,2023-02-01,661,661,1.0,True
4616282,ROUTE 169 S - MLK WALKER STREET,control,2023-03-01,743,741,0.997308,True
4616282,ROUTE 169 S - MLK WALKER STREET,control,2023-04-01,720,716,0.994444,True
4616282,ROUTE 169 S - MLK WALKER STREET,control,2023-05-01,468,340,0.726496,True
4616282,ROUTE 169 S - MLK WALKER STREET,control,2023-06-01,541,263,0.486137,True
4616282,ROUTE 169 S - MLK WALKER STREET,control,2023-07-01,629,0,0.0,False
4616282,ROUTE 169 S - MLK WALKER STREET,control,2023-08-01,741,0,0.0,False
4616282,ROUTE 169 S - MLK WALKER STREET,control,2023-09-01,708,0,0.0,False
4616282,ROUTE 169 S - MLK WALKER STREET,control,2023-10-01,744,0,0.0,False
4616282,ROUTE 169 S - MLK WALKER STREET,control,2023-11-01,706,0,0.0,False
4616282,ROUTE 169 S - MLK WALKER STREET,control,2023-12-01,744,0,0.0,False
4616282,ROUTE 169 S - MLK WALKER STREET,control,2024-01-01,682,429,0.629032,True
4616282,ROUTE 169 S - MLK WALKER STREET,control,2024-02-01,416,416,1.0,True
4616282,ROUTE 169 S - MLK WALKER STREET,control,2024-03-01,717,690,0.962343,True
4616282,ROUTE 169 S - MLK WALKER STREET,control,2024-04-01,720,595,0.826389,True
4616282,ROUTE 169 S - MLK WALKER STREET,control,2024-05-01,744,452,0.607527,True
4616282,ROUTE 169 S - MLK WALKER STREET,control,2024-06-01,720,218,0.302778,True
4616282,ROUTE 169 S - MLK WALKER STREET,control,2024-07-01,729,31,0.042524,True
4616282,ROUTE 169 S - MLK WALKER STREET,control,2024-08-01,701,99,0.141227,True
4616282,ROUTE 169 S - MLK WALKER STREET,control,2024-09-01,720,242,0.336111,True
4616282,ROUTE 169 S - MLK WALKER STREET,control,2024-10-01,744,42,0.056452,True
4616282,ROUTE 169 S - MLK WALKER STREET,control,2024-11-01,719,0,0.0,False
4616282,ROUTE 169 S - MLK WALKER STREET,control,2024-12-01,606,0,0.0,False
4616282,ROUTE 169 S - MLK WALKER STREET,control,2025-01-01,744,64,0.086022,True
4616282,ROUTE 169 S - MLK WALKER STREET,control,2025-02-01,672,275,0.409226,True
4616282,ROUTE 169 S - MLK WALKER STREET,control,2025-03-01,743,45,0.060565,True
4616282,ROUTE 169 S - MLK WALKER STREET,control,2025-04-01,720,528,0.733333,True
4616282,ROUTE 169 S - MLK WALKER STREET,control,2025-05-01,744,103,0.138441,True
4616282,ROUTE 169 S - MLK WALKER STREET,control,2025-06-01,700,71,0.101429,True
4616282,ROUTE 169 S - MLK WALKER STREET,control,2025-07-01,744,0,0.0,False
4616282,ROUTE 169 S - MLK WALKER STREET,control,2025-08-01,744,363,0.487903,True
4616282,ROUTE 169 S - MLK WALKER STREET,control,2025-09-01,720,526,0.730556,True
4616282,ROUTE 169 S - MLK WALKER STREET,control,2025-10-01,734,607,0.826975,True
4616282,ROUTE 169 S - MLK WALKER STREET,control,2025-11-01,718,482,0.671309,True
4616282,ROUTE 169 S - MLK WALKER STREET,control,2025-12-01,740,0,0.0,False
4616282,ROUTE 169 S - MLK WALKER STREET,control,2026-01-01,743,0,0.0,False
4616282,ROUTE 169 S - MLK WALKER STREET,control,2026-02-01,672,0,0.0,False
4616282,ROUTE 169 S - MLK WALKER STREET,control,2026-03-01,743,0,0.0,False
4616282,ROUTE 169 S - MLK WALKER STREET,control,2026-04-01,477,0,0.0,False
4616282,ROUTE 169 S - MLK WALKER STREET,control,2026-05-01,736,0,0.0,False
4616297,CBE E CASTLE HILL AVE - BE N WATERBURY AVE,control,2023-01-01,557,557,1.0,True
4616297,CBE E CASTLE HILL AVE - BE N WATERBURY AVE,control,2023-02-01,661,661,1.0,True
4616297,CBE E CASTLE HILL AVE - BE N WATERBURY AVE,control,2023-03-01,743,743,1.0,True
4616297,CBE E CASTLE HILL AVE - BE N WATERBURY AVE,control,2023-04-01,720,720,1.0,True
4616297,CBE E CASTLE HILL AVE - BE N WATERBURY AVE,control,2023-05-01,468,468,1.0,True
4616297,CBE E CASTLE HILL AVE - BE N WATERBURY AVE,control,2023-06-01,541,541,1.0,True
4616297,CBE E CASTLE HILL AVE - BE N WATERBURY AVE,control,2023-07-01,629,629,1.0,True
4616297,CBE E CASTLE HILL AVE - BE N WATERBURY AVE,control,2023-08-01,741,741,1.0,True
4616297,CBE E CASTLE HILL AVE - BE N WATERBURY AVE,control,2023-09-01,708,708,1.0,True
4616297,CBE E CASTLE HILL AVE - BE N WATERBURY AVE,control,2023-10-01,744,744,1.0,True
4616297,CBE E CASTLE HILL AVE - BE N WATERBURY AVE,control,2023-11-01,706,706,1.0,True
4616297,CBE E CASTLE HILL AVE - BE N WATERBURY AVE,control,2023-12-01,744,744,1.0,True
4616297,CBE E CASTLE HILL AVE - BE N WATERBURY AVE,control,2024-01-01,682,682,1.0,True
4616297,CBE E CASTLE HILL AVE - BE N WATERBURY AVE,control,2024-02-01,416,416,1.0,True
4616297,CBE E CASTLE HILL AVE - BE N WATERBURY AVE,control,2024-03-01,717,717,1.0,True
4616297,CBE E CASTLE HILL AVE - BE N WATERBURY AVE,control,2024-04-01,720,720,1.0,True
4616297,CBE E CASTLE HILL AVE - BE N WATERBURY AVE,control,2024-05-01,744,744,1.0,True
4616297,CBE E CASTLE HILL AVE - BE N WATERBURY AVE,control,2024-06-01,720,720,1.0,True
4616297,CBE E CASTLE HILL AVE - BE N WATERBURY AVE,control,2024-07-01,729,729,1.0,True
4616297,CBE E CASTLE HILL AVE - BE N WATERBURY AVE,control,2024-08-01,701,701,1.0,True
4616297,CBE E CASTLE HILL AVE - BE N WATERBURY AVE,control,2024-09-01,720,720,1.0,True
4616297,CBE E CASTLE HILL AVE - BE N WATERBURY AVE,control,2024-10-01,744,744,1.0,True
4616297,CBE E CASTLE HILL AVE - BE N WATERBURY AVE,control,2024-11-01,719,715,0.994437,True
4616297,CBE E CASTLE HILL AVE - BE N WATERBURY AVE,control,2024-12-01,606,606,1.0,True
4616297,CBE E CASTLE HILL AVE - BE N WATERBURY AVE,control,2025-01-01,744,744,1.0,True
4616297,CBE E CASTLE HILL AVE - BE N WATERBURY AVE,control,2025-02-01,672,672,1.0,True
4616297,CBE E CASTLE HILL AVE - BE N WATERBURY AVE,control,2025-03-01,743,743,1.0,True
4616297,CBE E CASTLE HILL AVE - BE N WATERBURY AVE,control,2025-04-01,720,720,1.0,True
4616297,CBE E CASTLE HILL AVE - BE N WATERBURY AVE,control,2025-05-01,744,744,1.0,True
4616297,CBE E CASTLE HILL AVE - BE N WATERBURY AVE,control,2025-06-01,700,700,1.0,True
4616297,CBE E CASTLE HILL AVE - BE N WATERBURY AVE,control,2025-07-01,744,744,1.0,True
4616297,CBE E CASTLE HILL AVE - BE N WATERBURY AVE,control,2025-08-01,744,744,1.0,True
4616297,CBE E CASTLE HILL AVE - BE N WATERBURY AVE,control,2025-09-01,720,720,1.0,True
4616297,CBE E CASTLE HILL AVE - BE N WATERBURY AVE,control,2025-10-01,734,733,0.998638,True
4616297,CBE E CASTLE HILL AVE - BE N WATERBURY AVE,control,2025-11-01,718,718,1.0,True
4616297,CBE E CASTLE HILL AVE - BE N WATERBURY AVE,control,2025-12-01,740,740,1.0,True
4616297,CBE E CASTLE HILL AVE - BE N WATERBURY AVE,control,2026-01-01,743,743,1.0,True
4616297,CBE E CASTLE HILL AVE - BE N WATERBURY AVE,control,2026-02-01,672,672,1.0,True
4616297,CBE E CASTLE HILL AVE - BE N WATERBURY AVE,control,2026-03-01,743,743,1.0,True
4616297,CBE E CASTLE HILL AVE - BE N WATERBURY AVE,control,2026-04-01,477,395,0.828092,True
4616297,CBE E CASTLE HILL AVE - BE N WATERBURY AVE,control,2026-05-01,736,731,0.993207,True
4616298,VWE N MP4.63 (Exit 6 - Jamaica Ave) - MP6.39 (Exit 11 Jewel Ave),control,2023-01-01,557,557,1.0,True
4616298,VWE N MP4.63 (Exit 6 - Jamaica Ave) - MP6.39 (Exit 11 Jewel Ave),control,2023-02-01,661,661,1.0,True
4616298,VWE N MP4.63 (Exit 6 - Jamaica Ave) - MP6.39 (Exit 11 Jewel Ave),control,2023-03-01,743,743,1.0,True
4616298,VWE N MP4.63 (Exit 6 - Jamaica Ave) - MP6.39 (Exit 11 Jewel Ave),control,2023-04-01,720,719,0.998611,True
4616298,VWE N MP4.63 (Exit 6 - Jamaica Ave) - MP6.39 (Exit 11 Jewel Ave),control,2023-05-01,468,468,1.0,True
4616298,VWE N MP4.63 (Exit 6 - Jamaica Ave) - MP6.39 (Exit 11 Jewel Ave),control,2023-06-01,541,541,1.0,True
4616298,VWE N MP4.63 (Exit 6 - Jamaica Ave) - MP6.39 (Exit 11 Jewel Ave),control,2023-07-01,629,629,1.0,True
4616298,VWE N MP4.63 (Exit 6 - Jamaica Ave) - MP6.39 (Exit 11 Jewel Ave),control,2023-08-01,741,741,1.0,True
4616298,VWE N MP4.63 (Exit 6 - Jamaica Ave) - MP6.39 (Exit 11 Jewel Ave),control,2023-09-01,708,707,0.998588,True
4616298,VWE N MP4.63 (Exit 6 - Jamaica Ave) - MP6.39 (Exit 11 Jewel Ave),control,2023-10-01,744,731,0.982527,True
4616298,VWE N MP4.63 (Exit 6 - Jamaica Ave) - MP6.39 (Exit 11 Jewel Ave),control,2023-11-01,706,542,0.767705,True
4616298,VWE N MP4.63 (Exit 6 - Jamaica Ave) - MP6.39 (Exit 11 Jewel Ave),control,2023-12-01,744,744,1.0,True
4616298,VWE N MP4.63 (Exit 6 - Jamaica Ave) - MP6.39 (Exit 11 Jewel Ave),control,2024-01-01,682,682,1.0,True
4616298,VWE N MP4.63 (Exit 6 - Jamaica Ave) - MP6.39 (Exit 11 Jewel Ave),control,2024-02-01,416,415,0.997596,True
4616298,VWE N MP4.63 (Exit 6 - Jamaica Ave) - MP6.39 (Exit 11 Jewel Ave),control,2024-03-01,717,717,1.0,True
4616298,VWE N MP4.63 (Exit 6 - Jamaica Ave) - MP6.39 (Exit 11 Jewel Ave),control,2024-04-01,720,705,0.979167,True
4616298,VWE N MP4.63 (Exit 6 - Jamaica Ave) - MP6.39 (Exit 11 Jewel Ave),control,2024-05-01,744,744,1.0,True
4616298,VWE N MP4.63 (Exit 6 - Jamaica Ave) - MP6.39 (Exit 11 Jewel Ave),control,2024-06-01,720,720,1.0,True
4616298,VWE N MP4.63 (Exit 6 - Jamaica Ave) - MP6.39 (Exit 11 Jewel Ave),control,2024-07-01,729,729,1.0,True
4616298,VWE N MP4.63 (Exit 6 - Jamaica Ave) - MP6.39 (Exit 11 Jewel Ave),control,2024-08-01,701,701,1.0,True
4616298,VWE N MP4.63 (Exit 6 - Jamaica Ave) - MP6.39 (Exit 11 Jewel Ave),control,2024-09-01,720,720,1.0,True
4616298,VWE N MP4.63 (Exit 6 - Jamaica Ave) - MP6.39 (Exit 11 Jewel Ave),control,2024-10-01,744,744,1.0,True
4616298,VWE N MP4.63 (Exit 6 - Jamaica Ave) - MP6.39 (Exit 11 Jewel Ave),control,2024-11-01,719,719,1.0,True
4616298,VWE N MP4.63 (Exit 6 - Jamaica Ave) - MP6.39 (Exit 11 Jewel Ave),control,2024-12-01,606,606,1.0,True
4616298,VWE N MP4.63 (Exit 6 - Jamaica Ave) - MP6.39 (Exit 11 Jewel Ave),control,2025-01-01,744,738,0.991935,True
4616298,VWE N MP4.63 (Exit 6 - Jamaica Ave) - MP6.39 (Exit 11 Jewel Ave),control,2025-02-01,672,672,1.0,True
4616298,VWE N MP4.63 (Exit 6 - Jamaica Ave) - MP6.39 (Exit 11 Jewel Ave),control,2025-03-01,743,743,1.0,True
4616298,VWE N MP4.63 (Exit 6 - Jamaica Ave) - MP6.39 (Exit 11 Jewel Ave),control,2025-04-01,720,719,0.998611,True
4616298,VWE N MP4.63 (Exit 6 - Jamaica Ave) - MP6.39 (Exit 11 Jewel Ave),control,2025-05-01,744,744,1.0,True
4616298,VWE N MP4.63 (Exit 6 - Jamaica Ave) - MP6.39 (Exit 11 Jewel Ave),control,2025-06-01,700,695,0.992857,True
4616298,VWE N MP4.63 (Exit 6 - Jamaica Ave) - MP6.39 (Exit 11 Jewel Ave),control,2025-07-01,744,743,0.998656,True
4616298,VWE N MP4.63 (Exit 6 - Jamaica Ave) - MP6.39 (Exit 11 Jewel Ave),control,2025-08-01,744,744,1.0,True
4616298,VWE N MP4.63 (Exit 6 - Jamaica Ave) - MP6.39 (Exit 11 Jewel Ave),control,2025-09-01,720,718,0.997222,True
4616298,VWE N MP4.63 (Exit 6 - Jamaica Ave) - MP6.39 (Exit 11 Jewel Ave),control,2025-10-01,734,733,0.998638,True
4616298,VWE N MP4.63 (Exit 6 - Jamaica Ave) - MP6.39 (Exit 11 Jewel Ave),control,2025-11-01,718,707,0.98468,True
4616298,VWE N MP4.63 (Exit 6 - Jamaica Ave) - MP6.39 (Exit 11 Jewel Ave),control,2025-12-01,740,738,0.997297,True
4616298,VWE N MP4.63 (Exit 6 - Jamaica Ave) - MP6.39 (Exit 11 Jewel Ave),control,2026-01-01,743,740,0.995962,True
4616298,VWE N MP4.63 (Exit 6 - Jamaica Ave) - MP6.39 (Exit 11 Jewel Ave),control,2026-02-01,672,667,0.99256,True
4616298,VWE N MP4.63 (Exit 6 - Jamaica Ave) - MP6.39 (Exit 11 Jewel Ave),control,2026-03-01,743,724,0.974428,True
4616298,VWE N MP4.63 (Exit 6 - Jamaica Ave) - MP6.39 (Exit 11 Jewel Ave),control,2026-04-01,477,473,0.991614,True
4616298,VWE N MP4.63 (Exit 6 - Jamaica Ave) - MP6.39 (Exit 11 Jewel Ave),control,2026-05-01,736,729,0.990489,True
4616299,VWE N MP6.39 (Exit 11 Jewel Ave) - MP8.65 (Exit 13 Northern Blvd),control,2023-01-01,557,557,1.0,True
4616299,VWE N MP6.39 (Exit 11 Jewel Ave) - MP8.65 (Exit 13 Northern Blvd),control,2023-02-01,661,661,1.0,True
4616299,VWE N MP6.39 (Exit 11 Jewel Ave) - MP8.65 (Exit 13 Northern Blvd),control,2023-03-01,743,743,1.0,True
4616299,VWE N MP6.39 (Exit 11 Jewel Ave) - MP8.65 (Exit 13 Northern Blvd),control,2023-04-01,720,720,1.0,True
4616299,VWE N MP6.39 (Exit 11 Jewel Ave) - MP8.65 (Exit 13 Northern Blvd),control,2023-05-01,468,468,1.0,True
4616299,VWE N MP6.39 (Exit 11 Jewel Ave) - MP8.65 (Exit 13 Northern Blvd),control,2023-06-01,541,541,1.0,True
4616299,VWE N MP6.39 (Exit 11 Jewel Ave) - MP8.65 (Exit 13 Northern Blvd),control,2023-07-01,629,629,1.0,True
4616299,VWE N MP6.39 (Exit 11 Jewel Ave) - MP8.65 (Exit 13 Northern Blvd),control,2023-08-01,741,741,1.0,True
4616299,VWE N MP6.39 (Exit 11 Jewel Ave) - MP8.65 (Exit 13 Northern Blvd),control,2023-09-01,708,708,1.0,True
4616299,VWE N MP6.39 (Exit 11 Jewel Ave) - MP8.65 (Exit 13 Northern Blvd),control,2023-10-01,744,743,0.998656,True
4616299,VWE N MP6.39 (Exit 11 Jewel Ave) - MP8.65 (Exit 13 Northern Blvd),control,2023-11-01,706,706,1.0,True
4616299,VWE N MP6.39 (Exit 11 Jewel Ave) - MP8.65 (Exit 13 Northern Blvd),control,2023-12-01,744,744,1.0,True
4616299,VWE N MP6.39 (Exit 11 Jewel Ave) - MP8.65 (Exit 13 Northern Blvd),control,2024-01-01,682,682,1.0,True
4616299,VWE N MP6.39 (Exit 11 Jewel Ave) - MP8.65 (Exit 13 Northern Blvd),control,2024-02-01,416,416,1.0,True
4616299,VWE N MP6.39 (Exit 11 Jewel Ave) - MP8.65 (Exit 13 Northern Blvd),control,2024-03-01,717,717,1.0,True
4616299,VWE N MP6.39 (Exit 11 Jewel Ave) - MP8.65 (Exit 13 Northern Blvd),control,2024-04-01,720,720,1.0,True
4616299,VWE N MP6.39 (Exit 11 Jewel Ave) - MP8.65 (Exit 13 Northern Blvd),control,2024-05-01,744,744,1.0,True
4616299,VWE N MP6.39 (Exit 11 Jewel Ave) - MP8.65 (Exit 13 Northern Blvd),control,2024-06-01,720,720,1.0,True
4616299,VWE N MP6.39 (Exit 11 Jewel Ave) - MP8.65 (Exit 13 Northern Blvd),control,2024-07-01,729,729,1.0,True
4616299,VWE N MP6.39 (Exit 11 Jewel Ave) - MP8.65 (Exit 13 Northern Blvd),control,2024-08-01,701,701,1.0,True
4616299,VWE N MP6.39 (Exit 11 Jewel Ave) - MP8.65 (Exit 13 Northern Blvd),control,2024-09-01,720,720,1.0,True
4616299,VWE N MP6.39 (Exit 11 Jewel Ave) - MP8.65 (Exit 13 Northern Blvd),control,2024-10-01,744,742,0.997312,True
4616299,VWE N MP6.39 (Exit 11 Jewel Ave) - MP8.65 (Exit 13 Northern Blvd),control,2024-11-01,719,719,1.0,True
4616299,VWE N MP6.39 (Exit 11 Jewel Ave) - MP8.65 (Exit 13 Northern Blvd),control,2024-12-01,606,606,1.0,True
4616299,VWE N MP6.39 (Exit 11 Jewel Ave) - MP8.65 (Exit 13 Northern Blvd),control,2025-01-01,744,744,1.0,True
4616299,VWE N MP6.39 (Exit 11 Jewel Ave) - MP8.65 (Exit 13 Northern Blvd),control,2025-02-01,672,672,1.0,True
4616299,VWE N MP6.39 (Exit 11 Jewel Ave) - MP8.65 (Exit 13 Northern Blvd),control,2025-03-01,743,743,1.0,True
4616299,VWE N MP6.39 (Exit 11 Jewel Ave) - MP8.65 (Exit 13 Northern Blvd),control,2025-04-01,720,720,1.0,True
4616299,VWE N MP6.39 (Exit 11 Jewel Ave) - MP8.65 (Exit 13 Northern Blvd),control,2025-05-01,744,742,0.997312,True
4616299,VWE N MP6.39 (Exit 11 Jewel Ave) - MP8.65 (Exit 13 Northern Blvd),control,2025-06-01,700,695,0.992857,True
4616299,VWE N MP6.39 (Exit 11 Jewel Ave) - MP8.65 (Exit 13 Northern Blvd),control,2025-07-01,744,744,1.0,True
4616299,VWE N MP6.39 (Exit 11 Jewel Ave) - MP8.65 (Exit 13 Northern Blvd),control,2025-08-01,744,744,1.0,True
4616299,VWE N MP6.39 (Exit 11 Jewel Ave) - MP8.65 (Exit 13 Northern Blvd),control,2025-09-01,720,719,0.998611,True
4616299,VWE N MP6.39 (Exit 11 Jewel Ave) - MP8.65 (Exit 13 Northern Blvd),control,2025-10-01,734,734,1.0,True
4616299,VWE N MP6.39 (Exit 11 Jewel Ave) - MP8.65 (Exit 13 Northern Blvd),control,2025-11-01,718,718,1.0,True
4616299,VWE N MP6.39 (Exit 11 Jewel Ave) - MP8.65 (Exit 13 Northern Blvd),control,2025-12-01,740,740,1.0,True
4616299,VWE N MP6.39 (Exit 11 Jewel Ave) - MP8.65 (Exit 13 Northern Blvd),control,2026-01-01,743,743,1.0,True
4616299,VWE N MP6.39 (Exit 11 Jewel Ave) - MP8.65 (Exit 13 Northern Blvd),control,2026-02-01,672,672,1.0,True
4616299,VWE N MP6.39 (Exit 11 Jewel Ave) - MP8.65 (Exit 13 Northern Blvd),control,2026-03-01,743,739,0.994616,True
4616299,VWE N MP6.39 (Exit 11 Jewel Ave) - MP8.65 (Exit 13 Northern Blvd),control,2026-04-01,477,473,0.991614,True
4616299,VWE N MP6.39 (Exit 11 Jewel Ave) - MP8.65 (Exit 13 Northern Blvd),control,2026-05-01,736,730,0.991848,True
4616300,VWE N MP8.64 (Exit 13 Northern Blvd) - Whitestone Expwy Exit 14 (Linden Pl),control,2023-01-01,557,557,1.0,True
4616300,VWE N MP8.64 (Exit 13 Northern Blvd) - Whitestone Expwy Exit 14 (Linden Pl),control,2023-02-01,661,661,1.0,True
4616300,VWE N MP8.64 (Exit 13 Northern Blvd) - Whitestone Expwy Exit 14 (Linden Pl),control,2023-03-01,743,743,1.0,True
4616300,VWE N MP8.64 (Exit 13 Northern Blvd) - Whitestone Expwy Exit 14 (Linden Pl),control,2023-04-01,720,720,1.0,True
4616300,VWE N MP8.64 (Exit 13 Northern Blvd) - Whitestone Expwy Exit 14 (Linden Pl),control,2023-05-01,468,468,1.0,True
4616300,VWE N MP8.64 (Exit 13 Northern Blvd) - Whitestone Expwy Exit 14 (Linden Pl),control,2023-06-01,541,541,1.0,True
4616300,VWE N MP8.64 (Exit 13 Northern Blvd) - Whitestone Expwy Exit 14 (Linden Pl),control,2023-07-01,629,629,1.0,True
4616300,VWE N MP8.64 (Exit 13 Northern Blvd) - Whitestone Expwy Exit 14 (Linden Pl),control,2023-08-01,741,741,1.0,True
4616300,VWE N MP8.64 (Exit 13 Northern Blvd) - Whitestone Expwy Exit 14 (Linden Pl),control,2023-09-01,708,708,1.0,True
4616300,VWE N MP8.64 (Exit 13 Northern Blvd) - Whitestone Expwy Exit 14 (Linden Pl),control,2023-10-01,744,742,0.997312,True
4616300,VWE N MP8.64 (Exit 13 Northern Blvd) - Whitestone Expwy Exit 14 (Linden Pl),control,2023-11-01,706,706,1.0,True
4616300,VWE N MP8.64 (Exit 13 Northern Blvd) - Whitestone Expwy Exit 14 (Linden Pl),control,2023-12-01,744,744,1.0,True
4616300,VWE N MP8.64 (Exit 13 Northern Blvd) - Whitestone Expwy Exit 14 (Linden Pl),control,2024-01-01,682,682,1.0,True
4616300,VWE N MP8.64 (Exit 13 Northern Blvd) - Whitestone Expwy Exit 14 (Linden Pl),control,2024-02-01,416,416,1.0,True
4616300,VWE N MP8.64 (Exit 13 Northern Blvd) - Whitestone Expwy Exit 14 (Linden Pl),control,2024-03-01,717,717,1.0,True
4616300,VWE N MP8.64 (Exit 13 Northern Blvd) - Whitestone Expwy Exit 14 (Linden Pl),control,2024-04-01,720,720,1.0,True
4616300,VWE N MP8.64 (Exit 13 Northern Blvd) - Whitestone Expwy Exit 14 (Linden Pl),control,2024-05-01,744,744,1.0,True
4616300,VWE N MP8.64 (Exit 13 Northern Blvd) - Whitestone Expwy Exit 14 (Linden Pl),control,2024-06-01,720,720,1.0,True
4616300,VWE N MP8.64 (Exit 13 Northern Blvd) - Whitestone Expwy Exit 14 (Linden Pl),control,2024-07-01,729,729,1.0,True
4616300,VWE N MP8.64 (Exit 13 Northern Blvd) - Whitestone Expwy Exit 14 (Linden Pl),control,2024-08-01,701,701,1.0,True
4616300,VWE N MP8.64 (Exit 13 Northern Blvd) - Whitestone Expwy Exit 14 (Linden Pl),control,2024-09-01,720,720,1.0,True
4616300,VWE N MP8.64 (Exit 13 Northern Blvd) - Whitestone Expwy Exit 14 (Linden Pl),control,2024-10-01,744,742,0.997312,True
4616300,VWE N MP8.64 (Exit 13 Northern Blvd) - Whitestone Expwy Exit 14 (Linden Pl),control,2024-11-01,719,719,1.0,True
4616300,VWE N MP8.64 (Exit 13 Northern Blvd) - Whitestone Expwy Exit 14 (Linden Pl),control,2024-12-01,606,606,1.0,True
4616300,VWE N MP8.64 (Exit 13 Northern Blvd) - Whitestone Expwy Exit 14 (Linden Pl),control,2025-01-01,744,744,1.0,True
4616300,VWE N MP8.64 (Exit 13 Northern Blvd) - Whitestone Expwy Exit 14 (Linden Pl),control,2025-02-01,672,672,1.0,True
4616300,VWE N MP8.64 (Exit 13 Northern Blvd) - Whitestone Expwy Exit 14 (Linden Pl),control,2025-03-01,743,743,1.0,True
4616300,VWE N MP8.64 (Exit 13 Northern Blvd) - Whitestone Expwy Exit 14 (Linden Pl),control,2025-04-01,720,720,1.0,True
4616300,VWE N MP8.64 (Exit 13 Northern Blvd) - Whitestone Expwy Exit 14 (Linden Pl),control,2025-05-01,744,742,0.997312,True
4616300,VWE N MP8.64 (Exit 13 Northern Blvd) - Whitestone Expwy Exit 14 (Linden Pl),control,2025-06-01,700,695,0.992857,True
4616300,VWE N MP8.64 (Exit 13 Northern Blvd) - Whitestone Expwy Exit 14 (Linden Pl),control,2025-07-01,744,744,1.0,True
4616300,VWE N MP8.64 (Exit 13 Northern Blvd) - Whitestone Expwy Exit 14 (Linden Pl),control,2025-08-01,744,744,1.0,True
4616300,VWE N MP8.64 (Exit 13 Northern Blvd) - Whitestone Expwy Exit 14 (Linden Pl),control,2025-09-01,720,720,1.0,True
4616300,VWE N MP8.64 (Exit 13 Northern Blvd) - Whitestone Expwy Exit 14 (Linden Pl),control,2025-10-01,734,734,1.0,True
4616300,VWE N MP8.64 (Exit 13 Northern Blvd) - Whitestone Expwy Exit 14 (Linden Pl),control,2025-11-01,718,718,1.0,True
4616300,VWE N MP8.64 (Exit 13 Northern Blvd) - Whitestone Expwy Exit 14 (Linden Pl),control,2025-12-01,740,740,1.0,True
4616300,VWE N MP8.64 (Exit 13 Northern Blvd) - Whitestone Expwy Exit 14 (Linden Pl),control,2026-01-01,743,743,1.0,True
4616300,VWE N MP8.64 (Exit 13 Northern Blvd) - Whitestone Expwy Exit 14 (Linden Pl),control,2026-02-01,672,672,1.0,True
4616300,VWE N MP8.64 (Exit 13 Northern Blvd) - Whitestone Expwy Exit 14 (Linden Pl),control,2026-03-01,743,743,1.0,True
4616300,VWE N MP8.64 (Exit 13 Northern Blvd) - Whitestone Expwy Exit 14 (Linden Pl),control,2026-04-01,477,477,1.0,True
4616300,VWE N MP8.64 (Exit 13 Northern Blvd) - Whitestone Expwy Exit 14 (Linden Pl),control,2026-05-01,736,731,0.993207,True
4616305,BWB N Toll Plaza - HRP N Lafayatte Ave,control,2023-01-01,557,557,1.0,True
4616305,BWB N Toll Plaza - HRP N Lafayatte Ave,control,2023-02-01,661,661,1.0,True
4616305,BWB N Toll Plaza - HRP N Lafayatte Ave,control,2023-03-01,743,739,0.994616,True
4616305,BWB N Toll Plaza - HRP N Lafayatte Ave,control,2023-04-01,720,716,0.994444,True
4616305,BWB N Toll Plaza - HRP N Lafayatte Ave,control,2023-05-01,468,467,0.997863,True
4616305,BWB N Toll Plaza - HRP N Lafayatte Ave,control,2023-06-01,541,541,1.0,True
4616305,BWB N Toll Plaza - HRP N Lafayatte Ave,control,2023-07-01,629,629,1.0,True
4616305,BWB N Toll Plaza - HRP N Lafayatte Ave,control,2023-08-01,741,741,1.0,True
4616305,BWB N Toll Plaza - HRP N Lafayatte Ave,control,2023-09-01,708,701,0.990113,True
4616305,BWB N Toll Plaza - HRP N Lafayatte Ave,control,2023-10-01,744,737,0.990591,True
4616305,BWB N Toll Plaza - HRP N Lafayatte Ave,control,2023-11-01,706,542,0.767705,True
4616305,BWB N Toll Plaza - HRP N Lafayatte Ave,control,2023-12-01,744,744,1.0,True
4616305,BWB N Toll Plaza - HRP N Lafayatte Ave,control,2024-01-01,682,682,1.0,True
4616305,BWB N Toll Plaza - HRP N Lafayatte Ave,control,2024-02-01,416,416,1.0,True
4616305,BWB N Toll Plaza - HRP N Lafayatte Ave,control,2024-03-01,717,717,1.0,True
4616305,BWB N Toll Plaza - HRP N Lafayatte Ave,control,2024-04-01,720,717,0.995833,True
4616305,BWB N Toll Plaza - HRP N Lafayatte Ave,control,2024-05-01,744,740,0.994624,True
4616305,BWB N Toll Plaza - HRP N Lafayatte Ave,control,2024-06-01,720,720,1.0,True
4616305,BWB N Toll Plaza - HRP N Lafayatte Ave,control,2024-07-01,729,718,0.984911,True
4616305,BWB N Toll Plaza - HRP N Lafayatte Ave,control,2024-08-01,701,686,0.978602,True
4616305,BWB N Toll Plaza - HRP N Lafayatte Ave,control,2024-09-01,720,720,1.0,True
4616305,BWB N Toll Plaza - HRP N Lafayatte Ave,control,2024-10-01,744,744,1.0,True
4616305,BWB N Toll Plaza - HRP N Lafayatte Ave,control,2024-11-01,719,680,0.945758,True
4616305,BWB N Toll Plaza - HRP N Lafayatte Ave,control,2024-12-01,606,605,0.99835,True
4616305,BWB N Toll Plaza - HRP N Lafayatte Ave,control,2025-01-01,744,739,0.99328,True
4616305,BWB N Toll Plaza - HRP N Lafayatte Ave,control,2025-02-01,672,672,1.0,True
4616305,BWB N Toll Plaza - HRP N Lafayatte Ave,control,2025-03-01,743,732,0.985195,True
4616305,BWB N Toll Plaza - HRP N Lafayatte Ave,control,2025-04-01,720,718,0.997222,True
4616305,BWB N Toll Plaza - HRP N Lafayatte Ave,control,2025-05-01,744,740,0.994624,True
4616305,BWB N Toll Plaza - HRP N Lafayatte Ave,control,2025-06-01,700,696,0.994286,True
4616305,BWB N Toll Plaza - HRP N Lafayatte Ave,control,2025-07-01,744,744,1.0,True
4616305,BWB N Toll Plaza - HRP N Lafayatte Ave,control,2025-08-01,744,740,0.994624,True
4616305,BWB N Toll Plaza - HRP N Lafayatte Ave,control,2025-09-01,720,694,0.963889,True
4616305,BWB N Toll Plaza - HRP N Lafayatte Ave,control,2025-10-01,734,719,0.979564,True
4616305,BWB N Toll Plaza - HRP N Lafayatte Ave,control,2025-11-01,718,653,0.909471,True
4616305,BWB N Toll Plaza - HRP N Lafayatte Ave,control,2025-12-01,740,698,0.943243,True
4616305,BWB N Toll Plaza - HRP N Lafayatte Ave,control,2026-01-01,743,692,0.931359,True
4616305,BWB N Toll Plaza - HRP N Lafayatte Ave,control,2026-02-01,672,624,0.928571,True
4616305,BWB N Toll Plaza - HRP N Lafayatte Ave,control,2026-03-01,743,334,0.449529,True
4616305,BWB N Toll Plaza - HRP N Lafayatte Ave,control,2026-04-01,477,445,0.932914,True
4616305,BWB N Toll Plaza - HRP N Lafayatte Ave,control,2026-05-01,736,174,0.236413,True
4616309,CBE E AMSTERDAM AVE(U/LVL) - MORRIS AVE,control,2023-01-01,557,557,1.0,True
4616309,CBE E AMSTERDAM AVE(U/LVL) - MORRIS AVE,control,2023-02-01,661,661,1.0,True
4616309,CBE E AMSTERDAM AVE(U/LVL) - MORRIS AVE,control,2023-03-01,743,743,1.0,True
4616309,CBE E AMSTERDAM AVE(U/LVL) - MORRIS AVE,control,2023-04-01,720,720,1.0,True
4616309,CBE E AMSTERDAM AVE(U/LVL) - MORRIS AVE,control,2023-05-01,468,468,1.0,True
4616309,CBE E AMSTERDAM AVE(U/LVL) - MORRIS AVE,control,2023-06-01,541,540,0.998152,True
4616309,CBE E AMSTERDAM AVE(U/LVL) - MORRIS AVE,control,2023-07-01,629,627,0.99682,True
4616309,CBE E AMSTERDAM AVE(U/LVL) - MORRIS AVE,control,2023-08-01,741,737,0.994602,True
4616309,CBE E AMSTERDAM AVE(U/LVL) - MORRIS AVE,control,2023-09-01,708,703,0.992938,True
4616309,CBE E AMSTERDAM AVE(U/LVL) - MORRIS AVE,control,2023-10-01,744,735,0.987903,True
4616309,CBE E AMSTERDAM AVE(U/LVL) - MORRIS AVE,control,2023-11-01,706,542,0.767705,True
4616309,CBE E AMSTERDAM AVE(U/LVL) - MORRIS AVE,control,2023-12-01,744,744,1.0,True
4616309,CBE E AMSTERDAM AVE(U/LVL) - MORRIS AVE,control,2024-01-01,682,682,1.0,True
4616309,CBE E AMSTERDAM AVE(U/LVL) - MORRIS AVE,control,2024-02-01,416,416,1.0,True
4616309,CBE E AMSTERDAM AVE(U/LVL) - MORRIS AVE,control,2024-03-01,717,717,1.0,True
4616309,CBE E AMSTERDAM AVE(U/LVL) - MORRIS AVE,control,2024-04-01,720,705,0.979167,True
4616309,CBE E AMSTERDAM AVE(U/LVL) - MORRIS AVE,control,2024-05-01,744,744,1.0,True
4616309,CBE E AMSTERDAM AVE(U/LVL) - MORRIS AVE,control,2024-06-01,720,720,1.0,True
4616309,CBE E AMSTERDAM AVE(U/LVL) - MORRIS AVE,control,2024-07-01,729,729,1.0,True
4616309,CBE E AMSTERDAM AVE(U/LVL) - MORRIS AVE,control,2024-08-01,701,701,1.0,True
4616309,CBE E AMSTERDAM AVE(U/LVL) - MORRIS AVE,control,2024-09-01,720,720,1.0,True
4616309,CBE E AMSTERDAM AVE(U/LVL) - MORRIS AVE,control,2024-10-01,744,744,1.0,True
4616309,CBE E AMSTERDAM AVE(U/LVL) - MORRIS AVE,control,2024-11-01,719,716,0.995828,True
4616309,CBE E AMSTERDAM AVE(U/LVL) - MORRIS AVE,control,2024-12-01,606,606,1.0,True
4616309,CBE E AMSTERDAM AVE(U/LVL) - MORRIS AVE,control,2025-01-01,744,738,0.991935,True
4616309,CBE E AMSTERDAM AVE(U/LVL) - MORRIS AVE,control,2025-02-01,672,672,1.0,True
4616309,CBE E AMSTERDAM AVE(U/LVL) - MORRIS AVE,control,2025-03-01,743,678,0.912517,True
4616309,CBE E AMSTERDAM AVE(U/LVL) - MORRIS AVE,control,2025-04-01,720,704,0.977778,True
4616309,CBE E AMSTERDAM AVE(U/LVL) - MORRIS AVE,control,2025-05-01,744,744,1.0,True
4616309,CBE E AMSTERDAM AVE(U/LVL) - MORRIS AVE,control,2025-06-01,700,694,0.991429,True
4616309,CBE E AMSTERDAM AVE(U/LVL) - MORRIS AVE,control,2025-07-01,744,744,1.0,True
4616309,CBE E AMSTERDAM AVE(U/LVL) - MORRIS AVE,control,2025-08-01,744,744,1.0,True
4616309,CBE E AMSTERDAM AVE(U/LVL) - MORRIS AVE,control,2025-09-01,720,720,1.0,True
4616309,CBE E AMSTERDAM AVE(U/LVL) - MORRIS AVE,control,2025-10-01,734,733,0.998638,True
4616309,CBE E AMSTERDAM AVE(U/LVL) - MORRIS AVE,control,2025-11-01,718,711,0.990251,True
4616309,CBE E AMSTERDAM AVE(U/LVL) - MORRIS AVE,control,2025-12-01,740,739,0.998649,True
4616309,CBE E AMSTERDAM AVE(U/LVL) - MORRIS AVE,control,2026-01-01,743,743,1.0,True
4616309,CBE E AMSTERDAM AVE(U/LVL) - MORRIS AVE,control,2026-02-01,672,672,1.0,True
4616309,CBE E AMSTERDAM AVE(U/LVL) - MORRIS AVE,control,2026-03-01,743,740,0.995962,True
4616309,CBE E AMSTERDAM AVE(U/LVL) - MORRIS AVE,control,2026-04-01,477,467,0.979036,True
4616309,CBE E AMSTERDAM AVE(U/LVL) - MORRIS AVE,control,2026-05-01,736,728,0.98913,True
4616310,CBE AMSTERDAM AVE (L/LVL) - MORRIS AVE,control,2023-01-01,557,557,1.0,True
4616310,CBE AMSTERDAM AVE (L/LVL) - MORRIS AVE,control,2023-02-01,661,661,1.0,True
4616310,CBE AMSTERDAM AVE (L/LVL) - MORRIS AVE,control,2023-03-01,743,743,1.0,True
4616310,CBE AMSTERDAM AVE (L/LVL) - MORRIS AVE,control,2023-04-01,720,720,1.0,True
4616310,CBE AMSTERDAM AVE (L/LVL) - MORRIS AVE,control,2023-05-01,468,468,1.0,True
4616310,CBE AMSTERDAM AVE (L/LVL) - MORRIS AVE,control,2023-06-01,541,541,1.0,True
4616310,CBE AMSTERDAM AVE (L/LVL) - MORRIS AVE,control,2023-07-01,629,627,0.99682,True
4616310,CBE AMSTERDAM AVE (L/LVL) - MORRIS AVE,control,2023-08-01,741,740,0.99865,True
4616310,CBE AMSTERDAM AVE (L/LVL) - MORRIS AVE,control,2023-09-01,708,704,0.99435,True
4616310,CBE AMSTERDAM AVE (L/LVL) - MORRIS AVE,control,2023-10-01,744,736,0.989247,True
4616310,CBE AMSTERDAM AVE (L/LVL) - MORRIS AVE,control,2023-11-01,706,544,0.770538,True
4616310,CBE AMSTERDAM AVE (L/LVL) - MORRIS AVE,control,2023-12-01,744,744,1.0,True
4616310,CBE AMSTERDAM AVE (L/LVL) - MORRIS AVE,control,2024-01-01,682,682,1.0,True
4616310,CBE AMSTERDAM AVE (L/LVL) - MORRIS AVE,control,2024-02-01,416,416,1.0,True
4616310,CBE AMSTERDAM AVE (L/LVL) - MORRIS AVE,control,2024-03-01,717,717,1.0,True
4616310,CBE AMSTERDAM AVE (L/LVL) - MORRIS AVE,control,2024-04-01,720,705,0.979167,True
4616310,CBE AMSTERDAM AVE (L/LVL) - MORRIS AVE,control,2024-05-01,744,744,1.0,True
4616310,CBE AMSTERDAM AVE (L/LVL) - MORRIS AVE,control,2024-06-01,720,720,1.0,True
4616310,CBE AMSTERDAM AVE (L/LVL) - MORRIS AVE,control,2024-07-01,729,729,1.0,True
4616310,CBE AMSTERDAM AVE (L/LVL) - MORRIS AVE,control,2024-08-01,701,701,1.0,True
4616310,CBE AMSTERDAM AVE (L/LVL) - MORRIS AVE,control,2024-09-01,720,720,1.0,True
4616310,CBE AMSTERDAM AVE (L/LVL) - MORRIS AVE,control,2024-10-01,744,744,1.0,True
4616310,CBE AMSTERDAM AVE (L/LVL) - MORRIS AVE,control,2024-11-01,719,716,0.995828,True
4616310,CBE AMSTERDAM AVE (L/LVL) - MORRIS AVE,control,2024-12-01,606,606,1.0,True
4616310,CBE AMSTERDAM AVE (L/LVL) - MORRIS AVE,control,2025-01-01,744,739,0.99328,True
4616310,CBE AMSTERDAM AVE (L/LVL) - MORRIS AVE,control,2025-02-01,672,672,1.0,True
4616310,CBE AMSTERDAM AVE (L/LVL) - MORRIS AVE,control,2025-03-01,743,678,0.912517,True
4616310,CBE AMSTERDAM AVE (L/LVL) - MORRIS AVE,control,2025-04-01,720,704,0.977778,True
4616310,CBE AMSTERDAM AVE (L/LVL) - MORRIS AVE,control,2025-05-01,744,744,1.0,True
4616310,CBE AMSTERDAM AVE (L/LVL) - MORRIS AVE,control,2025-06-01,700,694,0.991429,True
4616310,CBE AMSTERDAM AVE (L/LVL) - MORRIS AVE,control,2025-07-01,744,744,1.0,True
4616310,CBE AMSTERDAM AVE (L/LVL) - MORRIS AVE,control,2025-08-01,744,744,1.0,True
4616310,CBE AMSTERDAM AVE (L/LVL) - MORRIS AVE,control,2025-09-01,720,720,1.0,True
4616310,CBE AMSTERDAM AVE (L/LVL) - MORRIS AVE,control,2025-10-01,734,734,1.0,True
4616310,CBE AMSTERDAM AVE (L/LVL) - MORRIS AVE,control,2025-11-01,718,712,0.991643,True
4616310,CBE AMSTERDAM AVE (L/LVL) - MORRIS AVE,control,2025-12-01,740,739,0.998649,True
4616310,CBE AMSTERDAM AVE (L/LVL) - MORRIS AVE,control,2026-01-01,743,741,0.997308,True
4616310,CBE AMSTERDAM AVE (L/LVL) - MORRIS AVE,control,2026-02-01,672,672,1.0,True
4616310,CBE AMSTERDAM AVE (L/LVL) - MORRIS AVE,control,2026-03-01,743,741,0.997308,True
4616310,CBE AMSTERDAM AVE (L/LVL) - MORRIS AVE,control,2026-04-01,477,467,0.979036,True
4616310,CBE AMSTERDAM AVE (L/LVL) - MORRIS AVE,control,2026-05-01,736,728,0.98913,True
4616312,BWB S Queens Anchorage - WSE S Exit 14 (Linden Pl),control,2023-01-01,557,557,1.0,True
4616312,BWB S Queens Anchorage - WSE S Exit 14 (Linden Pl),control,2023-02-01,661,661,1.0,True
4616312,BWB S Queens Anchorage - WSE S Exit 14 (Linden Pl),control,2023-03-01,743,743,1.0,True
4616312,BWB S Queens Anchorage - WSE S Exit 14 (Linden Pl),control,2023-04-01,720,720,1.0,True
4616312,BWB S Queens Anchorage - WSE S Exit 14 (Linden Pl),control,2023-05-01,468,468,1.0,True
4616312,BWB S Queens Anchorage - WSE S Exit 14 (Linden Pl),control,2023-06-01,541,541,1.0,True
4616312,BWB S Queens Anchorage - WSE S Exit 14 (Linden Pl),control,2023-07-01,629,629,1.0,True
4616312,BWB S Queens Anchorage - WSE S Exit 14 (Linden Pl),control,2023-08-01,741,741,1.0,True
4616312,BWB S Queens Anchorage - WSE S Exit 14 (Linden Pl),control,2023-09-01,708,703,0.992938,True
4616312,BWB S Queens Anchorage - WSE S Exit 14 (Linden Pl),control,2023-10-01,744,735,0.987903,True
4616312,BWB S Queens Anchorage - WSE S Exit 14 (Linden Pl),control,2023-11-01,706,542,0.767705,True
4616312,BWB S Queens Anchorage - WSE S Exit 14 (Linden Pl),control,2023-12-01,744,744,1.0,True
4616312,BWB S Queens Anchorage - WSE S Exit 14 (Linden Pl),control,2024-01-01,682,682,1.0,True
4616312,BWB S Queens Anchorage - WSE S Exit 14 (Linden Pl),control,2024-02-01,416,416,1.0,True
4616312,BWB S Queens Anchorage - WSE S Exit 14 (Linden Pl),control,2024-03-01,717,717,1.0,True
4616312,BWB S Queens Anchorage - WSE S Exit 14 (Linden Pl),control,2024-04-01,720,720,1.0,True
4616312,BWB S Queens Anchorage - WSE S Exit 14 (Linden Pl),control,2024-05-01,744,744,1.0,True
4616312,BWB S Queens Anchorage - WSE S Exit 14 (Linden Pl),control,2024-06-01,720,720,1.0,True
4616312,BWB S Queens Anchorage - WSE S Exit 14 (Linden Pl),control,2024-07-01,729,729,1.0,True
4616312,BWB S Queens Anchorage - WSE S Exit 14 (Linden Pl),control,2024-08-01,701,690,0.984308,True
4616312,BWB S Queens Anchorage - WSE S Exit 14 (Linden Pl),control,2024-09-01,720,720,1.0,True
4616312,BWB S Queens Anchorage - WSE S Exit 14 (Linden Pl),control,2024-10-01,744,744,1.0,True
4616312,BWB S Queens Anchorage - WSE S Exit 14 (Linden Pl),control,2024-11-01,719,719,1.0,True
4616312,BWB S Queens Anchorage - WSE S Exit 14 (Linden Pl),control,2024-12-01,606,606,1.0,True
4616312,BWB S Queens Anchorage - WSE S Exit 14 (Linden Pl),control,2025-01-01,744,744,1.0,True
4616312,BWB S Queens Anchorage - WSE S Exit 14 (Linden Pl),control,2025-02-01,672,672,1.0,True
4616312,BWB S Queens Anchorage - WSE S Exit 14 (Linden Pl),control,2025-03-01,743,739,0.994616,True
4616312,BWB S Queens Anchorage - WSE S Exit 14 (Linden Pl),control,2025-04-01,720,718,0.997222,True
4616312,BWB S Queens Anchorage - WSE S Exit 14 (Linden Pl),control,2025-05-01,744,740,0.994624,True
4616312,BWB S Queens Anchorage - WSE S Exit 14 (Linden Pl),control,2025-06-01,700,700,1.0,True
4616312,BWB S Queens Anchorage - WSE S Exit 14 (Linden Pl),control,2025-07-01,744,744,1.0,True
4616312,BWB S Queens Anchorage - WSE S Exit 14 (Linden Pl),control,2025-08-01,744,744,1.0,True
4616312,BWB S Queens Anchorage - WSE S Exit 14 (Linden Pl),control,2025-09-01,720,720,1.0,True
4616312,BWB S Queens Anchorage - WSE S Exit 14 (Linden Pl),control,2025-10-01,734,734,1.0,True
4616312,BWB S Queens Anchorage - WSE S Exit 14 (Linden Pl),control,2025-11-01,718,714,0.994429,True
4616312,BWB S Queens Anchorage - WSE S Exit 14 (Linden Pl),control,2025-12-01,740,740,1.0,True
4616312,BWB S Queens Anchorage - WSE S Exit 14 (Linden Pl),control,2026-01-01,743,742,0.998654,True
4616312,BWB S Queens Anchorage - WSE S Exit 14 (Linden Pl),control,2026-02-01,672,672,1.0,True
4616312,BWB S Queens Anchorage - WSE S Exit 14 (Linden Pl),control,2026-03-01,743,361,0.485868,True
4616312,BWB S Queens Anchorage - WSE S Exit 14 (Linden Pl),control,2026-04-01,477,477,1.0,True
4616312,BWB S Queens Anchorage - WSE S Exit 14 (Linden Pl),control,2026-05-01,736,183,0.248641,True
4616318,GOW N 7TH AVENUE - 9TH STREET,control,2023-07-01,1,0,0.0,False
4616318,GOW N 7TH AVENUE - 9TH STREET,control,2023-08-01,524,524,1.0,True
4616318,GOW N 7TH AVENUE - 9TH STREET,control,2023-09-01,708,708,1.0,True
4616318,GOW N 7TH AVENUE - 9TH STREET,control,2023-10-01,744,744,1.0,True
4616318,GOW N 7TH AVENUE - 9TH STREET,control,2023-11-01,205,203,0.990244,True
4616318,GOW N 7TH AVENUE - 9TH STREET,control,2024-05-01,1,0,0.0,False
4616318,GOW N 7TH AVENUE - 9TH STREET,control,2025-06-01,495,495,1.0,True
4616318,GOW N 7TH AVENUE - 9TH STREET,control,2025-07-01,744,744,1.0,True
4616318,GOW N 7TH AVENUE - 9TH STREET,control,2025-08-01,744,744,1.0,True
4616318,GOW N 7TH AVENUE - 9TH STREET,control,2025-09-01,720,720,1.0,True
4616318,GOW N 7TH AVENUE - 9TH STREET,control,2025-10-01,734,734,1.0,True
4616318,GOW N 7TH AVENUE - 9TH STREET,control,2025-11-01,718,718,1.0,True
4616318,GOW N 7TH AVENUE - 9TH STREET,control,2025-12-01,740,740,1.0,True
4616318,GOW N 7TH AVENUE - 9TH STREET,control,2026-01-01,743,743,1.0,True
4616318,GOW N 7TH AVENUE - 9TH STREET,control,2026-02-01,672,672,1.0,True
4616318,GOW N 7TH AVENUE - 9TH STREET,control,2026-03-01,743,742,0.998654,True
4616318,GOW N 7TH AVENUE - 9TH STREET,control,2026-04-01,477,477,1.0,True
4616318,GOW N 7TH AVENUE - 9TH STREET,control,2026-05-01,736,731,0.993207,True
4616319,GOW S 9TH STREET - 7TH AVENUE,control,2023-07-01,1,0,0.0,False
4616319,GOW S 9TH STREET - 7TH AVENUE,control,2023-10-01,1,0,0.0,False
4616319,GOW S 9TH STREET - 7TH AVENUE,control,2025-06-01,495,495,1.0,True
4616319,GOW S 9TH STREET - 7TH AVENUE,control,2025-07-01,744,744,1.0,True
4616319,GOW S 9TH STREET - 7TH AVENUE,control,2025-08-01,744,744,1.0,True
4616319,GOW S 9TH STREET - 7TH AVENUE,control,2025-09-01,720,720,1.0,True
4616319,GOW S 9TH STREET - 7TH AVENUE,control,2025-10-01,734,733,0.998638,True
4616319,GOW S 9TH STREET - 7TH AVENUE,control,2025-11-01,718,717,0.998607,True
4616319,GOW S 9TH STREET - 7TH AVENUE,control,2025-12-01,740,740,1.0,True
4616319,GOW S 9TH STREET - 7TH AVENUE,control,2026-01-01,743,743,1.0,True
4616319,GOW S 9TH STREET - 7TH AVENUE,control,2026-02-01,672,672,1.0,True
4616319,GOW S 9TH STREET - 7TH AVENUE,control,2026-03-01,743,742,0.998654,True
4616319,GOW S 9TH STREET - 7TH AVENUE,control,2026-04-01,477,477,1.0,True
4616319,GOW S 9TH STREET - 7TH AVENUE,control,2026-05-01,736,732,0.994565,True
4616320,CIP N TNB - Whitestone Expwy S Exit 14 (Linden Pl),control,2023-01-01,557,557,1.0,True
4616320,CIP N TNB - Whitestone Expwy S Exit 14 (Linden Pl),control,2023-02-01,661,661,1.0,True
4616320,CIP N TNB - Whitestone Expwy S Exit 14 (Linden Pl),control,2023-03-01,743,743,1.0,True
4616320,CIP N TNB - Whitestone Expwy S Exit 14 (Linden Pl),control,2023-04-01,720,719,0.998611,True
4616320,CIP N TNB - Whitestone Expwy S Exit 14 (Linden Pl),control,2023-05-01,468,468,1.0,True
4616320,CIP N TNB - Whitestone Expwy S Exit 14 (Linden Pl),control,2023-06-01,541,541,1.0,True
4616320,CIP N TNB - Whitestone Expwy S Exit 14 (Linden Pl),control,2023-07-01,629,629,1.0,True
4616320,CIP N TNB - Whitestone Expwy S Exit 14 (Linden Pl),control,2023-08-01,741,735,0.991903,True
4616320,CIP N TNB - Whitestone Expwy S Exit 14 (Linden Pl),control,2023-09-01,708,707,0.998588,True
4616320,CIP N TNB - Whitestone Expwy S Exit 14 (Linden Pl),control,2023-10-01,744,742,0.997312,True
4616320,CIP N TNB - Whitestone Expwy S Exit 14 (Linden Pl),control,2023-11-01,706,706,1.0,True
4616320,CIP N TNB - Whitestone Expwy S Exit 14 (Linden Pl),control,2023-12-01,744,744,1.0,True
4616320,CIP N TNB - Whitestone Expwy S Exit 14 (Linden Pl),control,2024-01-01,682,682,1.0,True
4616320,CIP N TNB - Whitestone Expwy S Exit 14 (Linden Pl),control,2024-02-01,416,416,1.0,True
4616320,CIP N TNB - Whitestone Expwy S Exit 14 (Linden Pl),control,2024-03-01,717,717,1.0,True
4616320,CIP N TNB - Whitestone Expwy S Exit 14 (Linden Pl),control,2024-04-01,720,720,1.0,True
4616320,CIP N TNB - Whitestone Expwy S Exit 14 (Linden Pl),control,2024-05-01,744,744,1.0,True
4616320,CIP N TNB - Whitestone Expwy S Exit 14 (Linden Pl),control,2024-06-01,720,720,1.0,True
4616320,CIP N TNB - Whitestone Expwy S Exit 14 (Linden Pl),control,2024-07-01,729,715,0.980796,True
4616320,CIP N TNB - Whitestone Expwy S Exit 14 (Linden Pl),control,2024-08-01,701,701,1.0,True
4616320,CIP N TNB - Whitestone Expwy S Exit 14 (Linden Pl),control,2024-09-01,720,720,1.0,True
4616320,CIP N TNB - Whitestone Expwy S Exit 14 (Linden Pl),control,2024-10-01,744,744,1.0,True
4616320,CIP N TNB - Whitestone Expwy S Exit 14 (Linden Pl),control,2024-11-01,719,719,1.0,True
4616320,CIP N TNB - Whitestone Expwy S Exit 14 (Linden Pl),control,2024-12-01,606,606,1.0,True
4616320,CIP N TNB - Whitestone Expwy S Exit 14 (Linden Pl),control,2025-01-01,744,744,1.0,True
4616320,CIP N TNB - Whitestone Expwy S Exit 14 (Linden Pl),control,2025-02-01,672,670,0.997024,True
4616320,CIP N TNB - Whitestone Expwy S Exit 14 (Linden Pl),control,2025-03-01,743,742,0.998654,True
4616320,CIP N TNB - Whitestone Expwy S Exit 14 (Linden Pl),control,2025-04-01,720,720,1.0,True
4616320,CIP N TNB - Whitestone Expwy S Exit 14 (Linden Pl),control,2025-05-01,744,744,1.0,True
4616320,CIP N TNB - Whitestone Expwy S Exit 14 (Linden Pl),control,2025-06-01,700,700,1.0,True
4616320,CIP N TNB - Whitestone Expwy S Exit 14 (Linden Pl),control,2025-07-01,744,744,1.0,True
4616320,CIP N TNB - Whitestone Expwy S Exit 14 (Linden Pl),control,2025-08-01,744,742,0.997312,True
4616320,CIP N TNB - Whitestone Expwy S Exit 14 (Linden Pl),control,2025-09-01,720,720,1.0,True
4616320,CIP N TNB - Whitestone Expwy S Exit 14 (Linden Pl),control,2025-10-01,734,734,1.0,True
4616320,CIP N TNB - Whitestone Expwy S Exit 14 (Linden Pl),control,2025-11-01,718,714,0.994429,True
4616320,CIP N TNB - Whitestone Expwy S Exit 14 (Linden Pl),control,2025-12-01,740,740,1.0,True
4616320,CIP N TNB - Whitestone Expwy S Exit 14 (Linden Pl),control,2026-01-01,743,743,1.0,True
4616320,CIP N TNB - Whitestone Expwy S Exit 14 (Linden Pl),control,2026-02-01,672,672,1.0,True
4616320,CIP N TNB - Whitestone Expwy S Exit 14 (Linden Pl),control,2026-03-01,743,743,1.0,True
4616320,CIP N TNB - Whitestone Expwy S Exit 14 (Linden Pl),control,2026-04-01,477,476,0.997904,True
4616320,CIP N TNB - Whitestone Expwy S Exit 14 (Linden Pl),control,2026-05-01,736,728,0.98913,True
4616337,11th ave n ganservoort - 12th ave @ 40th st,control,2023-01-01,557,557,1.0,True
4616337,11th ave n ganservoort - 12th ave @ 40th st,control,2023-02-01,661,661,1.0,True
4616337,11th ave n ganservoort - 12th ave @ 40th st,control,2023-03-01,743,743,1.0,True
4616337,11th ave n ganservoort - 12th ave @ 40th st,control,2023-04-01,720,720,1.0,True
4616337,11th ave n ganservoort - 12th ave @ 40th st,control,2023-05-01,468,468,1.0,True
4616337,11th ave n ganservoort - 12th ave @ 40th st,control,2023-06-01,541,541,1.0,True
4616337,11th ave n ganservoort - 12th ave @ 40th st,control,2023-07-01,629,628,0.99841,True
4616337,11th ave n ganservoort - 12th ave @ 40th st,control,2023-08-01,741,741,1.0,True
4616337,11th ave n ganservoort - 12th ave @ 40th st,control,2023-09-01,708,708,1.0,True
4616337,11th ave n ganservoort - 12th ave @ 40th st,control,2023-10-01,744,739,0.99328,True
4616337,11th ave n ganservoort - 12th ave @ 40th st,control,2023-11-01,706,706,1.0,True
4616337,11th ave n ganservoort - 12th ave @ 40th st,control,2023-12-01,744,744,1.0,True
4616337,11th ave n ganservoort - 12th ave @ 40th st,control,2024-01-01,682,682,1.0,True
4616337,11th ave n ganservoort - 12th ave @ 40th st,control,2024-02-01,416,416,1.0,True
4616337,11th ave n ganservoort - 12th ave @ 40th st,control,2024-03-01,717,717,1.0,True
4616337,11th ave n ganservoort - 12th ave @ 40th st,control,2024-04-01,720,516,0.716667,True
4616337,11th ave n ganservoort - 12th ave @ 40th st,control,2024-05-01,744,0,0.0,False
4616337,11th ave n ganservoort - 12th ave @ 40th st,control,2024-06-01,720,0,0.0,False
4616337,11th ave n ganservoort - 12th ave @ 40th st,control,2024-07-01,729,0,0.0,False
4616337,11th ave n ganservoort - 12th ave @ 40th st,control,2024-08-01,701,0,0.0,False
4616337,11th ave n ganservoort - 12th ave @ 40th st,control,2024-09-01,720,0,0.0,False
4616337,11th ave n ganservoort - 12th ave @ 40th st,control,2024-10-01,744,0,0.0,False
4616337,11th ave n ganservoort - 12th ave @ 40th st,control,2024-11-01,719,0,0.0,False
4616337,11th ave n ganservoort - 12th ave @ 40th st,control,2024-12-01,606,0,0.0,False
4616337,11th ave n ganservoort - 12th ave @ 40th st,control,2025-01-01,744,0,0.0,False
4616337,11th ave n ganservoort - 12th ave @ 40th st,control,2025-02-01,672,0,0.0,False
4616337,11th ave n ganservoort - 12th ave @ 40th st,control,2025-03-01,743,0,0.0,False
4616337,11th ave n ganservoort - 12th ave @ 40th st,control,2025-04-01,720,0,0.0,False
4616337,11th ave n ganservoort - 12th ave @ 40th st,control,2025-05-01,744,0,0.0,False
4616337,11th ave n ganservoort - 12th ave @ 40th st,control,2025-06-01,700,0,0.0,False
4616337,11th ave n ganservoort - 12th ave @ 40th st,control,2025-07-01,744,0,0.0,False
4616337,11th ave n ganservoort - 12th ave @ 40th st,control,2025-08-01,744,0,0.0,False
4616337,11th ave n ganservoort - 12th ave @ 40th st,control,2025-09-01,720,0,0.0,False
4616337,11th ave n ganservoort - 12th ave @ 40th st,control,2025-10-01,734,0,0.0,False
4616337,11th ave n ganservoort - 12th ave @ 40th st,control,2025-11-01,718,0,0.0,False
4616337,11th ave n ganservoort - 12th ave @ 40th st,control,2025-12-01,740,0,0.0,False
4616337,11th ave n ganservoort - 12th ave @ 40th st,control,2026-01-01,743,0,0.0,False
4616337,11th ave n ganservoort - 12th ave @ 40th st,control,2026-02-01,672,0,0.0,False
4616337,11th ave n ganservoort - 12th ave @ 40th st,control,2026-03-01,743,0,0.0,False
4616337,11th ave n ganservoort - 12th ave @ 40th st,control,2026-04-01,477,0,0.0,False
4616337,11th ave n ganservoort - 12th ave @ 40th st,control,2026-05-01,736,0,0.0,False
4616350,CIP S LIE - Hempstead Tpk,control,2023-01-01,557,557,1.0,True
4616350,CIP S LIE - Hempstead Tpk,control,2023-02-01,661,661,1.0,True
4616350,CIP S LIE - Hempstead Tpk,control,2023-03-01,743,743,1.0,True
4616350,CIP S LIE - Hempstead Tpk,control,2023-04-01,720,720,1.0,True
4616350,CIP S LIE - Hempstead Tpk,control,2023-05-01,468,468,1.0,True
4616350,CIP S LIE - Hempstead Tpk,control,2023-06-01,541,541,1.0,True
4616350,CIP S LIE - Hempstead Tpk,control,2023-07-01,629,629,1.0,True
4616350,CIP S LIE - Hempstead Tpk,control,2023-08-01,741,741,1.0,True
4616350,CIP S LIE - Hempstead Tpk,control,2023-09-01,708,708,1.0,True
4616350,CIP S LIE - Hempstead Tpk,control,2023-10-01,744,744,1.0,True
4616350,CIP S LIE - Hempstead Tpk,control,2023-11-01,706,706,1.0,True
4616350,CIP S LIE - Hempstead Tpk,control,2023-12-01,744,744,1.0,True
4616350,CIP S LIE - Hempstead Tpk,control,2024-01-01,682,682,1.0,True
4616350,CIP S LIE - Hempstead Tpk,control,2024-02-01,416,416,1.0,True
4616350,CIP S LIE - Hempstead Tpk,control,2024-03-01,717,717,1.0,True
4616350,CIP S LIE - Hempstead Tpk,control,2024-04-01,720,720,1.0,True
4616350,CIP S LIE - Hempstead Tpk,control,2024-05-01,744,744,1.0,True
4616350,CIP S LIE - Hempstead Tpk,control,2024-06-01,720,720,1.0,True
4616350,CIP S LIE - Hempstead Tpk,control,2024-07-01,729,729,1.0,True
4616350,CIP S LIE - Hempstead Tpk,control,2024-08-01,701,701,1.0,True
4616350,CIP S LIE - Hempstead Tpk,control,2024-09-01,720,683,0.948611,True
4616350,CIP S LIE - Hempstead Tpk,control,2024-10-01,744,744,1.0,True
4616350,CIP S LIE - Hempstead Tpk,control,2024-11-01,719,719,1.0,True
4616350,CIP S LIE - Hempstead Tpk,control,2024-12-01,606,606,1.0,True
4616350,CIP S LIE - Hempstead Tpk,control,2025-01-01,744,744,1.0,True
4616350,CIP S LIE - Hempstead Tpk,control,2025-02-01,672,671,0.998512,True
4616350,CIP S LIE - Hempstead Tpk,control,2025-03-01,743,743,1.0,True
4616350,CIP S LIE - Hempstead Tpk,control,2025-04-01,720,720,1.0,True
4616350,CIP S LIE - Hempstead Tpk,control,2025-05-01,744,743,0.998656,True
4616350,CIP S LIE - Hempstead Tpk,control,2025-06-01,700,700,1.0,True
4616350,CIP S LIE - Hempstead Tpk,control,2025-07-01,744,744,1.0,True
4616350,CIP S LIE - Hempstead Tpk,control,2025-08-01,744,744,1.0,True
4616350,CIP S LIE - Hempstead Tpk,control,2025-09-01,720,720,1.0,True
4616350,CIP S LIE - Hempstead Tpk,control,2025-10-01,734,734,1.0,True
4616350,CIP S LIE - Hempstead Tpk,control,2025-11-01,718,718,1.0,True
4616350,CIP S LIE - Hempstead Tpk,control,2025-12-01,740,740,1.0,True
4616350,CIP S LIE - Hempstead Tpk,control,2026-01-01,743,743,1.0,True
4616350,CIP S LIE - Hempstead Tpk,control,2026-02-01,672,672,1.0,True
4616350,CIP S LIE - Hempstead Tpk,control,2026-03-01,743,743,1.0,True
4616350,CIP S LIE - Hempstead Tpk,control,2026-04-01,477,477,1.0,True
4616350,CIP S LIE - Hempstead Tpk,control,2026-05-01,735,732,0.995918,True
4616351,CIP N Hempstead Tpk - LIE,control,2023-01-01,557,557,1.0,True
4616351,CIP N Hempstead Tpk - LIE,control,2023-02-01,661,661,1.0,True
4616351,CIP N Hempstead Tpk - LIE,control,2023-03-01,743,743,1.0,True
4616351,CIP N Hempstead Tpk - LIE,control,2023-04-01,720,720,1.0,True
4616351,CIP N Hempstead Tpk - LIE,control,2023-05-01,468,468,1.0,True
4616351,CIP N Hempstead Tpk - LIE,control,2023-06-01,541,541,1.0,True
4616351,CIP N Hempstead Tpk - LIE,control,2023-07-01,629,629,1.0,True
4616351,CIP N Hempstead Tpk - LIE,control,2023-08-01,741,741,1.0,True
4616351,CIP N Hempstead Tpk - LIE,control,2023-09-01,708,706,0.997175,True
4616351,CIP N Hempstead Tpk - LIE,control,2023-10-01,744,744,1.0,True
4616351,CIP N Hempstead Tpk - LIE,control,2023-11-01,706,706,1.0,True
4616351,CIP N Hempstead Tpk - LIE,control,2023-12-01,744,744,1.0,True
4616351,CIP N Hempstead Tpk - LIE,control,2024-01-01,682,682,1.0,True
4616351,CIP N Hempstead Tpk - LIE,control,2024-02-01,416,416,1.0,True
4616351,CIP N Hempstead Tpk - LIE,control,2024-03-01,717,717,1.0,True
4616351,CIP N Hempstead Tpk - LIE,control,2024-04-01,720,720,1.0,True
4616351,CIP N Hempstead Tpk - LIE,control,2024-05-01,744,744,1.0,True
4616351,CIP N Hempstead Tpk - LIE,control,2024-06-01,720,720,1.0,True
4616351,CIP N Hempstead Tpk - LIE,control,2024-07-01,729,729,1.0,True
4616351,CIP N Hempstead Tpk - LIE,control,2024-08-01,701,701,1.0,True
4616351,CIP N Hempstead Tpk - LIE,control,2024-09-01,720,719,0.998611,True
4616351,CIP N Hempstead Tpk - LIE,control,2024-10-01,744,744,1.0,True
4616351,CIP N Hempstead Tpk - LIE,control,2024-11-01,719,719,1.0,True
4616351,CIP N Hempstead Tpk - LIE,control,2024-12-01,606,606,1.0,True
4616351,CIP N Hempstead Tpk - LIE,control,2025-01-01,744,744,1.0,True
4616351,CIP N Hempstead Tpk - LIE,control,2025-02-01,672,671,0.998512,True
4616351,CIP N Hempstead Tpk - LIE,control,2025-03-01,743,742,0.998654,True
4616351,CIP N Hempstead Tpk - LIE,control,2025-04-01,720,720,1.0,True
4616351,CIP N Hempstead Tpk - LIE,control,2025-05-01,744,742,0.997312,True
4616351,CIP N Hempstead Tpk - LIE,control,2025-06-01,700,698,0.997143,True
4616351,CIP N Hempstead Tpk - LIE,control,2025-07-01,744,744,1.0,True
4616351,CIP N Hempstead Tpk - LIE,control,2025-08-01,744,744,1.0,True
4616351,CIP N Hempstead Tpk - LIE,control,2025-09-01,720,720,1.0,True
4616351,CIP N Hempstead Tpk - LIE,control,2025-10-01,734,734,1.0,True
4616351,CIP N Hempstead Tpk - LIE,control,2025-11-01,718,718,1.0,True
4616351,CIP N Hempstead Tpk - LIE,control,2025-12-01,740,719,0.971622,True
4616351,CIP N Hempstead Tpk - LIE,control,2026-01-01,743,707,0.951548,True
4616351,CIP N Hempstead Tpk - LIE,control,2026-02-01,672,619,0.921131,True
4616351,CIP N Hempstead Tpk - LIE,control,2026-03-01,743,694,0.934051,True
4616351,CIP N Hempstead Tpk - LIE,control,2026-04-01,477,477,1.0,True
4616351,CIP N Hempstead Tpk - LIE,control,2026-05-01,735,594,0.808163,True
4616352,CIP S Hempstead Tpk - Laurelton Pkwy @ SSP,control,2023-01-01,557,557,1.0,True
4616352,CIP S Hempstead Tpk - Laurelton Pkwy @ SSP,control,2023-02-01,661,661,1.0,True
4616352,CIP S Hempstead Tpk - Laurelton Pkwy @ SSP,control,2023-03-01,743,743,1.0,True
4616352,CIP S Hempstead Tpk - Laurelton Pkwy @ SSP,control,2023-04-01,720,720,1.0,True
4616352,CIP S Hempstead Tpk - Laurelton Pkwy @ SSP,control,2023-05-01,468,468,1.0,True
4616352,CIP S Hempstead Tpk - Laurelton Pkwy @ SSP,control,2023-06-01,541,541,1.0,True
4616352,CIP S Hempstead Tpk - Laurelton Pkwy @ SSP,control,2023-07-01,629,629,1.0,True
4616352,CIP S Hempstead Tpk - Laurelton Pkwy @ SSP,control,2023-08-01,741,741,1.0,True
4616352,CIP S Hempstead Tpk - Laurelton Pkwy @ SSP,control,2023-09-01,708,708,1.0,True
4616352,CIP S Hempstead Tpk - Laurelton Pkwy @ SSP,control,2023-10-01,744,744,1.0,True
4616352,CIP S Hempstead Tpk - Laurelton Pkwy @ SSP,control,2023-11-01,706,674,0.954674,True
4616352,CIP S Hempstead Tpk - Laurelton Pkwy @ SSP,control,2023-12-01,744,744,1.0,True
4616352,CIP S Hempstead Tpk - Laurelton Pkwy @ SSP,control,2024-01-01,682,682,1.0,True
4616352,CIP S Hempstead Tpk - Laurelton Pkwy @ SSP,control,2024-02-01,416,416,1.0,True
4616352,CIP S Hempstead Tpk - Laurelton Pkwy @ SSP,control,2024-03-01,717,717,1.0,True
4616352,CIP S Hempstead Tpk - Laurelton Pkwy @ SSP,control,2024-04-01,720,720,1.0,True
4616352,CIP S Hempstead Tpk - Laurelton Pkwy @ SSP,control,2024-05-01,744,742,0.997312,True
4616352,CIP S Hempstead Tpk - Laurelton Pkwy @ SSP,control,2024-06-01,720,720,1.0,True
4616352,CIP S Hempstead Tpk - Laurelton Pkwy @ SSP,control,2024-07-01,729,728,0.998628,True
4616352,CIP S Hempstead Tpk - Laurelton Pkwy @ SSP,control,2024-08-01,701,698,0.99572,True
4616352,CIP S Hempstead Tpk - Laurelton Pkwy @ SSP,control,2024-09-01,720,683,0.948611,True
4616352,CIP S Hempstead Tpk - Laurelton Pkwy @ SSP,control,2024-10-01,744,492,0.66129,True
4616352,CIP S Hempstead Tpk - Laurelton Pkwy @ SSP,control,2024-11-01,719,718,0.998609,True
4616352,CIP S Hempstead Tpk - Laurelton Pkwy @ SSP,control,2024-12-01,606,606,1.0,True
4616352,CIP S Hempstead Tpk - Laurelton Pkwy @ SSP,control,2025-01-01,744,744,1.0,True
4616352,CIP S Hempstead Tpk - Laurelton Pkwy @ SSP,control,2025-02-01,672,672,1.0,True
4616352,CIP S Hempstead Tpk - Laurelton Pkwy @ SSP,control,2025-03-01,743,743,1.0,True
4616352,CIP S Hempstead Tpk - Laurelton Pkwy @ SSP,control,2025-04-01,720,720,1.0,True
4616352,CIP S Hempstead Tpk - Laurelton Pkwy @ SSP,control,2025-05-01,744,737,0.990591,True
4616352,CIP S Hempstead Tpk - Laurelton Pkwy @ SSP,control,2025-06-01,700,696,0.994286,True
4616352,CIP S Hempstead Tpk - Laurelton Pkwy @ SSP,control,2025-07-01,744,744,1.0,True
4616352,CIP S Hempstead Tpk - Laurelton Pkwy @ SSP,control,2025-08-01,744,744,1.0,True
4616352,CIP S Hempstead Tpk - Laurelton Pkwy @ SSP,control,2025-09-01,720,720,1.0,True
4616352,CIP S Hempstead Tpk - Laurelton Pkwy @ SSP,control,2025-10-01,734,732,0.997275,True
4616352,CIP S Hempstead Tpk - Laurelton Pkwy @ SSP,control,2025-11-01,718,714,0.994429,True
4616352,CIP S Hempstead Tpk - Laurelton Pkwy @ SSP,control,2025-12-01,740,736,0.994595,True
4616352,CIP S Hempstead Tpk - Laurelton Pkwy @ SSP,control,2026-01-01,743,743,1.0,True
4616352,CIP S Hempstead Tpk - Laurelton Pkwy @ SSP,control,2026-02-01,672,672,1.0,True
4616352,CIP S Hempstead Tpk - Laurelton Pkwy @ SSP,control,2026-03-01,743,735,0.989233,True
4616352,CIP S Hempstead Tpk - Laurelton Pkwy @ SSP,control,2026-04-01,477,477,1.0,True
4616352,CIP S Hempstead Tpk - Laurelton Pkwy @ SSP,control,2026-05-01,736,726,0.986413,True
4616353,Laurelton Pkwy N @ SSP - CIP N Hempstead Tpk,control,2023-01-01,557,557,1.0,True
4616353,Laurelton Pkwy N @ SSP - CIP N Hempstead Tpk,control,2023-02-01,661,661,1.0,True
4616353,Laurelton Pkwy N @ SSP - CIP N Hempstead Tpk,control,2023-03-01,743,743,1.0,True
4616353,Laurelton Pkwy N @ SSP - CIP N Hempstead Tpk,control,2023-04-01,720,720,1.0,True
4616353,Laurelton Pkwy N @ SSP - CIP N Hempstead Tpk,control,2023-05-01,468,468,1.0,True
4616353,Laurelton Pkwy N @ SSP - CIP N Hempstead Tpk,control,2023-06-01,541,541,1.0,True
4616353,Laurelton Pkwy N @ SSP - CIP N Hempstead Tpk,control,2023-07-01,629,629,1.0,True
4616353,Laurelton Pkwy N @ SSP - CIP N Hempstead Tpk,control,2023-08-01,741,741,1.0,True
4616353,Laurelton Pkwy N @ SSP - CIP N Hempstead Tpk,control,2023-09-01,708,706,0.997175,True
4616353,Laurelton Pkwy N @ SSP - CIP N Hempstead Tpk,control,2023-10-01,744,744,1.0,True
4616353,Laurelton Pkwy N @ SSP - CIP N Hempstead Tpk,control,2023-11-01,706,702,0.994334,True
4616353,Laurelton Pkwy N @ SSP - CIP N Hempstead Tpk,control,2023-12-01,744,744,1.0,True
4616353,Laurelton Pkwy N @ SSP - CIP N Hempstead Tpk,control,2024-01-01,682,682,1.0,True
4616353,Laurelton Pkwy N @ SSP - CIP N Hempstead Tpk,control,2024-02-01,416,416,1.0,True
4616353,Laurelton Pkwy N @ SSP - CIP N Hempstead Tpk,control,2024-03-01,717,717,1.0,True
4616353,Laurelton Pkwy N @ SSP - CIP N Hempstead Tpk,control,2024-04-01,720,720,1.0,True
4616353,Laurelton Pkwy N @ SSP - CIP N Hempstead Tpk,control,2024-05-01,744,741,0.995968,True
4616353,Laurelton Pkwy N @ SSP - CIP N Hempstead Tpk,control,2024-06-01,720,719,0.998611,True
4616353,Laurelton Pkwy N @ SSP - CIP N Hempstead Tpk,control,2024-07-01,729,720,0.987654,True
4616353,Laurelton Pkwy N @ SSP - CIP N Hempstead Tpk,control,2024-08-01,701,700,0.998573,True
4616353,Laurelton Pkwy N @ SSP - CIP N Hempstead Tpk,control,2024-09-01,720,719,0.998611,True
4616353,Laurelton Pkwy N @ SSP - CIP N Hempstead Tpk,control,2024-10-01,744,741,0.995968,True
4616353,Laurelton Pkwy N @ SSP - CIP N Hempstead Tpk,control,2024-11-01,719,713,0.991655,True
4616353,Laurelton Pkwy N @ SSP - CIP N Hempstead Tpk,control,2024-12-01,606,604,0.9967,True
4616353,Laurelton Pkwy N @ SSP - CIP N Hempstead Tpk,control,2025-01-01,744,742,0.997312,True
4616353,Laurelton Pkwy N @ SSP - CIP N Hempstead Tpk,control,2025-02-01,672,672,1.0,True
4616353,Laurelton Pkwy N @ SSP - CIP N Hempstead Tpk,control,2025-03-01,743,743,1.0,True
4616353,Laurelton Pkwy N @ SSP - CIP N Hempstead Tpk,control,2025-04-01,720,720,1.0,True
4616353,Laurelton Pkwy N @ SSP - CIP N Hempstead Tpk,control,2025-05-01,744,690,0.927419,True
4616353,Laurelton Pkwy N @ SSP - CIP N Hempstead Tpk,control,2025-06-01,700,699,0.998571,True
4616353,Laurelton Pkwy N @ SSP - CIP N Hempstead Tpk,control,2025-07-01,744,744,1.0,True
4616353,Laurelton Pkwy N @ SSP - CIP N Hempstead Tpk,control,2025-08-01,744,744,1.0,True
4616353,Laurelton Pkwy N @ SSP - CIP N Hempstead Tpk,control,2025-09-01,720,720,1.0,True
4616353,Laurelton Pkwy N @ SSP - CIP N Hempstead Tpk,control,2025-10-01,734,734,1.0,True
4616353,Laurelton Pkwy N @ SSP - CIP N Hempstead Tpk,control,2025-11-01,718,708,0.986072,True
4616353,Laurelton Pkwy N @ SSP - CIP N Hempstead Tpk,control,2025-12-01,740,740,1.0,True
4616353,Laurelton Pkwy N @ SSP - CIP N Hempstead Tpk,control,2026-01-01,743,743,1.0,True
4616353,Laurelton Pkwy N @ SSP - CIP N Hempstead Tpk,control,2026-02-01,672,671,0.998512,True
4616353,Laurelton Pkwy N @ SSP - CIP N Hempstead Tpk,control,2026-03-01,743,737,0.991925,True
4616353,Laurelton Pkwy N @ SSP - CIP N Hempstead Tpk,control,2026-04-01,477,474,0.993711,True
4616353,Laurelton Pkwy N @ SSP - CIP N Hempstead Tpk,control,2026-05-01,736,711,0.966033,True
4616354,Laurelton Pkwy S @ SSP - Belt Pkwy W 182nd St,control,2023-01-01,557,557,1.0,True
4616354,Laurelton Pkwy S @ SSP - Belt Pkwy W 182nd St,control,2023-02-01,661,661,1.0,True
4616354,Laurelton Pkwy S @ SSP - Belt Pkwy W 182nd St,control,2023-03-01,743,743,1.0,True
4616354,Laurelton Pkwy S @ SSP - Belt Pkwy W 182nd St,control,2023-04-01,720,720,1.0,True
4616354,Laurelton Pkwy S @ SSP - Belt Pkwy W 182nd St,control,2023-05-01,468,468,1.0,True
4616354,Laurelton Pkwy S @ SSP - Belt Pkwy W 182nd St,control,2023-06-01,541,541,1.0,True
4616354,Laurelton Pkwy S @ SSP - Belt Pkwy W 182nd St,control,2023-07-01,629,629,1.0,True
4616354,Laurelton Pkwy S @ SSP - Belt Pkwy W 182nd St,control,2023-08-01,741,741,1.0,True
4616354,Laurelton Pkwy S @ SSP - Belt Pkwy W 182nd St,control,2023-09-01,708,707,0.998588,True
4616354,Laurelton Pkwy S @ SSP - Belt Pkwy W 182nd St,control,2023-10-01,744,731,0.982527,True
4616354,Laurelton Pkwy S @ SSP - Belt Pkwy W 182nd St,control,2023-11-01,706,673,0.953258,True
4616354,Laurelton Pkwy S @ SSP - Belt Pkwy W 182nd St,control,2023-12-01,744,743,0.998656,True
4616354,Laurelton Pkwy S @ SSP - Belt Pkwy W 182nd St,control,2024-01-01,682,682,1.0,True
4616354,Laurelton Pkwy S @ SSP - Belt Pkwy W 182nd St,control,2024-02-01,416,416,1.0,True
4616354,Laurelton Pkwy S @ SSP - Belt Pkwy W 182nd St,control,2024-03-01,717,716,0.998605,True
4616354,Laurelton Pkwy S @ SSP - Belt Pkwy W 182nd St,control,2024-04-01,720,720,1.0,True
4616354,Laurelton Pkwy S @ SSP - Belt Pkwy W 182nd St,control,2024-05-01,744,738,0.991935,True
4616354,Laurelton Pkwy S @ SSP - Belt Pkwy W 182nd St,control,2024-06-01,720,720,1.0,True
4616354,Laurelton Pkwy S @ SSP - Belt Pkwy W 182nd St,control,2024-07-01,729,724,0.993141,True
4616354,Laurelton Pkwy S @ SSP - Belt Pkwy W 182nd St,control,2024-08-01,701,700,0.998573,True
4616354,Laurelton Pkwy S @ SSP - Belt Pkwy W 182nd St,control,2024-09-01,720,681,0.945833,True
4616354,Laurelton Pkwy S @ SSP - Belt Pkwy W 182nd St,control,2024-10-01,744,492,0.66129,True
4616354,Laurelton Pkwy S @ SSP - Belt Pkwy W 182nd St,control,2024-11-01,719,718,0.998609,True
4616354,Laurelton Pkwy S @ SSP - Belt Pkwy W 182nd St,control,2024-12-01,606,606,1.0,True
4616354,Laurelton Pkwy S @ SSP - Belt Pkwy W 182nd St,control,2025-01-01,744,744,1.0,True
4616354,Laurelton Pkwy S @ SSP - Belt Pkwy W 182nd St,control,2025-02-01,672,672,1.0,True
4616354,Laurelton Pkwy S @ SSP - Belt Pkwy W 182nd St,control,2025-03-01,743,735,0.989233,True
4616354,Laurelton Pkwy S @ SSP - Belt Pkwy W 182nd St,control,2025-04-01,720,720,1.0,True
4616354,Laurelton Pkwy S @ SSP - Belt Pkwy W 182nd St,control,2025-05-01,744,734,0.986559,True
4616354,Laurelton Pkwy S @ SSP - Belt Pkwy W 182nd St,control,2025-06-01,700,696,0.994286,True
4616354,Laurelton Pkwy S @ SSP - Belt Pkwy W 182nd St,control,2025-07-01,744,733,0.985215,True
4616354,Laurelton Pkwy S @ SSP - Belt Pkwy W 182nd St,control,2025-08-01,744,741,0.995968,True
4616354,Laurelton Pkwy S @ SSP - Belt Pkwy W 182nd St,control,2025-09-01,720,714,0.991667,True
4616354,Laurelton Pkwy S @ SSP - Belt Pkwy W 182nd St,control,2025-10-01,734,730,0.99455,True
4616354,Laurelton Pkwy S @ SSP - Belt Pkwy W 182nd St,control,2025-11-01,718,714,0.994429,True
4616354,Laurelton Pkwy S @ SSP - Belt Pkwy W 182nd St,control,2025-12-01,740,736,0.994595,True
4616354,Laurelton Pkwy S @ SSP - Belt Pkwy W 182nd St,control,2026-01-01,743,743,1.0,True
4616354,Laurelton Pkwy S @ SSP - Belt Pkwy W 182nd St,control,2026-02-01,672,672,1.0,True
4616354,Laurelton Pkwy S @ SSP - Belt Pkwy W 182nd St,control,2026-03-01,743,735,0.989233,True
4616354,Laurelton Pkwy S @ SSP - Belt Pkwy W 182nd St,control,2026-04-01,477,477,1.0,True
4616354,Laurelton Pkwy S @ SSP - Belt Pkwy W 182nd St,control,2026-05-01,736,726,0.986413,True
4616355,Belt Pkwy E 182nd St - Laurelton Pkwy N @ SSP,control,2023-01-01,557,557,1.0,True
4616355,Belt Pkwy E 182nd St - Laurelton Pkwy N @ SSP,control,2023-02-01,661,658,0.995461,True
4616355,Belt Pkwy E 182nd St - Laurelton Pkwy N @ SSP,control,2023-03-01,743,743,1.0,True
4616355,Belt Pkwy E 182nd St - Laurelton Pkwy N @ SSP,control,2023-04-01,720,716,0.994444,True
4616355,Belt Pkwy E 182nd St - Laurelton Pkwy N @ SSP,control,2023-05-01,468,467,0.997863,True
4616355,Belt Pkwy E 182nd St - Laurelton Pkwy N @ SSP,control,2023-06-01,541,541,1.0,True
4616355,Belt Pkwy E 182nd St - Laurelton Pkwy N @ SSP,control,2023-07-01,629,629,1.0,True
4616355,Belt Pkwy E 182nd St - Laurelton Pkwy N @ SSP,control,2023-08-01,741,741,1.0,True
4616355,Belt Pkwy E 182nd St - Laurelton Pkwy N @ SSP,control,2023-09-01,708,704,0.99435,True
4616355,Belt Pkwy E 182nd St - Laurelton Pkwy N @ SSP,control,2023-10-01,744,736,0.989247,True
4616355,Belt Pkwy E 182nd St - Laurelton Pkwy N @ SSP,control,2023-11-01,706,642,0.909348,True
4616355,Belt Pkwy E 182nd St - Laurelton Pkwy N @ SSP,control,2023-12-01,744,738,0.991935,True
4616355,Belt Pkwy E 182nd St - Laurelton Pkwy N @ SSP,control,2024-01-01,682,682,1.0,True
4616355,Belt Pkwy E 182nd St - Laurelton Pkwy N @ SSP,control,2024-02-01,416,416,1.0,True
4616355,Belt Pkwy E 182nd St - Laurelton Pkwy N @ SSP,control,2024-03-01,717,715,0.997211,True
4616355,Belt Pkwy E 182nd St - Laurelton Pkwy N @ SSP,control,2024-04-01,720,720,1.0,True
4616355,Belt Pkwy E 182nd St - Laurelton Pkwy N @ SSP,control,2024-05-01,744,735,0.987903,True
4616355,Belt Pkwy E 182nd St - Laurelton Pkwy N @ SSP,control,2024-06-01,720,720,1.0,True
4616355,Belt Pkwy E 182nd St - Laurelton Pkwy N @ SSP,control,2024-07-01,729,667,0.914952,True
4616355,Belt Pkwy E 182nd St - Laurelton Pkwy N @ SSP,control,2024-08-01,701,698,0.99572,True
4616355,Belt Pkwy E 182nd St - Laurelton Pkwy N @ SSP,control,2024-09-01,720,716,0.994444,True
4616355,Belt Pkwy E 182nd St - Laurelton Pkwy N @ SSP,control,2024-10-01,744,735,0.987903,True
4616355,Belt Pkwy E 182nd St - Laurelton Pkwy N @ SSP,control,2024-11-01,719,713,0.991655,True
4616355,Belt Pkwy E 182nd St - Laurelton Pkwy N @ SSP,control,2024-12-01,606,604,0.9967,True
4616355,Belt Pkwy E 182nd St - Laurelton Pkwy N @ SSP,control,2025-01-01,744,742,0.997312,True
4616355,Belt Pkwy E 182nd St - Laurelton Pkwy N @ SSP,control,2025-02-01,672,671,0.998512,True
4616355,Belt Pkwy E 182nd St - Laurelton Pkwy N @ SSP,control,2025-03-01,743,732,0.985195,True
4616355,Belt Pkwy E 182nd St - Laurelton Pkwy N @ SSP,control,2025-04-01,720,713,0.990278,True
4616355,Belt Pkwy E 182nd St - Laurelton Pkwy N @ SSP,control,2025-05-01,744,686,0.922043,True
4616355,Belt Pkwy E 182nd St - Laurelton Pkwy N @ SSP,control,2025-06-01,700,694,0.991429,True
4616355,Belt Pkwy E 182nd St - Laurelton Pkwy N @ SSP,control,2025-07-01,744,725,0.974462,True
4616355,Belt Pkwy E 182nd St - Laurelton Pkwy N @ SSP,control,2025-08-01,744,741,0.995968,True
4616355,Belt Pkwy E 182nd St - Laurelton Pkwy N @ SSP,control,2025-09-01,720,709,0.984722,True
4616355,Belt Pkwy E 182nd St - Laurelton Pkwy N @ SSP,control,2025-10-01,734,731,0.995913,True
4616355,Belt Pkwy E 182nd St - Laurelton Pkwy N @ SSP,control,2025-11-01,718,684,0.952646,True
4616355,Belt Pkwy E 182nd St - Laurelton Pkwy N @ SSP,control,2025-12-01,740,740,1.0,True
4616355,Belt Pkwy E 182nd St - Laurelton Pkwy N @ SSP,control,2026-01-01,743,743,1.0,True
4616355,Belt Pkwy E 182nd St - Laurelton Pkwy N @ SSP,control,2026-02-01,672,671,0.998512,True
4616355,Belt Pkwy E 182nd St - Laurelton Pkwy N @ SSP,control,2026-03-01,743,737,0.991925,True
4616355,Belt Pkwy E 182nd St - Laurelton Pkwy N @ SSP,control,2026-04-01,477,474,0.993711,True
4616355,Belt Pkwy E 182nd St - Laurelton Pkwy N @ SSP,control,2026-05-01,736,710,0.964674,True
4616356,Belt Pkwy W 182nd St - JFK Expressway,control,2023-01-01,557,557,1.0,True
4616356,Belt Pkwy W 182nd St - JFK Expressway,control,2023-02-01,661,660,0.998487,True
4616356,Belt Pkwy W 182nd St - JFK Expressway,control,2023-03-01,743,742,0.998654,True
4616356,Belt Pkwy W 182nd St - JFK Expressway,control,2023-04-01,720,717,0.995833,True
4616356,Belt Pkwy W 182nd St - JFK Expressway,control,2023-05-01,468,468,1.0,True
4616356,Belt Pkwy W 182nd St - JFK Expressway,control,2023-06-01,541,541,1.0,True
4616356,Belt Pkwy W 182nd St - JFK Expressway,control,2023-07-01,629,629,1.0,True
4616356,Belt Pkwy W 182nd St - JFK Expressway,control,2023-08-01,741,741,1.0,True
4616356,Belt Pkwy W 182nd St - JFK Expressway,control,2023-09-01,708,703,0.992938,True
4616356,Belt Pkwy W 182nd St - JFK Expressway,control,2023-10-01,744,718,0.965054,True
4616356,Belt Pkwy W 182nd St - JFK Expressway,control,2023-11-01,706,540,0.764873,True
4616356,Belt Pkwy W 182nd St - JFK Expressway,control,2023-12-01,744,743,0.998656,True
4616356,Belt Pkwy W 182nd St - JFK Expressway,control,2024-01-01,682,682,1.0,True
4616356,Belt Pkwy W 182nd St - JFK Expressway,control,2024-02-01,416,414,0.995192,True
4616356,Belt Pkwy W 182nd St - JFK Expressway,control,2024-03-01,717,714,0.995816,True
4616356,Belt Pkwy W 182nd St - JFK Expressway,control,2024-04-01,720,704,0.977778,True
4616356,Belt Pkwy W 182nd St - JFK Expressway,control,2024-05-01,744,739,0.99328,True
4616356,Belt Pkwy W 182nd St - JFK Expressway,control,2024-06-01,720,720,1.0,True
4616356,Belt Pkwy W 182nd St - JFK Expressway,control,2024-07-01,729,724,0.993141,True
4616356,Belt Pkwy W 182nd St - JFK Expressway,control,2024-08-01,701,700,0.998573,True
4616356,Belt Pkwy W 182nd St - JFK Expressway,control,2024-09-01,720,686,0.952778,True
4616356,Belt Pkwy W 182nd St - JFK Expressway,control,2024-10-01,744,642,0.862903,True
4616356,Belt Pkwy W 182nd St - JFK Expressway,control,2024-11-01,719,713,0.991655,True
4616356,Belt Pkwy W 182nd St - JFK Expressway,control,2024-12-01,606,606,1.0,True
4616356,Belt Pkwy W 182nd St - JFK Expressway,control,2025-01-01,744,737,0.990591,True
4616356,Belt Pkwy W 182nd St - JFK Expressway,control,2025-02-01,672,672,1.0,True
4616356,Belt Pkwy W 182nd St - JFK Expressway,control,2025-03-01,743,728,0.979812,True
4616356,Belt Pkwy W 182nd St - JFK Expressway,control,2025-04-01,720,716,0.994444,True
4616356,Belt Pkwy W 182nd St - JFK Expressway,control,2025-05-01,744,736,0.989247,True
4616356,Belt Pkwy W 182nd St - JFK Expressway,control,2025-06-01,700,695,0.992857,True
4616356,Belt Pkwy W 182nd St - JFK Expressway,control,2025-07-01,744,733,0.985215,True
4616356,Belt Pkwy W 182nd St - JFK Expressway,control,2025-08-01,744,742,0.997312,True
4616356,Belt Pkwy W 182nd St - JFK Expressway,control,2025-09-01,720,712,0.988889,True
4616356,Belt Pkwy W 182nd St - JFK Expressway,control,2025-10-01,734,728,0.991826,True
4616356,Belt Pkwy W 182nd St - JFK Expressway,control,2025-11-01,718,713,0.993036,True
4616356,Belt Pkwy W 182nd St - JFK Expressway,control,2025-12-01,740,736,0.994595,True
4616356,Belt Pkwy W 182nd St - JFK Expressway,control,2026-01-01,743,731,0.983849,True
4616356,Belt Pkwy W 182nd St - JFK Expressway,control,2026-02-01,672,669,0.995536,True
4616356,Belt Pkwy W 182nd St - JFK Expressway,control,2026-03-01,743,728,0.979812,True
4616356,Belt Pkwy W 182nd St - JFK Expressway,control,2026-04-01,477,476,0.997904,True
4616356,Belt Pkwy W 182nd St - JFK Expressway,control,2026-05-01,736,730,0.991848,True
4616357,Belt Pkwy W JFK Expressway - VWE N Jamaica Ave,control,2023-01-01,557,555,0.996409,True
4616357,Belt Pkwy W JFK Expressway - VWE N Jamaica Ave,control,2023-02-01,661,657,0.993949,True
4616357,Belt Pkwy W JFK Expressway - VWE N Jamaica Ave,control,2023-03-01,743,742,0.998654,True
4616357,Belt Pkwy W JFK Expressway - VWE N Jamaica Ave,control,2023-04-01,720,701,0.973611,True
4616357,Belt Pkwy W JFK Expressway - VWE N Jamaica Ave,control,2023-05-01,468,467,0.997863,True
4616357,Belt Pkwy W JFK Expressway - VWE N Jamaica Ave,control,2023-06-01,541,541,1.0,True
4616357,Belt Pkwy W JFK Expressway - VWE N Jamaica Ave,control,2023-07-01,629,629,1.0,True
4616357,Belt Pkwy W JFK Expressway - VWE N Jamaica Ave,control,2023-08-01,741,740,0.99865,True
4616357,Belt Pkwy W JFK Expressway - VWE N Jamaica Ave,control,2023-09-01,708,708,1.0,True
4616357,Belt Pkwy W JFK Expressway - VWE N Jamaica Ave,control,2023-10-01,744,730,0.981183,True
4616357,Belt Pkwy W JFK Expressway - VWE N Jamaica Ave,control,2023-11-01,706,701,0.992918,True
4616357,Belt Pkwy W JFK Expressway - VWE N Jamaica Ave,control,2023-12-01,744,744,1.0,True
4616357,Belt Pkwy W JFK Expressway - VWE N Jamaica Ave,control,2024-01-01,682,682,1.0,True
4616357,Belt Pkwy W JFK Expressway - VWE N Jamaica Ave,control,2024-02-01,416,416,1.0,True
4616357,Belt Pkwy W JFK Expressway - VWE N Jamaica Ave,control,2024-03-01,717,716,0.998605,True
4616357,Belt Pkwy W JFK Expressway - VWE N Jamaica Ave,control,2024-04-01,720,718,0.997222,True
4616357,Belt Pkwy W JFK Expressway - VWE N Jamaica Ave,control,2024-05-01,744,739,0.99328,True
4616357,Belt Pkwy W JFK Expressway - VWE N Jamaica Ave,control,2024-06-01,720,717,0.995833,True
4616357,Belt Pkwy W JFK Expressway - VWE N Jamaica Ave,control,2024-07-01,729,726,0.995885,True
4616357,Belt Pkwy W JFK Expressway - VWE N Jamaica Ave,control,2024-08-01,701,700,0.998573,True
4616357,Belt Pkwy W JFK Expressway - VWE N Jamaica Ave,control,2024-09-01,720,687,0.954167,True
4616357,Belt Pkwy W JFK Expressway - VWE N Jamaica Ave,control,2024-10-01,744,644,0.865591,True
4616357,Belt Pkwy W JFK Expressway - VWE N Jamaica Ave,control,2024-11-01,719,713,0.991655,True
4616357,Belt Pkwy W JFK Expressway - VWE N Jamaica Ave,control,2024-12-01,606,605,0.99835,True
4616357,Belt Pkwy W JFK Expressway - VWE N Jamaica Ave,control,2025-01-01,744,744,1.0,True
4616357,Belt Pkwy W JFK Expressway - VWE N Jamaica Ave,control,2025-02-01,672,672,1.0,True
4616357,Belt Pkwy W JFK Expressway - VWE N Jamaica Ave,control,2025-03-01,743,738,0.993271,True
4616357,Belt Pkwy W JFK Expressway - VWE N Jamaica Ave,control,2025-04-01,720,720,1.0,True
4616357,Belt Pkwy W JFK Expressway - VWE N Jamaica Ave,control,2025-05-01,744,734,0.986559,True
4616357,Belt Pkwy W JFK Expressway - VWE N Jamaica Ave,control,2025-06-01,700,700,1.0,True
4616357,Belt Pkwy W JFK Expressway - VWE N Jamaica Ave,control,2025-07-01,744,744,1.0,True
4616357,Belt Pkwy W JFK Expressway - VWE N Jamaica Ave,control,2025-08-01,744,744,1.0,True
4616357,Belt Pkwy W JFK Expressway - VWE N Jamaica Ave,control,2025-09-01,720,714,0.991667,True
4616357,Belt Pkwy W JFK Expressway - VWE N Jamaica Ave,control,2025-10-01,734,728,0.991826,True
4616357,Belt Pkwy W JFK Expressway - VWE N Jamaica Ave,control,2025-11-01,718,718,1.0,True
4616357,Belt Pkwy W JFK Expressway - VWE N Jamaica Ave,control,2025-12-01,740,740,1.0,True
4616357,Belt Pkwy W JFK Expressway - VWE N Jamaica Ave,control,2026-01-01,743,743,1.0,True
4616357,Belt Pkwy W JFK Expressway - VWE N Jamaica Ave,control,2026-02-01,672,672,1.0,True
4616357,Belt Pkwy W JFK Expressway - VWE N Jamaica Ave,control,2026-03-01,743,729,0.981157,True
4616357,Belt Pkwy W JFK Expressway - VWE N Jamaica Ave,control,2026-04-01,477,477,1.0,True
4616357,Belt Pkwy W JFK Expressway - VWE N Jamaica Ave,control,2026-05-01,736,735,0.998641,True
4616364,LIE W 108TH ST - 84TH ST,control,2023-01-01,557,557,1.0,True
4616364,LIE W 108TH ST - 84TH ST,control,2023-02-01,661,661,1.0,True
4616364,LIE W 108TH ST - 84TH ST,control,2023-03-01,743,743,1.0,True
4616364,LIE W 108TH ST - 84TH ST,control,2023-04-01,720,720,1.0,True
4616364,LIE W 108TH ST - 84TH ST,control,2023-05-01,468,468,1.0,True
4616364,LIE W 108TH ST - 84TH ST,control,2023-06-01,541,541,1.0,True
4616364,LIE W 108TH ST - 84TH ST,control,2023-07-01,629,629,1.0,True
4616364,LIE W 108TH ST - 84TH ST,control,2023-08-01,741,741,1.0,True
4616364,LIE W 108TH ST - 84TH ST,control,2023-09-01,708,708,1.0,True
4616364,LIE W 108TH ST - 84TH ST,control,2023-10-01,744,736,0.989247,True
4616364,LIE W 108TH ST - 84TH ST,control,2023-11-01,706,548,0.776204,True
4616364,LIE W 108TH ST - 84TH ST,control,2023-12-01,744,744,1.0,True
4616364,LIE W 108TH ST - 84TH ST,control,2024-01-01,682,682,1.0,True
4616364,LIE W 108TH ST - 84TH ST,control,2024-02-01,416,415,0.997596,True
4616364,LIE W 108TH ST - 84TH ST,control,2024-03-01,717,717,1.0,True
4616364,LIE W 108TH ST - 84TH ST,control,2024-04-01,720,720,1.0,True
4616364,LIE W 108TH ST - 84TH ST,control,2024-05-01,744,744,1.0,True
4616364,LIE W 108TH ST - 84TH ST,control,2024-06-01,720,720,1.0,True
4616364,LIE W 108TH ST - 84TH ST,control,2024-07-01,729,716,0.982167,True
4616364,LIE W 108TH ST - 84TH ST,control,2024-08-01,701,701,1.0,True
4616364,LIE W 108TH ST - 84TH ST,control,2024-09-01,720,720,1.0,True
4616364,LIE W 108TH ST - 84TH ST,control,2024-10-01,744,744,1.0,True
4616364,LIE W 108TH ST - 84TH ST,control,2024-11-01,719,719,1.0,True
4616364,LIE W 108TH ST - 84TH ST,control,2024-12-01,606,606,1.0,True
4616364,LIE W 108TH ST - 84TH ST,control,2025-01-01,744,743,0.998656,True
4616364,LIE W 108TH ST - 84TH ST,control,2025-02-01,672,672,1.0,True
4616364,LIE W 108TH ST - 84TH ST,control,2025-03-01,743,742,0.998654,True
4616364,LIE W 108TH ST - 84TH ST,control,2025-04-01,720,719,0.998611,True
4616364,LIE W 108TH ST - 84TH ST,control,2025-05-01,744,744,1.0,True
4616364,LIE W 108TH ST - 84TH ST,control,2025-06-01,700,700,1.0,True
4616364,LIE W 108TH ST - 84TH ST,control,2025-07-01,744,744,1.0,True
4616364,LIE W 108TH ST - 84TH ST,control,2025-08-01,744,744,1.0,True
4616364,LIE W 108TH ST - 84TH ST,control,2025-09-01,720,720,1.0,True
4616364,LIE W 108TH ST - 84TH ST,control,2025-10-01,734,734,1.0,True
4616364,LIE W 108TH ST - 84TH ST,control,2025-11-01,718,716,0.997214,True
4616364,LIE W 108TH ST - 84TH ST,control,2025-12-01,740,740,1.0,True
4616364,LIE W 108TH ST - 84TH ST,control,2026-01-01,743,741,0.997308,True
4616364,LIE W 108TH ST - 84TH ST,control,2026-02-01,672,672,1.0,True
4616364,LIE W 108TH ST - 84TH ST,control,2026-03-01,743,743,1.0,True
4616364,LIE W 108TH ST - 84TH ST,control,2026-04-01,477,463,0.97065,True
4616364,LIE W 108TH ST - 84TH ST,control,2026-05-01,736,693,0.941576,True
4620298,GWB E LOWER LEVEL PLAZA - CBE E LOWER LEVEL AMSTERDAM AVE,control,2023-01-01,557,557,1.0,True
4620298,GWB E LOWER LEVEL PLAZA - CBE E LOWER LEVEL AMSTERDAM AVE,control,2023-02-01,661,656,0.992436,True
4620298,GWB E LOWER LEVEL PLAZA - CBE E LOWER LEVEL AMSTERDAM AVE,control,2023-03-01,743,738,0.993271,True
4620298,GWB E LOWER LEVEL PLAZA - CBE E LOWER LEVEL AMSTERDAM AVE,control,2023-04-01,720,719,0.998611,True
4620298,GWB E LOWER LEVEL PLAZA - CBE E LOWER LEVEL AMSTERDAM AVE,control,2023-05-01,468,462,0.987179,True
4620298,GWB E LOWER LEVEL PLAZA - CBE E LOWER LEVEL AMSTERDAM AVE,control,2023-06-01,541,541,1.0,True
4620298,GWB E LOWER LEVEL PLAZA - CBE E LOWER LEVEL AMSTERDAM AVE,control,2023-07-01,629,261,0.414944,True
4620298,GWB E LOWER LEVEL PLAZA - CBE E LOWER LEVEL AMSTERDAM AVE,control,2023-08-01,741,518,0.699055,True
4620298,GWB E LOWER LEVEL PLAZA - CBE E LOWER LEVEL AMSTERDAM AVE,control,2023-09-01,705,699,0.991489,True
4620298,GWB E LOWER LEVEL PLAZA - CBE E LOWER LEVEL AMSTERDAM AVE,control,2023-10-01,744,740,0.994624,True
4620298,GWB E LOWER LEVEL PLAZA - CBE E LOWER LEVEL AMSTERDAM AVE,control,2023-11-01,706,700,0.991501,True
4620298,GWB E LOWER LEVEL PLAZA - CBE E LOWER LEVEL AMSTERDAM AVE,control,2023-12-01,744,739,0.99328,True
4620298,GWB E LOWER LEVEL PLAZA - CBE E LOWER LEVEL AMSTERDAM AVE,control,2024-01-01,682,680,0.997067,True
4620298,GWB E LOWER LEVEL PLAZA - CBE E LOWER LEVEL AMSTERDAM AVE,control,2024-02-01,416,410,0.985577,True
4620298,GWB E LOWER LEVEL PLAZA - CBE E LOWER LEVEL AMSTERDAM AVE,control,2024-03-01,717,713,0.994421,True
4620298,GWB E LOWER LEVEL PLAZA - CBE E LOWER LEVEL AMSTERDAM AVE,control,2024-04-01,704,698,0.991477,True
4620298,GWB E LOWER LEVEL PLAZA - CBE E LOWER LEVEL AMSTERDAM AVE,control,2024-05-01,744,741,0.995968,True
4620298,GWB E LOWER LEVEL PLAZA - CBE E LOWER LEVEL AMSTERDAM AVE,control,2024-06-01,720,712,0.988889,True
4620298,GWB E LOWER LEVEL PLAZA - CBE E LOWER LEVEL AMSTERDAM AVE,control,2024-07-01,729,723,0.99177,True
4620298,GWB E LOWER LEVEL PLAZA - CBE E LOWER LEVEL AMSTERDAM AVE,control,2024-08-01,701,700,0.998573,True
4620298,GWB E LOWER LEVEL PLAZA - CBE E LOWER LEVEL AMSTERDAM AVE,control,2024-09-01,720,720,1.0,True
4620298,GWB E LOWER LEVEL PLAZA - CBE E LOWER LEVEL AMSTERDAM AVE,control,2024-10-01,744,740,0.994624,True
4620298,GWB E LOWER LEVEL PLAZA - CBE E LOWER LEVEL AMSTERDAM AVE,control,2024-11-01,719,719,1.0,True
4620298,GWB E LOWER LEVEL PLAZA - CBE E LOWER LEVEL AMSTERDAM AVE,control,2024-12-01,606,606,1.0,True
4620298,GWB E LOWER LEVEL PLAZA - CBE E LOWER LEVEL AMSTERDAM AVE,control,2025-01-01,736,730,0.991848,True
4620298,GWB E LOWER LEVEL PLAZA - CBE E LOWER LEVEL AMSTERDAM AVE,control,2025-02-01,672,667,0.99256,True
4620298,GWB E LOWER LEVEL PLAZA - CBE E LOWER LEVEL AMSTERDAM AVE,control,2025-03-01,743,741,0.997308,True
4620298,GWB E LOWER LEVEL PLAZA - CBE E LOWER LEVEL AMSTERDAM AVE,control,2025-04-01,720,707,0.981944,True
4620298,GWB E LOWER LEVEL PLAZA - CBE E LOWER LEVEL AMSTERDAM AVE,control,2025-05-01,744,737,0.990591,True
4620298,GWB E LOWER LEVEL PLAZA - CBE E LOWER LEVEL AMSTERDAM AVE,control,2025-06-01,695,690,0.992806,True
4620298,GWB E LOWER LEVEL PLAZA - CBE E LOWER LEVEL AMSTERDAM AVE,control,2025-07-01,744,743,0.998656,True
4620298,GWB E LOWER LEVEL PLAZA - CBE E LOWER LEVEL AMSTERDAM AVE,control,2025-08-01,743,740,0.995962,True
4620298,GWB E LOWER LEVEL PLAZA - CBE E LOWER LEVEL AMSTERDAM AVE,control,2025-09-01,720,720,1.0,True
4620298,GWB E LOWER LEVEL PLAZA - CBE E LOWER LEVEL AMSTERDAM AVE,control,2025-10-01,734,728,0.991826,True
4620298,GWB E LOWER LEVEL PLAZA - CBE E LOWER LEVEL AMSTERDAM AVE,control,2025-11-01,715,713,0.997203,True
4620298,GWB E LOWER LEVEL PLAZA - CBE E LOWER LEVEL AMSTERDAM AVE,control,2025-12-01,738,723,0.979675,True
4620298,GWB E LOWER LEVEL PLAZA - CBE E LOWER LEVEL AMSTERDAM AVE,control,2026-01-01,743,739,0.994616,True
4620298,GWB E LOWER LEVEL PLAZA - CBE E LOWER LEVEL AMSTERDAM AVE,control,2026-02-01,672,672,1.0,True
4620298,GWB E LOWER LEVEL PLAZA - CBE E LOWER LEVEL AMSTERDAM AVE,control,2026-03-01,743,736,0.990579,True
4620298,GWB E LOWER LEVEL PLAZA - CBE E LOWER LEVEL AMSTERDAM AVE,control,2026-04-01,476,465,0.976891,True
4620298,GWB E LOWER LEVEL PLAZA - CBE E LOWER LEVEL AMSTERDAM AVE,control,2026-05-01,731,725,0.991792,True
4620310,CBE W U/LEV AMSTERDAM AVE - I95 S EXP LNS,control,2023-01-01,557,557,1.0,True
4620310,CBE W U/LEV AMSTERDAM AVE - I95 S EXP LNS,control,2023-02-01,661,661,1.0,True
4620310,CBE W U/LEV AMSTERDAM AVE - I95 S EXP LNS,control,2023-03-01,743,743,1.0,True
4620310,CBE W U/LEV AMSTERDAM AVE - I95 S EXP LNS,control,2023-04-01,720,707,0.981944,True
4620310,CBE W U/LEV AMSTERDAM AVE - I95 S EXP LNS,control,2023-05-01,468,468,1.0,True
4620310,CBE W U/LEV AMSTERDAM AVE - I95 S EXP LNS,control,2023-06-01,541,541,1.0,True
4620310,CBE W U/LEV AMSTERDAM AVE - I95 S EXP LNS,control,2023-07-01,629,629,1.0,True
4620310,CBE W U/LEV AMSTERDAM AVE - I95 S EXP LNS,control,2023-08-01,741,741,1.0,True
4620310,CBE W U/LEV AMSTERDAM AVE - I95 S EXP LNS,control,2023-09-01,705,703,0.997163,True
4620310,CBE W U/LEV AMSTERDAM AVE - I95 S EXP LNS,control,2023-10-01,744,737,0.990591,True
4620310,CBE W U/LEV AMSTERDAM AVE - I95 S EXP LNS,control,2023-11-01,706,700,0.991501,True
4620310,CBE W U/LEV AMSTERDAM AVE - I95 S EXP LNS,control,2023-12-01,744,741,0.995968,True
4620310,CBE W U/LEV AMSTERDAM AVE - I95 S EXP LNS,control,2024-01-01,682,680,0.997067,True
4620310,CBE W U/LEV AMSTERDAM AVE - I95 S EXP LNS,control,2024-02-01,416,415,0.997596,True
4620310,CBE W U/LEV AMSTERDAM AVE - I95 S EXP LNS,control,2024-03-01,717,715,0.997211,True
4620310,CBE W U/LEV AMSTERDAM AVE - I95 S EXP LNS,control,2024-04-01,704,698,0.991477,True
4620310,CBE W U/LEV AMSTERDAM AVE - I95 S EXP LNS,control,2024-05-01,744,744,1.0,True
4620310,CBE W U/LEV AMSTERDAM AVE - I95 S EXP LNS,control,2024-06-01,720,715,0.993056,True
4620310,CBE W U/LEV AMSTERDAM AVE - I95 S EXP LNS,control,2024-07-01,729,729,1.0,True
4620310,CBE W U/LEV AMSTERDAM AVE - I95 S EXP LNS,control,2024-08-01,701,701,1.0,True
4620310,CBE W U/LEV AMSTERDAM AVE - I95 S EXP LNS,control,2024-09-01,720,720,1.0,True
4620310,CBE W U/LEV AMSTERDAM AVE - I95 S EXP LNS,control,2024-10-01,744,744,1.0,True
4620310,CBE W U/LEV AMSTERDAM AVE - I95 S EXP LNS,control,2024-11-01,719,719,1.0,True
4620310,CBE W U/LEV AMSTERDAM AVE - I95 S EXP LNS,control,2024-12-01,606,606,1.0,True
4620310,CBE W U/LEV AMSTERDAM AVE - I95 S EXP LNS,control,2025-01-01,736,736,1.0,True
4620310,CBE W U/LEV AMSTERDAM AVE - I95 S EXP LNS,control,2025-02-01,672,667,0.99256,True
4620310,CBE W U/LEV AMSTERDAM AVE - I95 S EXP LNS,control,2025-03-01,743,743,1.0,True
4620310,CBE W U/LEV AMSTERDAM AVE - I95 S EXP LNS,control,2025-04-01,720,720,1.0,True
4620310,CBE W U/LEV AMSTERDAM AVE - I95 S EXP LNS,control,2025-05-01,744,744,1.0,True
4620310,CBE W U/LEV AMSTERDAM AVE - I95 S EXP LNS,control,2025-06-01,695,693,0.997122,True
4620310,CBE W U/LEV AMSTERDAM AVE - I95 S EXP LNS,control,2025-07-01,744,744,1.0,True
4620310,CBE W U/LEV AMSTERDAM AVE - I95 S EXP LNS,control,2025-08-01,743,743,1.0,True
4620310,CBE W U/LEV AMSTERDAM AVE - I95 S EXP LNS,control,2025-09-01,720,624,0.866667,True
4620310,CBE W U/LEV AMSTERDAM AVE - I95 S EXP LNS,control,2025-10-01,734,734,1.0,True
4620310,CBE W U/LEV AMSTERDAM AVE - I95 S EXP LNS,control,2025-11-01,715,413,0.577622,True
4620310,CBE W U/LEV AMSTERDAM AVE - I95 S EXP LNS,control,2025-12-01,738,0,0.0,False
4620310,CBE W U/LEV AMSTERDAM AVE - I95 S EXP LNS,control,2026-01-01,743,424,0.570659,True
4620310,CBE W U/LEV AMSTERDAM AVE - I95 S EXP LNS,control,2026-02-01,672,654,0.973214,True
4620310,CBE W U/LEV AMSTERDAM AVE - I95 S EXP LNS,control,2026-03-01,743,522,0.702557,True
4620310,CBE W U/LEV AMSTERDAM AVE - I95 S EXP LNS,control,2026-04-01,476,455,0.955882,True
4620310,CBE W U/LEV AMSTERDAM AVE - I95 S EXP LNS,control,2026-05-01,729,727,0.997257,True
4620314,MDE S HARLEM RIVER PARK - GWB W AMSTERDAM AVENUE UPPER LEVEL,control,2023-01-01,557,557,1.0,True
4620314,MDE S HARLEM RIVER PARK - GWB W AMSTERDAM AVENUE UPPER LEVEL,control,2023-02-01,661,661,1.0,True
4620314,MDE S HARLEM RIVER PARK - GWB W AMSTERDAM AVENUE UPPER LEVEL,control,2023-03-01,743,743,1.0,True
4620314,MDE S HARLEM RIVER PARK - GWB W AMSTERDAM AVENUE UPPER LEVEL,control,2023-04-01,720,720,1.0,True
4620314,MDE S HARLEM RIVER PARK - GWB W AMSTERDAM AVENUE UPPER LEVEL,control,2023-05-01,468,468,1.0,True
4620314,MDE S HARLEM RIVER PARK - GWB W AMSTERDAM AVENUE UPPER LEVEL,control,2023-06-01,541,541,1.0,True
4620314,MDE S HARLEM RIVER PARK - GWB W AMSTERDAM AVENUE UPPER LEVEL,control,2023-07-01,629,629,1.0,True
4620314,MDE S HARLEM RIVER PARK - GWB W AMSTERDAM AVENUE UPPER LEVEL,control,2023-08-01,741,739,0.997301,True
4620314,MDE S HARLEM RIVER PARK - GWB W AMSTERDAM AVENUE UPPER LEVEL,control,2023-09-01,705,704,0.998582,True
4620314,MDE S HARLEM RIVER PARK - GWB W AMSTERDAM AVENUE UPPER LEVEL,control,2023-10-01,744,735,0.987903,True
4620314,MDE S HARLEM RIVER PARK - GWB W AMSTERDAM AVENUE UPPER LEVEL,control,2023-11-01,706,526,0.745042,True
4620314,MDE S HARLEM RIVER PARK - GWB W AMSTERDAM AVENUE UPPER LEVEL,control,2023-12-01,744,744,1.0,True
4620314,MDE S HARLEM RIVER PARK - GWB W AMSTERDAM AVENUE UPPER LEVEL,control,2024-01-01,682,682,1.0,True
4620314,MDE S HARLEM RIVER PARK - GWB W AMSTERDAM AVENUE UPPER LEVEL,control,2024-02-01,416,416,1.0,True
4620314,MDE S HARLEM RIVER PARK - GWB W AMSTERDAM AVENUE UPPER LEVEL,control,2024-03-01,717,717,1.0,True
4620314,MDE S HARLEM RIVER PARK - GWB W AMSTERDAM AVENUE UPPER LEVEL,control,2024-04-01,704,701,0.995739,True
4620314,MDE S HARLEM RIVER PARK - GWB W AMSTERDAM AVENUE UPPER LEVEL,control,2024-05-01,744,744,1.0,True
4620314,MDE S HARLEM RIVER PARK - GWB W AMSTERDAM AVENUE UPPER LEVEL,control,2024-06-01,720,718,0.997222,True
4620314,MDE S HARLEM RIVER PARK - GWB W AMSTERDAM AVENUE UPPER LEVEL,control,2024-07-01,729,729,1.0,True
4620314,MDE S HARLEM RIVER PARK - GWB W AMSTERDAM AVENUE UPPER LEVEL,control,2024-08-01,701,701,1.0,True
4620314,MDE S HARLEM RIVER PARK - GWB W AMSTERDAM AVENUE UPPER LEVEL,control,2024-09-01,720,720,1.0,True
4620314,MDE S HARLEM RIVER PARK - GWB W AMSTERDAM AVENUE UPPER LEVEL,control,2024-10-01,744,744,1.0,True
4620314,MDE S HARLEM RIVER PARK - GWB W AMSTERDAM AVENUE UPPER LEVEL,control,2024-11-01,719,719,1.0,True
4620314,MDE S HARLEM RIVER PARK - GWB W AMSTERDAM AVENUE UPPER LEVEL,control,2024-12-01,606,606,1.0,True
4620314,MDE S HARLEM RIVER PARK - GWB W AMSTERDAM AVENUE UPPER LEVEL,control,2025-01-01,736,736,1.0,True
4620314,MDE S HARLEM RIVER PARK - GWB W AMSTERDAM AVENUE UPPER LEVEL,control,2025-02-01,672,672,1.0,True
4620314,MDE S HARLEM RIVER PARK - GWB W AMSTERDAM AVENUE UPPER LEVEL,control,2025-03-01,743,741,0.997308,True
4620314,MDE S HARLEM RIVER PARK - GWB W AMSTERDAM AVENUE UPPER LEVEL,control,2025-04-01,720,720,1.0,True
4620314,MDE S HARLEM RIVER PARK - GWB W AMSTERDAM AVENUE UPPER LEVEL,control,2025-05-01,744,744,1.0,True
4620314,MDE S HARLEM RIVER PARK - GWB W AMSTERDAM AVENUE UPPER LEVEL,control,2025-06-01,695,693,0.997122,True
4620314,MDE S HARLEM RIVER PARK - GWB W AMSTERDAM AVENUE UPPER LEVEL,control,2025-07-01,744,744,1.0,True
4620314,MDE S HARLEM RIVER PARK - GWB W AMSTERDAM AVENUE UPPER LEVEL,control,2025-08-01,743,743,1.0,True
4620314,MDE S HARLEM RIVER PARK - GWB W AMSTERDAM AVENUE UPPER LEVEL,control,2025-09-01,720,720,1.0,True
4620314,MDE S HARLEM RIVER PARK - GWB W AMSTERDAM AVENUE UPPER LEVEL,control,2025-10-01,734,734,1.0,True
4620314,MDE S HARLEM RIVER PARK - GWB W AMSTERDAM AVENUE UPPER LEVEL,control,2025-11-01,715,560,0.783217,True
4620314,MDE S HARLEM RIVER PARK - GWB W AMSTERDAM AVENUE UPPER LEVEL,control,2025-12-01,738,371,0.50271,True
4620314,MDE S HARLEM RIVER PARK - GWB W AMSTERDAM AVENUE UPPER LEVEL,control,2026-01-01,743,743,1.0,True
4620314,MDE S HARLEM RIVER PARK - GWB W AMSTERDAM AVENUE UPPER LEVEL,control,2026-02-01,672,672,1.0,True
4620314,MDE S HARLEM RIVER PARK - GWB W AMSTERDAM AVENUE UPPER LEVEL,control,2026-03-01,743,741,0.997308,True
4620314,MDE S HARLEM RIVER PARK - GWB W AMSTERDAM AVENUE UPPER LEVEL,control,2026-04-01,476,470,0.987395,True
4620314,MDE S HARLEM RIVER PARK - GWB W AMSTERDAM AVENUE UPPER LEVEL,control,2026-05-01,731,724,0.990424,True
4620315,CBE W L/LE V AMSTERDAM AVE - I 95 S LOC LNS,control,2023-01-01,557,534,0.958707,True
4620315,CBE W L/LE V AMSTERDAM AVE - I 95 S LOC LNS,control,2023-02-01,661,618,0.934947,True
4620315,CBE W L/LE V AMSTERDAM AVE - I 95 S LOC LNS,control,2023-03-01,743,709,0.95424,True
4620315,CBE W L/LE V AMSTERDAM AVE - I 95 S LOC LNS,control,2023-04-01,720,654,0.908333,True
4620315,CBE W L/LE V AMSTERDAM AVE - I 95 S LOC LNS,control,2023-05-01,468,421,0.899573,True
4620315,CBE W L/LE V AMSTERDAM AVE - I 95 S LOC LNS,control,2023-06-01,541,465,0.859519,True
4620315,CBE W L/LE V AMSTERDAM AVE - I 95 S LOC LNS,control,2023-07-01,629,526,0.836248,True
4620315,CBE W L/LE V AMSTERDAM AVE - I 95 S LOC LNS,control,2023-08-01,741,633,0.854251,True
4620315,CBE W L/LE V AMSTERDAM AVE - I 95 S LOC LNS,control,2023-09-01,705,607,0.860993,True
4620315,CBE W L/LE V AMSTERDAM AVE - I 95 S LOC LNS,control,2023-10-01,744,637,0.856183,True
4620315,CBE W L/LE V AMSTERDAM AVE - I 95 S LOC LNS,control,2023-11-01,706,620,0.878187,True
4620315,CBE W L/LE V AMSTERDAM AVE - I 95 S LOC LNS,control,2023-12-01,744,657,0.883065,True
4620315,CBE W L/LE V AMSTERDAM AVE - I 95 S LOC LNS,control,2024-01-01,682,604,0.88563,True
4620315,CBE W L/LE V AMSTERDAM AVE - I 95 S LOC LNS,control,2024-02-01,416,384,0.923077,True
4620315,CBE W L/LE V AMSTERDAM AVE - I 95 S LOC LNS,control,2024-03-01,717,664,0.926081,True
4620315,CBE W L/LE V AMSTERDAM AVE - I 95 S LOC LNS,control,2024-04-01,704,640,0.909091,True
4620315,CBE W L/LE V AMSTERDAM AVE - I 95 S LOC LNS,control,2024-05-01,744,670,0.900538,True
4620315,CBE W L/LE V AMSTERDAM AVE - I 95 S LOC LNS,control,2024-06-01,720,586,0.813889,True
4620315,CBE W L/LE V AMSTERDAM AVE - I 95 S LOC LNS,control,2024-07-01,729,646,0.886145,True
4620315,CBE W L/LE V AMSTERDAM AVE - I 95 S LOC LNS,control,2024-08-01,701,580,0.827389,True
4620315,CBE W L/LE V AMSTERDAM AVE - I 95 S LOC LNS,control,2024-09-01,720,612,0.85,True
4620315,CBE W L/LE V AMSTERDAM AVE - I 95 S LOC LNS,control,2024-10-01,744,624,0.83871,True
4620315,CBE W L/LE V AMSTERDAM AVE - I 95 S LOC LNS,control,2024-11-01,719,648,0.901252,True
4620315,CBE W L/LE V AMSTERDAM AVE - I 95 S LOC LNS,control,2024-12-01,606,573,0.945545,True
4620315,CBE W L/LE V AMSTERDAM AVE - I 95 S LOC LNS,control,2025-01-01,736,682,0.92663,True
4620315,CBE W L/LE V AMSTERDAM AVE - I 95 S LOC LNS,control,2025-02-01,672,635,0.94494,True
4620315,CBE W L/LE V AMSTERDAM AVE - I 95 S LOC LNS,control,2025-03-01,743,699,0.940781,True
4620315,CBE W L/LE V AMSTERDAM AVE - I 95 S LOC LNS,control,2025-04-01,720,651,0.904167,True
4620315,CBE W L/LE V AMSTERDAM AVE - I 95 S LOC LNS,control,2025-05-01,744,699,0.939516,True
4620315,CBE W L/LE V AMSTERDAM AVE - I 95 S LOC LNS,control,2025-06-01,695,622,0.894964,True
4620315,CBE W L/LE V AMSTERDAM AVE - I 95 S LOC LNS,control,2025-07-01,744,661,0.888441,True
4620315,CBE W L/LE V AMSTERDAM AVE - I 95 S LOC LNS,control,2025-08-01,743,728,0.979812,True
4620315,CBE W L/LE V AMSTERDAM AVE - I 95 S LOC LNS,control,2025-09-01,720,603,0.8375,True
4620315,CBE W L/LE V AMSTERDAM AVE - I 95 S LOC LNS,control,2025-10-01,734,723,0.985014,True
4620315,CBE W L/LE V AMSTERDAM AVE - I 95 S LOC LNS,control,2025-11-01,715,412,0.576224,True
4620315,CBE W L/LE V AMSTERDAM AVE - I 95 S LOC LNS,control,2025-12-01,738,0,0.0,False
4620315,CBE W L/LE V AMSTERDAM AVE - I 95 S LOC LNS,control,2026-01-01,743,424,0.570659,True
4620315,CBE W L/LE V AMSTERDAM AVE - I 95 S LOC LNS,control,2026-02-01,672,647,0.962798,True
4620315,CBE W L/LE V AMSTERDAM AVE - I 95 S LOC LNS,control,2026-03-01,743,734,0.987887,True
4620315,CBE W L/LE V AMSTERDAM AVE - I 95 S LOC LNS,control,2026-04-01,476,447,0.939076,True
4620315,CBE W L/LE V AMSTERDAM AVE - I 95 S LOC LNS,control,2026-05-01,729,677,0.928669,True
4620330,MDE S HARLEM RIVER PARK - GWB W AMSTERDAM AVENUE LOWER LEVEL,control,2023-01-01,557,557,1.0,True
4620330,MDE S HARLEM RIVER PARK - GWB W AMSTERDAM AVENUE LOWER LEVEL,control,2023-02-01,661,661,1.0,True
4620330,MDE S HARLEM RIVER PARK - GWB W AMSTERDAM AVENUE LOWER LEVEL,control,2023-03-01,743,743,1.0,True
4620330,MDE S HARLEM RIVER PARK - GWB W AMSTERDAM AVENUE LOWER LEVEL,control,2023-04-01,720,720,1.0,True
4620330,MDE S HARLEM RIVER PARK - GWB W AMSTERDAM AVENUE LOWER LEVEL,control,2023-05-01,468,468,1.0,True
4620330,MDE S HARLEM RIVER PARK - GWB W AMSTERDAM AVENUE LOWER LEVEL,control,2023-06-01,541,541,1.0,True
4620330,MDE S HARLEM RIVER PARK - GWB W AMSTERDAM AVENUE LOWER LEVEL,control,2023-07-01,629,629,1.0,True
4620330,MDE S HARLEM RIVER PARK - GWB W AMSTERDAM AVENUE LOWER LEVEL,control,2023-08-01,741,739,0.997301,True
4620330,MDE S HARLEM RIVER PARK - GWB W AMSTERDAM AVENUE LOWER LEVEL,control,2023-09-01,705,704,0.998582,True
4620330,MDE S HARLEM RIVER PARK - GWB W AMSTERDAM AVENUE LOWER LEVEL,control,2023-10-01,744,735,0.987903,True
4620330,MDE S HARLEM RIVER PARK - GWB W AMSTERDAM AVENUE LOWER LEVEL,control,2023-11-01,706,527,0.746459,True
4620330,MDE S HARLEM RIVER PARK - GWB W AMSTERDAM AVENUE LOWER LEVEL,control,2023-12-01,744,744,1.0,True
4620330,MDE S HARLEM RIVER PARK - GWB W AMSTERDAM AVENUE LOWER LEVEL,control,2024-01-01,682,682,1.0,True
4620330,MDE S HARLEM RIVER PARK - GWB W AMSTERDAM AVENUE LOWER LEVEL,control,2024-02-01,416,416,1.0,True
4620330,MDE S HARLEM RIVER PARK - GWB W AMSTERDAM AVENUE LOWER LEVEL,control,2024-03-01,717,717,1.0,True
4620330,MDE S HARLEM RIVER PARK - GWB W AMSTERDAM AVENUE LOWER LEVEL,control,2024-04-01,704,702,0.997159,True
4620330,MDE S HARLEM RIVER PARK - GWB W AMSTERDAM AVENUE LOWER LEVEL,control,2024-05-01,744,744,1.0,True
4620330,MDE S HARLEM RIVER PARK - GWB W AMSTERDAM AVENUE LOWER LEVEL,control,2024-06-01,720,718,0.997222,True
4620330,MDE S HARLEM RIVER PARK - GWB W AMSTERDAM AVENUE LOWER LEVEL,control,2024-07-01,729,729,1.0,True
4620330,MDE S HARLEM RIVER PARK - GWB W AMSTERDAM AVENUE LOWER LEVEL,control,2024-08-01,701,701,1.0,True
4620330,MDE S HARLEM RIVER PARK - GWB W AMSTERDAM AVENUE LOWER LEVEL,control,2024-09-01,720,720,1.0,True
4620330,MDE S HARLEM RIVER PARK - GWB W AMSTERDAM AVENUE LOWER LEVEL,control,2024-10-01,744,744,1.0,True
4620330,MDE S HARLEM RIVER PARK - GWB W AMSTERDAM AVENUE LOWER LEVEL,control,2024-11-01,719,719,1.0,True
4620330,MDE S HARLEM RIVER PARK - GWB W AMSTERDAM AVENUE LOWER LEVEL,control,2024-12-01,606,606,1.0,True
4620330,MDE S HARLEM RIVER PARK - GWB W AMSTERDAM AVENUE LOWER LEVEL,control,2025-01-01,736,736,1.0,True
4620330,MDE S HARLEM RIVER PARK - GWB W AMSTERDAM AVENUE LOWER LEVEL,control,2025-02-01,672,672,1.0,True
4620330,MDE S HARLEM RIVER PARK - GWB W AMSTERDAM AVENUE LOWER LEVEL,control,2025-03-01,743,741,0.997308,True
4620330,MDE S HARLEM RIVER PARK - GWB W AMSTERDAM AVENUE LOWER LEVEL,control,2025-04-01,720,720,1.0,True
4620330,MDE S HARLEM RIVER PARK - GWB W AMSTERDAM AVENUE LOWER LEVEL,control,2025-05-01,744,744,1.0,True
4620330,MDE S HARLEM RIVER PARK - GWB W AMSTERDAM AVENUE LOWER LEVEL,control,2025-06-01,695,694,0.998561,True
4620330,MDE S HARLEM RIVER PARK - GWB W AMSTERDAM AVENUE LOWER LEVEL,control,2025-07-01,744,744,1.0,True
4620330,MDE S HARLEM RIVER PARK - GWB W AMSTERDAM AVENUE LOWER LEVEL,control,2025-08-01,743,743,1.0,True
4620330,MDE S HARLEM RIVER PARK - GWB W AMSTERDAM AVENUE LOWER LEVEL,control,2025-09-01,720,720,1.0,True
4620330,MDE S HARLEM RIVER PARK - GWB W AMSTERDAM AVENUE LOWER LEVEL,control,2025-10-01,734,734,1.0,True
4620330,MDE S HARLEM RIVER PARK - GWB W AMSTERDAM AVENUE LOWER LEVEL,control,2025-11-01,715,560,0.783217,True
4620330,MDE S HARLEM RIVER PARK - GWB W AMSTERDAM AVENUE LOWER LEVEL,control,2025-12-01,738,370,0.501355,True
4620330,MDE S HARLEM RIVER PARK - GWB W AMSTERDAM AVENUE LOWER LEVEL,control,2026-01-01,743,743,1.0,True
4620330,MDE S HARLEM RIVER PARK - GWB W AMSTERDAM AVENUE LOWER LEVEL,control,2026-02-01,672,672,1.0,True
4620330,MDE S HARLEM RIVER PARK - GWB W AMSTERDAM AVENUE LOWER LEVEL,control,2026-03-01,743,741,0.997308,True
4620330,MDE S HARLEM RIVER PARK - GWB W AMSTERDAM AVENUE LOWER LEVEL,control,2026-04-01,476,471,0.989496,True
4620330,MDE S HARLEM RIVER PARK - GWB W AMSTERDAM AVENUE LOWER LEVEL,control,2026-05-01,731,724,0.990424,True
4620331,CBE W MORRIS AVE - GWB W AMSTERDAM AVE (U/LVL),control,2023-01-01,557,557,1.0,True
4620331,CBE W MORRIS AVE - GWB W AMSTERDAM AVE (U/LVL),control,2023-02-01,661,661,1.0,True
4620331,CBE W MORRIS AVE - GWB W AMSTERDAM AVE (U/LVL),control,2023-03-01,743,743,1.0,True
4620331,CBE W MORRIS AVE - GWB W AMSTERDAM AVE (U/LVL),control,2023-04-01,720,720,1.0,True
4620331,CBE W MORRIS AVE - GWB W AMSTERDAM AVE (U/LVL),control,2023-05-01,468,468,1.0,True
4620331,CBE W MORRIS AVE - GWB W AMSTERDAM AVE (U/LVL),control,2023-06-01,541,541,1.0,True
4620331,CBE W MORRIS AVE - GWB W AMSTERDAM AVE (U/LVL),control,2023-07-01,629,629,1.0,True
4620331,CBE W MORRIS AVE - GWB W AMSTERDAM AVE (U/LVL),control,2023-08-01,741,740,0.99865,True
4620331,CBE W MORRIS AVE - GWB W AMSTERDAM AVE (U/LVL),control,2023-09-01,705,704,0.998582,True
4620331,CBE W MORRIS AVE - GWB W AMSTERDAM AVE (U/LVL),control,2023-10-01,744,735,0.987903,True
4620331,CBE W MORRIS AVE - GWB W AMSTERDAM AVE (U/LVL),control,2023-11-01,706,527,0.746459,True
4620331,CBE W MORRIS AVE - GWB W AMSTERDAM AVE (U/LVL),control,2023-12-01,744,744,1.0,True
4620331,CBE W MORRIS AVE - GWB W AMSTERDAM AVE (U/LVL),control,2024-01-01,682,682,1.0,True
4620331,CBE W MORRIS AVE - GWB W AMSTERDAM AVE (U/LVL),control,2024-02-01,416,416,1.0,True
4620331,CBE W MORRIS AVE - GWB W AMSTERDAM AVE (U/LVL),control,2024-03-01,717,717,1.0,True
4620331,CBE W MORRIS AVE - GWB W AMSTERDAM AVE (U/LVL),control,2024-04-01,533,529,0.992495,True
4620331,CBE W MORRIS AVE - GWB W AMSTERDAM AVE (U/LVL),control,2024-05-01,744,744,1.0,True
4620331,CBE W MORRIS AVE - GWB W AMSTERDAM AVE (U/LVL),control,2024-06-01,720,720,1.0,True
4620331,CBE W MORRIS AVE - GWB W AMSTERDAM AVE (U/LVL),control,2024-07-01,729,729,1.0,True
4620331,CBE W MORRIS AVE - GWB W AMSTERDAM AVE (U/LVL),control,2024-08-01,701,701,1.0,True
4620331,CBE W MORRIS AVE - GWB W AMSTERDAM AVE (U/LVL),control,2024-09-01,720,720,1.0,True
4620331,CBE W MORRIS AVE - GWB W AMSTERDAM AVE (U/LVL),control,2024-10-01,744,741,0.995968,True
4620331,CBE W MORRIS AVE - GWB W AMSTERDAM AVE (U/LVL),control,2024-11-01,719,716,0.995828,True
4620331,CBE W MORRIS AVE - GWB W AMSTERDAM AVE (U/LVL),control,2024-12-01,606,606,1.0,True
4620331,CBE W MORRIS AVE - GWB W AMSTERDAM AVE (U/LVL),control,2025-01-01,736,736,1.0,True
4620331,CBE W MORRIS AVE - GWB W AMSTERDAM AVE (U/LVL),control,2025-02-01,672,672,1.0,True
4620331,CBE W MORRIS AVE - GWB W AMSTERDAM AVE (U/LVL),control,2025-03-01,743,740,0.995962,True
4620331,CBE W MORRIS AVE - GWB W AMSTERDAM AVE (U/LVL),control,2025-04-01,720,720,1.0,True
4620331,CBE W MORRIS AVE - GWB W AMSTERDAM AVE (U/LVL),control,2025-05-01,744,744,1.0,True
4620331,CBE W MORRIS AVE - GWB W AMSTERDAM AVE (U/LVL),control,2025-06-01,695,695,1.0,True
4620331,CBE W MORRIS AVE - GWB W AMSTERDAM AVE (U/LVL),control,2025-07-01,744,744,1.0,True
4620331,CBE W MORRIS AVE - GWB W AMSTERDAM AVE (U/LVL),control,2025-08-01,743,742,0.998654,True
4620331,CBE W MORRIS AVE - GWB W AMSTERDAM AVE (U/LVL),control,2025-09-01,720,705,0.979167,True
4620331,CBE W MORRIS AVE - GWB W AMSTERDAM AVE (U/LVL),control,2025-10-01,734,733,0.998638,True
4620331,CBE W MORRIS AVE - GWB W AMSTERDAM AVE (U/LVL),control,2025-11-01,715,561,0.784615,True
4620331,CBE W MORRIS AVE - GWB W AMSTERDAM AVE (U/LVL),control,2025-12-01,738,370,0.501355,True
4620331,CBE W MORRIS AVE - GWB W AMSTERDAM AVE (U/LVL),control,2026-01-01,743,743,1.0,True
4620331,CBE W MORRIS AVE - GWB W AMSTERDAM AVE (U/LVL),control,2026-02-01,672,672,1.0,True
4620331,CBE W MORRIS AVE - GWB W AMSTERDAM AVE (U/LVL),control,2026-03-01,743,740,0.995962,True
4620331,CBE W MORRIS AVE - GWB W AMSTERDAM AVE (U/LVL),control,2026-04-01,476,470,0.987395,True
4620331,CBE W MORRIS AVE - GWB W AMSTERDAM AVE (U/LVL),control,2026-05-01,730,723,0.990411,True
4620332,CBE W MORRIS AVE - GWB W AMSTERDAM AVE (L/LVL),control,2023-01-01,557,557,1.0,True
4620332,CBE W MORRIS AVE - GWB W AMSTERDAM AVE (L/LVL),control,2023-02-01,661,661,1.0,True
4620332,CBE W MORRIS AVE - GWB W AMSTERDAM AVE (L/LVL),control,2023-03-01,743,743,1.0,True
4620332,CBE W MORRIS AVE - GWB W AMSTERDAM AVE (L/LVL),control,2023-04-01,720,720,1.0,True
4620332,CBE W MORRIS AVE - GWB W AMSTERDAM AVE (L/LVL),control,2023-05-01,468,468,1.0,True
4620332,CBE W MORRIS AVE - GWB W AMSTERDAM AVE (L/LVL),control,2023-06-01,541,541,1.0,True
4620332,CBE W MORRIS AVE - GWB W AMSTERDAM AVE (L/LVL),control,2023-07-01,629,629,1.0,True
4620332,CBE W MORRIS AVE - GWB W AMSTERDAM AVE (L/LVL),control,2023-08-01,741,740,0.99865,True
4620332,CBE W MORRIS AVE - GWB W AMSTERDAM AVE (L/LVL),control,2023-09-01,705,704,0.998582,True
4620332,CBE W MORRIS AVE - GWB W AMSTERDAM AVE (L/LVL),control,2023-10-01,744,734,0.986559,True
4620332,CBE W MORRIS AVE - GWB W AMSTERDAM AVE (L/LVL),control,2023-11-01,706,527,0.746459,True
4620332,CBE W MORRIS AVE - GWB W AMSTERDAM AVE (L/LVL),control,2023-12-01,744,744,1.0,True
4620332,CBE W MORRIS AVE - GWB W AMSTERDAM AVE (L/LVL),control,2024-01-01,682,682,1.0,True
4620332,CBE W MORRIS AVE - GWB W AMSTERDAM AVE (L/LVL),control,2024-02-01,416,416,1.0,True
4620332,CBE W MORRIS AVE - GWB W AMSTERDAM AVE (L/LVL),control,2024-03-01,717,717,1.0,True
4620332,CBE W MORRIS AVE - GWB W AMSTERDAM AVE (L/LVL),control,2024-04-01,704,703,0.99858,True
4620332,CBE W MORRIS AVE - GWB W AMSTERDAM AVE (L/LVL),control,2024-05-01,744,744,1.0,True
4620332,CBE W MORRIS AVE - GWB W AMSTERDAM AVE (L/LVL),control,2024-06-01,720,720,1.0,True
4620332,CBE W MORRIS AVE - GWB W AMSTERDAM AVE (L/LVL),control,2024-07-01,729,729,1.0,True
4620332,CBE W MORRIS AVE - GWB W AMSTERDAM AVE (L/LVL),control,2024-08-01,701,701,1.0,True
4620332,CBE W MORRIS AVE - GWB W AMSTERDAM AVE (L/LVL),control,2024-09-01,720,720,1.0,True
4620332,CBE W MORRIS AVE - GWB W AMSTERDAM AVE (L/LVL),control,2024-10-01,744,743,0.998656,True
4620332,CBE W MORRIS AVE - GWB W AMSTERDAM AVE (L/LVL),control,2024-11-01,719,716,0.995828,True
4620332,CBE W MORRIS AVE - GWB W AMSTERDAM AVE (L/LVL),control,2024-12-01,606,606,1.0,True
4620332,CBE W MORRIS AVE - GWB W AMSTERDAM AVE (L/LVL),control,2025-01-01,736,736,1.0,True
4620332,CBE W MORRIS AVE - GWB W AMSTERDAM AVE (L/LVL),control,2025-02-01,672,672,1.0,True
4620332,CBE W MORRIS AVE - GWB W AMSTERDAM AVE (L/LVL),control,2025-03-01,743,740,0.995962,True
4620332,CBE W MORRIS AVE - GWB W AMSTERDAM AVE (L/LVL),control,2025-04-01,720,720,1.0,True
4620332,CBE W MORRIS AVE - GWB W AMSTERDAM AVE (L/LVL),control,2025-05-01,744,744,1.0,True
4620332,CBE W MORRIS AVE - GWB W AMSTERDAM AVE (L/LVL),control,2025-06-01,695,694,0.998561,True
4620332,CBE W MORRIS AVE - GWB W AMSTERDAM AVE (L/LVL),control,2025-07-01,744,744,1.0,True
4620332,CBE W MORRIS AVE - GWB W AMSTERDAM AVE (L/LVL),control,2025-08-01,743,742,0.998654,True
4620332,CBE W MORRIS AVE - GWB W AMSTERDAM AVE (L/LVL),control,2025-09-01,720,704,0.977778,True
4620332,CBE W MORRIS AVE - GWB W AMSTERDAM AVE (L/LVL),control,2025-10-01,734,734,1.0,True
4620332,CBE W MORRIS AVE - GWB W AMSTERDAM AVE (L/LVL),control,2025-11-01,715,561,0.784615,True
4620332,CBE W MORRIS AVE - GWB W AMSTERDAM AVE (L/LVL),control,2025-12-01,738,370,0.501355,True
4620332,CBE W MORRIS AVE - GWB W AMSTERDAM AVE (L/LVL),control,2026-01-01,743,743,1.0,True
4620332,CBE W MORRIS AVE - GWB W AMSTERDAM AVE (L/LVL),control,2026-02-01,672,672,1.0,True
4620332,CBE W MORRIS AVE - GWB W AMSTERDAM AVE (L/LVL),control,2026-03-01,743,740,0.995962,True
4620332,CBE W MORRIS AVE - GWB W AMSTERDAM AVE (L/LVL),control,2026-04-01,476,470,0.987395,True
4620332,CBE W MORRIS AVE - GWB W AMSTERDAM AVE (L/LVL),control,2026-05-01,731,725,0.991792,True
4763648,SIE E VNB E FINGERBOARD ROAD - SI GANTRY UPPER LEVEL,control,2023-07-01,1,0,0.0,False
4763648,SIE E VNB E FINGERBOARD ROAD - SI GANTRY UPPER LEVEL,control,2023-10-01,1,0,0.0,False
4763649,VNB W BROOKLYN GANTRY UPPER LEVEL - SI GANTRY UPPER LEVEL,control,2023-01-01,557,0,0.0,False
4763649,VNB W BROOKLYN GANTRY UPPER LEVEL - SI GANTRY UPPER LEVEL,control,2023-02-01,661,0,0.0,False
4763649,VNB W BROOKLYN GANTRY UPPER LEVEL - SI GANTRY UPPER LEVEL,control,2023-03-01,743,0,0.0,False
4763649,VNB W BROOKLYN GANTRY UPPER LEVEL - SI GANTRY UPPER LEVEL,control,2023-04-01,720,0,0.0,False
4763649,VNB W BROOKLYN GANTRY UPPER LEVEL - SI GANTRY UPPER LEVEL,control,2023-05-01,468,0,0.0,False
4763649,VNB W BROOKLYN GANTRY UPPER LEVEL - SI GANTRY UPPER LEVEL,control,2023-06-01,541,0,0.0,False
4763649,VNB W BROOKLYN GANTRY UPPER LEVEL - SI GANTRY UPPER LEVEL,control,2023-07-01,629,0,0.0,False
4763649,VNB W BROOKLYN GANTRY UPPER LEVEL - SI GANTRY UPPER LEVEL,control,2023-08-01,741,0,0.0,False
4763649,VNB W BROOKLYN GANTRY UPPER LEVEL - SI GANTRY UPPER LEVEL,control,2023-09-01,703,0,0.0,False
4763649,VNB W BROOKLYN GANTRY UPPER LEVEL - SI GANTRY UPPER LEVEL,control,2023-10-01,744,0,0.0,False
4763649,VNB W BROOKLYN GANTRY UPPER LEVEL - SI GANTRY UPPER LEVEL,control,2023-11-01,706,0,0.0,False
4763649,VNB W BROOKLYN GANTRY UPPER LEVEL - SI GANTRY UPPER LEVEL,control,2023-12-01,744,0,0.0,False
4763649,VNB W BROOKLYN GANTRY UPPER LEVEL - SI GANTRY UPPER LEVEL,control,2024-01-01,682,0,0.0,False
4763649,VNB W BROOKLYN GANTRY UPPER LEVEL - SI GANTRY UPPER LEVEL,control,2024-02-01,416,0,0.0,False
4763649,VNB W BROOKLYN GANTRY UPPER LEVEL - SI GANTRY UPPER LEVEL,control,2024-03-01,717,0,0.0,False
4763649,VNB W BROOKLYN GANTRY UPPER LEVEL - SI GANTRY UPPER LEVEL,control,2024-04-01,720,0,0.0,False
4763649,VNB W BROOKLYN GANTRY UPPER LEVEL - SI GANTRY UPPER LEVEL,control,2024-05-01,744,0,0.0,False
4763649,VNB W BROOKLYN GANTRY UPPER LEVEL - SI GANTRY UPPER LEVEL,control,2024-06-01,720,0,0.0,False
4763649,VNB W BROOKLYN GANTRY UPPER LEVEL - SI GANTRY UPPER LEVEL,control,2024-07-01,729,0,0.0,False
4763649,VNB W BROOKLYN GANTRY UPPER LEVEL - SI GANTRY UPPER LEVEL,control,2024-08-01,689,0,0.0,False
4763649,VNB W BROOKLYN GANTRY UPPER LEVEL - SI GANTRY UPPER LEVEL,control,2024-09-01,720,0,0.0,False
4763649,VNB W BROOKLYN GANTRY UPPER LEVEL - SI GANTRY UPPER LEVEL,control,2024-10-01,744,0,0.0,False
4763649,VNB W BROOKLYN GANTRY UPPER LEVEL - SI GANTRY UPPER LEVEL,control,2024-11-01,719,0,0.0,False
4763649,VNB W BROOKLYN GANTRY UPPER LEVEL - SI GANTRY UPPER LEVEL,control,2024-12-01,606,0,0.0,False
4763649,VNB W BROOKLYN GANTRY UPPER LEVEL - SI GANTRY UPPER LEVEL,control,2025-01-01,744,0,0.0,False
4763649,VNB W BROOKLYN GANTRY UPPER LEVEL - SI GANTRY UPPER LEVEL,control,2025-02-01,672,0,0.0,False
4763649,VNB W BROOKLYN GANTRY UPPER LEVEL - SI GANTRY UPPER LEVEL,control,2025-03-01,743,0,0.0,False
4763649,VNB W BROOKLYN GANTRY UPPER LEVEL - SI GANTRY UPPER LEVEL,control,2025-04-01,720,0,0.0,False
4763649,VNB W BROOKLYN GANTRY UPPER LEVEL - SI GANTRY UPPER LEVEL,control,2025-05-01,738,0,0.0,False
4763649,VNB W BROOKLYN GANTRY UPPER LEVEL - SI GANTRY UPPER LEVEL,control,2025-06-01,700,0,0.0,False
4763649,VNB W BROOKLYN GANTRY UPPER LEVEL - SI GANTRY UPPER LEVEL,control,2025-07-01,744,0,0.0,False
4763649,VNB W BROOKLYN GANTRY UPPER LEVEL - SI GANTRY UPPER LEVEL,control,2025-08-01,743,0,0.0,False
4763649,VNB W BROOKLYN GANTRY UPPER LEVEL - SI GANTRY UPPER LEVEL,control,2025-09-01,720,0,0.0,False
4763649,VNB W BROOKLYN GANTRY UPPER LEVEL - SI GANTRY UPPER LEVEL,control,2025-10-01,734,0,0.0,False
4763649,VNB W BROOKLYN GANTRY UPPER LEVEL - SI GANTRY UPPER LEVEL,control,2025-11-01,715,0,0.0,False
4763649,VNB W BROOKLYN GANTRY UPPER LEVEL - SI GANTRY UPPER LEVEL,control,2025-12-01,740,0,0.0,False
4763649,VNB W BROOKLYN GANTRY UPPER LEVEL - SI GANTRY UPPER LEVEL,control,2026-01-01,743,0,0.0,False
4763649,VNB W BROOKLYN GANTRY UPPER LEVEL - SI GANTRY UPPER LEVEL,control,2026-02-01,672,0,0.0,False
4763649,VNB W BROOKLYN GANTRY UPPER LEVEL - SI GANTRY UPPER LEVEL,control,2026-03-01,331,0,0.0,False
4763649,VNB W BROOKLYN GANTRY UPPER LEVEL - SI GANTRY UPPER LEVEL,control,2026-04-01,477,0,0.0,False
4763649,VNB W BROOKLYN GANTRY UPPER LEVEL - SI GANTRY UPPER LEVEL,control,2026-05-01,182,0,0.0,False
4763650,SIE E VNB E FINGERBOARD ROAD - SI GANTRY LOWER LEVEL,control,2023-07-01,1,0,0.0,False
4763650,SIE E VNB E FINGERBOARD ROAD - SI GANTRY LOWER LEVEL,control,2023-10-01,1,0,0.0,False
4763650,SIE E VNB E FINGERBOARD ROAD - SI GANTRY LOWER LEVEL,control,2026-04-01,35,0,0.0,False
4763650,SIE E VNB E FINGERBOARD ROAD - SI GANTRY LOWER LEVEL,control,2026-05-01,182,0,0.0,False
4763651,VNB W BROOKLYN GANTRY LOWER LEVEL - SI GANTRY LOWER LEVEL,control,2023-07-01,1,0,0.0,False
4763651,VNB W BROOKLYN GANTRY LOWER LEVEL - SI GANTRY LOWER LEVEL,control,2023-10-01,1,0,0.0,False
4763652,VNB E SI GANTRY UPPER LEVEL - BROOKLYN GANTRY UPPER LEVEL,control,2023-01-01,557,0,0.0,False
4763652,VNB E SI GANTRY UPPER LEVEL - BROOKLYN GANTRY UPPER LEVEL,control,2023-02-01,661,0,0.0,False
4763652,VNB E SI GANTRY UPPER LEVEL - BROOKLYN GANTRY UPPER LEVEL,control,2023-03-01,743,0,0.0,False
4763652,VNB E SI GANTRY UPPER LEVEL - BROOKLYN GANTRY UPPER LEVEL,control,2023-04-01,720,0,0.0,False
4763652,VNB E SI GANTRY UPPER LEVEL - BROOKLYN GANTRY UPPER LEVEL,control,2023-05-01,468,0,0.0,False
4763652,VNB E SI GANTRY UPPER LEVEL - BROOKLYN GANTRY UPPER LEVEL,control,2023-06-01,541,0,0.0,False
4763652,VNB E SI GANTRY UPPER LEVEL - BROOKLYN GANTRY UPPER LEVEL,control,2023-07-01,629,0,0.0,False
4763652,VNB E SI GANTRY UPPER LEVEL - BROOKLYN GANTRY UPPER LEVEL,control,2023-08-01,741,0,0.0,False
4763652,VNB E SI GANTRY UPPER LEVEL - BROOKLYN GANTRY UPPER LEVEL,control,2023-09-01,703,0,0.0,False
4763652,VNB E SI GANTRY UPPER LEVEL - BROOKLYN GANTRY UPPER LEVEL,control,2023-10-01,744,0,0.0,False
4763652,VNB E SI GANTRY UPPER LEVEL - BROOKLYN GANTRY UPPER LEVEL,control,2023-11-01,706,0,0.0,False
4763652,VNB E SI GANTRY UPPER LEVEL - BROOKLYN GANTRY UPPER LEVEL,control,2023-12-01,744,0,0.0,False
4763652,VNB E SI GANTRY UPPER LEVEL - BROOKLYN GANTRY UPPER LEVEL,control,2024-01-01,682,0,0.0,False
4763652,VNB E SI GANTRY UPPER LEVEL - BROOKLYN GANTRY UPPER LEVEL,control,2024-02-01,416,0,0.0,False
4763652,VNB E SI GANTRY UPPER LEVEL - BROOKLYN GANTRY UPPER LEVEL,control,2024-03-01,717,0,0.0,False
4763652,VNB E SI GANTRY UPPER LEVEL - BROOKLYN GANTRY UPPER LEVEL,control,2024-04-01,720,0,0.0,False
4763652,VNB E SI GANTRY UPPER LEVEL - BROOKLYN GANTRY UPPER LEVEL,control,2024-05-01,744,0,0.0,False
4763652,VNB E SI GANTRY UPPER LEVEL - BROOKLYN GANTRY UPPER LEVEL,control,2024-06-01,720,0,0.0,False
4763652,VNB E SI GANTRY UPPER LEVEL - BROOKLYN GANTRY UPPER LEVEL,control,2024-07-01,729,0,0.0,False
4763652,VNB E SI GANTRY UPPER LEVEL - BROOKLYN GANTRY UPPER LEVEL,control,2024-08-01,689,0,0.0,False
4763652,VNB E SI GANTRY UPPER LEVEL - BROOKLYN GANTRY UPPER LEVEL,control,2024-09-01,720,0,0.0,False
4763652,VNB E SI GANTRY UPPER LEVEL - BROOKLYN GANTRY UPPER LEVEL,control,2024-10-01,744,0,0.0,False
4763652,VNB E SI GANTRY UPPER LEVEL - BROOKLYN GANTRY UPPER LEVEL,control,2024-11-01,719,0,0.0,False
4763652,VNB E SI GANTRY UPPER LEVEL - BROOKLYN GANTRY UPPER LEVEL,control,2024-12-01,606,0,0.0,False
4763652,VNB E SI GANTRY UPPER LEVEL - BROOKLYN GANTRY UPPER LEVEL,control,2025-01-01,744,0,0.0,False
4763652,VNB E SI GANTRY UPPER LEVEL - BROOKLYN GANTRY UPPER LEVEL,control,2025-02-01,672,0,0.0,False
4763652,VNB E SI GANTRY UPPER LEVEL - BROOKLYN GANTRY UPPER LEVEL,control,2025-03-01,743,0,0.0,False
4763652,VNB E SI GANTRY UPPER LEVEL - BROOKLYN GANTRY UPPER LEVEL,control,2025-04-01,720,0,0.0,False
4763652,VNB E SI GANTRY UPPER LEVEL - BROOKLYN GANTRY UPPER LEVEL,control,2025-05-01,738,0,0.0,False
4763652,VNB E SI GANTRY UPPER LEVEL - BROOKLYN GANTRY UPPER LEVEL,control,2025-06-01,700,0,0.0,False
4763652,VNB E SI GANTRY UPPER LEVEL - BROOKLYN GANTRY UPPER LEVEL,control,2025-07-01,744,0,0.0,False
4763652,VNB E SI GANTRY UPPER LEVEL - BROOKLYN GANTRY UPPER LEVEL,control,2025-08-01,743,0,0.0,False
4763652,VNB E SI GANTRY UPPER LEVEL - BROOKLYN GANTRY UPPER LEVEL,control,2025-09-01,720,0,0.0,False
4763652,VNB E SI GANTRY UPPER LEVEL - BROOKLYN GANTRY UPPER LEVEL,control,2025-10-01,734,0,0.0,False
4763652,VNB E SI GANTRY UPPER LEVEL - BROOKLYN GANTRY UPPER LEVEL,control,2025-11-01,715,0,0.0,False
4763652,VNB E SI GANTRY UPPER LEVEL - BROOKLYN GANTRY UPPER LEVEL,control,2025-12-01,740,0,0.0,False
4763652,VNB E SI GANTRY UPPER LEVEL - BROOKLYN GANTRY UPPER LEVEL,control,2026-01-01,743,0,0.0,False
4763652,VNB E SI GANTRY UPPER LEVEL - BROOKLYN GANTRY UPPER LEVEL,control,2026-02-01,672,0,0.0,False
4763652,VNB E SI GANTRY UPPER LEVEL - BROOKLYN GANTRY UPPER LEVEL,control,2026-03-01,331,0,0.0,False
4763652,VNB E SI GANTRY UPPER LEVEL - BROOKLYN GANTRY UPPER LEVEL,control,2026-04-01,477,0,0.0,False
4763652,VNB E SI GANTRY UPPER LEVEL - BROOKLYN GANTRY UPPER LEVEL,control,2026-05-01,182,0,0.0,False
4763655,GOW S VNB W 92ND STREET - BKLYN GANTRY UPPER LEVEL,control,2023-07-01,1,0,0.0,False
4763655,GOW S VNB W 92ND STREET - BKLYN GANTRY UPPER LEVEL,control,2023-08-01,524,0,0.0,False
4763655,GOW S VNB W 92ND STREET - BKLYN GANTRY UPPER LEVEL,control,2023-09-01,703,0,0.0,False
4763655,GOW S VNB W 92ND STREET - BKLYN GANTRY UPPER LEVEL,control,2023-10-01,744,0,0.0,False
4763655,GOW S VNB W 92ND STREET - BKLYN GANTRY UPPER LEVEL,control,2023-11-01,706,0,0.0,False
4763655,GOW S VNB W 92ND STREET - BKLYN GANTRY UPPER LEVEL,control,2023-12-01,744,0,0.0,False
4763655,GOW S VNB W 92ND STREET - BKLYN GANTRY UPPER LEVEL,control,2024-01-01,682,0,0.0,False
4763655,GOW S VNB W 92ND STREET - BKLYN GANTRY UPPER LEVEL,control,2024-02-01,416,0,0.0,False
4763655,GOW S VNB W 92ND STREET - BKLYN GANTRY UPPER LEVEL,control,2024-03-01,717,0,0.0,False
4763655,GOW S VNB W 92ND STREET - BKLYN GANTRY UPPER LEVEL,control,2024-04-01,720,0,0.0,False
4763655,GOW S VNB W 92ND STREET - BKLYN GANTRY UPPER LEVEL,control,2024-05-01,744,0,0.0,False
4763655,GOW S VNB W 92ND STREET - BKLYN GANTRY UPPER LEVEL,control,2024-06-01,720,0,0.0,False
4763655,GOW S VNB W 92ND STREET - BKLYN GANTRY UPPER LEVEL,control,2024-07-01,729,0,0.0,False
4763655,GOW S VNB W 92ND STREET - BKLYN GANTRY UPPER LEVEL,control,2024-08-01,689,0,0.0,False
4763655,GOW S VNB W 92ND STREET - BKLYN GANTRY UPPER LEVEL,control,2024-09-01,720,0,0.0,False
4763655,GOW S VNB W 92ND STREET - BKLYN GANTRY UPPER LEVEL,control,2024-10-01,744,0,0.0,False
4763655,GOW S VNB W 92ND STREET - BKLYN GANTRY UPPER LEVEL,control,2024-11-01,719,0,0.0,False
4763655,GOW S VNB W 92ND STREET - BKLYN GANTRY UPPER LEVEL,control,2024-12-01,606,0,0.0,False
4763655,GOW S VNB W 92ND STREET - BKLYN GANTRY UPPER LEVEL,control,2025-01-01,744,0,0.0,False
4763655,GOW S VNB W 92ND STREET - BKLYN GANTRY UPPER LEVEL,control,2025-02-01,672,0,0.0,False
4763655,GOW S VNB W 92ND STREET - BKLYN GANTRY UPPER LEVEL,control,2025-03-01,743,0,0.0,False
4763655,GOW S VNB W 92ND STREET - BKLYN GANTRY UPPER LEVEL,control,2025-04-01,720,0,0.0,False
4763655,GOW S VNB W 92ND STREET - BKLYN GANTRY UPPER LEVEL,control,2025-05-01,738,0,0.0,False
4763655,GOW S VNB W 92ND STREET - BKLYN GANTRY UPPER LEVEL,control,2025-06-01,700,0,0.0,False
4763655,GOW S VNB W 92ND STREET - BKLYN GANTRY UPPER LEVEL,control,2025-07-01,744,0,0.0,False
4763655,GOW S VNB W 92ND STREET - BKLYN GANTRY UPPER LEVEL,control,2025-08-01,743,0,0.0,False
4763655,GOW S VNB W 92ND STREET - BKLYN GANTRY UPPER LEVEL,control,2025-09-01,720,0,0.0,False
4763655,GOW S VNB W 92ND STREET - BKLYN GANTRY UPPER LEVEL,control,2025-10-01,734,0,0.0,False
4763655,GOW S VNB W 92ND STREET - BKLYN GANTRY UPPER LEVEL,control,2025-11-01,715,0,0.0,False
4763655,GOW S VNB W 92ND STREET - BKLYN GANTRY UPPER LEVEL,control,2025-12-01,740,0,0.0,False
4763655,GOW S VNB W 92ND STREET - BKLYN GANTRY UPPER LEVEL,control,2026-01-01,743,0,0.0,False
4763655,GOW S VNB W 92ND STREET - BKLYN GANTRY UPPER LEVEL,control,2026-02-01,672,0,0.0,False
4763655,GOW S VNB W 92ND STREET - BKLYN GANTRY UPPER LEVEL,control,2026-03-01,331,0,0.0,False
4763655,GOW S VNB W 92ND STREET - BKLYN GANTRY UPPER LEVEL,control,2026-04-01,477,0,0.0,False
4763655,GOW S VNB W 92ND STREET - BKLYN GANTRY UPPER LEVEL,control,2026-05-01,182,0,0.0,False
4763656,VNB E SI GANTRY LOWER LEVEL - BROOLKYN GANTRY LOWER LEVEL,control,2023-07-01,1,0,0.0,False
4763656,VNB E SI GANTRY LOWER LEVEL - BROOLKYN GANTRY LOWER LEVEL,control,2023-10-01,1,0,0.0,False
4763657,GOW S VNB W 92ND STREET - BKLYN GANTRY LOWER LEVEL,control,2023-07-01,1,0,0.0,False
4763657,GOW S VNB W 92ND STREET - BKLYN GANTRY LOWER LEVEL,control,2023-08-01,524,0,0.0,False
4763657,GOW S VNB W 92ND STREET - BKLYN GANTRY LOWER LEVEL,control,2023-09-01,703,0,0.0,False
4763657,GOW S VNB W 92ND STREET - BKLYN GANTRY LOWER LEVEL,control,2023-10-01,744,0,0.0,False
4763657,GOW S VNB W 92ND STREET - BKLYN GANTRY LOWER LEVEL,control,2023-11-01,706,0,0.0,False
4763657,GOW S VNB W 92ND STREET - BKLYN GANTRY LOWER LEVEL,control,2023-12-01,744,0,0.0,False
4763657,GOW S VNB W 92ND STREET - BKLYN GANTRY LOWER LEVEL,control,2024-01-01,682,0,0.0,False
4763657,GOW S VNB W 92ND STREET - BKLYN GANTRY LOWER LEVEL,control,2024-02-01,416,0,0.0,False
4763657,GOW S VNB W 92ND STREET - BKLYN GANTRY LOWER LEVEL,control,2024-03-01,717,0,0.0,False
4763657,GOW S VNB W 92ND STREET - BKLYN GANTRY LOWER LEVEL,control,2024-04-01,720,0,0.0,False
4763657,GOW S VNB W 92ND STREET - BKLYN GANTRY LOWER LEVEL,control,2024-05-01,744,0,0.0,False
4763657,GOW S VNB W 92ND STREET - BKLYN GANTRY LOWER LEVEL,control,2024-06-01,720,0,0.0,False
4763657,GOW S VNB W 92ND STREET - BKLYN GANTRY LOWER LEVEL,control,2024-07-01,729,0,0.0,False
4763657,GOW S VNB W 92ND STREET - BKLYN GANTRY LOWER LEVEL,control,2024-08-01,689,0,0.0,False
4763657,GOW S VNB W 92ND STREET - BKLYN GANTRY LOWER LEVEL,control,2024-09-01,720,0,0.0,False
4763657,GOW S VNB W 92ND STREET - BKLYN GANTRY LOWER LEVEL,control,2024-10-01,744,0,0.0,False
4763657,GOW S VNB W 92ND STREET - BKLYN GANTRY LOWER LEVEL,control,2024-11-01,719,0,0.0,False
4763657,GOW S VNB W 92ND STREET - BKLYN GANTRY LOWER LEVEL,control,2024-12-01,606,0,0.0,False
4763657,GOW S VNB W 92ND STREET - BKLYN GANTRY LOWER LEVEL,control,2025-01-01,744,0,0.0,False
4763657,GOW S VNB W 92ND STREET - BKLYN GANTRY LOWER LEVEL,control,2025-02-01,672,0,0.0,False
4763657,GOW S VNB W 92ND STREET - BKLYN GANTRY LOWER LEVEL,control,2025-03-01,743,0,0.0,False
4763657,GOW S VNB W 92ND STREET - BKLYN GANTRY LOWER LEVEL,control,2025-04-01,720,0,0.0,False
4763657,GOW S VNB W 92ND STREET - BKLYN GANTRY LOWER LEVEL,control,2025-05-01,738,0,0.0,False
4763657,GOW S VNB W 92ND STREET - BKLYN GANTRY LOWER LEVEL,control,2025-06-01,700,0,0.0,False
4763657,GOW S VNB W 92ND STREET - BKLYN GANTRY LOWER LEVEL,control,2025-07-01,744,0,0.0,False
4763657,GOW S VNB W 92ND STREET - BKLYN GANTRY LOWER LEVEL,control,2025-08-01,743,0,0.0,False
4763657,GOW S VNB W 92ND STREET - BKLYN GANTRY LOWER LEVEL,control,2025-09-01,720,0,0.0,False
4763657,GOW S VNB W 92ND STREET - BKLYN GANTRY LOWER LEVEL,control,2025-10-01,734,0,0.0,False
4763657,GOW S VNB W 92ND STREET - BKLYN GANTRY LOWER LEVEL,control,2025-11-01,715,0,0.0,False
4763657,GOW S VNB W 92ND STREET - BKLYN GANTRY LOWER LEVEL,control,2025-12-01,740,0,0.0,False
4763657,GOW S VNB W 92ND STREET - BKLYN GANTRY LOWER LEVEL,control,2026-01-01,743,0,0.0,False
4763657,GOW S VNB W 92ND STREET - BKLYN GANTRY LOWER LEVEL,control,2026-02-01,672,0,0.0,False
4763657,GOW S VNB W 92ND STREET - BKLYN GANTRY LOWER LEVEL,control,2026-03-01,331,0,0.0,False
4763657,GOW S VNB W 92ND STREET - BKLYN GANTRY LOWER LEVEL,control,2026-04-01,477,0,0.0,False
4763657,GOW S VNB W 92ND STREET - BKLYN GANTRY LOWER LEVEL,control,2026-05-01,182,0,0.0,False
4456494,West St S Spring St - BBT Manhattan Portal outbound,treated,2023-01-01,557,531,0.953321,True
4456494,West St S Spring St - BBT Manhattan Portal outbound,treated,2023-02-01,661,632,0.956127,True
4456494,West St S Spring St - BBT Manhattan Portal outbound,treated,2023-03-01,743,705,0.948856,True
4456494,West St S Spring St - BBT Manhattan Portal outbound,treated,2023-04-01,720,684,0.95,True
4456494,West St S Spring St - BBT Manhattan Portal outbound,treated,2023-05-01,468,451,0.963675,True
4456494,West St S Spring St - BBT Manhattan Portal outbound,treated,2023-06-01,541,510,0.942699,True
4456494,West St S Spring St - BBT Manhattan Portal outbound,treated,2023-07-01,629,585,0.930048,True
4456494,West St S Spring St - BBT Manhattan Portal outbound,treated,2023-08-01,741,701,0.946019,True
4456494,West St S Spring St - BBT Manhattan Portal outbound,treated,2023-09-01,703,660,0.938834,True
4456494,West St S Spring St - BBT Manhattan Portal outbound,treated,2023-10-01,744,683,0.918011,True
4456494,West St S Spring St - BBT Manhattan Portal outbound,treated,2023-11-01,706,527,0.746459,True
4456494,West St S Spring St - BBT Manhattan Portal outbound,treated,2023-12-01,744,684,0.919355,True
4456494,West St S Spring St - BBT Manhattan Portal outbound,treated,2024-01-01,682,660,0.967742,True
4456494,West St S Spring St - BBT Manhattan Portal outbound,treated,2024-02-01,416,391,0.939904,True
4456494,West St S Spring St - BBT Manhattan Portal outbound,treated,2024-03-01,717,672,0.937238,True
4456494,West St S Spring St - BBT Manhattan Portal outbound,treated,2024-04-01,720,688,0.955556,True
4456494,West St S Spring St - BBT Manhattan Portal outbound,treated,2024-05-01,744,708,0.951613,True
4456494,West St S Spring St - BBT Manhattan Portal outbound,treated,2024-06-01,720,698,0.969444,True
4456494,West St S Spring St - BBT Manhattan Portal outbound,treated,2024-07-01,729,671,0.920439,True
4456494,West St S Spring St - BBT Manhattan Portal outbound,treated,2024-08-01,689,646,0.937591,True
4456494,West St S Spring St - BBT Manhattan Portal outbound,treated,2024-09-01,720,668,0.927778,True
4456494,West St S Spring St - BBT Manhattan Portal outbound,treated,2024-10-01,744,578,0.776882,True
4456494,West St S Spring St - BBT Manhattan Portal outbound,treated,2024-11-01,719,532,0.739917,True
4456494,West St S Spring St - BBT Manhattan Portal outbound,treated,2024-12-01,606,545,0.89934,True
4456494,West St S Spring St - BBT Manhattan Portal outbound,treated,2025-01-01,131,118,0.900763,True
4456494,West St S Spring St - BBT Manhattan Portal outbound,treated,2025-07-01,344,323,0.938953,True
4456494,West St S Spring St - BBT Manhattan Portal outbound,treated,2025-08-01,743,691,0.930013,True
4456494,West St S Spring St - BBT Manhattan Portal outbound,treated,2025-09-01,720,654,0.908333,True
4456494,West St S Spring St - BBT Manhattan Portal outbound,treated,2025-10-01,734,657,0.895095,True
4456494,West St S Spring St - BBT Manhattan Portal outbound,treated,2025-11-01,715,325,0.454545,True
4456494,West St S Spring St - BBT Manhattan Portal outbound,treated,2025-12-01,740,340,0.459459,True
4456494,West St S Spring St - BBT Manhattan Portal outbound,treated,2026-01-01,743,682,0.9179,True
4456494,West St S Spring St - BBT Manhattan Portal outbound,treated,2026-02-01,672,614,0.91369,True
4456494,West St S Spring St - BBT Manhattan Portal outbound,treated,2026-03-01,331,298,0.900302,True
4456494,West St S Spring St - BBT Manhattan Portal outbound,treated,2026-04-01,477,428,0.897275,True
4456494,West St S Spring St - BBT Manhattan Portal outbound,treated,2026-05-01,182,169,0.928571,True
4456501,BBT W Toll Plaza - Manhattan Portal,treated,2023-01-01,557,515,0.924596,True
4456501,BBT W Toll Plaza - Manhattan Portal,treated,2023-02-01,661,624,0.944024,True
4456501,BBT W Toll Plaza - Manhattan Portal,treated,2023-03-01,743,703,0.946164,True
4456501,BBT W Toll Plaza - Manhattan Portal,treated,2023-04-01,720,688,0.955556,True
4456501,BBT W Toll Plaza - Manhattan Portal,treated,2023-05-01,468,427,0.912393,True
4456501,BBT W Toll Plaza - Manhattan Portal,treated,2023-06-01,541,506,0.935305,True
4456501,BBT W Toll Plaza - Manhattan Portal,treated,2023-07-01,629,602,0.957075,True
4456501,BBT W Toll Plaza - Manhattan Portal,treated,2023-08-01,741,710,0.958165,True
4456501,BBT W Toll Plaza - Manhattan Portal,treated,2023-09-01,703,665,0.945946,True
4456501,BBT W Toll Plaza - Manhattan Portal,treated,2023-10-01,744,712,0.956989,True
4456501,BBT W Toll Plaza - Manhattan Portal,treated,2023-11-01,706,663,0.939093,True
4456501,BBT W Toll Plaza - Manhattan Portal,treated,2023-12-01,744,711,0.955645,True
4456501,BBT W Toll Plaza - Manhattan Portal,treated,2024-01-01,682,639,0.93695,True
4456501,BBT W Toll Plaza - Manhattan Portal,treated,2024-02-01,416,397,0.954327,True
4456501,BBT W Toll Plaza - Manhattan Portal,treated,2024-03-01,717,684,0.953975,True
4456501,BBT W Toll Plaza - Manhattan Portal,treated,2024-04-01,720,688,0.955556,True
4456501,BBT W Toll Plaza - Manhattan Portal,treated,2024-05-01,744,708,0.951613,True
4456501,BBT W Toll Plaza - Manhattan Portal,treated,2024-06-01,720,678,0.941667,True
4456501,BBT W Toll Plaza - Manhattan Portal,treated,2024-07-01,729,712,0.97668,True
4456501,BBT W Toll Plaza - Manhattan Portal,treated,2024-08-01,689,656,0.952104,True
4456501,BBT W Toll Plaza - Manhattan Portal,treated,2024-09-01,720,660,0.916667,True
4456501,BBT W Toll Plaza - Manhattan Portal,treated,2024-10-01,744,718,0.965054,True
4456501,BBT W Toll Plaza - Manhattan Portal,treated,2024-11-01,719,669,0.930459,True
4456501,BBT W Toll Plaza - Manhattan Portal,treated,2024-12-01,606,572,0.943894,True
4456501,BBT W Toll Plaza - Manhattan Portal,treated,2025-01-01,744,702,0.943548,True
4456501,BBT W Toll Plaza - Manhattan Portal,treated,2025-02-01,672,645,0.959821,True
4456501,BBT W Toll Plaza - Manhattan Portal,treated,2025-03-01,743,689,0.927322,True
4456501,BBT W Toll Plaza - Manhattan Portal,treated,2025-04-01,720,676,0.938889,True
4456501,BBT W Toll Plaza - Manhattan Portal,treated,2025-05-01,738,683,0.925474,True
4456501,BBT W Toll Plaza - Manhattan Portal,treated,2025-06-01,700,620,0.885714,True
4456501,BBT W Toll Plaza - Manhattan Portal,treated,2025-07-01,744,684,0.919355,True
4456501,BBT W Toll Plaza - Manhattan Portal,treated,2025-08-01,743,685,0.921938,True
4456501,BBT W Toll Plaza - Manhattan Portal,treated,2025-09-01,720,638,0.886111,True
4456501,BBT W Toll Plaza - Manhattan Portal,treated,2025-10-01,734,669,0.911444,True
4456501,BBT W Toll Plaza - Manhattan Portal,treated,2025-11-01,715,410,0.573427,True
4456501,BBT W Toll Plaza - Manhattan Portal,treated,2025-12-01,740,666,0.9,True
4456501,BBT W Toll Plaza - Manhattan Portal,treated,2026-01-01,743,662,0.890983,True
4456501,BBT W Toll Plaza - Manhattan Portal,treated,2026-02-01,672,631,0.938988,True
4456501,BBT W Toll Plaza - Manhattan Portal,treated,2026-03-01,331,319,0.963746,True
4456501,BBT W Toll Plaza - Manhattan Portal,treated,2026-04-01,477,447,0.937107,True
4456501,BBT W Toll Plaza - Manhattan Portal,treated,2026-05-01,182,164,0.901099,True
4456502,BBT E Manhattan Portal - Toll Plaza,treated,2023-01-01,557,535,0.960503,True
4456502,BBT E Manhattan Portal - Toll Plaza,treated,2023-02-01,661,635,0.960666,True
4456502,BBT E Manhattan Portal - Toll Plaza,treated,2023-03-01,743,717,0.965007,True
4456502,BBT E Manhattan Portal - Toll Plaza,treated,2023-04-01,720,692,0.961111,True
4456502,BBT E Manhattan Portal - Toll Plaza,treated,2023-05-01,468,459,0.980769,True
4456502,BBT E Manhattan Portal - Toll Plaza,treated,2023-06-01,541,527,0.974122,True
4456502,BBT E Manhattan Portal - Toll Plaza,treated,2023-07-01,629,609,0.968203,True
4456502,BBT E Manhattan Portal - Toll Plaza,treated,2023-08-01,741,694,0.936572,True
4456502,BBT E Manhattan Portal - Toll Plaza,treated,2023-09-01,703,674,0.958748,True
4456502,BBT E Manhattan Portal - Toll Plaza,treated,2023-10-01,744,717,0.96371,True
4456502,BBT E Manhattan Portal - Toll Plaza,treated,2023-11-01,706,691,0.978754,True
4456502,BBT E Manhattan Portal - Toll Plaza,treated,2023-12-01,744,716,0.962366,True
4456502,BBT E Manhattan Portal - Toll Plaza,treated,2024-01-01,682,659,0.966276,True
4456502,BBT E Manhattan Portal - Toll Plaza,treated,2024-02-01,416,396,0.951923,True
4456502,BBT E Manhattan Portal - Toll Plaza,treated,2024-03-01,717,687,0.958159,True
4456502,BBT E Manhattan Portal - Toll Plaza,treated,2024-04-01,720,688,0.955556,True
4456502,BBT E Manhattan Portal - Toll Plaza,treated,2024-05-01,744,727,0.977151,True
4456502,BBT E Manhattan Portal - Toll Plaza,treated,2024-06-01,720,699,0.970833,True
4456502,BBT E Manhattan Portal - Toll Plaza,treated,2024-07-01,729,678,0.930041,True
4456502,BBT E Manhattan Portal - Toll Plaza,treated,2024-08-01,689,648,0.940493,True
4456502,BBT E Manhattan Portal - Toll Plaza,treated,2024-09-01,720,694,0.963889,True
4456502,BBT E Manhattan Portal - Toll Plaza,treated,2024-10-01,744,702,0.943548,True
4456502,BBT E Manhattan Portal - Toll Plaza,treated,2024-11-01,719,709,0.986092,True
4456502,BBT E Manhattan Portal - Toll Plaza,treated,2024-12-01,606,594,0.980198,True
4456502,BBT E Manhattan Portal - Toll Plaza,treated,2025-01-01,744,711,0.955645,True
4456502,BBT E Manhattan Portal - Toll Plaza,treated,2025-02-01,672,636,0.946429,True
4456502,BBT E Manhattan Portal - Toll Plaza,treated,2025-03-01,743,711,0.956931,True
4456502,BBT E Manhattan Portal - Toll Plaza,treated,2025-04-01,720,676,0.938889,True
4456502,BBT E Manhattan Portal - Toll Plaza,treated,2025-05-01,738,702,0.95122,True
4456502,BBT E Manhattan Portal - Toll Plaza,treated,2025-06-01,700,676,0.965714,True
4456502,BBT E Manhattan Portal - Toll Plaza,treated,2025-07-01,744,724,0.973118,True
4456502,BBT E Manhattan Portal - Toll Plaza,treated,2025-08-01,743,721,0.97039,True
4456502,BBT E Manhattan Portal - Toll Plaza,treated,2025-09-01,720,693,0.9625,True
4456502,BBT E Manhattan Portal - Toll Plaza,treated,2025-10-01,734,700,0.953678,True
4456502,BBT E Manhattan Portal - Toll Plaza,treated,2025-11-01,715,484,0.676923,True
4456502,BBT E Manhattan Portal - Toll Plaza,treated,2025-12-01,740,680,0.918919,True
4456502,BBT E Manhattan Portal - Toll Plaza,treated,2026-01-01,743,721,0.97039,True
4456502,BBT E Manhattan Portal - Toll Plaza,treated,2026-02-01,672,640,0.952381,True
4456502,BBT E Manhattan Portal - Toll Plaza,treated,2026-03-01,331,308,0.930514,True
4456502,BBT E Manhattan Portal - Toll Plaza,treated,2026-04-01,477,433,0.907757,True
4456502,BBT E Manhattan Portal - Toll Plaza,treated,2026-05-01,182,173,0.950549,True
4616323,12th Ave S 57th St - 45th St,treated,2023-01-01,557,557,1.0,True
4616323,12th Ave S 57th St - 45th St,treated,2023-02-01,661,661,1.0,True
4616323,12th Ave S 57th St - 45th St,treated,2023-03-01,743,742,0.998654,True
4616323,12th Ave S 57th St - 45th St,treated,2023-04-01,720,720,1.0,True
4616323,12th Ave S 57th St - 45th St,treated,2023-05-01,468,468,1.0,True
4616323,12th Ave S 57th St - 45th St,treated,2023-06-01,541,541,1.0,True
4616323,12th Ave S 57th St - 45th St,treated,2023-07-01,629,629,1.0,True
4616323,12th Ave S 57th St - 45th St,treated,2023-08-01,741,741,1.0,True
4616323,12th Ave S 57th St - 45th St,treated,2023-09-01,708,708,1.0,True
4616323,12th Ave S 57th St - 45th St,treated,2023-10-01,744,736,0.989247,True
4616323,12th Ave S 57th St - 45th St,treated,2023-11-01,706,542,0.767705,True
4616323,12th Ave S 57th St - 45th St,treated,2023-12-01,744,743,0.998656,True
4616323,12th Ave S 57th St - 45th St,treated,2024-01-01,682,682,1.0,True
4616323,12th Ave S 57th St - 45th St,treated,2024-02-01,416,415,0.997596,True
4616323,12th Ave S 57th St - 45th St,treated,2024-03-01,717,715,0.997211,True
4616323,12th Ave S 57th St - 45th St,treated,2024-04-01,720,513,0.7125,True
4616323,12th Ave S 57th St - 45th St,treated,2024-05-01,744,0,0.0,False
4616323,12th Ave S 57th St - 45th St,treated,2024-06-01,720,0,0.0,False
4616323,12th Ave S 57th St - 45th St,treated,2024-07-01,729,0,0.0,False
4616323,12th Ave S 57th St - 45th St,treated,2024-08-01,701,0,0.0,False
4616323,12th Ave S 57th St - 45th St,treated,2024-09-01,720,0,0.0,False
4616323,12th Ave S 57th St - 45th St,treated,2024-10-01,744,0,0.0,False
4616323,12th Ave S 57th St - 45th St,treated,2024-11-01,719,0,0.0,False
4616323,12th Ave S 57th St - 45th St,treated,2024-12-01,606,0,0.0,False
4616323,12th Ave S 57th St - 45th St,treated,2025-01-01,744,0,0.0,False
4616323,12th Ave S 57th St - 45th St,treated,2025-02-01,672,0,0.0,False
4616323,12th Ave S 57th St - 45th St,treated,2025-03-01,743,0,0.0,False
4616323,12th Ave S 57th St - 45th St,treated,2025-04-01,720,0,0.0,False
4616323,12th Ave S 57th St - 45th St,treated,2025-05-01,744,0,0.0,False
4616323,12th Ave S 57th St - 45th St,treated,2025-06-01,700,0,0.0,False
4616323,12th Ave S 57th St - 45th St,treated,2025-07-01,744,0,0.0,False
4616323,12th Ave S 57th St - 45th St,treated,2025-08-01,744,0,0.0,False
4616323,12th Ave S 57th St - 45th St,treated,2025-09-01,720,0,0.0,False
4616323,12th Ave S 57th St - 45th St,treated,2025-10-01,734,0,0.0,False
4616323,12th Ave S 57th St - 45th St,treated,2025-11-01,718,0,0.0,False
4616323,12th Ave S 57th St - 45th St,treated,2025-12-01,740,0,0.0,False
4616323,12th Ave S 57th St - 45th St,treated,2026-01-01,743,0,0.0,False
4616323,12th Ave S 57th St - 45th St,treated,2026-02-01,672,0,0.0,False
4616323,12th Ave S 57th St - 45th St,treated,2026-03-01,743,0,0.0,False
4616323,12th Ave S 57th St - 45th St,treated,2026-04-01,477,0,0.0,False
4616323,12th Ave S 57th St - 45th St,treated,2026-05-01,736,0,0.0,False
4616325,11th ave s ganservoort - west st @ spring st,treated,2023-01-01,557,0,0.0,False
4616325,11th ave s ganservoort - west st @ spring st,treated,2023-02-01,661,0,0.0,False
4616325,11th ave s ganservoort - west st @ spring st,treated,2023-03-01,743,0,0.0,False
4616325,11th ave s ganservoort - west st @ spring st,treated,2023-04-01,720,0,0.0,False
4616325,11th ave s ganservoort - west st @ spring st,treated,2023-05-01,468,0,0.0,False
4616325,11th ave s ganservoort - west st @ spring st,treated,2023-06-01,541,0,0.0,False
4616325,11th ave s ganservoort - west st @ spring st,treated,2023-07-01,629,0,0.0,False
4616325,11th ave s ganservoort - west st @ spring st,treated,2023-08-01,741,0,0.0,False
4616325,11th ave s ganservoort - west st @ spring st,treated,2023-09-01,708,0,0.0,False
4616325,11th ave s ganservoort - west st @ spring st,treated,2023-10-01,744,0,0.0,False
4616325,11th ave s ganservoort - west st @ spring st,treated,2023-11-01,706,0,0.0,False
4616325,11th ave s ganservoort - west st @ spring st,treated,2023-12-01,744,0,0.0,False
4616325,11th ave s ganservoort - west st @ spring st,treated,2024-01-01,682,0,0.0,False
4616325,11th ave s ganservoort - west st @ spring st,treated,2024-02-01,416,0,0.0,False
4616325,11th ave s ganservoort - west st @ spring st,treated,2024-03-01,717,0,0.0,False
4616325,11th ave s ganservoort - west st @ spring st,treated,2024-04-01,720,0,0.0,False
4616325,11th ave s ganservoort - west st @ spring st,treated,2024-05-01,744,0,0.0,False
4616325,11th ave s ganservoort - west st @ spring st,treated,2024-06-01,720,0,0.0,False
4616325,11th ave s ganservoort - west st @ spring st,treated,2024-07-01,729,0,0.0,False
4616325,11th ave s ganservoort - west st @ spring st,treated,2024-08-01,701,0,0.0,False
4616325,11th ave s ganservoort - west st @ spring st,treated,2024-09-01,720,0,0.0,False
4616325,11th ave s ganservoort - west st @ spring st,treated,2024-10-01,744,0,0.0,False
4616325,11th ave s ganservoort - west st @ spring st,treated,2024-11-01,719,0,0.0,False
4616325,11th ave s ganservoort - west st @ spring st,treated,2024-12-01,606,0,0.0,False
4616325,11th ave s ganservoort - west st @ spring st,treated,2025-01-01,744,0,0.0,False
4616325,11th ave s ganservoort - west st @ spring st,treated,2025-02-01,672,0,0.0,False
4616325,11th ave s ganservoort - west st @ spring st,treated,2025-03-01,743,0,0.0,False
4616325,11th ave s ganservoort - west st @ spring st,treated,2025-04-01,720,0,0.0,False
4616325,11th ave s ganservoort - west st @ spring st,treated,2025-05-01,744,0,0.0,False
4616325,11th ave s ganservoort - west st @ spring st,treated,2025-06-01,700,0,0.0,False
4616325,11th ave s ganservoort - west st @ spring st,treated,2025-07-01,744,0,0.0,False
4616325,11th ave s ganservoort - west st @ spring st,treated,2025-08-01,744,0,0.0,False
4616325,11th ave s ganservoort - west st @ spring st,treated,2025-09-01,720,0,0.0,False
4616325,11th ave s ganservoort - west st @ spring st,treated,2025-10-01,734,0,0.0,False
4616325,11th ave s ganservoort - west st @ spring st,treated,2025-11-01,718,0,0.0,False
4616325,11th ave s ganservoort - west st @ spring st,treated,2025-12-01,740,0,0.0,False
4616325,11th ave s ganservoort - west st @ spring st,treated,2026-01-01,743,0,0.0,False
4616325,11th ave s ganservoort - west st @ spring st,treated,2026-02-01,672,0,0.0,False
4616325,11th ave s ganservoort - west st @ spring st,treated,2026-03-01,743,0,0.0,False
4616325,11th ave s ganservoort - west st @ spring st,treated,2026-04-01,477,0,0.0,False
4616325,11th ave s ganservoort - west st @ spring st,treated,2026-05-01,736,0,0.0,False
4616328,FDR N Catherine Slip - 25th St,treated,2023-01-01,557,557,1.0,True
4616328,FDR N Catherine Slip - 25th St,treated,2023-02-01,661,659,0.996974,True
4616328,FDR N Catherine Slip - 25th St,treated,2023-03-01,743,741,0.997308,True
4616328,FDR N Catherine Slip - 25th St,treated,2023-04-01,720,720,1.0,True
4616328,FDR N Catherine Slip - 25th St,treated,2023-05-01,468,468,1.0,True
4616328,FDR N Catherine Slip - 25th St,treated,2023-06-01,541,541,1.0,True
4616328,FDR N Catherine Slip - 25th St,treated,2023-07-01,629,627,0.99682,True
4616328,FDR N Catherine Slip - 25th St,treated,2023-08-01,741,741,1.0,True
4616328,FDR N Catherine Slip - 25th St,treated,2023-09-01,708,706,0.997175,True
4616328,FDR N Catherine Slip - 25th St,treated,2023-10-01,744,743,0.998656,True
4616328,FDR N Catherine Slip - 25th St,treated,2023-11-01,706,706,1.0,True
4616328,FDR N Catherine Slip - 25th St,treated,2023-12-01,744,744,1.0,True
4616328,FDR N Catherine Slip - 25th St,treated,2024-01-01,682,681,0.998534,True
4616328,FDR N Catherine Slip - 25th St,treated,2024-02-01,416,416,1.0,True
4616328,FDR N Catherine Slip - 25th St,treated,2024-03-01,717,717,1.0,True
4616328,FDR N Catherine Slip - 25th St,treated,2024-04-01,720,719,0.998611,True
4616328,FDR N Catherine Slip - 25th St,treated,2024-05-01,744,741,0.995968,True
4616328,FDR N Catherine Slip - 25th St,treated,2024-06-01,720,716,0.994444,True
4616328,FDR N Catherine Slip - 25th St,treated,2024-07-01,729,729,1.0,True
4616328,FDR N Catherine Slip - 25th St,treated,2024-08-01,701,701,1.0,True
4616328,FDR N Catherine Slip - 25th St,treated,2024-09-01,720,718,0.997222,True
4616328,FDR N Catherine Slip - 25th St,treated,2024-10-01,744,744,1.0,True
4616328,FDR N Catherine Slip - 25th St,treated,2024-11-01,719,719,1.0,True
4616328,FDR N Catherine Slip - 25th St,treated,2024-12-01,606,606,1.0,True
4616328,FDR N Catherine Slip - 25th St,treated,2025-01-01,744,742,0.997312,True
4616328,FDR N Catherine Slip - 25th St,treated,2025-02-01,672,668,0.994048,True
4616328,FDR N Catherine Slip - 25th St,treated,2025-03-01,743,735,0.989233,True
4616328,FDR N Catherine Slip - 25th St,treated,2025-04-01,720,716,0.994444,True
4616328,FDR N Catherine Slip - 25th St,treated,2025-05-01,744,734,0.986559,True
4616328,FDR N Catherine Slip - 25th St,treated,2025-06-01,700,699,0.998571,True
4616328,FDR N Catherine Slip - 25th St,treated,2025-07-01,744,736,0.989247,True
4616328,FDR N Catherine Slip - 25th St,treated,2025-08-01,744,738,0.991935,True
4616328,FDR N Catherine Slip - 25th St,treated,2025-09-01,720,719,0.998611,True
4616328,FDR N Catherine Slip - 25th St,treated,2025-10-01,734,732,0.997275,True
4616328,FDR N Catherine Slip - 25th St,treated,2025-11-01,718,709,0.987465,True
4616328,FDR N Catherine Slip - 25th St,treated,2025-12-01,740,738,0.997297,True
4616328,FDR N Catherine Slip - 25th St,treated,2026-01-01,743,739,0.994616,True
4616328,FDR N Catherine Slip - 25th St,treated,2026-02-01,672,658,0.979167,True
4616328,FDR N Catherine Slip - 25th St,treated,2026-03-01,743,741,0.997308,True
4616328,FDR N Catherine Slip - 25th St,treated,2026-04-01,477,476,0.997904,True
4616328,FDR N Catherine Slip - 25th St,treated,2026-05-01,736,730,0.991848,True
4616333,FDR S 25th St - Catherine Slip,treated,2023-01-01,557,557,1.0,True
4616333,FDR S 25th St - Catherine Slip,treated,2023-02-01,661,661,1.0,True
4616333,FDR S 25th St - Catherine Slip,treated,2023-03-01,743,743,1.0,True
4616333,FDR S 25th St - Catherine Slip,treated,2023-04-01,720,720,1.0,True
4616333,FDR S 25th St - Catherine Slip,treated,2023-05-01,468,468,1.0,True
4616333,FDR S 25th St - Catherine Slip,treated,2023-06-01,541,541,1.0,True
4616333,FDR S 25th St - Catherine Slip,treated,2023-07-01,629,629,1.0,True
4616333,FDR S 25th St - Catherine Slip,treated,2023-08-01,741,741,1.0,True
4616333,FDR S 25th St - Catherine Slip,treated,2023-09-01,708,708,1.0,True
4616333,FDR S 25th St - Catherine Slip,treated,2023-10-01,744,744,1.0,True
4616333,FDR S 25th St - Catherine Slip,treated,2023-11-01,706,706,1.0,True
4616333,FDR S 25th St - Catherine Slip,treated,2023-12-01,744,744,1.0,True
4616333,FDR S 25th St - Catherine Slip,treated,2024-01-01,682,658,0.964809,True
4616333,FDR S 25th St - Catherine Slip,treated,2024-02-01,416,416,1.0,True
4616333,FDR S 25th St - Catherine Slip,treated,2024-03-01,717,715,0.997211,True
4616333,FDR S 25th St - Catherine Slip,treated,2024-04-01,720,646,0.897222,True
4616333,FDR S 25th St - Catherine Slip,treated,2024-05-01,744,743,0.998656,True
4616333,FDR S 25th St - Catherine Slip,treated,2024-06-01,720,719,0.998611,True
4616333,FDR S 25th St - Catherine Slip,treated,2024-07-01,729,723,0.99177,True
4616333,FDR S 25th St - Catherine Slip,treated,2024-08-01,701,700,0.998573,True
4616333,FDR S 25th St - Catherine Slip,treated,2024-09-01,720,711,0.9875,True
4616333,FDR S 25th St - Catherine Slip,treated,2024-10-01,744,740,0.994624,True
4616333,FDR S 25th St - Catherine Slip,treated,2024-11-01,719,718,0.998609,True
4616333,FDR S 25th St - Catherine Slip,treated,2024-12-01,606,605,0.99835,True
4616333,FDR S 25th St - Catherine Slip,treated,2025-01-01,744,743,0.998656,True
4616333,FDR S 25th St - Catherine Slip,treated,2025-02-01,672,671,0.998512,True
4616333,FDR S 25th St - Catherine Slip,treated,2025-03-01,743,742,0.998654,True
4616333,FDR S 25th St - Catherine Slip,treated,2025-04-01,720,719,0.998611,True
4616333,FDR S 25th St - Catherine Slip,treated,2025-05-01,744,744,1.0,True
4616333,FDR S 25th St - Catherine Slip,treated,2025-06-01,700,698,0.997143,True
4616333,FDR S 25th St - Catherine Slip,treated,2025-07-01,744,742,0.997312,True
4616333,FDR S 25th St - Catherine Slip,treated,2025-08-01,744,744,1.0,True
4616333,FDR S 25th St - Catherine Slip,treated,2025-09-01,720,720,1.0,True
4616333,FDR S 25th St - Catherine Slip,treated,2025-10-01,734,734,1.0,True
4616333,FDR S 25th St - Catherine Slip,treated,2025-11-01,718,717,0.998607,True
4616333,FDR S 25th St - Catherine Slip,treated,2025-12-01,740,740,1.0,True
4616333,FDR S 25th St - Catherine Slip,treated,2026-01-01,743,743,1.0,True
4616333,FDR S 25th St - Catherine Slip,treated,2026-02-01,672,659,0.980655,True
4616333,FDR S 25th St - Catherine Slip,treated,2026-03-01,743,328,0.441454,True
4616333,FDR S 25th St - Catherine Slip,treated,2026-04-01,477,475,0.995807,True
4616333,FDR S 25th St - Catherine Slip,treated,2026-05-01,736,730,0.991848,True
4616338,12th Ave N 40th - 57th St,treated,2023-01-01,557,557,1.0,True
4616338,12th Ave N 40th - 57th St,treated,2023-02-01,661,661,1.0,True
4616338,12th Ave N 40th - 57th St,treated,2023-03-01,743,740,0.995962,True
4616338,12th Ave N 40th - 57th St,treated,2023-04-01,720,720,1.0,True
4616338,12th Ave N 40th - 57th St,treated,2023-05-01,468,468,1.0,True
4616338,12th Ave N 40th - 57th St,treated,2023-06-01,541,541,1.0,True
4616338,12th Ave N 40th - 57th St,treated,2023-07-01,629,628,0.99841,True
4616338,12th Ave N 40th - 57th St,treated,2023-08-01,741,741,1.0,True
4616338,12th Ave N 40th - 57th St,treated,2023-09-01,708,708,1.0,True
4616338,12th Ave N 40th - 57th St,treated,2023-10-01,744,739,0.99328,True
4616338,12th Ave N 40th - 57th St,treated,2023-11-01,706,706,1.0,True
4616338,12th Ave N 40th - 57th St,treated,2023-12-01,744,744,1.0,True
4616338,12th Ave N 40th - 57th St,treated,2024-01-01,682,682,1.0,True
4616338,12th Ave N 40th - 57th St,treated,2024-02-01,416,416,1.0,True
4616338,12th Ave N 40th - 57th St,treated,2024-03-01,717,717,1.0,True
4616338,12th Ave N 40th - 57th St,treated,2024-04-01,720,516,0.716667,True
4616338,12th Ave N 40th - 57th St,treated,2024-05-01,744,0,0.0,False
4616338,12th Ave N 40th - 57th St,treated,2024-06-01,720,0,0.0,False
4616338,12th Ave N 40th - 57th St,treated,2024-07-01,729,0,0.0,False
4616338,12th Ave N 40th - 57th St,treated,2024-08-01,701,0,0.0,False
4616338,12th Ave N 40th - 57th St,treated,2024-09-01,720,0,0.0,False
4616338,12th Ave N 40th - 57th St,treated,2024-10-01,744,0,0.0,False
4616338,12th Ave N 40th - 57th St,treated,2024-11-01,719,0,0.0,False
4616338,12th Ave N 40th - 57th St,treated,2024-12-01,606,0,0.0,False
4616338,12th Ave N 40th - 57th St,treated,2025-01-01,744,0,0.0,False
4616338,12th Ave N 40th - 57th St,treated,2025-02-01,672,0,0.0,False
4616338,12th Ave N 40th - 57th St,treated,2025-03-01,743,0,0.0,False
4616338,12th Ave N 40th - 57th St,treated,2025-04-01,720,0,0.0,False
4616338,12th Ave N 40th - 57th St,treated,2025-05-01,744,0,0.0,False
4616338,12th Ave N 40th - 57th St,treated,2025-06-01,700,0,0.0,False
4616338,12th Ave N 40th - 57th St,treated,2025-07-01,744,0,0.0,False
4616338,12th Ave N 40th - 57th St,treated,2025-08-01,744,0,0.0,False
4616338,12th Ave N 40th - 57th St,treated,2025-09-01,720,0,0.0,False
4616338,12th Ave N 40th - 57th St,treated,2025-10-01,734,0,0.0,False
4616338,12th Ave N 40th - 57th St,treated,2025-11-01,718,0,0.0,False
4616338,12th Ave N 40th - 57th St,treated,2025-12-01,740,0,0.0,False
4616338,12th Ave N 40th - 57th St,treated,2026-01-01,743,0,0.0,False
4616338,12th Ave N 40th - 57th St,treated,2026-02-01,672,0,0.0,False
4616338,12th Ave N 40th - 57th St,treated,2026-03-01,743,0,0.0,False
4616338,12th Ave N 40th - 57th St,treated,2026-04-01,477,0,0.0,False
4616338,12th Ave N 40th - 57th St,treated,2026-05-01,736,0,0.0,False
4616341,FDR S Catherine Slip - BKN Bridge Manhattan Side,treated,2023-01-01,557,557,1.0,True
4616341,FDR S Catherine Slip - BKN Bridge Manhattan Side,treated,2023-02-01,661,659,0.996974,True
4616341,FDR S Catherine Slip - BKN Bridge Manhattan Side,treated,2023-03-01,743,739,0.994616,True
4616341,FDR S Catherine Slip - BKN Bridge Manhattan Side,treated,2023-04-01,720,694,0.963889,True
4616341,FDR S Catherine Slip - BKN Bridge Manhattan Side,treated,2023-05-01,468,468,1.0,True
4616341,FDR S Catherine Slip - BKN Bridge Manhattan Side,treated,2023-06-01,541,541,1.0,True
4616341,FDR S Catherine Slip - BKN Bridge Manhattan Side,treated,2023-07-01,629,629,1.0,True
4616341,FDR S Catherine Slip - BKN Bridge Manhattan Side,treated,2023-08-01,741,741,1.0,True
4616341,FDR S Catherine Slip - BKN Bridge Manhattan Side,treated,2023-09-01,708,708,1.0,True
4616341,FDR S Catherine Slip - BKN Bridge Manhattan Side,treated,2023-10-01,744,738,0.991935,True
4616341,FDR S Catherine Slip - BKN Bridge Manhattan Side,treated,2023-11-01,706,703,0.995751,True
4616341,FDR S Catherine Slip - BKN Bridge Manhattan Side,treated,2023-12-01,744,744,1.0,True
4616341,FDR S Catherine Slip - BKN Bridge Manhattan Side,treated,2024-01-01,682,658,0.964809,True
4616341,FDR S Catherine Slip - BKN Bridge Manhattan Side,treated,2024-02-01,416,416,1.0,True
4616341,FDR S Catherine Slip - BKN Bridge Manhattan Side,treated,2024-03-01,717,717,1.0,True
4616341,FDR S Catherine Slip - BKN Bridge Manhattan Side,treated,2024-04-01,720,720,1.0,True
4616341,FDR S Catherine Slip - BKN Bridge Manhattan Side,treated,2024-05-01,744,744,1.0,True
4616341,FDR S Catherine Slip - BKN Bridge Manhattan Side,treated,2024-06-01,720,719,0.998611,True
4616341,FDR S Catherine Slip - BKN Bridge Manhattan Side,treated,2024-07-01,729,729,1.0,True
4616341,FDR S Catherine Slip - BKN Bridge Manhattan Side,treated,2024-08-01,701,687,0.980029,True
4616341,FDR S Catherine Slip - BKN Bridge Manhattan Side,treated,2024-09-01,720,720,1.0,True
4616341,FDR S Catherine Slip - BKN Bridge Manhattan Side,treated,2024-10-01,744,744,1.0,True
4616341,FDR S Catherine Slip - BKN Bridge Manhattan Side,treated,2024-11-01,719,719,1.0,True
4616341,FDR S Catherine Slip - BKN Bridge Manhattan Side,treated,2024-12-01,606,605,0.99835,True
4616341,FDR S Catherine Slip - BKN Bridge Manhattan Side,treated,2025-01-01,744,744,1.0,True
4616341,FDR S Catherine Slip - BKN Bridge Manhattan Side,treated,2025-02-01,672,669,0.995536,True
4616341,FDR S Catherine Slip - BKN Bridge Manhattan Side,treated,2025-03-01,743,743,1.0,True
4616341,FDR S Catherine Slip - BKN Bridge Manhattan Side,treated,2025-04-01,720,720,1.0,True
4616341,FDR S Catherine Slip - BKN Bridge Manhattan Side,treated,2025-05-01,744,744,1.0,True
4616341,FDR S Catherine Slip - BKN Bridge Manhattan Side,treated,2025-06-01,700,699,0.998571,True
4616341,FDR S Catherine Slip - BKN Bridge Manhattan Side,treated,2025-07-01,744,723,0.971774,True
4616341,FDR S Catherine Slip - BKN Bridge Manhattan Side,treated,2025-08-01,744,645,0.866935,True
4616341,FDR S Catherine Slip - BKN Bridge Manhattan Side,treated,2025-09-01,720,720,1.0,True
4616341,FDR S Catherine Slip - BKN Bridge Manhattan Side,treated,2025-10-01,734,734,1.0,True
4616341,FDR S Catherine Slip - BKN Bridge Manhattan Side,treated,2025-11-01,718,718,1.0,True
4616341,FDR S Catherine Slip - BKN Bridge Manhattan Side,treated,2025-12-01,740,740,1.0,True
4616341,FDR S Catherine Slip - BKN Bridge Manhattan Side,treated,2026-01-01,743,743,1.0,True
4616341,FDR S Catherine Slip - BKN Bridge Manhattan Side,treated,2026-02-01,672,537,0.799107,True
4616341,FDR S Catherine Slip - BKN Bridge Manhattan Side,treated,2026-03-01,743,0,0.0,False
4616341,FDR S Catherine Slip - BKN Bridge Manhattan Side,treated,2026-04-01,477,11,0.023061,True
4616341,FDR S Catherine Slip - BKN Bridge Manhattan Side,treated,2026-05-01,736,729,0.990489,True
