link_id,month,link_name,borough,link_hours,readings,mean_hourly_median_mph,median_hourly_median_mph,interpretation
4329472,2023-01-01,LINCOLN TUNNEL E SOUTH TUBE - NJ - NY,Manhattan,557,6656.0,17.316606822262123,20.5,secondary feed descriptive coverage; no diversion attribution
4329472,2023-02-01,LINCOLN TUNNEL E SOUTH TUBE - NJ - NY,Manhattan,661,7887.0,17.056633888048413,18.950000000000003,secondary feed descriptive coverage; no diversion attribution
4329472,2023-03-01,LINCOLN TUNNEL E SOUTH TUBE - NJ - NY,Manhattan,743,8907.0,14.903176312247652,14.6,secondary feed descriptive coverage; no diversion attribution
4329472,2023-04-01,LINCOLN TUNNEL E SOUTH TUBE - NJ - NY,Manhattan,720,8636.0,14.541270833333334,13.355,secondary feed descriptive coverage; no diversion attribution
4329472,2023-05-01,LINCOLN TUNNEL E SOUTH TUBE - NJ - NY,Manhattan,468,5598.0,11.974946581196582,12.11,secondary feed descriptive coverage; no diversion attribution
4329472,2023-06-01,LINCOLN TUNNEL E SOUTH TUBE - NJ - NY,Manhattan,541,6469.0,12.396201478743068,13.04,secondary feed descriptive coverage; no diversion attribution
4329472,2023-07-01,LINCOLN TUNNEL E SOUTH TUBE - NJ - NY,Manhattan,629,7513.0,13.71806041335453,13.67,secondary feed descriptive coverage; no diversion attribution
4329472,2023-08-01,LINCOLN TUNNEL E SOUTH TUBE - NJ - NY,Manhattan,741,8872.0,13.282179487179487,13.665,secondary feed descriptive coverage; no diversion attribution
4329472,2023-09-01,LINCOLN TUNNEL E SOUTH TUBE - NJ - NY,Manhattan,705,8411.0,10.92305673758865,10.25,secondary feed descriptive coverage; no diversion attribution
4329472,2023-10-01,LINCOLN TUNNEL E SOUTH TUBE - NJ - NY,Manhattan,744,8889.0,13.501216397849463,13.51,secondary feed descriptive coverage; no diversion attribution
4329472,2023-11-01,LINCOLN TUNNEL E SOUTH TUBE - NJ - NY,Manhattan,706,8437.0,10.255686968838528,9.315,secondary feed descriptive coverage; no diversion attribution
4329472,2023-12-01,LINCOLN TUNNEL E SOUTH TUBE - NJ - NY,Manhattan,744,8927.0,13.744072580645163,13.04,secondary feed descriptive coverage; no diversion attribution
4329472,2024-01-01,LINCOLN TUNNEL E SOUTH TUBE - NJ - NY,Manhattan,682,8174.0,17.76950146627566,22.674999999999997,secondary feed descriptive coverage; no diversion attribution
4329472,2024-02-01,LINCOLN TUNNEL E SOUTH TUBE - NJ - NY,Manhattan,416,4969.0,9.69389423076923,4.03,secondary feed descriptive coverage; no diversion attribution
4329472,2024-03-01,LINCOLN TUNNEL E SOUTH TUBE - NJ - NY,Manhattan,717,8573.0,15.039323570432357,14.6,secondary feed descriptive coverage; no diversion attribution
4329472,2024-04-01,LINCOLN TUNNEL E SOUTH TUBE - NJ - NY,Manhattan,704,8410.0,14.638757102272718,14.2875,secondary feed descriptive coverage; no diversion attribution
4329472,2024-05-01,LINCOLN TUNNEL E SOUTH TUBE - NJ - NY,Manhattan,744,8899.0,13.04502688172043,13.045,secondary feed descriptive coverage; no diversion attribution
4329472,2024-06-01,LINCOLN TUNNEL E SOUTH TUBE - NJ - NY,Manhattan,720,8600.0,12.27495833333333,11.955,secondary feed descriptive coverage; no diversion attribution
4329472,2024-07-01,LINCOLN TUNNEL E SOUTH TUBE - NJ - NY,Manhattan,729,8707.0,12.651735253772292,11.8,secondary feed descriptive coverage; no diversion attribution
4329472,2024-08-01,LINCOLN TUNNEL E SOUTH TUBE - NJ - NY,Manhattan,701,8346.0,12.323901569186873,11.49,secondary feed descriptive coverage; no diversion attribution
4329472,2024-09-01,LINCOLN TUNNEL E SOUTH TUBE - NJ - NY,Manhattan,720,8631.0,11.68700000000001,11.49,secondary feed descriptive coverage; no diversion attribution
4329472,2024-10-01,LINCOLN TUNNEL E SOUTH TUBE - NJ - NY,Manhattan,744,8923.0,9.89433467741936,8.07,secondary feed descriptive coverage; no diversion attribution
4329472,2024-11-01,LINCOLN TUNNEL E SOUTH TUBE - NJ - NY,Manhattan,719,8619.0,13.08280250347705,11.8,secondary feed descriptive coverage; no diversion attribution
4329472,2024-12-01,LINCOLN TUNNEL E SOUTH TUBE - NJ - NY,Manhattan,606,7180.0,11.009892739273928,10.25,secondary feed descriptive coverage; no diversion attribution
4329472,2025-01-01,LINCOLN TUNNEL E SOUTH TUBE - NJ - NY,Manhattan,736,8799.0,17.62096467391304,20.655,secondary feed descriptive coverage; no diversion attribution
4329472,2025-02-01,LINCOLN TUNNEL E SOUTH TUBE - NJ - NY,Manhattan,672,8064.0,16.35297619047619,18.7925,secondary feed descriptive coverage; no diversion attribution
4329472,2025-03-01,LINCOLN TUNNEL E SOUTH TUBE - NJ - NY,Manhattan,743,8912.0,16.069374158815606,16.46,secondary feed descriptive coverage; no diversion attribution
4329472,2025-04-01,LINCOLN TUNNEL E SOUTH TUBE - NJ - NY,Manhattan,720,8640.0,15.143965277777776,14.91,secondary feed descriptive coverage; no diversion attribution
4329472,2025-05-01,LINCOLN TUNNEL E SOUTH TUBE - NJ - NY,Manhattan,744,8907.0,13.582224462365595,13.67,secondary feed descriptive coverage; no diversion attribution
4329472,2025-06-01,LINCOLN TUNNEL E SOUTH TUBE - NJ - NY,Manhattan,695,8220.0,11.79764748201439,12.11,secondary feed descriptive coverage; no diversion attribution
4329472,2025-07-01,LINCOLN TUNNEL E SOUTH TUBE - NJ - NY,Manhattan,744,8815.0,12.941512096774193,13.04,secondary feed descriptive coverage; no diversion attribution
4329472,2025-08-01,LINCOLN TUNNEL E SOUTH TUBE - NJ - NY,Manhattan,743,8816.0,12.212368775235538,12.425,secondary feed descriptive coverage; no diversion attribution
4329472,2025-09-01,LINCOLN TUNNEL E SOUTH TUBE - NJ - NY,Manhattan,720,8535.0,13.677611111111107,13.67,secondary feed descriptive coverage; no diversion attribution
4329472,2025-10-01,LINCOLN TUNNEL E SOUTH TUBE - NJ - NY,Manhattan,734,8692.0,10.101757493188009,8.07,secondary feed descriptive coverage; no diversion attribution
4329472,2025-11-01,LINCOLN TUNNEL E SOUTH TUBE - NJ - NY,Manhattan,715,8492.0,8.814790209790209,3.72,secondary feed descriptive coverage; no diversion attribution
4329472,2025-12-01,LINCOLN TUNNEL E SOUTH TUBE - NJ - NY,Manhattan,738,8764.0,2.011415989159892,0.0,secondary feed descriptive coverage; no diversion attribution
4329472,2026-01-01,LINCOLN TUNNEL E SOUTH TUBE - NJ - NY,Manhattan,743,8901.0,1.6203835800807533,0.0,secondary feed descriptive coverage; no diversion attribution
4329472,2026-02-01,LINCOLN TUNNEL E SOUTH TUBE - NJ - NY,Manhattan,672,8047.0,0.0,0.0,secondary feed descriptive coverage; no diversion attribution
4329472,2026-03-01,LINCOLN TUNNEL E SOUTH TUBE - NJ - NY,Manhattan,743,8891.0,0.0,0.0,secondary feed descriptive coverage; no diversion attribution
4329472,2026-04-01,LINCOLN TUNNEL E SOUTH TUBE - NJ - NY,Manhattan,476,5669.0,0.0,0.0,secondary feed descriptive coverage; no diversion attribution
4329472,2026-05-01,LINCOLN TUNNEL E SOUTH TUBE - NJ - NY,Manhattan,729,8685.0,0.0,0.0,secondary feed descriptive coverage; no diversion attribution
4329472,2026-07-01,LINCOLN TUNNEL E SOUTH TUBE - NJ - NY,Manhattan,695,8232.0,0.0,0.0,secondary feed descriptive coverage; no diversion attribution
4329473,2023-01-01,LINCOLN TUNNEL E CENTER TUBE NJ - NY,Manhattan,557,6656.0,11.774649910233396,0.0,secondary feed descriptive coverage; no diversion attribution
4329473,2023-02-01,LINCOLN TUNNEL E CENTER TUBE NJ - NY,Manhattan,661,7887.0,10.02391830559758,0.0,secondary feed descriptive coverage; no diversion attribution
4329473,2023-03-01,LINCOLN TUNNEL E CENTER TUBE NJ - NY,Manhattan,743,8908.0,9.000578734858681,0.0,secondary feed descriptive coverage; no diversion attribution
4329473,2023-04-01,LINCOLN TUNNEL E CENTER TUBE NJ - NY,Manhattan,720,8636.0,7.8661458333333325,0.0,secondary feed descriptive coverage; no diversion attribution
4329473,2023-05-01,LINCOLN TUNNEL E CENTER TUBE NJ - NY,Manhattan,468,5598.0,7.829316239316239,0.0,secondary feed descriptive coverage; no diversion attribution
4329473,2023-06-01,LINCOLN TUNNEL E CENTER TUBE NJ - NY,Manhattan,541,6469.0,7.598049907578557,0.0,secondary feed descriptive coverage; no diversion attribution
4329473,2023-07-01,LINCOLN TUNNEL E CENTER TUBE NJ - NY,Manhattan,629,7513.0,7.374133545310017,0.0,secondary feed descriptive coverage; no diversion attribution
4329473,2023-08-01,LINCOLN TUNNEL E CENTER TUBE NJ - NY,Manhattan,741,8872.0,7.977678812415653,0.0,secondary feed descriptive coverage; no diversion attribution
4329473,2023-09-01,LINCOLN TUNNEL E CENTER TUBE NJ - NY,Manhattan,705,8411.0,6.329205673758864,0.0,secondary feed descriptive coverage; no diversion attribution
4329473,2023-10-01,LINCOLN TUNNEL E CENTER TUBE NJ - NY,Manhattan,744,8889.0,8.452674731182796,0.0,secondary feed descriptive coverage; no diversion attribution
4329473,2023-11-01,LINCOLN TUNNEL E CENTER TUBE NJ - NY,Manhattan,706,8437.0,5.594624645892352,0.0,secondary feed descriptive coverage; no diversion attribution
4329473,2023-12-01,LINCOLN TUNNEL E CENTER TUBE NJ - NY,Manhattan,744,8927.0,8.46979166666667,0.0,secondary feed descriptive coverage; no diversion attribution
4329473,2024-01-01,LINCOLN TUNNEL E CENTER TUBE NJ - NY,Manhattan,682,8174.0,12.332104105571846,1.24,secondary feed descriptive coverage; no diversion attribution
4329473,2024-02-01,LINCOLN TUNNEL E CENTER TUBE NJ - NY,Manhattan,416,4969.0,6.36518028846154,0.0,secondary feed descriptive coverage; no diversion attribution
4329473,2024-03-01,LINCOLN TUNNEL E CENTER TUBE NJ - NY,Manhattan,717,8573.0,10.81652719665272,2.48,secondary feed descriptive coverage; no diversion attribution
4329473,2024-04-01,LINCOLN TUNNEL E CENTER TUBE NJ - NY,Manhattan,704,8410.0,9.949367897727269,0.0,secondary feed descriptive coverage; no diversion attribution
4329473,2024-05-01,LINCOLN TUNNEL E CENTER TUBE NJ - NY,Manhattan,744,8899.0,9.58548387096774,4.1925,secondary feed descriptive coverage; no diversion attribution
4329473,2024-06-01,LINCOLN TUNNEL E CENTER TUBE NJ - NY,Manhattan,720,8600.0,8.918743055555552,0.0,secondary feed descriptive coverage; no diversion attribution
4329473,2024-07-01,LINCOLN TUNNEL E CENTER TUBE NJ - NY,Manhattan,729,8707.0,8.321186556927298,0.0,secondary feed descriptive coverage; no diversion attribution
4329473,2024-08-01,LINCOLN TUNNEL E CENTER TUBE NJ - NY,Manhattan,701,8347.0,8.405442225392294,0.0,secondary feed descriptive coverage; no diversion attribution
4329473,2024-09-01,LINCOLN TUNNEL E CENTER TUBE NJ - NY,Manhattan,720,8631.0,7.492020833333333,0.0,secondary feed descriptive coverage; no diversion attribution
4329473,2024-10-01,LINCOLN TUNNEL E CENTER TUBE NJ - NY,Manhattan,744,8923.0,6.099959677419354,0.0,secondary feed descriptive coverage; no diversion attribution
4329473,2024-11-01,LINCOLN TUNNEL E CENTER TUBE NJ - NY,Manhattan,719,8619.0,8.356175243393603,0.0,secondary feed descriptive coverage; no diversion attribution
4329473,2024-12-01,LINCOLN TUNNEL E CENTER TUBE NJ - NY,Manhattan,606,7180.0,8.085660066006604,2.17,secondary feed descriptive coverage; no diversion attribution
4329473,2025-01-01,LINCOLN TUNNEL E CENTER TUBE NJ - NY,Manhattan,736,8799.0,12.20421875,0.775,secondary feed descriptive coverage; no diversion attribution
4329473,2025-02-01,LINCOLN TUNNEL E CENTER TUBE NJ - NY,Manhattan,672,8064.0,11.654776785714281,1.24,secondary feed descriptive coverage; no diversion attribution
4329473,2025-03-01,LINCOLN TUNNEL E CENTER TUBE NJ - NY,Manhattan,743,8912.0,10.800181695827723,0.0,secondary feed descriptive coverage; no diversion attribution
4329473,2025-04-01,LINCOLN TUNNEL E CENTER TUBE NJ - NY,Manhattan,720,8640.0,9.474208333333337,0.0,secondary feed descriptive coverage; no diversion attribution
4329473,2025-05-01,LINCOLN TUNNEL E CENTER TUBE NJ - NY,Manhattan,744,8907.0,10.153205645161295,7.76,secondary feed descriptive coverage; no diversion attribution
4329473,2025-06-01,LINCOLN TUNNEL E CENTER TUBE NJ - NY,Manhattan,695,8220.0,7.624798561151078,0.0,secondary feed descriptive coverage; no diversion attribution
4329473,2025-07-01,LINCOLN TUNNEL E CENTER TUBE NJ - NY,Manhattan,744,8815.0,8.521995967741937,0.0,secondary feed descriptive coverage; no diversion attribution
4329473,2025-08-01,LINCOLN TUNNEL E CENTER TUBE NJ - NY,Manhattan,743,8816.0,7.604798115746973,0.0,secondary feed descriptive coverage; no diversion attribution
4329473,2025-09-01,LINCOLN TUNNEL E CENTER TUBE NJ - NY,Manhattan,720,8535.0,8.07746527777778,0.0,secondary feed descriptive coverage; no diversion attribution
4329473,2025-10-01,LINCOLN TUNNEL E CENTER TUBE NJ - NY,Manhattan,734,8692.0,7.184707084468664,0.0,secondary feed descriptive coverage; no diversion attribution
4329473,2025-11-01,LINCOLN TUNNEL E CENTER TUBE NJ - NY,Manhattan,715,8492.0,5.988216783216782,0.0,secondary feed descriptive coverage; no diversion attribution
4329473,2025-12-01,LINCOLN TUNNEL E CENTER TUBE NJ - NY,Manhattan,738,8763.0,0.8443902439024391,0.0,secondary feed descriptive coverage; no diversion attribution
4329473,2026-01-01,LINCOLN TUNNEL E CENTER TUBE NJ - NY,Manhattan,743,8901.0,0.7777119784656799,0.0,secondary feed descriptive coverage; no diversion attribution
4329473,2026-02-01,LINCOLN TUNNEL E CENTER TUBE NJ - NY,Manhattan,672,8047.0,0.0,0.0,secondary feed descriptive coverage; no diversion attribution
4329473,2026-03-01,LINCOLN TUNNEL E CENTER TUBE NJ - NY,Manhattan,743,8891.0,0.0,0.0,secondary feed descriptive coverage; no diversion attribution
4329473,2026-04-01,LINCOLN TUNNEL E CENTER TUBE NJ - NY,Manhattan,476,5669.0,0.0,0.0,secondary feed descriptive coverage; no diversion attribution
4329473,2026-05-01,LINCOLN TUNNEL E CENTER TUBE NJ - NY,Manhattan,729,8685.0,0.0,0.0,secondary feed descriptive coverage; no diversion attribution
4329473,2026-07-01,LINCOLN TUNNEL E CENTER TUBE NJ - NY,Manhattan,695,8232.0,0.0,0.0,secondary feed descriptive coverage; no diversion attribution
4329483,2023-07-01,WSE S TYRELLAN AVENUE - 440 S FRANCIS STREET,Staten Island,350,4179.0,0.0,0.0,secondary feed descriptive coverage; no diversion attribution
4329483,2023-08-01,WSE S TYRELLAN AVENUE - 440 S FRANCIS STREET,Staten Island,741,8872.0,0.0,0.0,secondary feed descriptive coverage; no diversion attribution
4329483,2023-09-01,WSE S TYRELLAN AVENUE - 440 S FRANCIS STREET,Staten Island,705,8411.0,0.0,0.0,secondary feed descriptive coverage; no diversion attribution
4329483,2023-10-01,WSE S TYRELLAN AVENUE - 440 S FRANCIS STREET,Staten Island,744,8890.0,0.0,0.0,secondary feed descriptive coverage; no diversion attribution
4329483,2023-11-01,WSE S TYRELLAN AVENUE - 440 S FRANCIS STREET,Staten Island,130,1538.0,0.0,0.0,secondary feed descriptive coverage; no diversion attribution
4329499,2023-01-01,MLK N WALKER STREET - NJ ROUTE 169,Staten Island,557,6655.0,52.7347845601436,53.120000000000005,secondary feed descriptive coverage; no diversion attribution
4329499,2023-02-01,MLK N WALKER STREET - NJ ROUTE 169,Staten Island,661,7886.0,51.70409228441753,52.19,secondary feed descriptive coverage; no diversion attribution
4329499,2023-03-01,MLK N WALKER STREET - NJ ROUTE 169,Staten Island,743,8908.0,49.412005383580066,50.015,secondary feed descriptive coverage; no diversion attribution
4329499,2023-04-01,MLK N WALKER STREET - NJ ROUTE 169,Staten Island,720,8636.0,50.8616736111111,51.260000000000005,secondary feed descriptive coverage; no diversion attribution
4329499,2023-05-01,MLK N WALKER STREET - NJ ROUTE 169,Staten Island,468,5597.0,36.85833333333334,50.015,secondary feed descriptive coverage; no diversion attribution
4329499,2023-06-01,MLK N WALKER STREET - NJ ROUTE 169,Staten Island,541,6468.0,34.25292051756009,50.015,secondary feed descriptive coverage; no diversion attribution
4329499,2023-07-01,MLK N WALKER STREET - NJ ROUTE 169,Staten Island,629,7514.0,0.0,0.0,secondary feed descriptive coverage; no diversion attribution
4329499,2023-08-01,MLK N WALKER STREET - NJ ROUTE 169,Staten Island,741,8872.0,0.0,0.0,secondary feed descriptive coverage; no diversion attribution
4329499,2023-09-01,MLK N WALKER STREET - NJ ROUTE 169,Staten Island,705,8411.0,0.0,0.0,secondary feed descriptive coverage; no diversion attribution
4329499,2023-10-01,MLK N WALKER STREET - NJ ROUTE 169,Staten Island,744,8889.0,0.0,0.0,secondary feed descriptive coverage; no diversion attribution
4329499,2023-11-01,MLK N WALKER STREET - NJ ROUTE 169,Staten Island,706,8438.0,0.0,0.0,secondary feed descriptive coverage; no diversion attribution
4329499,2023-12-01,MLK N WALKER STREET - NJ ROUTE 169,Staten Island,744,8927.0,0.0,0.0,secondary feed descriptive coverage; no diversion attribution
4329499,2024-01-01,MLK N WALKER STREET - NJ ROUTE 169,Staten Island,682,8174.0,31.834611436950127,48.46,secondary feed descriptive coverage; no diversion attribution
4329499,2024-02-01,MLK N WALKER STREET - NJ ROUTE 169,Staten Island,416,4969.0,50.55348557692306,50.95,secondary feed descriptive coverage; no diversion attribution
4329499,2024-03-01,MLK N WALKER STREET - NJ ROUTE 169,Staten Island,717,8574.0,51.49094142259417,51.57,secondary feed descriptive coverage; no diversion attribution
4329499,2024-04-01,MLK N WALKER STREET - NJ ROUTE 169,Staten Island,704,8409.0,51.369119318181795,51.57,secondary feed descriptive coverage; no diversion attribution
4329499,2024-05-01,MLK N WALKER STREET - NJ ROUTE 169,Staten Island,744,8898.0,50.37940860215055,51.879999999999995,secondary feed descriptive coverage; no diversion attribution
4329499,2024-06-01,MLK N WALKER STREET - NJ ROUTE 169,Staten Island,720,8602.0,48.673069444444444,51.879999999999995,secondary feed descriptive coverage; no diversion attribution
4329499,2024-07-01,MLK N WALKER STREET - NJ ROUTE 169,Staten Island,729,8708.0,50.962085048011,51.879999999999995,secondary feed descriptive coverage; no diversion attribution
4329499,2024-08-01,MLK N WALKER STREET - NJ ROUTE 169,Staten Island,701,8344.0,51.11393723252494,51.57,secondary feed descriptive coverage; no diversion attribution
4329499,2024-09-01,MLK N WALKER STREET - NJ ROUTE 169,Staten Island,720,8630.0,45.65813194444445,50.33,secondary feed descriptive coverage; no diversion attribution
4329499,2024-10-01,MLK N WALKER STREET - NJ ROUTE 169,Staten Island,744,8922.0,3.3457795698924735,0.0,secondary feed descriptive coverage; no diversion attribution
4329499,2024-11-01,MLK N WALKER STREET - NJ ROUTE 169,Staten Island,719,8618.0,0.0,0.0,secondary feed descriptive coverage; no diversion attribution
4329499,2024-12-01,MLK N WALKER STREET - NJ ROUTE 169,Staten Island,606,7177.0,0.0,0.0,secondary feed descriptive coverage; no diversion attribution
4329499,2025-01-01,MLK N WALKER STREET - NJ ROUTE 169,Staten Island,736,8799.0,14.00559782608695,0.0,secondary feed descriptive coverage; no diversion attribution
4329499,2025-02-01,MLK N WALKER STREET - NJ ROUTE 169,Staten Island,672,8064.0,45.975453869047605,50.015,secondary feed descriptive coverage; no diversion attribution
4329499,2025-03-01,MLK N WALKER STREET - NJ ROUTE 169,Staten Island,743,8912.0,39.924845222072705,49.08,secondary feed descriptive coverage; no diversion attribution
4329499,2025-04-01,MLK N WALKER STREET - NJ ROUTE 169,Staten Island,720,8640.0,48.217722222222214,50.015,secondary feed descriptive coverage; no diversion attribution
4329499,2025-05-01,MLK N WALKER STREET - NJ ROUTE 169,Staten Island,744,8907.0,7.33125,0.0,secondary feed descriptive coverage; no diversion attribution
4329499,2025-06-01,MLK N WALKER STREET - NJ ROUTE 169,Staten Island,695,8220.0,29.578640287769787,47.22,secondary feed descriptive coverage; no diversion attribution
4329499,2025-07-01,MLK N WALKER STREET - NJ ROUTE 169,Staten Island,744,8815.0,0.19623655913978494,0.0,secondary feed descriptive coverage; no diversion attribution
4329499,2025-08-01,MLK N WALKER STREET - NJ ROUTE 169,Staten Island,743,8816.0,24.580114401076717,0.0,secondary feed descriptive coverage; no diversion attribution
4329499,2025-09-01,MLK N WALKER STREET - NJ ROUTE 169,Staten Island,720,8535.0,36.41931944444444,49.39,secondary feed descriptive coverage; no diversion attribution
4329499,2025-10-01,MLK N WALKER STREET - NJ ROUTE 169,Staten Island,734,8692.0,41.75324931880108,50.33,secondary feed descriptive coverage; no diversion attribution
4329499,2025-11-01,MLK N WALKER STREET - NJ ROUTE 169,Staten Island,715,8491.0,33.416335664335655,48.46,secondary feed descriptive coverage; no diversion attribution
4329499,2025-12-01,MLK N WALKER STREET - NJ ROUTE 169,Staten Island,738,8759.0,0.0,0.0,secondary feed descriptive coverage; no diversion attribution
4329499,2026-01-01,MLK N WALKER STREET - NJ ROUTE 169,Staten Island,743,8901.0,0.0,0.0,secondary feed descriptive coverage; no diversion attribution
4329499,2026-02-01,MLK N WALKER STREET - NJ ROUTE 169,Staten Island,672,8047.0,0.0,0.0,secondary feed descriptive coverage; no diversion attribution
4329499,2026-03-01,MLK N WALKER STREET - NJ ROUTE 169,Staten Island,743,8891.0,0.0,0.0,secondary feed descriptive coverage; no diversion attribution
4329499,2026-04-01,MLK N WALKER STREET - NJ ROUTE 169,Staten Island,476,5669.0,0.0,0.0,secondary feed descriptive coverage; no diversion attribution
4329499,2026-05-01,MLK N WALKER STREET - NJ ROUTE 169,Staten Island,729,8685.0,0.0,0.0,secondary feed descriptive coverage; no diversion attribution
4329499,2026-07-01,MLK N WALKER STREET - NJ ROUTE 169,Staten Island,695,8232.0,0.0,0.0,secondary feed descriptive coverage; no diversion attribution
4329507,2023-01-01,LINCOLN TUNNEL W NORTH TUBE NY - NJ,Manhattan,557,6656.0,31.456633752244155,32.93,secondary feed descriptive coverage; no diversion attribution
4329507,2023-02-01,LINCOLN TUNNEL W NORTH TUBE NY - NJ,Manhattan,661,7888.0,31.34513615733737,32.93,secondary feed descriptive coverage; no diversion attribution
4329507,2023-03-01,LINCOLN TUNNEL W NORTH TUBE NY - NJ,Manhattan,743,8909.0,28.83574697173619,31.06,secondary feed descriptive coverage; no diversion attribution
4329507,2023-04-01,LINCOLN TUNNEL W NORTH TUBE NY - NJ,Manhattan,720,8636.0,28.2825625,30.44,secondary feed descriptive coverage; no diversion attribution
4329507,2023-05-01,LINCOLN TUNNEL W NORTH TUBE NY - NJ,Manhattan,468,5597.0,26.070961538461546,28.27,secondary feed descriptive coverage; no diversion attribution
4329507,2023-06-01,LINCOLN TUNNEL W NORTH TUBE NY - NJ,Manhattan,541,6467.0,25.840711645101663,27.645,secondary feed descriptive coverage; no diversion attribution
4329507,2023-07-01,LINCOLN TUNNEL W NORTH TUBE NY - NJ,Manhattan,629,7514.0,27.642861685214626,29.82,secondary feed descriptive coverage; no diversion attribution
4329507,2023-08-01,LINCOLN TUNNEL W NORTH TUBE NY - NJ,Manhattan,741,8871.0,25.401390013495277,27.025,secondary feed descriptive coverage; no diversion attribution
4329507,2023-09-01,LINCOLN TUNNEL W NORTH TUBE NY - NJ,Manhattan,705,8411.0,27.459163120567396,30.130000000000003,secondary feed descriptive coverage; no diversion attribution
4329507,2023-10-01,LINCOLN TUNNEL W NORTH TUBE NY - NJ,Manhattan,744,8891.0,26.746317204301068,29.509999999999998,secondary feed descriptive coverage; no diversion attribution
4329507,2023-11-01,LINCOLN TUNNEL W NORTH TUBE NY - NJ,Manhattan,706,8438.0,28.49832152974503,31.06,secondary feed descriptive coverage; no diversion attribution
4329507,2023-12-01,LINCOLN TUNNEL W NORTH TUBE NY - NJ,Manhattan,744,8927.0,27.853326612903224,30.1325,secondary feed descriptive coverage; no diversion attribution
4329507,2024-01-01,LINCOLN TUNNEL W NORTH TUBE NY - NJ,Manhattan,682,8174.0,31.653504398826982,33.239999999999995,secondary feed descriptive coverage; no diversion attribution
4329507,2024-02-01,LINCOLN TUNNEL W NORTH TUBE NY - NJ,Manhattan,416,4969.0,30.238317307692316,32.31,secondary feed descriptive coverage; no diversion attribution
4329507,2024-03-01,LINCOLN TUNNEL W NORTH TUBE NY - NJ,Manhattan,717,8573.0,29.09470711297074,31.06,secondary feed descriptive coverage; no diversion attribution
4329507,2024-04-01,LINCOLN TUNNEL W NORTH TUBE NY - NJ,Manhattan,704,8410.0,27.42783380681818,29.82,secondary feed descriptive coverage; no diversion attribution
4329507,2024-05-01,LINCOLN TUNNEL W NORTH TUBE NY - NJ,Manhattan,744,8899.0,25.59899865591399,27.96,secondary feed descriptive coverage; no diversion attribution
4329507,2024-06-01,LINCOLN TUNNEL W NORTH TUBE NY - NJ,Manhattan,720,8600.0,24.44826388888889,25.6275,secondary feed descriptive coverage; no diversion attribution
4329507,2024-07-01,LINCOLN TUNNEL W NORTH TUBE NY - NJ,Manhattan,729,8705.0,26.331646090534974,28.27,secondary feed descriptive coverage; no diversion attribution
4329507,2024-08-01,LINCOLN TUNNEL W NORTH TUBE NY - NJ,Manhattan,701,8347.0,24.582981455064193,25.785,secondary feed descriptive coverage; no diversion attribution
4329507,2024-09-01,LINCOLN TUNNEL W NORTH TUBE NY - NJ,Manhattan,720,8631.0,25.184979166666672,27.65,secondary feed descriptive coverage; no diversion attribution
4329507,2024-10-01,LINCOLN TUNNEL W NORTH TUBE NY - NJ,Manhattan,744,8923.0,24.351774193548408,27.96,secondary feed descriptive coverage; no diversion attribution
4329507,2024-11-01,LINCOLN TUNNEL W NORTH TUBE NY - NJ,Manhattan,719,8619.0,26.16423504867873,29.82,secondary feed descriptive coverage; no diversion attribution
4329507,2024-12-01,LINCOLN TUNNEL W NORTH TUBE NY - NJ,Manhattan,606,7179.0,24.365767326732666,27.18,secondary feed descriptive coverage; no diversion attribution
4329507,2025-01-01,LINCOLN TUNNEL W NORTH TUBE NY - NJ,Manhattan,736,8799.0,31.87893342391305,34.17,secondary feed descriptive coverage; no diversion attribution
4329507,2025-02-01,LINCOLN TUNNEL W NORTH TUBE NY - NJ,Manhattan,672,8064.0,30.86480654761906,33.239999999999995,secondary feed descriptive coverage; no diversion attribution
4329507,2025-03-01,LINCOLN TUNNEL W NORTH TUBE NY - NJ,Manhattan,743,8912.0,30.236971736204595,32.620000000000005,secondary feed descriptive coverage; no diversion attribution
4329507,2025-04-01,LINCOLN TUNNEL W NORTH TUBE NY - NJ,Manhattan,720,8640.0,28.052944444444453,31.369999999999997,secondary feed descriptive coverage; no diversion attribution
4329507,2025-05-01,LINCOLN TUNNEL W NORTH TUBE NY - NJ,Manhattan,744,8907.0,26.763010752688164,30.130000000000003,secondary feed descriptive coverage; no diversion attribution
4329507,2025-06-01,LINCOLN TUNNEL W NORTH TUBE NY - NJ,Manhattan,653,7700.0,24.466852986217475,28.89,secondary feed descriptive coverage; no diversion attribution
4329507,2025-07-01,LINCOLN TUNNEL W NORTH TUBE NY - NJ,Manhattan,744,8815.0,27.16219086021504,30.44,secondary feed descriptive coverage; no diversion attribution
4329507,2025-08-01,LINCOLN TUNNEL W NORTH TUBE NY - NJ,Manhattan,743,8816.0,27.235874831763137,30.75,secondary feed descriptive coverage; no diversion attribution
4329507,2025-09-01,LINCOLN TUNNEL W NORTH TUBE NY - NJ,Manhattan,720,8535.0,29.10985416666667,31.68,secondary feed descriptive coverage; no diversion attribution
4329507,2025-10-01,LINCOLN TUNNEL W NORTH TUBE NY - NJ,Manhattan,734,8692.0,28.102608991825623,31.06,secondary feed descriptive coverage; no diversion attribution
4329507,2025-11-01,LINCOLN TUNNEL W NORTH TUBE NY - NJ,Manhattan,715,8491.0,29.3309090909091,32.31,secondary feed descriptive coverage; no diversion attribution
4329507,2025-12-01,LINCOLN TUNNEL W NORTH TUBE NY - NJ,Manhattan,738,8760.0,29.68571815718158,32.31,secondary feed descriptive coverage; no diversion attribution
4329507,2026-01-01,LINCOLN TUNNEL W NORTH TUBE NY - NJ,Manhattan,743,8901.0,33.124165545087486,34.79,secondary feed descriptive coverage; no diversion attribution
4329507,2026-02-01,LINCOLN TUNNEL W NORTH TUBE NY - NJ,Manhattan,672,8047.0,30.54680803571428,33.86,secondary feed descriptive coverage; no diversion attribution
4329507,2026-03-01,LINCOLN TUNNEL W NORTH TUBE NY - NJ,Manhattan,743,8890.0,28.952563930013476,32.31,secondary feed descriptive coverage; no diversion attribution
4329507,2026-04-01,LINCOLN TUNNEL W NORTH TUBE NY - NJ,Manhattan,476,5669.0,28.573907563025227,31.995,secondary feed descriptive coverage; no diversion attribution
4329507,2026-05-01,LINCOLN TUNNEL W NORTH TUBE NY - NJ,Manhattan,729,8684.0,29.318045267489705,32.31,secondary feed descriptive coverage; no diversion attribution
4329507,2026-07-01,LINCOLN TUNNEL W NORTH TUBE NY - NJ,Manhattan,695,8232.0,29.720410071942453,31.995,secondary feed descriptive coverage; no diversion attribution
4329508,2023-01-01,LINCOLN TUNNEL W CENTER TUBE NY - NJ,Manhattan,557,6656.0,6.0958617594254925,0.0,secondary feed descriptive coverage; no diversion attribution
4329508,2023-02-01,LINCOLN TUNNEL W CENTER TUBE NY - NJ,Manhattan,661,7888.0,5.65444780635401,0.0,secondary feed descriptive coverage; no diversion attribution
4329508,2023-03-01,LINCOLN TUNNEL W CENTER TUBE NY - NJ,Manhattan,743,8909.0,4.414219380888291,0.0,secondary feed descriptive coverage; no diversion attribution
4329508,2023-04-01,LINCOLN TUNNEL W CENTER TUBE NY - NJ,Manhattan,720,8636.0,4.371743055555555,0.0,secondary feed descriptive coverage; no diversion attribution
4329508,2023-05-01,LINCOLN TUNNEL W CENTER TUBE NY - NJ,Manhattan,468,5598.0,3.477702991452991,0.0,secondary feed descriptive coverage; no diversion attribution
4329508,2023-06-01,LINCOLN TUNNEL W CENTER TUBE NY - NJ,Manhattan,541,6468.0,1.5857855822550833,0.0,secondary feed descriptive coverage; no diversion attribution
4329508,2023-07-01,LINCOLN TUNNEL W CENTER TUBE NY - NJ,Manhattan,629,7514.0,3.4517408585055636,0.0,secondary feed descriptive coverage; no diversion attribution
4329508,2023-08-01,LINCOLN TUNNEL W CENTER TUBE NY - NJ,Manhattan,741,8872.0,5.790512820512821,0.0,secondary feed descriptive coverage; no diversion attribution
4329508,2023-09-01,LINCOLN TUNNEL W CENTER TUBE NY - NJ,Manhattan,705,8411.0,4.113219858156029,0.0,secondary feed descriptive coverage; no diversion attribution
4329508,2023-10-01,LINCOLN TUNNEL W CENTER TUBE NY - NJ,Manhattan,744,8889.0,6.410860215053764,0.0,secondary feed descriptive coverage; no diversion attribution
4329508,2023-11-01,LINCOLN TUNNEL W CENTER TUBE NY - NJ,Manhattan,706,8438.0,3.988406515580736,0.0,secondary feed descriptive coverage; no diversion attribution
4329508,2023-12-01,LINCOLN TUNNEL W CENTER TUBE NY - NJ,Manhattan,744,8927.0,7.661176075268816,0.0,secondary feed descriptive coverage; no diversion attribution
4329508,2024-01-01,LINCOLN TUNNEL W CENTER TUBE NY - NJ,Manhattan,682,8174.0,6.820344574780057,0.0,secondary feed descriptive coverage; no diversion attribution
4329508,2024-02-01,LINCOLN TUNNEL W CENTER TUBE NY - NJ,Manhattan,416,4969.0,4.19153846153846,0.0,secondary feed descriptive coverage; no diversion attribution
4329508,2024-03-01,LINCOLN TUNNEL W CENTER TUBE NY - NJ,Manhattan,717,8573.0,5.529930264993027,0.0,secondary feed descriptive coverage; no diversion attribution
4329508,2024-04-01,LINCOLN TUNNEL W CENTER TUBE NY - NJ,Manhattan,704,8410.0,6.207251420454545,0.0,secondary feed descriptive coverage; no diversion attribution
4329508,2024-05-01,LINCOLN TUNNEL W CENTER TUBE NY - NJ,Manhattan,744,8899.0,5.399301075268817,0.0,secondary feed descriptive coverage; no diversion attribution
4329508,2024-06-01,LINCOLN TUNNEL W CENTER TUBE NY - NJ,Manhattan,720,8599.0,4.352833333333333,0.0,secondary feed descriptive coverage; no diversion attribution
4329508,2024-07-01,LINCOLN TUNNEL W CENTER TUBE NY - NJ,Manhattan,729,8706.0,1.1265294924554183,0.0,secondary feed descriptive coverage; no diversion attribution
4329508,2024-08-01,LINCOLN TUNNEL W CENTER TUBE NY - NJ,Manhattan,701,8346.0,1.8955492154065616,0.0,secondary feed descriptive coverage; no diversion attribution
4329508,2024-09-01,LINCOLN TUNNEL W CENTER TUBE NY - NJ,Manhattan,720,8631.0,2.3497777777777777,0.0,secondary feed descriptive coverage; no diversion attribution
4329508,2024-10-01,LINCOLN TUNNEL W CENTER TUBE NY - NJ,Manhattan,744,8923.0,2.00489247311828,0.0,secondary feed descriptive coverage; no diversion attribution
4329508,2024-11-01,LINCOLN TUNNEL W CENTER TUBE NY - NJ,Manhattan,719,8619.0,5.090674547983311,0.0,secondary feed descriptive coverage; no diversion attribution
4329508,2024-12-01,LINCOLN TUNNEL W CENTER TUBE NY - NJ,Manhattan,606,7180.0,5.741039603960399,0.0,secondary feed descriptive coverage; no diversion attribution
4329508,2025-01-01,LINCOLN TUNNEL W CENTER TUBE NY - NJ,Manhattan,736,8799.0,7.679395380434781,0.0,secondary feed descriptive coverage; no diversion attribution
4329508,2025-02-01,LINCOLN TUNNEL W CENTER TUBE NY - NJ,Manhattan,672,8064.0,8.440409226190477,0.0,secondary feed descriptive coverage; no diversion attribution
4329508,2025-03-01,LINCOLN TUNNEL W CENTER TUBE NY - NJ,Manhattan,743,8912.0,8.403088829071331,0.0,secondary feed descriptive coverage; no diversion attribution
4329508,2025-04-01,LINCOLN TUNNEL W CENTER TUBE NY - NJ,Manhattan,720,8640.0,8.265076388888888,0.0,secondary feed descriptive coverage; no diversion attribution
4329508,2025-05-01,LINCOLN TUNNEL W CENTER TUBE NY - NJ,Manhattan,744,8907.0,7.155692204301079,0.0,secondary feed descriptive coverage; no diversion attribution
4329508,2025-06-01,LINCOLN TUNNEL W CENTER TUBE NY - NJ,Manhattan,695,8220.0,4.615273381294965,0.0,secondary feed descriptive coverage; no diversion attribution
4329508,2025-07-01,LINCOLN TUNNEL W CENTER TUBE NY - NJ,Manhattan,744,8815.0,8.009610215053765,0.0,secondary feed descriptive coverage; no diversion attribution
4329508,2025-08-01,LINCOLN TUNNEL W CENTER TUBE NY - NJ,Manhattan,743,8816.0,4.984407806191117,0.0,secondary feed descriptive coverage; no diversion attribution
4329508,2025-09-01,LINCOLN TUNNEL W CENTER TUBE NY - NJ,Manhattan,720,8535.0,6.835715277777778,0.0,secondary feed descriptive coverage; no diversion attribution
4329508,2025-10-01,LINCOLN TUNNEL W CENTER TUBE NY - NJ,Manhattan,734,8692.0,4.737527247956404,0.0,secondary feed descriptive coverage; no diversion attribution
4329508,2025-11-01,LINCOLN TUNNEL W CENTER TUBE NY - NJ,Manhattan,715,8492.0,4.0510979020979025,0.0,secondary feed descriptive coverage; no diversion attribution
4329508,2025-12-01,LINCOLN TUNNEL W CENTER TUBE NY - NJ,Manhattan,738,8760.0,0.19563685636856368,0.0,secondary feed descriptive coverage; no diversion attribution
4329508,2026-01-01,LINCOLN TUNNEL W CENTER TUBE NY - NJ,Manhattan,743,8901.0,0.00667563930013459,0.0,secondary feed descriptive coverage; no diversion attribution
4329508,2026-02-01,LINCOLN TUNNEL W CENTER TUBE NY - NJ,Manhattan,672,8047.0,0.0,0.0,secondary feed descriptive coverage; no diversion attribution
4329508,2026-03-01,LINCOLN TUNNEL W CENTER TUBE NY - NJ,Manhattan,743,8891.0,0.0,0.0,secondary feed descriptive coverage; no diversion attribution
4329508,2026-04-01,LINCOLN TUNNEL W CENTER TUBE NY - NJ,Manhattan,476,5669.0,0.0,0.0,secondary feed descriptive coverage; no diversion attribution
4329508,2026-05-01,LINCOLN TUNNEL W CENTER TUBE NY - NJ,Manhattan,729,8685.0,0.0,0.0,secondary feed descriptive coverage; no diversion attribution
4329508,2026-07-01,LINCOLN TUNNEL W CENTER TUBE NY - NJ,Manhattan,695,8232.0,0.0,0.0,secondary feed descriptive coverage; no diversion attribution
4362244,2023-01-01,CVE NB LIE - WILLETS PT BLVD,Queens,557,6656.0,52.669838420107716,52.81,secondary feed descriptive coverage; no diversion attribution
4362244,2023-02-01,CVE NB LIE - WILLETS PT BLVD,Queens,661,7888.0,52.46521180030259,52.5,secondary feed descriptive coverage; no diversion attribution
4362244,2023-03-01,CVE NB LIE - WILLETS PT BLVD,Queens,743,8910.0,51.44382907133247,52.5,secondary feed descriptive coverage; no diversion attribution
4362244,2023-04-01,CVE NB LIE - WILLETS PT BLVD,Queens,720,8636.0,51.506375,52.81,secondary feed descriptive coverage; no diversion attribution
4362244,2023-05-01,CVE NB LIE - WILLETS PT BLVD,Queens,468,5598.0,48.698141025641036,52.5,secondary feed descriptive coverage; no diversion attribution
4362244,2023-06-01,CVE NB LIE - WILLETS PT BLVD,Queens,541,6473.0,50.52487060998148,52.19,secondary feed descriptive coverage; no diversion attribution
4362244,2023-07-01,CVE NB LIE - WILLETS PT BLVD,Queens,629,7515.0,49.771915739268685,52.81,secondary feed descriptive coverage; no diversion attribution
4362244,2023-08-01,CVE NB LIE - WILLETS PT BLVD,Queens,739,8836.0,46.87755751014885,50.33,secondary feed descriptive coverage; no diversion attribution
4362244,2023-09-01,CVE NB LIE - WILLETS PT BLVD,Queens,708,8461.0,50.00944915254237,51.879999999999995,secondary feed descriptive coverage; no diversion attribution
4362244,2023-10-01,CVE NB LIE - WILLETS PT BLVD,Queens,744,8890.0,48.274872311827956,51.415000000000006,secondary feed descriptive coverage; no diversion attribution
4362244,2023-11-01,CVE NB LIE - WILLETS PT BLVD,Queens,706,8436.0,38.75309490084984,50.64,secondary feed descriptive coverage; no diversion attribution
4362244,2023-12-01,CVE NB LIE - WILLETS PT BLVD,Queens,744,8928.0,51.89926075268819,52.5,secondary feed descriptive coverage; no diversion attribution
4362244,2024-01-01,CVE NB LIE - WILLETS PT BLVD,Queens,682,8174.0,51.53225073313782,52.19,secondary feed descriptive coverage; no diversion attribution
4362244,2024-02-01,CVE NB LIE - WILLETS PT BLVD,Queens,416,4974.0,50.9166826923077,52.19,secondary feed descriptive coverage; no diversion attribution
4362244,2024-03-01,CVE NB LIE - WILLETS PT BLVD,Queens,717,8574.0,51.349776847977694,52.5,secondary feed descriptive coverage; no diversion attribution
4362244,2024-04-01,CVE NB LIE - WILLETS PT BLVD,Queens,720,8626.0,43.855479166666655,52.19,secondary feed descriptive coverage; no diversion attribution
4362244,2024-05-01,CVE NB LIE - WILLETS PT BLVD,Queens,744,8901.0,46.348091397849466,51.879999999999995,secondary feed descriptive coverage; no diversion attribution
4362244,2024-06-01,CVE NB LIE - WILLETS PT BLVD,Queens,720,8603.0,45.777125,50.64,secondary feed descriptive coverage; no diversion attribution
4362244,2024-07-01,CVE NB LIE - WILLETS PT BLVD,Queens,713,8458.0,48.09638148667601,52.19,secondary feed descriptive coverage; no diversion attribution
4362244,2024-08-01,CVE NB LIE - WILLETS PT BLVD,Queens,701,8327.0,37.14112696148359,48.46,secondary feed descriptive coverage; no diversion attribution
4362244,2024-09-01,CVE NB LIE - WILLETS PT BLVD,Queens,720,8631.0,48.494854166666684,51.260000000000005,secondary feed descriptive coverage; no diversion attribution
4362244,2024-10-01,CVE NB LIE - WILLETS PT BLVD,Queens,744,8923.0,50.96128360215053,51.57,secondary feed descriptive coverage; no diversion attribution
4362244,2024-11-01,CVE NB LIE - WILLETS PT BLVD,Queens,719,8615.0,51.35776773296243,51.57,secondary feed descriptive coverage; no diversion attribution
4362244,2024-12-01,CVE NB LIE - WILLETS PT BLVD,Queens,606,7189.0,50.38427392739272,50.95,secondary feed descriptive coverage; no diversion attribution
4362244,2025-01-01,CVE NB LIE - WILLETS PT BLVD,Queens,744,8920.0,51.047923387096795,50.95,secondary feed descriptive coverage; no diversion attribution
4362244,2025-02-01,CVE NB LIE - WILLETS PT BLVD,Queens,672,8064.0,50.662879464285716,50.95,secondary feed descriptive coverage; no diversion attribution
4362244,2025-03-01,CVE NB LIE - WILLETS PT BLVD,Queens,743,8912.0,51.70133243607001,51.57,secondary feed descriptive coverage; no diversion attribution
4362244,2025-04-01,CVE NB LIE - WILLETS PT BLVD,Queens,720,8634.0,49.41937500000002,51.260000000000005,secondary feed descriptive coverage; no diversion attribution
4362244,2025-05-01,CVE NB LIE - WILLETS PT BLVD,Queens,744,8907.0,50.59229838709679,51.57,secondary feed descriptive coverage; no diversion attribution
4362244,2025-06-01,CVE NB LIE - WILLETS PT BLVD,Queens,700,8292.0,47.32427142857143,50.95,secondary feed descriptive coverage; no diversion attribution
4362244,2025-07-01,CVE NB LIE - WILLETS PT BLVD,Queens,744,8801.0,45.172069892473125,50.33,secondary feed descriptive coverage; no diversion attribution
4362244,2025-08-01,CVE NB LIE - WILLETS PT BLVD,Queens,743,8815.0,51.17331090174965,52.5,secondary feed descriptive coverage; no diversion attribution
4362244,2025-09-01,CVE NB LIE - WILLETS PT BLVD,Queens,720,8535.0,49.75552777777777,51.57,secondary feed descriptive coverage; no diversion attribution
4362244,2025-10-01,CVE NB LIE - WILLETS PT BLVD,Queens,734,8701.0,49.581239782016354,51.260000000000005,secondary feed descriptive coverage; no diversion attribution
4362244,2025-11-01,CVE NB LIE - WILLETS PT BLVD,Queens,715,8492.0,50.66679720279721,51.57,secondary feed descriptive coverage; no diversion attribution
4362244,2025-12-01,CVE NB LIE - WILLETS PT BLVD,Queens,739,8770.0,50.39632611637349,50.95,secondary feed descriptive coverage; no diversion attribution
4362244,2026-01-01,CVE NB LIE - WILLETS PT BLVD,Queens,743,8901.0,49.97700538358009,50.95,secondary feed descriptive coverage; no diversion attribution
4362244,2026-02-01,CVE NB LIE - WILLETS PT BLVD,Queens,672,8044.0,49.80918898809525,50.95,secondary feed descriptive coverage; no diversion attribution
4362244,2026-03-01,CVE NB LIE - WILLETS PT BLVD,Queens,743,8895.0,33.06185060565276,49.08,secondary feed descriptive coverage; no diversion attribution
4362244,2026-04-01,CVE NB LIE - WILLETS PT BLVD,Queens,476,5662.0,50.5916911764706,51.260000000000005,secondary feed descriptive coverage; no diversion attribution
4362244,2026-05-01,CVE NB LIE - WILLETS PT BLVD,Queens,736,8777.0,49.38347826086955,51.57,secondary feed descriptive coverage; no diversion attribution
4362244,2026-07-01,CVE NB LIE - WILLETS PT BLVD,Queens,677,8015.0,51.014638109305764,51.260000000000005,secondary feed descriptive coverage; no diversion attribution
4362247,2023-01-01,CIP NB GCP - TNB,Queens,557,6656.0,53.04197486535007,54.985,secondary feed descriptive coverage; no diversion attribution
4362247,2023-02-01,CIP NB GCP - TNB,Queens,222,2652.0,52.50274774774773,55.61,secondary feed descriptive coverage; no diversion attribution
4362247,2023-07-01,CIP NB GCP - TNB,Queens,350,4179.0,42.5465,46.91,secondary feed descriptive coverage; no diversion attribution
4362247,2023-08-01,CIP NB GCP - TNB,Queens,739,8836.0,45.89407307171854,49.7,secondary feed descriptive coverage; no diversion attribution
4362247,2023-09-01,CIP NB GCP - TNB,Queens,708,8461.0,47.26005649717516,50.64,secondary feed descriptive coverage; no diversion attribution
4362247,2023-10-01,CIP NB GCP - TNB,Queens,744,8891.0,43.526606182795675,46.6,secondary feed descriptive coverage; no diversion attribution
4362247,2023-11-01,CIP NB GCP - TNB,Queens,130,1534.0,0.0,0.0,secondary feed descriptive coverage; no diversion attribution
4362249,2023-01-01,LIE WB LITTLE NECK PKWY - NB CIP,Queens,557,6656.0,40.18185816876123,43.18,secondary feed descriptive coverage; no diversion attribution
4362249,2023-02-01,LIE WB LITTLE NECK PKWY - NB CIP,Queens,661,7888.0,41.03102118003025,43.49,secondary feed descriptive coverage; no diversion attribution
4362249,2023-03-01,LIE WB LITTLE NECK PKWY - NB CIP,Queens,743,8910.0,38.74751009421266,41.94,secondary feed descriptive coverage; no diversion attribution
4362249,2023-04-01,LIE WB LITTLE NECK PKWY - NB CIP,Queens,720,8636.0,38.243888888888875,41.625,secondary feed descriptive coverage; no diversion attribution
4362249,2023-05-01,LIE WB LITTLE NECK PKWY - NB CIP,Queens,468,5598.0,33.88307692307693,38.519999999999996,secondary feed descriptive coverage; no diversion attribution
4362249,2023-06-01,LIE WB LITTLE NECK PKWY - NB CIP,Queens,541,6473.0,34.91014787430684,38.83,secondary feed descriptive coverage; no diversion attribution
4362249,2023-07-01,LIE WB LITTLE NECK PKWY - NB CIP,Queens,629,7514.0,35.98464228934818,40.38,secondary feed descriptive coverage; no diversion attribution
4362249,2023-08-01,LIE WB LITTLE NECK PKWY - NB CIP,Queens,739,8836.0,36.395250338294964,40.07,secondary feed descriptive coverage; no diversion attribution
4362249,2023-09-01,LIE WB LITTLE NECK PKWY - NB CIP,Queens,708,8461.0,37.31146186440678,40.38,secondary feed descriptive coverage; no diversion attribution
4362249,2023-10-01,LIE WB LITTLE NECK PKWY - NB CIP,Queens,744,8891.0,34.81576612903227,39.760000000000005,secondary feed descriptive coverage; no diversion attribution
4362249,2023-11-01,LIE WB LITTLE NECK PKWY - NB CIP,Queens,706,8436.0,34.545077903682696,40.072500000000005,secondary feed descriptive coverage; no diversion attribution
4362249,2023-12-01,LIE WB LITTLE NECK PKWY - NB CIP,Queens,744,8928.0,37.25899865591397,41.63,secondary feed descriptive coverage; no diversion attribution
4362249,2024-01-01,LIE WB LITTLE NECK PKWY - NB CIP,Queens,682,8174.0,39.9251026392962,42.87,secondary feed descriptive coverage; no diversion attribution
4362249,2024-02-01,LIE WB LITTLE NECK PKWY - NB CIP,Queens,416,4974.0,39.27084134615386,42.25,secondary feed descriptive coverage; no diversion attribution
4362249,2024-03-01,LIE WB LITTLE NECK PKWY - NB CIP,Queens,717,8574.0,37.16716875871687,41.01,secondary feed descriptive coverage; no diversion attribution
4362249,2024-04-01,LIE WB LITTLE NECK PKWY - NB CIP,Queens,720,8626.0,36.091999999999985,40.85,secondary feed descriptive coverage; no diversion attribution
4362249,2024-05-01,LIE WB LITTLE NECK PKWY - NB CIP,Queens,744,8902.0,33.22180779569893,36.6575,secondary feed descriptive coverage; no diversion attribution
4362249,2024-06-01,LIE WB LITTLE NECK PKWY - NB CIP,Queens,720,8603.0,32.78497222222223,31.68,secondary feed descriptive coverage; no diversion attribution
4362249,2024-07-01,LIE WB LITTLE NECK PKWY - NB CIP,Queens,713,8459.0,35.78411640953717,39.76,secondary feed descriptive coverage; no diversion attribution
4362249,2024-08-01,LIE WB LITTLE NECK PKWY - NB CIP,Queens,701,8326.0,33.899101283880185,36.965,secondary feed descriptive coverage; no diversion attribution
4362249,2024-09-01,LIE WB LITTLE NECK PKWY - NB CIP,Queens,720,8631.0,33.95202777777777,37.125,secondary feed descriptive coverage; no diversion attribution
4362249,2024-10-01,LIE WB LITTLE NECK PKWY - NB CIP,Queens,744,8923.0,33.00844086021505,36.19,secondary feed descriptive coverage; no diversion attribution
4362249,2024-11-01,LIE WB LITTLE NECK PKWY - NB CIP,Queens,719,8612.0,33.5915090403338,37.9,secondary feed descriptive coverage; no diversion attribution
4362249,2024-12-01,LIE WB LITTLE NECK PKWY - NB CIP,Queens,606,7186.0,34.721749174917484,38.675,secondary feed descriptive coverage; no diversion attribution
4362249,2025-01-01,LIE WB LITTLE NECK PKWY - NB CIP,Queens,744,8918.0,38.353494623655884,41.94,secondary feed descriptive coverage; no diversion attribution
4362249,2025-02-01,LIE WB LITTLE NECK PKWY - NB CIP,Queens,672,8064.0,37.34740327380952,41.32,secondary feed descriptive coverage; no diversion attribution
4362249,2025-03-01,LIE WB LITTLE NECK PKWY - NB CIP,Queens,743,8912.0,36.61626514131896,40.695,secondary feed descriptive coverage; no diversion attribution
4362249,2025-04-01,LIE WB LITTLE NECK PKWY - NB CIP,Queens,720,8634.0,35.114131944444445,40.540000000000006,secondary feed descriptive coverage; no diversion attribution
4362249,2025-05-01,LIE WB LITTLE NECK PKWY - NB CIP,Queens,744,8907.0,32.323965053763416,35.7225,secondary feed descriptive coverage; no diversion attribution
4362249,2025-06-01,LIE WB LITTLE NECK PKWY - NB CIP,Queens,700,8292.0,32.16227857142855,34.79,secondary feed descriptive coverage; no diversion attribution
4362249,2025-07-01,LIE WB LITTLE NECK PKWY - NB CIP,Queens,744,8801.0,32.87491263440859,37.435,secondary feed descriptive coverage; no diversion attribution
4362249,2025-08-01,LIE WB LITTLE NECK PKWY - NB CIP,Queens,725,8553.0,32.182475862068955,35.724999999999994,secondary feed descriptive coverage; no diversion attribution
4362249,2025-09-01,LIE WB LITTLE NECK PKWY - NB CIP,Queens,720,8535.0,32.2614375,33.705,secondary feed descriptive coverage; no diversion attribution
4362249,2025-10-01,LIE WB LITTLE NECK PKWY - NB CIP,Queens,734,8700.0,33.63794277929152,38.055,secondary feed descriptive coverage; no diversion attribution
4362249,2025-11-01,LIE WB LITTLE NECK PKWY - NB CIP,Queens,714,8462.0,34.07030112044819,40.38,secondary feed descriptive coverage; no diversion attribution
4362249,2025-12-01,LIE WB LITTLE NECK PKWY - NB CIP,Queens,740,8806.0,35.83837837837835,40.38,secondary feed descriptive coverage; no diversion attribution
4362249,2026-01-01,LIE WB LITTLE NECK PKWY - NB CIP,Queens,743,8897.0,38.84958277254374,41.63,secondary feed descriptive coverage; no diversion attribution
4362249,2026-02-01,LIE WB LITTLE NECK PKWY - NB CIP,Queens,672,8047.0,39.59866815476191,42.87,secondary feed descriptive coverage; no diversion attribution
4362249,2026-03-01,LIE WB LITTLE NECK PKWY - NB CIP,Queens,735,8753.0,38.484537414965985,42.25,secondary feed descriptive coverage; no diversion attribution
4362249,2026-04-01,LIE WB LITTLE NECK PKWY - NB CIP,Queens,477,5695.0,35.92724318658281,41.01,secondary feed descriptive coverage; no diversion attribution
4362249,2026-05-01,LIE WB LITTLE NECK PKWY - NB CIP,Queens,735,8772.0,37.29437414965987,40.695,secondary feed descriptive coverage; no diversion attribution
4362249,2026-07-01,LIE WB LITTLE NECK PKWY - NB CIP,Queens,653,7703.0,35.101891271056665,40.38,secondary feed descriptive coverage; no diversion attribution
4362250,2023-01-01,CVE NB GCP - WILLETS PT BLVD,Queens,557,6656.0,58.80005385996406,58.715,secondary feed descriptive coverage; no diversion attribution
4362250,2023-02-01,CVE NB GCP - WILLETS PT BLVD,Queens,661,7888.0,53.01295007564297,55.92,secondary feed descriptive coverage; no diversion attribution
4362250,2023-03-01,CVE NB GCP - WILLETS PT BLVD,Queens,743,8910.0,50.00181022880216,55.605000000000004,secondary feed descriptive coverage; no diversion attribution
4362250,2023-04-01,CVE NB GCP - WILLETS PT BLVD,Queens,720,8636.0,51.88158333333335,56.54,secondary feed descriptive coverage; no diversion attribution
4362250,2023-05-01,CVE NB GCP - WILLETS PT BLVD,Queens,468,5598.0,49.026335470085485,55.61,secondary feed descriptive coverage; no diversion attribution
4362250,2023-06-01,CVE NB GCP - WILLETS PT BLVD,Queens,541,6473.0,49.53219038817006,54.68,secondary feed descriptive coverage; no diversion attribution
4362250,2023-07-01,CVE NB GCP - WILLETS PT BLVD,Queens,629,7515.0,49.486057233704315,55.61,secondary feed descriptive coverage; no diversion attribution
4362250,2023-08-01,CVE NB GCP - WILLETS PT BLVD,Queens,739,8836.0,46.64759810554801,54.055,secondary feed descriptive coverage; no diversion attribution
4362250,2023-09-01,CVE NB GCP - WILLETS PT BLVD,Queens,708,8461.0,49.09110875706217,54.052499999999995,secondary feed descriptive coverage; no diversion attribution
4362250,2023-10-01,CVE NB GCP - WILLETS PT BLVD,Queens,744,8891.0,46.18551075268817,54.05,secondary feed descriptive coverage; no diversion attribution
4362250,2023-11-01,CVE NB GCP - WILLETS PT BLVD,Queens,706,8436.0,39.70717422096319,50.015,secondary feed descriptive coverage; no diversion attribution
4362250,2023-12-01,CVE NB GCP - WILLETS PT BLVD,Queens,744,8928.0,51.11741263440862,55.3,secondary feed descriptive coverage; no diversion attribution
4362250,2024-01-01,CVE NB GCP - WILLETS PT BLVD,Queens,682,8174.0,48.349266862170104,54.055,secondary feed descriptive coverage; no diversion attribution
4362250,2024-02-01,CVE NB GCP - WILLETS PT BLVD,Queens,416,4974.0,49.04931490384618,55.61,secondary feed descriptive coverage; no diversion attribution
4362250,2024-03-01,CVE NB GCP - WILLETS PT BLVD,Queens,717,8574.0,51.327824267782454,55.92,secondary feed descriptive coverage; no diversion attribution
4362250,2024-04-01,CVE NB GCP - WILLETS PT BLVD,Queens,720,8626.0,43.940812500000014,55.3,secondary feed descriptive coverage; no diversion attribution
4362250,2024-05-01,CVE NB GCP - WILLETS PT BLVD,Queens,744,8901.0,46.57739247311828,56.54,secondary feed descriptive coverage; no diversion attribution
4362250,2024-06-01,CVE NB GCP - WILLETS PT BLVD,Queens,720,8603.0,51.738416666666694,56.54,secondary feed descriptive coverage; no diversion attribution
4362250,2024-07-01,CVE NB GCP - WILLETS PT BLVD,Queens,713,8459.0,48.379950911640975,56.849999999999994,secondary feed descriptive coverage; no diversion attribution
4362250,2024-08-01,CVE NB GCP - WILLETS PT BLVD,Queens,701,8326.0,37.10778174037091,47.22,secondary feed descriptive coverage; no diversion attribution
4362250,2024-09-01,CVE NB GCP - WILLETS PT BLVD,Queens,720,8631.0,47.14679861111113,54.365,secondary feed descriptive coverage; no diversion attribution
4362250,2024-10-01,CVE NB GCP - WILLETS PT BLVD,Queens,744,8923.0,46.89237903225803,54.68,secondary feed descriptive coverage; no diversion attribution
4362250,2024-11-01,CVE NB GCP - WILLETS PT BLVD,Queens,719,8615.0,49.89325452016692,54.68,secondary feed descriptive coverage; no diversion attribution
4362250,2024-12-01,CVE NB GCP - WILLETS PT BLVD,Queens,606,7189.0,52.000783828382815,55.3,secondary feed descriptive coverage; no diversion attribution
4362250,2025-01-01,CVE NB GCP - WILLETS PT BLVD,Queens,744,8920.0,49.86555779569897,55.3,secondary feed descriptive coverage; no diversion attribution
4362250,2025-02-01,CVE NB GCP - WILLETS PT BLVD,Queens,672,8064.0,47.831778273809526,54.9875,secondary feed descriptive coverage; no diversion attribution
4362250,2025-03-01,CVE NB GCP - WILLETS PT BLVD,Queens,743,8912.0,51.44049798115745,56.230000000000004,secondary feed descriptive coverage; no diversion attribution
4362250,2025-04-01,CVE NB GCP - WILLETS PT BLVD,Queens,720,8634.0,50.91707638888889,56.230000000000004,secondary feed descriptive coverage; no diversion attribution
4362250,2025-05-01,CVE NB GCP - WILLETS PT BLVD,Queens,744,8907.0,34.81622311827959,52.81,secondary feed descriptive coverage; no diversion attribution
4362250,2025-06-01,CVE NB GCP - WILLETS PT BLVD,Queens,700,8292.0,51.46175000000001,56.385000000000005,secondary feed descriptive coverage; no diversion attribution
4362250,2025-07-01,CVE NB GCP - WILLETS PT BLVD,Queens,744,8801.0,51.227271505376336,56.54,secondary feed descriptive coverage; no diversion attribution
4362250,2025-08-01,CVE NB GCP - WILLETS PT BLVD,Queens,743,8815.0,50.62749663526248,56.54,secondary feed descriptive coverage; no diversion attribution
4362250,2025-09-01,CVE NB GCP - WILLETS PT BLVD,Queens,720,8535.0,48.20186805555558,55.61,secondary feed descriptive coverage; no diversion attribution
4362250,2025-10-01,CVE NB GCP - WILLETS PT BLVD,Queens,734,8701.0,50.11573569482288,55.4525,secondary feed descriptive coverage; no diversion attribution
4362250,2025-11-01,CVE NB GCP - WILLETS PT BLVD,Queens,715,8492.0,49.97816783216784,55.3,secondary feed descriptive coverage; no diversion attribution
4362250,2025-12-01,CVE NB GCP - WILLETS PT BLVD,Queens,739,8771.0,37.64083220568333,41.005,secondary feed descriptive coverage; no diversion attribution
4362250,2026-01-01,CVE NB GCP - WILLETS PT BLVD,Queens,743,8901.0,37.6505854643338,40.075,secondary feed descriptive coverage; no diversion attribution
4362250,2026-02-01,CVE NB GCP - WILLETS PT BLVD,Queens,672,8044.0,47.63216517857143,54.364999999999995,secondary feed descriptive coverage; no diversion attribution
4362250,2026-03-01,CVE NB GCP - WILLETS PT BLVD,Queens,743,8895.0,30.743795423956925,36.345,secondary feed descriptive coverage; no diversion attribution
4362250,2026-04-01,CVE NB GCP - WILLETS PT BLVD,Queens,477,5662.0,36.321362683438174,36.97,secondary feed descriptive coverage; no diversion attribution
4362250,2026-05-01,CVE NB GCP - WILLETS PT BLVD,Queens,736,8776.0,35.67264266304348,37.9,secondary feed descriptive coverage; no diversion attribution
4362250,2026-07-01,CVE NB GCP - WILLETS PT BLVD,Queens,695,8232.0,40.43360431654678,41.315,secondary feed descriptive coverage; no diversion attribution
4362251,2023-01-01,LIE WB LITTLE NECK PKWY - NB CVE,Queens,557,6656.0,42.44420107719926,46.91,secondary feed descriptive coverage; no diversion attribution
4362251,2023-02-01,LIE WB LITTLE NECK PKWY - NB CVE,Queens,661,7888.0,43.726618759455356,47.22,secondary feed descriptive coverage; no diversion attribution
4362251,2023-03-01,LIE WB LITTLE NECK PKWY - NB CVE,Queens,743,8910.0,43.71097577388962,46.29,secondary feed descriptive coverage; no diversion attribution
4362251,2023-04-01,LIE WB LITTLE NECK PKWY - NB CVE,Queens,720,8636.0,42.30731249999998,45.045,secondary feed descriptive coverage; no diversion attribution
4362251,2023-05-01,LIE WB LITTLE NECK PKWY - NB CVE,Queens,468,5598.0,37.05410256410258,36.97,secondary feed descriptive coverage; no diversion attribution
4362251,2023-06-01,LIE WB LITTLE NECK PKWY - NB CVE,Queens,541,6473.0,37.06000000000001,39.14,secondary feed descriptive coverage; no diversion attribution
4362251,2023-07-01,LIE WB LITTLE NECK PKWY - NB CVE,Queens,629,7514.0,39.47474562798091,43.8,secondary feed descriptive coverage; no diversion attribution
4362251,2023-08-01,LIE WB LITTLE NECK PKWY - NB CVE,Queens,739,8836.0,38.09466170500676,40.38,secondary feed descriptive coverage; no diversion attribution
4362251,2023-09-01,LIE WB LITTLE NECK PKWY - NB CVE,Queens,708,8461.0,39.536433615819206,43.18,secondary feed descriptive coverage; no diversion attribution
4362251,2023-10-01,LIE WB LITTLE NECK PKWY - NB CVE,Queens,744,8890.0,37.801801075268806,39.45,secondary feed descriptive coverage; no diversion attribution
4362251,2023-11-01,LIE WB LITTLE NECK PKWY - NB CVE,Queens,706,8436.0,37.87660056657224,40.38,secondary feed descriptive coverage; no diversion attribution
4362251,2023-12-01,LIE WB LITTLE NECK PKWY - NB CVE,Queens,744,8928.0,40.701108870967744,45.2025,secondary feed descriptive coverage; no diversion attribution
4362251,2024-01-01,LIE WB LITTLE NECK PKWY - NB CVE,Queens,682,8174.0,42.34755131964808,46.754999999999995,secondary feed descriptive coverage; no diversion attribution
4362251,2024-02-01,LIE WB LITTLE NECK PKWY - NB CVE,Queens,416,4974.0,43.83371394230768,46.13249999999999,secondary feed descriptive coverage; no diversion attribution
4362251,2024-03-01,LIE WB LITTLE NECK PKWY - NB CVE,Queens,717,8574.0,40.755585774058545,42.56,secondary feed descriptive coverage; no diversion attribution
4362251,2024-04-01,LIE WB LITTLE NECK PKWY - NB CVE,Queens,720,8626.0,38.31868055555554,42.25,secondary feed descriptive coverage; no diversion attribution
4362251,2024-05-01,LIE WB LITTLE NECK PKWY - NB CVE,Queens,744,8902.0,36.15315188172043,36.345,secondary feed descriptive coverage; no diversion attribution
4362251,2024-06-01,LIE WB LITTLE NECK PKWY - NB CVE,Queens,720,8602.0,36.88284722222222,36.345,secondary feed descriptive coverage; no diversion attribution
4362251,2024-07-01,LIE WB LITTLE NECK PKWY - NB CVE,Queens,713,8458.0,38.545273492286114,42.25,secondary feed descriptive coverage; no diversion attribution
4362251,2024-08-01,LIE WB LITTLE NECK PKWY - NB CVE,Queens,701,8326.0,38.1281811697575,40.385,secondary feed descriptive coverage; no diversion attribution
4362251,2024-09-01,LIE WB LITTLE NECK PKWY - NB CVE,Queens,720,8631.0,37.23436805555557,37.432500000000005,secondary feed descriptive coverage; no diversion attribution
4362251,2024-10-01,LIE WB LITTLE NECK PKWY - NB CVE,Queens,744,8923.0,35.485221774193526,33.8575,secondary feed descriptive coverage; no diversion attribution
4362251,2024-11-01,LIE WB LITTLE NECK PKWY - NB CVE,Queens,719,8612.0,36.64908901251739,37.9,secondary feed descriptive coverage; no diversion attribution
4362251,2024-12-01,LIE WB LITTLE NECK PKWY - NB CVE,Queens,606,7186.0,37.602813531353135,38.21,secondary feed descriptive coverage; no diversion attribution
4362251,2025-01-01,LIE WB LITTLE NECK PKWY - NB CVE,Queens,744,8918.0,39.98409274193546,44.73,secondary feed descriptive coverage; no diversion attribution
4362251,2025-02-01,LIE WB LITTLE NECK PKWY - NB CVE,Queens,672,8064.0,39.21117559523809,43.6475,secondary feed descriptive coverage; no diversion attribution
4362251,2025-03-01,LIE WB LITTLE NECK PKWY - NB CVE,Queens,743,8912.0,38.3828331090175,41.94,secondary feed descriptive coverage; no diversion attribution
4362251,2025-04-01,LIE WB LITTLE NECK PKWY - NB CVE,Queens,720,8634.0,35.87099999999998,36.035,secondary feed descriptive coverage; no diversion attribution
4362251,2025-05-01,LIE WB LITTLE NECK PKWY - NB CVE,Queens,744,8907.0,35.28282930107525,35.8775,secondary feed descriptive coverage; no diversion attribution
4362251,2025-06-01,LIE WB LITTLE NECK PKWY - NB CVE,Queens,700,8292.0,35.72755714285714,35.1025,secondary feed descriptive coverage; no diversion attribution
4362251,2025-07-01,LIE WB LITTLE NECK PKWY - NB CVE,Queens,744,8801.0,36.48164650537633,38.83,secondary feed descriptive coverage; no diversion attribution
4362251,2025-08-01,LIE WB LITTLE NECK PKWY - NB CVE,Queens,743,8815.0,35.82039703903097,36.345,secondary feed descriptive coverage; no diversion attribution
4362251,2025-09-01,LIE WB LITTLE NECK PKWY - NB CVE,Queens,720,8535.0,33.186034722222225,30.752499999999998,secondary feed descriptive coverage; no diversion attribution
4362251,2025-10-01,LIE WB LITTLE NECK PKWY - NB CVE,Queens,734,8701.0,35.440129427792904,37.2775,secondary feed descriptive coverage; no diversion attribution
4362251,2025-11-01,LIE WB LITTLE NECK PKWY - NB CVE,Queens,715,8492.0,38.00025874125874,42.87,secondary feed descriptive coverage; no diversion attribution
4362251,2025-12-01,LIE WB LITTLE NECK PKWY - NB CVE,Queens,739,8769.0,40.05828146143437,43.18,secondary feed descriptive coverage; no diversion attribution
4362251,2026-01-01,LIE WB LITTLE NECK PKWY - NB CVE,Queens,743,8901.0,40.78014131897714,45.665,secondary feed descriptive coverage; no diversion attribution
4362251,2026-02-01,LIE WB LITTLE NECK PKWY - NB CVE,Queens,672,8044.0,40.011011904761894,44.89,secondary feed descriptive coverage; no diversion attribution
4362251,2026-03-01,LIE WB LITTLE NECK PKWY - NB CVE,Queens,743,8894.0,33.30100269179002,36.66,secondary feed descriptive coverage; no diversion attribution
4362251,2026-04-01,LIE WB LITTLE NECK PKWY - NB CVE,Queens,476,5662.0,34.73299369747899,36.965,secondary feed descriptive coverage; no diversion attribution
4362251,2026-05-01,LIE WB LITTLE NECK PKWY - NB CVE,Queens,736,8777.0,36.774599184782595,38.677499999999995,secondary feed descriptive coverage; no diversion attribution
4362251,2026-07-01,LIE WB LITTLE NECK PKWY - NB CVE,Queens,695,8232.0,37.74362589928055,42.25,secondary feed descriptive coverage; no diversion attribution
4362252,2023-01-01,CIP N LIE ramp - TNB,Queens,557,6656.0,51.00753141831241,52.81,secondary feed descriptive coverage; no diversion attribution
4362252,2023-02-01,CIP N LIE ramp - TNB,Queens,661,7889.0,50.47590015128593,52.81,secondary feed descriptive coverage; no diversion attribution
4362252,2023-03-01,CIP N LIE ramp - TNB,Queens,496,5939.0,49.24791330645159,52.035,secondary feed descriptive coverage; no diversion attribution
4362252,2023-07-01,CIP N LIE ramp - TNB,Queens,350,4179.0,42.00062857142856,45.67,secondary feed descriptive coverage; no diversion attribution
4362252,2023-08-01,CIP N LIE ramp - TNB,Queens,739,8836.0,42.25711772665762,45.67,secondary feed descriptive coverage; no diversion attribution
4362252,2023-09-01,CIP N LIE ramp - TNB,Queens,708,8461.0,45.18887711864406,47.375,secondary feed descriptive coverage; no diversion attribution
4362252,2023-10-01,CIP N LIE ramp - TNB,Queens,744,8891.0,41.82823924731183,45.98,secondary feed descriptive coverage; no diversion attribution
4362252,2023-11-01,CIP N LIE ramp - TNB,Queens,130,1535.0,0.0,0.0,secondary feed descriptive coverage; no diversion attribution
4362314,2023-01-01,TNB S Qns Anchorage - CIP S @ TNB,Queens,557,6655.0,46.79879712746857,47.84,secondary feed descriptive coverage; no diversion attribution
4362314,2023-02-01,TNB S Qns Anchorage - CIP S @ TNB,Queens,661,7888.0,46.391671709531,47.84,secondary feed descriptive coverage; no diversion attribution
4362314,2023-03-01,TNB S Qns Anchorage - CIP S @ TNB,Queens,743,8910.0,45.10918573351277,47.84,secondary feed descriptive coverage; no diversion attribution
4362314,2023-04-01,TNB S Qns Anchorage - CIP S @ TNB,Queens,720,8636.0,44.76447916666665,47.53,secondary feed descriptive coverage; no diversion attribution
4362314,2023-05-01,TNB S Qns Anchorage - CIP S @ TNB,Queens,468,5598.0,42.46838675213673,47.22,secondary feed descriptive coverage; no diversion attribution
4362314,2023-06-01,TNB S Qns Anchorage - CIP S @ TNB,Queens,541,6472.0,42.80297597042512,46.6,secondary feed descriptive coverage; no diversion attribution
4362314,2023-07-01,TNB S Qns Anchorage - CIP S @ TNB,Queens,629,7516.0,44.36381558028617,46.91,secondary feed descriptive coverage; no diversion attribution
4362314,2023-08-01,TNB S Qns Anchorage - CIP S @ TNB,Queens,739,8836.0,42.74786197564276,45.98,secondary feed descriptive coverage; no diversion attribution
4362314,2023-09-01,TNB S Qns Anchorage - CIP S @ TNB,Queens,708,8460.0,41.92901129943499,45.67,secondary feed descriptive coverage; no diversion attribution
4362314,2023-10-01,TNB S Qns Anchorage - CIP S @ TNB,Queens,744,8888.0,32.04442204301077,40.695,secondary feed descriptive coverage; no diversion attribution
4362314,2023-11-01,TNB S Qns Anchorage - CIP S @ TNB,Queens,706,8437.0,33.472797450424935,41.004999999999995,secondary feed descriptive coverage; no diversion attribution
4362314,2023-12-01,TNB S Qns Anchorage - CIP S @ TNB,Queens,744,8928.0,44.87014784946238,50.95,secondary feed descriptive coverage; no diversion attribution
4362314,2024-01-01,TNB S Qns Anchorage - CIP S @ TNB,Queens,682,8174.0,46.168115835777115,51.415000000000006,secondary feed descriptive coverage; no diversion attribution
4362314,2024-02-01,TNB S Qns Anchorage - CIP S @ TNB,Queens,416,4974.0,46.003173076923076,52.19,secondary feed descriptive coverage; no diversion attribution
4362314,2024-03-01,TNB S Qns Anchorage - CIP S @ TNB,Queens,717,8572.0,41.559288702928875,47.22,secondary feed descriptive coverage; no diversion attribution
4362314,2024-04-01,TNB S Qns Anchorage - CIP S @ TNB,Queens,720,8626.0,44.57918749999999,47.53,secondary feed descriptive coverage; no diversion attribution
4362314,2024-05-01,TNB S Qns Anchorage - CIP S @ TNB,Queens,744,8900.0,40.891727150537626,47.22,secondary feed descriptive coverage; no diversion attribution
4362314,2024-06-01,TNB S Qns Anchorage - CIP S @ TNB,Queens,720,8599.0,40.119951388888886,46.599999999999994,secondary feed descriptive coverage; no diversion attribution
4362314,2024-07-01,TNB S Qns Anchorage - CIP S @ TNB,Queens,712,8452.0,42.392549157303385,46.91,secondary feed descriptive coverage; no diversion attribution
4362314,2024-08-01,TNB S Qns Anchorage - CIP S @ TNB,Queens,701,8324.0,41.578808844507826,46.6,secondary feed descriptive coverage; no diversion attribution
4362314,2024-09-01,TNB S Qns Anchorage - CIP S @ TNB,Queens,720,8630.0,42.44347916666667,46.6,secondary feed descriptive coverage; no diversion attribution
4362314,2024-10-01,TNB S Qns Anchorage - CIP S @ TNB,Queens,744,8922.0,42.552668010752676,47.22,secondary feed descriptive coverage; no diversion attribution
4362314,2024-11-01,TNB S Qns Anchorage - CIP S @ TNB,Queens,719,8608.0,43.031432545201646,47.22,secondary feed descriptive coverage; no diversion attribution
4362314,2024-12-01,TNB S Qns Anchorage - CIP S @ TNB,Queens,606,7179.0,42.03142739273927,46.29,secondary feed descriptive coverage; no diversion attribution
4362314,2025-01-01,TNB S Qns Anchorage - CIP S @ TNB,Queens,744,8914.0,46.18604166666666,47.53,secondary feed descriptive coverage; no diversion attribution
4362314,2025-02-01,TNB S Qns Anchorage - CIP S @ TNB,Queens,672,8064.0,45.52775297619048,47.22,secondary feed descriptive coverage; no diversion attribution
4362314,2025-03-01,TNB S Qns Anchorage - CIP S @ TNB,Queens,743,8912.0,43.800437415881525,47.22,secondary feed descriptive coverage; no diversion attribution
4362314,2025-04-01,TNB S Qns Anchorage - CIP S @ TNB,Queens,720,8634.0,44.0251736111111,47.53,secondary feed descriptive coverage; no diversion attribution
4362314,2025-05-01,TNB S Qns Anchorage - CIP S @ TNB,Queens,744,8907.0,40.996713709677415,46.6,secondary feed descriptive coverage; no diversion attribution
4362314,2025-06-01,TNB S Qns Anchorage - CIP S @ TNB,Queens,700,8292.0,42.250042857142844,47.22,secondary feed descriptive coverage; no diversion attribution
4362314,2025-07-01,TNB S Qns Anchorage - CIP S @ TNB,Queens,744,8801.0,42.557258064516105,47.22,secondary feed descriptive coverage; no diversion attribution
4362314,2025-08-01,TNB S Qns Anchorage - CIP S @ TNB,Queens,743,8815.0,44.05072678331089,46.91,secondary feed descriptive coverage; no diversion attribution
4362314,2025-09-01,TNB S Qns Anchorage - CIP S @ TNB,Queens,720,8535.0,43.53964583333333,47.22,secondary feed descriptive coverage; no diversion attribution
4362314,2025-10-01,TNB S Qns Anchorage - CIP S @ TNB,Queens,734,8701.0,43.22795640326974,47.84,secondary feed descriptive coverage; no diversion attribution
4362314,2025-11-01,TNB S Qns Anchorage - CIP S @ TNB,Queens,715,8492.0,35.07045454545452,45.98,secondary feed descriptive coverage; no diversion attribution
4362314,2025-12-01,TNB S Qns Anchorage - CIP S @ TNB,Queens,739,8768.0,42.78290257104193,45.98,secondary feed descriptive coverage; no diversion attribution
4362314,2026-01-01,TNB S Qns Anchorage - CIP S @ TNB,Queens,743,8901.0,44.62172947510095,46.6,secondary feed descriptive coverage; no diversion attribution
4362314,2026-02-01,TNB S Qns Anchorage - CIP S @ TNB,Queens,672,8044.0,44.56058779761903,45.98,secondary feed descriptive coverage; no diversion attribution
4362314,2026-03-01,TNB S Qns Anchorage - CIP S @ TNB,Queens,743,8896.0,21.111561238223416,0.0,secondary feed descriptive coverage; no diversion attribution
4362314,2026-04-01,TNB S Qns Anchorage - CIP S @ TNB,Queens,476,5662.0,41.877657563025195,44.73,secondary feed descriptive coverage; no diversion attribution
4362314,2026-05-01,TNB S Qns Anchorage - CIP S @ TNB,Queens,736,8781.0,8.03569972826087,0.0,secondary feed descriptive coverage; no diversion attribution
4362314,2026-07-01,TNB S Qns Anchorage - CIP S @ TNB,Queens,695,8233.0,23.06761151079133,24.23,secondary feed descriptive coverage; no diversion attribution
4362342,2023-01-01,LIE E 84TH ST - 108TH ST,Queens,557,6656.0,41.864003590664275,47.53,secondary feed descriptive coverage; no diversion attribution
4362342,2023-02-01,LIE E 84TH ST - 108TH ST,Queens,661,7888.0,39.853048411497724,44.42,secondary feed descriptive coverage; no diversion attribution
4362342,2023-03-01,LIE E 84TH ST - 108TH ST,Queens,743,8911.0,36.635962314939434,36.965,secondary feed descriptive coverage; no diversion attribution
4362342,2023-04-01,LIE E 84TH ST - 108TH ST,Queens,720,8636.0,36.395701388888895,33.86,secondary feed descriptive coverage; no diversion attribution
4362342,2023-05-01,LIE E 84TH ST - 108TH ST,Queens,468,5596.0,33.065865384615385,24.23,secondary feed descriptive coverage; no diversion attribution
4362342,2023-06-01,LIE E 84TH ST - 108TH ST,Queens,541,6473.0,33.5635582255083,26.09,secondary feed descriptive coverage; no diversion attribution
4362342,2023-07-01,LIE E 84TH ST - 108TH ST,Queens,629,7512.0,36.70291732909383,33.86,secondary feed descriptive coverage; no diversion attribution
4362342,2023-08-01,LIE E 84TH ST - 108TH ST,Queens,739,8837.0,34.868849797023,32.615,secondary feed descriptive coverage; no diversion attribution
4362342,2023-09-01,LIE E 84TH ST - 108TH ST,Queens,708,8462.0,34.687394067796596,35.565,secondary feed descriptive coverage; no diversion attribution
4362342,2023-10-01,LIE E 84TH ST - 108TH ST,Queens,744,8891.0,35.81203629032257,37.745000000000005,secondary feed descriptive coverage; no diversion attribution
4362342,2023-11-01,LIE E 84TH ST - 108TH ST,Queens,706,8437.0,28.376402266288945,27.96,secondary feed descriptive coverage; no diversion attribution
4362342,2023-12-01,LIE E 84TH ST - 108TH ST,Queens,744,8928.0,36.76347446236559,40.385000000000005,secondary feed descriptive coverage; no diversion attribution
4362342,2024-01-01,LIE E 84TH ST - 108TH ST,Queens,682,8174.0,40.24643695014662,46.135000000000005,secondary feed descriptive coverage; no diversion attribution
4362342,2024-02-01,LIE E 84TH ST - 108TH ST,Queens,416,4973.0,38.603617788461534,43.644999999999996,secondary feed descriptive coverage; no diversion attribution
4362342,2024-03-01,LIE E 84TH ST - 108TH ST,Queens,717,8574.0,36.68490934449094,39.45,secondary feed descriptive coverage; no diversion attribution
4362342,2024-04-01,LIE E 84TH ST - 108TH ST,Queens,720,8626.0,37.219458333333314,38.519999999999996,secondary feed descriptive coverage; no diversion attribution
4362342,2024-05-01,LIE E 84TH ST - 108TH ST,Queens,744,8900.0,33.91158602150539,29.355,secondary feed descriptive coverage; no diversion attribution
4362342,2024-06-01,LIE E 84TH ST - 108TH ST,Queens,720,8602.0,34.26827083333334,28.27,secondary feed descriptive coverage; no diversion attribution
4362342,2024-07-01,LIE E 84TH ST - 108TH ST,Queens,712,8454.0,36.1175070224719,34.325,secondary feed descriptive coverage; no diversion attribution
4362342,2024-08-01,LIE E 84TH ST - 108TH ST,Queens,701,8325.0,34.56603423680457,31.68,secondary feed descriptive coverage; no diversion attribution
4362342,2024-09-01,LIE E 84TH ST - 108TH ST,Queens,720,8630.0,34.76295833333332,35.1,secondary feed descriptive coverage; no diversion attribution
4362342,2024-10-01,LIE E 84TH ST - 108TH ST,Queens,744,8923.0,35.44827284946238,35.7225,secondary feed descriptive coverage; no diversion attribution
4362342,2024-11-01,LIE E 84TH ST - 108TH ST,Queens,719,8612.0,36.275201668984685,38.21,secondary feed descriptive coverage; no diversion attribution
4362342,2024-12-01,LIE E 84TH ST - 108TH ST,Queens,606,7186.0,34.937904290429046,34.480000000000004,secondary feed descriptive coverage; no diversion attribution
4362342,2025-01-01,LIE E 84TH ST - 108TH ST,Queens,744,8918.0,40.46096102150537,46.29,secondary feed descriptive coverage; no diversion attribution
4362342,2025-02-01,LIE E 84TH ST - 108TH ST,Queens,672,8064.0,39.732686011904754,42.56,secondary feed descriptive coverage; no diversion attribution
4362342,2025-03-01,LIE E 84TH ST - 108TH ST,Queens,743,8912.0,37.726036339165574,38.519999999999996,secondary feed descriptive coverage; no diversion attribution
4362342,2025-04-01,LIE E 84TH ST - 108TH ST,Queens,720,8634.0,37.954381944444435,36.19,secondary feed descriptive coverage; no diversion attribution
4362342,2025-05-01,LIE E 84TH ST - 108TH ST,Queens,744,8907.0,34.48039650537633,31.06,secondary feed descriptive coverage; no diversion attribution
4362342,2025-06-01,LIE E 84TH ST - 108TH ST,Queens,700,8292.0,35.05635714285715,30.75,secondary feed descriptive coverage; no diversion attribution
4362342,2025-07-01,LIE E 84TH ST - 108TH ST,Queens,744,8801.0,35.89036962365591,34.325,secondary feed descriptive coverage; no diversion attribution
4362342,2025-08-01,LIE E 84TH ST - 108TH ST,Queens,743,8815.0,36.65170928667562,35.72,secondary feed descriptive coverage; no diversion attribution
4362342,2025-09-01,LIE E 84TH ST - 108TH ST,Queens,720,8535.0,34.76972916666667,33.55,secondary feed descriptive coverage; no diversion attribution
4362342,2025-10-01,LIE E 84TH ST - 108TH ST,Queens,734,8701.0,35.76410081743869,34.94499999999999,secondary feed descriptive coverage; no diversion attribution
4362342,2025-11-01,LIE E 84TH ST - 108TH ST,Queens,715,8492.0,29.554398601398596,31.994999999999997,secondary feed descriptive coverage; no diversion attribution
4362342,2025-12-01,LIE E 84TH ST - 108TH ST,Queens,739,8770.0,18.95466847090663,7.45,secondary feed descriptive coverage; no diversion attribution
4362342,2026-01-01,LIE E 84TH ST - 108TH ST,Queens,743,8901.0,35.62584118438761,36.03,secondary feed descriptive coverage; no diversion attribution
4362342,2026-02-01,LIE E 84TH ST - 108TH ST,Queens,672,8044.0,37.773645833333326,41.94,secondary feed descriptive coverage; no diversion attribution
4362342,2026-03-01,LIE E 84TH ST - 108TH ST,Queens,743,8895.0,35.633075370121134,37.9,secondary feed descriptive coverage; no diversion attribution
4362342,2026-04-01,LIE E 84TH ST - 108TH ST,Queens,477,5662.0,34.331016771488464,36.345,secondary feed descriptive coverage; no diversion attribution
4362342,2026-05-01,LIE E 84TH ST - 108TH ST,Queens,736,8776.0,22.40595108695653,24.0725,secondary feed descriptive coverage; no diversion attribution
4362342,2026-07-01,LIE E 84TH ST - 108TH ST,Queens,695,8232.0,27.73970503597122,26.715,secondary feed descriptive coverage; no diversion attribution
4456450,2023-01-01,FDR N - TBB E 116TH STREET - MANHATTAN TRUSS,Manhattan,557,6656.0,34.16164272890484,36.03,secondary feed descriptive coverage; no diversion attribution
4456450,2023-02-01,FDR N - TBB E 116TH STREET - MANHATTAN TRUSS,Manhattan,661,7888.0,33.532261724659605,35.72,secondary feed descriptive coverage; no diversion attribution
4456450,2023-03-01,FDR N - TBB E 116TH STREET - MANHATTAN TRUSS,Manhattan,743,8910.0,32.91601615074025,35.41,secondary feed descriptive coverage; no diversion attribution
4456450,2023-04-01,FDR N - TBB E 116TH STREET - MANHATTAN TRUSS,Manhattan,720,8636.0,32.76270138888889,35.099999999999994,secondary feed descriptive coverage; no diversion attribution
4456450,2023-05-01,FDR N - TBB E 116TH STREET - MANHATTAN TRUSS,Manhattan,468,5598.0,29.94007478632478,33.55,secondary feed descriptive coverage; no diversion attribution
4456450,2023-06-01,FDR N - TBB E 116TH STREET - MANHATTAN TRUSS,Manhattan,541,6476.0,31.812486136783733,34.480000000000004,secondary feed descriptive coverage; no diversion attribution
4456450,2023-07-01,FDR N - TBB E 116TH STREET - MANHATTAN TRUSS,Manhattan,629,7515.0,32.26519872813991,34.79,secondary feed descriptive coverage; no diversion attribution
4456450,2023-08-01,FDR N - TBB E 116TH STREET - MANHATTAN TRUSS,Manhattan,741,8872.0,30.344446693657222,32.93,secondary feed descriptive coverage; no diversion attribution
4456450,2023-09-01,FDR N - TBB E 116TH STREET - MANHATTAN TRUSS,Manhattan,703,8391.0,31.069466571834997,33.86,secondary feed descriptive coverage; no diversion attribution
4456450,2023-10-01,FDR N - TBB E 116TH STREET - MANHATTAN TRUSS,Manhattan,744,8890.0,31.838803763440875,33.86,secondary feed descriptive coverage; no diversion attribution
4456450,2023-11-01,FDR N - TBB E 116TH STREET - MANHATTAN TRUSS,Manhattan,706,8433.0,25.309305949008486,31.995,secondary feed descriptive coverage; no diversion attribution
4456450,2023-12-01,FDR N - TBB E 116TH STREET - MANHATTAN TRUSS,Manhattan,744,8928.0,31.882755376344093,33.86,secondary feed descriptive coverage; no diversion attribution
4456450,2024-01-01,FDR N - TBB E 116TH STREET - MANHATTAN TRUSS,Manhattan,682,8174.0,32.85568181818182,34.480000000000004,secondary feed descriptive coverage; no diversion attribution
4456450,2024-02-01,FDR N - TBB E 116TH STREET - MANHATTAN TRUSS,Manhattan,416,4974.0,32.34586538461538,34.635000000000005,secondary feed descriptive coverage; no diversion attribution
4456450,2024-03-01,FDR N - TBB E 116TH STREET - MANHATTAN TRUSS,Manhattan,717,8573.0,31.84478382147838,34.17,secondary feed descriptive coverage; no diversion attribution
4456450,2024-04-01,FDR N - TBB E 116TH STREET - MANHATTAN TRUSS,Manhattan,720,8626.0,33.16442361111112,34.79,secondary feed descriptive coverage; no diversion attribution
4456450,2024-05-01,FDR N - TBB E 116TH STREET - MANHATTAN TRUSS,Manhattan,744,8902.0,32.29365591397849,34.17,secondary feed descriptive coverage; no diversion attribution
4456450,2024-06-01,FDR N - TBB E 116TH STREET - MANHATTAN TRUSS,Manhattan,720,8603.0,31.626763888888885,34.015,secondary feed descriptive coverage; no diversion attribution
4456450,2024-07-01,FDR N - TBB E 116TH STREET - MANHATTAN TRUSS,Manhattan,729,8717.0,31.460384087791503,33.86,secondary feed descriptive coverage; no diversion attribution
4456450,2024-08-01,FDR N - TBB E 116TH STREET - MANHATTAN TRUSS,Manhattan,689,8197.0,32.61907111756168,34.17,secondary feed descriptive coverage; no diversion attribution
4456450,2024-09-01,FDR N - TBB E 116TH STREET - MANHATTAN TRUSS,Manhattan,720,8630.0,32.47190277777777,34.480000000000004,secondary feed descriptive coverage; no diversion attribution
4456450,2024-10-01,FDR N - TBB E 116TH STREET - MANHATTAN TRUSS,Manhattan,744,8924.0,31.655141129032263,33.86,secondary feed descriptive coverage; no diversion attribution
4456450,2024-11-01,FDR N - TBB E 116TH STREET - MANHATTAN TRUSS,Manhattan,719,8621.0,30.79822670375521,33.239999999999995,secondary feed descriptive coverage; no diversion attribution
4456450,2024-12-01,FDR N - TBB E 116TH STREET - MANHATTAN TRUSS,Manhattan,606,7189.0,26.817698019801995,29.2,secondary feed descriptive coverage; no diversion attribution
4456450,2025-01-01,FDR N - TBB E 116TH STREET - MANHATTAN TRUSS,Manhattan,744,8919.0,29.031001344086036,32.620000000000005,secondary feed descriptive coverage; no diversion attribution
4456450,2025-02-01,FDR N - TBB E 116TH STREET - MANHATTAN TRUSS,Manhattan,672,8064.0,18.23868303571428,17.08,secondary feed descriptive coverage; no diversion attribution
4456450,2025-03-01,FDR N - TBB E 116TH STREET - MANHATTAN TRUSS,Manhattan,743,8912.0,29.59165545087482,32.31,secondary feed descriptive coverage; no diversion attribution
4456450,2025-04-01,FDR N - TBB E 116TH STREET - MANHATTAN TRUSS,Manhattan,720,8640.0,30.672673611111122,33.084999999999994,secondary feed descriptive coverage; no diversion attribution
4456450,2025-05-01,FDR N - TBB E 116TH STREET - MANHATTAN TRUSS,Manhattan,738,8819.0,27.917303523035223,30.75,secondary feed descriptive coverage; no diversion attribution
4456450,2025-06-01,FDR N - TBB E 116TH STREET - MANHATTAN TRUSS,Manhattan,700,8292.0,29.912614285714277,32.93,secondary feed descriptive coverage; no diversion attribution
4456450,2025-07-01,FDR N - TBB E 116TH STREET - MANHATTAN TRUSS,Manhattan,744,8818.0,30.497372311827956,33.239999999999995,secondary feed descriptive coverage; no diversion attribution
4456450,2025-08-01,FDR N - TBB E 116TH STREET - MANHATTAN TRUSS,Manhattan,743,8805.0,31.121218034993287,33.239999999999995,secondary feed descriptive coverage; no diversion attribution
4456450,2025-09-01,FDR N - TBB E 116TH STREET - MANHATTAN TRUSS,Manhattan,720,8535.0,31.217826388888902,33.55,secondary feed descriptive coverage; no diversion attribution
4456450,2025-10-01,FDR N - TBB E 116TH STREET - MANHATTAN TRUSS,Manhattan,734,8701.0,29.490415531335184,32.31,secondary feed descriptive coverage; no diversion attribution
4456450,2025-11-01,FDR N - TBB E 116TH STREET - MANHATTAN TRUSS,Manhattan,715,8492.0,24.02347552447552,30.75,secondary feed descriptive coverage; no diversion attribution
4456450,2025-12-01,FDR N - TBB E 116TH STREET - MANHATTAN TRUSS,Manhattan,740,8746.0,15.426716216216223,0.0,secondary feed descriptive coverage; no diversion attribution
4456450,2026-01-01,FDR N - TBB E 116TH STREET - MANHATTAN TRUSS,Manhattan,743,8901.0,31.234818304172283,34.79,secondary feed descriptive coverage; no diversion attribution
4456450,2026-02-01,FDR N - TBB E 116TH STREET - MANHATTAN TRUSS,Manhattan,672,8048.0,31.22010416666664,34.480000000000004,secondary feed descriptive coverage; no diversion attribution
4456450,2026-03-01,FDR N - TBB E 116TH STREET - MANHATTAN TRUSS,Manhattan,331,3950.0,31.47892749244714,35.099999999999994,secondary feed descriptive coverage; no diversion attribution
4456450,2026-04-01,FDR N - TBB E 116TH STREET - MANHATTAN TRUSS,Manhattan,477,5696.0,32.08139412997903,35.415,secondary feed descriptive coverage; no diversion attribution
4456450,2026-05-01,FDR N - TBB E 116TH STREET - MANHATTAN TRUSS,Manhattan,182,2161.0,29.199917582417594,35.41,secondary feed descriptive coverage; no diversion attribution
4456450,2026-07-01,FDR N - TBB E 116TH STREET - MANHATTAN TRUSS,Manhattan,696,8231.0,0.0,0.0,secondary feed descriptive coverage; no diversion attribution
4456452,2023-01-01,TBB W - FDR S MANHATTAN TRUSS - E116TH STREET,Manhattan,557,6656.0,28.695610412926385,31.685,secondary feed descriptive coverage; no diversion attribution
4456452,2023-02-01,TBB W - FDR S MANHATTAN TRUSS - E116TH STREET,Manhattan,661,7888.0,27.723509833585478,31.065,secondary feed descriptive coverage; no diversion attribution
4456452,2023-03-01,TBB W - FDR S MANHATTAN TRUSS - E116TH STREET,Manhattan,743,8912.0,27.26447510094212,30.130000000000003,secondary feed descriptive coverage; no diversion attribution
4456452,2023-04-01,TBB W - FDR S MANHATTAN TRUSS - E116TH STREET,Manhattan,720,8636.0,25.11940277777777,25.78,secondary feed descriptive coverage; no diversion attribution
4456452,2023-05-01,TBB W - FDR S MANHATTAN TRUSS - E116TH STREET,Manhattan,468,5605.0,22.413376068376074,20.965,secondary feed descriptive coverage; no diversion attribution
4456452,2023-06-01,TBB W - FDR S MANHATTAN TRUSS - E116TH STREET,Manhattan,541,6478.0,25.580609981515714,27.335,secondary feed descriptive coverage; no diversion attribution
4456452,2023-07-01,TBB W - FDR S MANHATTAN TRUSS - E116TH STREET,Manhattan,629,7527.0,27.194753577106507,28.58,secondary feed descriptive coverage; no diversion attribution
4456452,2023-08-01,TBB W - FDR S MANHATTAN TRUSS - E116TH STREET,Manhattan,741,8879.0,26.54323211875843,27.025,secondary feed descriptive coverage; no diversion attribution
4456452,2023-09-01,TBB W - FDR S MANHATTAN TRUSS - E116TH STREET,Manhattan,708,8465.0,25.297344632768368,26.869999999999997,secondary feed descriptive coverage; no diversion attribution
4456452,2023-10-01,TBB W - FDR S MANHATTAN TRUSS - E116TH STREET,Manhattan,744,8925.0,24.370483870967732,25.625,secondary feed descriptive coverage; no diversion attribution
4456452,2023-11-01,TBB W - FDR S MANHATTAN TRUSS - E116TH STREET,Manhattan,706,8447.0,18.81809490084986,17.7025,secondary feed descriptive coverage; no diversion attribution
4456452,2023-12-01,TBB W - FDR S MANHATTAN TRUSS - E116TH STREET,Manhattan,744,8928.0,25.633803763440856,27.6475,secondary feed descriptive coverage; no diversion attribution
4456452,2024-01-01,TBB W - FDR S MANHATTAN TRUSS - E116TH STREET,Manhattan,682,8174.0,27.549252199413505,30.287499999999998,secondary feed descriptive coverage; no diversion attribution
4456452,2024-02-01,TBB W - FDR S MANHATTAN TRUSS - E116TH STREET,Manhattan,416,4974.0,27.231237980769222,29.82,secondary feed descriptive coverage; no diversion attribution
4456452,2024-03-01,TBB W - FDR S MANHATTAN TRUSS - E116TH STREET,Manhattan,717,8573.0,26.43848675034867,27.96,secondary feed descriptive coverage; no diversion attribution
4456452,2024-04-01,TBB W - FDR S MANHATTAN TRUSS - E116TH STREET,Manhattan,720,8634.0,26.544965277777788,28.8875,secondary feed descriptive coverage; no diversion attribution
4456452,2024-05-01,TBB W - FDR S MANHATTAN TRUSS - E116TH STREET,Manhattan,744,8914.0,25.166270161290313,26.2475,secondary feed descriptive coverage; no diversion attribution
4456452,2024-06-01,TBB W - FDR S MANHATTAN TRUSS - E116TH STREET,Manhattan,720,8607.0,26.384125000000015,28.58,secondary feed descriptive coverage; no diversion attribution
4456452,2024-07-01,TBB W - FDR S MANHATTAN TRUSS - E116TH STREET,Manhattan,729,8716.0,27.27329903978052,27.955,secondary feed descriptive coverage; no diversion attribution
4456452,2024-08-01,TBB W - FDR S MANHATTAN TRUSS - E116TH STREET,Manhattan,701,8348.0,28.760706134094146,31.375,secondary feed descriptive coverage; no diversion attribution
4456452,2024-09-01,TBB W - FDR S MANHATTAN TRUSS - E116TH STREET,Manhattan,720,8640.0,25.312701388888875,27.025,secondary feed descriptive coverage; no diversion attribution
4456452,2024-10-01,TBB W - FDR S MANHATTAN TRUSS - E116TH STREET,Manhattan,744,8922.0,26.0548319892473,27.805,secondary feed descriptive coverage; no diversion attribution
4456452,2024-11-01,TBB W - FDR S MANHATTAN TRUSS - E116TH STREET,Manhattan,719,8615.0,23.681314325452025,23.61,secondary feed descriptive coverage; no diversion attribution
4456452,2024-12-01,TBB W - FDR S MANHATTAN TRUSS - E116TH STREET,Manhattan,606,7179.0,18.239744224422434,17.08,secondary feed descriptive coverage; no diversion attribution
4456452,2025-01-01,TBB W - FDR S MANHATTAN TRUSS - E116TH STREET,Manhattan,744,8914.0,24.62104838709677,25.47,secondary feed descriptive coverage; no diversion attribution
4456452,2025-02-01,TBB W - FDR S MANHATTAN TRUSS - E116TH STREET,Manhattan,672,8064.0,17.693206845238095,16.465,secondary feed descriptive coverage; no diversion attribution
4456452,2025-03-01,TBB W - FDR S MANHATTAN TRUSS - E116TH STREET,Manhattan,743,8912.0,24.988304172274553,25.78,secondary feed descriptive coverage; no diversion attribution
4456452,2025-04-01,TBB W - FDR S MANHATTAN TRUSS - E116TH STREET,Manhattan,720,8640.0,23.722715277777777,23.61,secondary feed descriptive coverage; no diversion attribution
4456452,2025-05-01,TBB W - FDR S MANHATTAN TRUSS - E116TH STREET,Manhattan,744,8906.0,23.03653897849461,22.674999999999997,secondary feed descriptive coverage; no diversion attribution
4456452,2025-06-01,TBB W - FDR S MANHATTAN TRUSS - E116TH STREET,Manhattan,700,8292.0,26.688128571428585,29.82,secondary feed descriptive coverage; no diversion attribution
4456452,2025-07-01,TBB W - FDR S MANHATTAN TRUSS - E116TH STREET,Manhattan,744,8826.0,28.67531586021506,31.68,secondary feed descriptive coverage; no diversion attribution
4456452,2025-08-01,TBB W - FDR S MANHATTAN TRUSS - E116TH STREET,Manhattan,744,8848.0,23.32737231182796,24.85,secondary feed descriptive coverage; no diversion attribution
4456452,2025-09-01,TBB W - FDR S MANHATTAN TRUSS - E116TH STREET,Manhattan,720,8535.0,23.796506944444456,25.47,secondary feed descriptive coverage; no diversion attribution
4456452,2025-10-01,TBB W - FDR S MANHATTAN TRUSS - E116TH STREET,Manhattan,734,8701.0,20.356341961852863,22.362499999999997,secondary feed descriptive coverage; no diversion attribution
4456452,2025-11-01,TBB W - FDR S MANHATTAN TRUSS - E116TH STREET,Manhattan,718,8564.0,25.12805013927576,26.715000000000003,secondary feed descriptive coverage; no diversion attribution
4456452,2025-12-01,TBB W - FDR S MANHATTAN TRUSS - E116TH STREET,Manhattan,740,8861.0,20.913324324324314,20.965,secondary feed descriptive coverage; no diversion attribution
4456452,2026-01-01,TBB W - FDR S MANHATTAN TRUSS - E116TH STREET,Manhattan,743,8901.0,18.09973755047107,18.015,secondary feed descriptive coverage; no diversion attribution
4456452,2026-02-01,TBB W - FDR S MANHATTAN TRUSS - E116TH STREET,Manhattan,672,8048.0,18.42526785714286,18.634999999999998,secondary feed descriptive coverage; no diversion attribution
4456452,2026-03-01,TBB W - FDR S MANHATTAN TRUSS - E116TH STREET,Manhattan,743,8902.0,19.110248990578736,18.634999999999998,secondary feed descriptive coverage; no diversion attribution
4456452,2026-04-01,TBB W - FDR S MANHATTAN TRUSS - E116TH STREET,Manhattan,477,5711.0,18.545000000000005,18.64,secondary feed descriptive coverage; no diversion attribution
4456452,2026-05-01,TBB W - FDR S MANHATTAN TRUSS - E116TH STREET,Manhattan,736,8772.0,12.035869565217391,13.04,secondary feed descriptive coverage; no diversion attribution
4456452,2026-07-01,TBB W - FDR S MANHATTAN TRUSS - E116TH STREET,Manhattan,695,8269.0,0.0,0.0,secondary feed descriptive coverage; no diversion attribution
4456476,2023-01-01,TBB N QUEENS ANCHORAGE - MANHATTAN LIFT SPAN,Queens,557,6656.0,42.12347396768402,44.42,secondary feed descriptive coverage; no diversion attribution
4456476,2023-02-01,TBB N QUEENS ANCHORAGE - MANHATTAN LIFT SPAN,Queens,661,7888.0,41.54324508320724,43.8,secondary feed descriptive coverage; no diversion attribution
4456476,2023-03-01,TBB N QUEENS ANCHORAGE - MANHATTAN LIFT SPAN,Queens,743,8910.0,38.937772543741566,42.87,secondary feed descriptive coverage; no diversion attribution
4456476,2023-04-01,TBB N QUEENS ANCHORAGE - MANHATTAN LIFT SPAN,Queens,720,8636.0,38.18346527777778,42.870000000000005,secondary feed descriptive coverage; no diversion attribution
4456476,2023-05-01,TBB N QUEENS ANCHORAGE - MANHATTAN LIFT SPAN,Queens,468,5598.0,33.20850427350426,41.01,secondary feed descriptive coverage; no diversion attribution
4456476,2023-06-01,TBB N QUEENS ANCHORAGE - MANHATTAN LIFT SPAN,Queens,541,6475.0,37.70499999999999,42.87,secondary feed descriptive coverage; no diversion attribution
4456476,2023-07-01,TBB N QUEENS ANCHORAGE - MANHATTAN LIFT SPAN,Queens,629,7515.0,39.05627980922095,43.49,secondary feed descriptive coverage; no diversion attribution
4456476,2023-08-01,TBB N QUEENS ANCHORAGE - MANHATTAN LIFT SPAN,Queens,741,8872.0,37.74648448043182,41.94,secondary feed descriptive coverage; no diversion attribution
4456476,2023-09-01,TBB N QUEENS ANCHORAGE - MANHATTAN LIFT SPAN,Queens,703,8390.0,35.30179231863444,41.01,secondary feed descriptive coverage; no diversion attribution
4456476,2023-10-01,TBB N QUEENS ANCHORAGE - MANHATTAN LIFT SPAN,Queens,744,8891.0,35.15018817204301,40.695,secondary feed descriptive coverage; no diversion attribution
4456476,2023-11-01,TBB N QUEENS ANCHORAGE - MANHATTAN LIFT SPAN,Queens,706,8433.0,35.1937464589235,40.38,secondary feed descriptive coverage; no diversion attribution
4456476,2023-12-01,TBB N QUEENS ANCHORAGE - MANHATTAN LIFT SPAN,Queens,744,8928.0,35.45800403225805,40.38,secondary feed descriptive coverage; no diversion attribution
4456476,2024-01-01,TBB N QUEENS ANCHORAGE - MANHATTAN LIFT SPAN,Queens,682,8174.0,38.111033724340174,41.63,secondary feed descriptive coverage; no diversion attribution
4456476,2024-02-01,TBB N QUEENS ANCHORAGE - MANHATTAN LIFT SPAN,Queens,416,4974.0,39.09308894230768,42.25,secondary feed descriptive coverage; no diversion attribution
4456476,2024-03-01,TBB N QUEENS ANCHORAGE - MANHATTAN LIFT SPAN,Queens,717,8573.0,37.70198744769874,41.63,secondary feed descriptive coverage; no diversion attribution
4456476,2024-04-01,TBB N QUEENS ANCHORAGE - MANHATTAN LIFT SPAN,Queens,720,8626.0,37.7827222222222,41.63,secondary feed descriptive coverage; no diversion attribution
4456476,2024-05-01,TBB N QUEENS ANCHORAGE - MANHATTAN LIFT SPAN,Queens,744,8902.0,34.90215053763436,41.005,secondary feed descriptive coverage; no diversion attribution
4456476,2024-06-01,TBB N QUEENS ANCHORAGE - MANHATTAN LIFT SPAN,Queens,720,8603.0,36.570263888888874,41.165,secondary feed descriptive coverage; no diversion attribution
4456476,2024-07-01,TBB N QUEENS ANCHORAGE - MANHATTAN LIFT SPAN,Queens,729,8717.0,35.04245541838134,38.83,secondary feed descriptive coverage; no diversion attribution
4456476,2024-08-01,TBB N QUEENS ANCHORAGE - MANHATTAN LIFT SPAN,Queens,689,8196.0,38.187416545718406,41.32,secondary feed descriptive coverage; no diversion attribution
4456476,2024-09-01,TBB N QUEENS ANCHORAGE - MANHATTAN LIFT SPAN,Queens,720,8630.0,34.76172222222221,40.695,secondary feed descriptive coverage; no diversion attribution
4456476,2024-10-01,TBB N QUEENS ANCHORAGE - MANHATTAN LIFT SPAN,Queens,744,8923.0,36.42213709677417,41.01,secondary feed descriptive coverage; no diversion attribution
4456476,2024-11-01,TBB N QUEENS ANCHORAGE - MANHATTAN LIFT SPAN,Queens,719,8615.0,36.460570236439466,41.32,secondary feed descriptive coverage; no diversion attribution
4456476,2024-12-01,TBB N QUEENS ANCHORAGE - MANHATTAN LIFT SPAN,Queens,606,7179.0,31.927021452145194,38.364999999999995,secondary feed descriptive coverage; no diversion attribution
4456476,2025-01-01,TBB N QUEENS ANCHORAGE - MANHATTAN LIFT SPAN,Queens,744,8914.0,41.192177419354806,42.87,secondary feed descriptive coverage; no diversion attribution
4456476,2025-02-01,TBB N QUEENS ANCHORAGE - MANHATTAN LIFT SPAN,Queens,672,8064.0,39.464955357142856,42.25,secondary feed descriptive coverage; no diversion attribution
4456476,2025-03-01,TBB N QUEENS ANCHORAGE - MANHATTAN LIFT SPAN,Queens,743,8912.0,38.455222072678296,42.25,secondary feed descriptive coverage; no diversion attribution
4456476,2025-04-01,TBB N QUEENS ANCHORAGE - MANHATTAN LIFT SPAN,Queens,720,8640.0,32.8196944444444,38.365,secondary feed descriptive coverage; no diversion attribution
4456476,2025-05-01,TBB N QUEENS ANCHORAGE - MANHATTAN LIFT SPAN,Queens,738,8819.0,30.81592818428184,36.655,secondary feed descriptive coverage; no diversion attribution
4456476,2025-06-01,TBB N QUEENS ANCHORAGE - MANHATTAN LIFT SPAN,Queens,700,8292.0,35.616600000000005,41.01,secondary feed descriptive coverage; no diversion attribution
4456476,2025-07-01,TBB N QUEENS ANCHORAGE - MANHATTAN LIFT SPAN,Queens,744,8818.0,37.54939516129034,41.63,secondary feed descriptive coverage; no diversion attribution
4456476,2025-08-01,TBB N QUEENS ANCHORAGE - MANHATTAN LIFT SPAN,Queens,743,8805.0,36.116884253028246,41.315,secondary feed descriptive coverage; no diversion attribution
4456476,2025-09-01,TBB N QUEENS ANCHORAGE - MANHATTAN LIFT SPAN,Queens,720,8535.0,34.316458333333316,40.07,secondary feed descriptive coverage; no diversion attribution
4456476,2025-10-01,TBB N QUEENS ANCHORAGE - MANHATTAN LIFT SPAN,Queens,734,8701.0,30.981341961852863,37.28,secondary feed descriptive coverage; no diversion attribution
4456476,2025-11-01,TBB N QUEENS ANCHORAGE - MANHATTAN LIFT SPAN,Queens,715,8492.0,33.95774825174825,40.07,secondary feed descriptive coverage; no diversion attribution
4456476,2025-12-01,TBB N QUEENS ANCHORAGE - MANHATTAN LIFT SPAN,Queens,740,8745.0,27.899635135135146,27.9575,secondary feed descriptive coverage; no diversion attribution
4456476,2026-01-01,TBB N QUEENS ANCHORAGE - MANHATTAN LIFT SPAN,Queens,743,8901.0,29.248021534320312,28.89,secondary feed descriptive coverage; no diversion attribution
4456476,2026-02-01,TBB N QUEENS ANCHORAGE - MANHATTAN LIFT SPAN,Queens,672,8048.0,26.440691964285705,24.23,secondary feed descriptive coverage; no diversion attribution
4456476,2026-03-01,TBB N QUEENS ANCHORAGE - MANHATTAN LIFT SPAN,Queens,331,3950.0,26.103716012084586,25.16,secondary feed descriptive coverage; no diversion attribution
4456476,2026-04-01,TBB N QUEENS ANCHORAGE - MANHATTAN LIFT SPAN,Queens,477,5696.0,25.728532494758912,23.915,secondary feed descriptive coverage; no diversion attribution
4456476,2026-05-01,TBB N QUEENS ANCHORAGE - MANHATTAN LIFT SPAN,Queens,182,2161.0,23.41269230769231,21.43,secondary feed descriptive coverage; no diversion attribution
4456476,2026-07-01,TBB N QUEENS ANCHORAGE - MANHATTAN LIFT SPAN,Queens,696,8231.0,0.0,0.0,secondary feed descriptive coverage; no diversion attribution
4456477,2023-01-01,MDE S TBB EXIT RAMP - QUEENS ANCHORAGE,Queens,557,6655.0,44.89717235188509,45.980000000000004,secondary feed descriptive coverage; no diversion attribution
4456477,2023-02-01,MDE S TBB EXIT RAMP - QUEENS ANCHORAGE,Queens,661,7886.0,44.87289712556731,45.98,secondary feed descriptive coverage; no diversion attribution
4456477,2023-03-01,MDE S TBB EXIT RAMP - QUEENS ANCHORAGE,Queens,743,8910.0,43.01298115746971,44.73,secondary feed descriptive coverage; no diversion attribution
4456477,2023-04-01,MDE S TBB EXIT RAMP - QUEENS ANCHORAGE,Queens,720,8636.0,42.4907222222222,44.73,secondary feed descriptive coverage; no diversion attribution
4456477,2023-05-01,MDE S TBB EXIT RAMP - QUEENS ANCHORAGE,Queens,468,5597.0,40.75874999999997,44.11,secondary feed descriptive coverage; no diversion attribution
4456477,2023-06-01,MDE S TBB EXIT RAMP - QUEENS ANCHORAGE,Queens,541,6475.0,39.19186691312385,44.42,secondary feed descriptive coverage; no diversion attribution
4456477,2023-07-01,MDE S TBB EXIT RAMP - QUEENS ANCHORAGE,Queens,629,7514.0,40.12471383147854,44.73,secondary feed descriptive coverage; no diversion attribution
4456477,2023-08-01,MDE S TBB EXIT RAMP - QUEENS ANCHORAGE,Queens,741,8872.0,39.032489878542485,43.805,secondary feed descriptive coverage; no diversion attribution
4456477,2023-09-01,MDE S TBB EXIT RAMP - QUEENS ANCHORAGE,Queens,703,8393.0,38.55587482219064,43.49,secondary feed descriptive coverage; no diversion attribution
4456477,2023-10-01,MDE S TBB EXIT RAMP - QUEENS ANCHORAGE,Queens,744,8890.0,39.181794354838715,43.49,secondary feed descriptive coverage; no diversion attribution
4456477,2023-11-01,MDE S TBB EXIT RAMP - QUEENS ANCHORAGE,Queens,706,8434.0,39.88417138810197,43.49,secondary feed descriptive coverage; no diversion attribution
4456477,2023-12-01,MDE S TBB EXIT RAMP - QUEENS ANCHORAGE,Queens,744,8928.0,38.82995295698923,43.49,secondary feed descriptive coverage; no diversion attribution
4456477,2024-01-01,MDE S TBB EXIT RAMP - QUEENS ANCHORAGE,Queens,682,8174.0,40.356414956011704,44.1125,secondary feed descriptive coverage; no diversion attribution
4456477,2024-02-01,MDE S TBB EXIT RAMP - QUEENS ANCHORAGE,Queens,416,4974.0,43.483437499999965,45.045,secondary feed descriptive coverage; no diversion attribution
4456477,2024-03-01,MDE S TBB EXIT RAMP - QUEENS ANCHORAGE,Queens,717,8574.0,42.251255230125516,44.73,secondary feed descriptive coverage; no diversion attribution
4456477,2024-04-01,MDE S TBB EXIT RAMP - QUEENS ANCHORAGE,Queens,720,8626.0,42.65041666666666,44.73,secondary feed descriptive coverage; no diversion attribution
4456477,2024-05-01,MDE S TBB EXIT RAMP - QUEENS ANCHORAGE,Queens,744,8902.0,40.16463037634408,44.11,secondary feed descriptive coverage; no diversion attribution
4456477,2024-06-01,MDE S TBB EXIT RAMP - QUEENS ANCHORAGE,Queens,720,8602.0,42.231965277777775,44.42,secondary feed descriptive coverage; no diversion attribution
4456477,2024-07-01,MDE S TBB EXIT RAMP - QUEENS ANCHORAGE,Queens,729,8715.0,35.48764746227709,41.32,secondary feed descriptive coverage; no diversion attribution
4456477,2024-08-01,MDE S TBB EXIT RAMP - QUEENS ANCHORAGE,Queens,689,8191.0,40.28596516690855,43.49,secondary feed descriptive coverage; no diversion attribution
4456477,2024-09-01,MDE S TBB EXIT RAMP - QUEENS ANCHORAGE,Queens,720,8630.0,39.31521527777775,42.56,secondary feed descriptive coverage; no diversion attribution
4456477,2024-10-01,MDE S TBB EXIT RAMP - QUEENS ANCHORAGE,Queens,744,8924.0,40.031256720430065,42.87,secondary feed descriptive coverage; no diversion attribution
4456477,2024-11-01,MDE S TBB EXIT RAMP - QUEENS ANCHORAGE,Queens,719,8619.0,40.8806467315716,43.8,secondary feed descriptive coverage; no diversion attribution
4456477,2024-12-01,MDE S TBB EXIT RAMP - QUEENS ANCHORAGE,Queens,606,7184.0,35.83059405940593,41.01,secondary feed descriptive coverage; no diversion attribution
4456477,2025-01-01,MDE S TBB EXIT RAMP - QUEENS ANCHORAGE,Queens,744,8918.0,42.858528225806424,44.735,secondary feed descriptive coverage; no diversion attribution
4456477,2025-02-01,MDE S TBB EXIT RAMP - QUEENS ANCHORAGE,Queens,672,8064.0,42.168437499999996,43.955,secondary feed descriptive coverage; no diversion attribution
4456477,2025-03-01,MDE S TBB EXIT RAMP - QUEENS ANCHORAGE,Queens,743,8912.0,40.24577388963659,42.87,secondary feed descriptive coverage; no diversion attribution
4456477,2025-04-01,MDE S TBB EXIT RAMP - QUEENS ANCHORAGE,Queens,720,8640.0,33.25777083333332,37.587500000000006,secondary feed descriptive coverage; no diversion attribution
4456477,2025-05-01,MDE S TBB EXIT RAMP - QUEENS ANCHORAGE,Queens,738,8819.0,32.053373983739796,35.72,secondary feed descriptive coverage; no diversion attribution
4456477,2025-06-01,MDE S TBB EXIT RAMP - QUEENS ANCHORAGE,Queens,700,8292.0,34.88619285714283,38.985,secondary feed descriptive coverage; no diversion attribution
4456477,2025-07-01,MDE S TBB EXIT RAMP - QUEENS ANCHORAGE,Queens,744,8818.0,36.145866935483866,40.85,secondary feed descriptive coverage; no diversion attribution
4456477,2025-08-01,MDE S TBB EXIT RAMP - QUEENS ANCHORAGE,Queens,743,8805.0,34.270087483176304,38.519999999999996,secondary feed descriptive coverage; no diversion attribution
4456477,2025-09-01,MDE S TBB EXIT RAMP - QUEENS ANCHORAGE,Queens,720,8535.0,35.59639583333332,39.4525,secondary feed descriptive coverage; no diversion attribution
4456477,2025-10-01,MDE S TBB EXIT RAMP - QUEENS ANCHORAGE,Queens,734,8701.0,31.912343324250692,34.94499999999999,secondary feed descriptive coverage; no diversion attribution
4456477,2025-11-01,MDE S TBB EXIT RAMP - QUEENS ANCHORAGE,Queens,715,8492.0,36.23516083916084,40.695,secondary feed descriptive coverage; no diversion attribution
4456477,2025-12-01,MDE S TBB EXIT RAMP - QUEENS ANCHORAGE,Queens,740,8744.0,34.84098648648647,41.01,secondary feed descriptive coverage; no diversion attribution
4456477,2026-01-01,MDE S TBB EXIT RAMP - QUEENS ANCHORAGE,Queens,743,8901.0,40.29235531628533,43.18,secondary feed descriptive coverage; no diversion attribution
4456477,2026-02-01,MDE S TBB EXIT RAMP - QUEENS ANCHORAGE,Queens,672,8048.0,39.69085565476191,42.56,secondary feed descriptive coverage; no diversion attribution
4456477,2026-03-01,MDE S TBB EXIT RAMP - QUEENS ANCHORAGE,Queens,331,3951.0,40.01932024169185,42.87,secondary feed descriptive coverage; no diversion attribution
4456477,2026-04-01,MDE S TBB EXIT RAMP - QUEENS ANCHORAGE,Queens,477,5696.0,35.690786163522006,39.14,secondary feed descriptive coverage; no diversion attribution
4456477,2026-05-01,MDE S TBB EXIT RAMP - QUEENS ANCHORAGE,Queens,182,2161.0,34.11835164835164,39.295,secondary feed descriptive coverage; no diversion attribution
4456477,2026-07-01,MDE S TBB EXIT RAMP - QUEENS ANCHORAGE,Queens,696,8231.0,0.0,0.0,secondary feed descriptive coverage; no diversion attribution
4456478,2023-01-01,BE S TBB EXIT RAMP - QUEENS ANCHORAGE,Queens,557,6655.0,46.283168761220814,47.53,secondary feed descriptive coverage; no diversion attribution
4456478,2023-02-01,BE S TBB EXIT RAMP - QUEENS ANCHORAGE,Queens,661,7886.0,39.89484871406956,45.98,secondary feed descriptive coverage; no diversion attribution
4456478,2023-03-01,BE S TBB EXIT RAMP - QUEENS ANCHORAGE,Queens,743,8910.0,44.418768506056516,46.29,secondary feed descriptive coverage; no diversion attribution
4456478,2023-04-01,BE S TBB EXIT RAMP - QUEENS ANCHORAGE,Queens,720,8636.0,44.07524999999998,46.599999999999994,secondary feed descriptive coverage; no diversion attribution
4456478,2023-05-01,BE S TBB EXIT RAMP - QUEENS ANCHORAGE,Queens,468,5597.0,42.42742521367519,45.98,secondary feed descriptive coverage; no diversion attribution
4456478,2023-06-01,BE S TBB EXIT RAMP - QUEENS ANCHORAGE,Queens,541,6475.0,40.63094269870611,46.29,secondary feed descriptive coverage; no diversion attribution
4456478,2023-07-01,BE S TBB EXIT RAMP - QUEENS ANCHORAGE,Queens,629,7514.0,40.856359300476925,46.29,secondary feed descriptive coverage; no diversion attribution
4456478,2023-08-01,BE S TBB EXIT RAMP - QUEENS ANCHORAGE,Queens,741,8872.0,40.45785425101213,45.98,secondary feed descriptive coverage; no diversion attribution
4456478,2023-09-01,BE S TBB EXIT RAMP - QUEENS ANCHORAGE,Queens,703,8393.0,39.694210526315764,45.045,secondary feed descriptive coverage; no diversion attribution
4456478,2023-10-01,BE S TBB EXIT RAMP - QUEENS ANCHORAGE,Queens,744,8891.0,40.60702284946237,45.045,secondary feed descriptive coverage; no diversion attribution
4456478,2023-11-01,BE S TBB EXIT RAMP - QUEENS ANCHORAGE,Queens,706,8434.0,41.24273371104813,45.045,secondary feed descriptive coverage; no diversion attribution
4456478,2023-12-01,BE S TBB EXIT RAMP - QUEENS ANCHORAGE,Queens,744,8928.0,38.5292069892473,45.045,secondary feed descriptive coverage; no diversion attribution
4456478,2024-01-01,BE S TBB EXIT RAMP - QUEENS ANCHORAGE,Queens,682,8174.0,38.79541055718473,45.36,secondary feed descriptive coverage; no diversion attribution
4456478,2024-02-01,BE S TBB EXIT RAMP - QUEENS ANCHORAGE,Queens,416,4974.0,43.619603365384606,46.445,secondary feed descriptive coverage; no diversion attribution
4456478,2024-03-01,BE S TBB EXIT RAMP - QUEENS ANCHORAGE,Queens,717,8574.0,43.170460251046,45.980000000000004,secondary feed descriptive coverage; no diversion attribution
4456478,2024-04-01,BE S TBB EXIT RAMP - QUEENS ANCHORAGE,Queens,720,8626.0,44.177687499999976,46.6,secondary feed descriptive coverage; no diversion attribution
4456478,2024-05-01,BE S TBB EXIT RAMP - QUEENS ANCHORAGE,Queens,744,8902.0,41.574663978494605,45.98,secondary feed descriptive coverage; no diversion attribution
4456478,2024-06-01,BE S TBB EXIT RAMP - QUEENS ANCHORAGE,Queens,720,8602.0,43.77404861111111,46.29,secondary feed descriptive coverage; no diversion attribution
4456478,2024-07-01,BE S TBB EXIT RAMP - QUEENS ANCHORAGE,Queens,729,8715.0,36.1185390946502,43.18,secondary feed descriptive coverage; no diversion attribution
4456478,2024-08-01,BE S TBB EXIT RAMP - QUEENS ANCHORAGE,Queens,689,8192.0,41.74960087082729,45.36,secondary feed descriptive coverage; no diversion attribution
4456478,2024-09-01,BE S TBB EXIT RAMP - QUEENS ANCHORAGE,Queens,720,8630.0,40.634284722222226,44.11,secondary feed descriptive coverage; no diversion attribution
4456478,2024-10-01,BE S TBB EXIT RAMP - QUEENS ANCHORAGE,Queens,744,8924.0,41.571377688172014,44.73,secondary feed descriptive coverage; no diversion attribution
4456478,2024-11-01,BE S TBB EXIT RAMP - QUEENS ANCHORAGE,Queens,719,8624.0,42.167872044506254,45.045,secondary feed descriptive coverage; no diversion attribution
4456478,2024-12-01,BE S TBB EXIT RAMP - QUEENS ANCHORAGE,Queens,606,7193.0,37.22739273927391,42.87,secondary feed descriptive coverage; no diversion attribution
4456478,2025-01-01,BE S TBB EXIT RAMP - QUEENS ANCHORAGE,Queens,744,8922.0,44.40619623655911,46.6,secondary feed descriptive coverage; no diversion attribution
4456478,2025-02-01,BE S TBB EXIT RAMP - QUEENS ANCHORAGE,Queens,672,8064.0,43.752626488095224,45.67,secondary feed descriptive coverage; no diversion attribution
4456478,2025-03-01,BE S TBB EXIT RAMP - QUEENS ANCHORAGE,Queens,743,8912.0,41.78964333781963,44.73,secondary feed descriptive coverage; no diversion attribution
4456478,2025-04-01,BE S TBB EXIT RAMP - QUEENS ANCHORAGE,Queens,720,8640.0,33.943152777777776,39.45,secondary feed descriptive coverage; no diversion attribution
4456478,2025-05-01,BE S TBB EXIT RAMP - QUEENS ANCHORAGE,Queens,738,8819.0,33.17609078590784,38.365,secondary feed descriptive coverage; no diversion attribution
4456478,2025-06-01,BE S TBB EXIT RAMP - QUEENS ANCHORAGE,Queens,700,8292.0,36.248342857142845,40.695,secondary feed descriptive coverage; no diversion attribution
4456478,2025-07-01,BE S TBB EXIT RAMP - QUEENS ANCHORAGE,Queens,744,8818.0,37.52530913978494,42.87,secondary feed descriptive coverage; no diversion attribution
4456478,2025-08-01,BE S TBB EXIT RAMP - QUEENS ANCHORAGE,Queens,743,8805.0,35.146170928667594,39.760000000000005,secondary feed descriptive coverage; no diversion attribution
4456478,2025-09-01,BE S TBB EXIT RAMP - QUEENS ANCHORAGE,Queens,720,8536.0,36.26931944444444,41.01,secondary feed descriptive coverage; no diversion attribution
4456478,2025-10-01,BE S TBB EXIT RAMP - QUEENS ANCHORAGE,Queens,734,8701.0,31.95620572207082,37.59,secondary feed descriptive coverage; no diversion attribution
4456478,2025-11-01,BE S TBB EXIT RAMP - QUEENS ANCHORAGE,Queens,715,8492.0,35.83109790209786,42.25,secondary feed descriptive coverage; no diversion attribution
4456478,2025-12-01,BE S TBB EXIT RAMP - QUEENS ANCHORAGE,Queens,740,8748.0,35.83380405405404,42.405,secondary feed descriptive coverage; no diversion attribution
4456478,2026-01-01,BE S TBB EXIT RAMP - QUEENS ANCHORAGE,Queens,743,8901.0,41.15515477792729,44.73,secondary feed descriptive coverage; no diversion attribution
4456478,2026-02-01,BE S TBB EXIT RAMP - QUEENS ANCHORAGE,Queens,672,8048.0,40.77425595238095,44.42,secondary feed descriptive coverage; no diversion attribution
4456478,2026-03-01,BE S TBB EXIT RAMP - QUEENS ANCHORAGE,Queens,331,3951.0,40.458247734138965,44.11,secondary feed descriptive coverage; no diversion attribution
4456478,2026-04-01,BE S TBB EXIT RAMP - QUEENS ANCHORAGE,Queens,477,5696.0,37.06059748427673,40.695,secondary feed descriptive coverage; no diversion attribution
4456478,2026-05-01,BE S TBB EXIT RAMP - QUEENS ANCHORAGE,Queens,182,2161.0,32.982967032967046,40.07,secondary feed descriptive coverage; no diversion attribution
4456478,2026-07-01,BE S TBB EXIT RAMP - QUEENS ANCHORAGE,Queens,696,8233.0,0.0,0.0,secondary feed descriptive coverage; no diversion attribution
4456479,2023-01-01,BE S TBB EXIT RAMP - MANHATTAN LIFT SPAN,Queens,557,6655.0,32.05978456014365,38.83,secondary feed descriptive coverage; no diversion attribution
4456479,2023-02-01,BE S TBB EXIT RAMP - MANHATTAN LIFT SPAN,Queens,661,7886.0,27.2179954614221,36.345,secondary feed descriptive coverage; no diversion attribution
4456479,2023-03-01,BE S TBB EXIT RAMP - MANHATTAN LIFT SPAN,Queens,743,8910.0,30.535928667563926,36.97,secondary feed descriptive coverage; no diversion attribution
4456479,2023-04-01,BE S TBB EXIT RAMP - MANHATTAN LIFT SPAN,Queens,720,8636.0,27.044777777777774,30.13,secondary feed descriptive coverage; no diversion attribution
4456479,2023-05-01,BE S TBB EXIT RAMP - MANHATTAN LIFT SPAN,Queens,468,5597.0,23.206623931623927,22.83,secondary feed descriptive coverage; no diversion attribution
4456479,2023-06-01,BE S TBB EXIT RAMP - MANHATTAN LIFT SPAN,Queens,541,6475.0,25.5078743068392,26.095,secondary feed descriptive coverage; no diversion attribution
4456479,2023-07-01,BE S TBB EXIT RAMP - MANHATTAN LIFT SPAN,Queens,629,7515.0,28.544467408585046,33.55,secondary feed descriptive coverage; no diversion attribution
4456479,2023-08-01,BE S TBB EXIT RAMP - MANHATTAN LIFT SPAN,Queens,741,8872.0,28.467834008097178,31.995,secondary feed descriptive coverage; no diversion attribution
4456479,2023-09-01,BE S TBB EXIT RAMP - MANHATTAN LIFT SPAN,Queens,703,8393.0,26.548534850640117,28.27,secondary feed descriptive coverage; no diversion attribution
4456479,2023-10-01,BE S TBB EXIT RAMP - MANHATTAN LIFT SPAN,Queens,744,8891.0,25.373057795698926,26.4,secondary feed descriptive coverage; no diversion attribution
4456479,2023-11-01,BE S TBB EXIT RAMP - MANHATTAN LIFT SPAN,Queens,706,8434.0,23.312471671388106,23.61,secondary feed descriptive coverage; no diversion attribution
4456479,2023-12-01,BE S TBB EXIT RAMP - MANHATTAN LIFT SPAN,Queens,744,8928.0,25.661323924731164,27.335,secondary feed descriptive coverage; no diversion attribution
4456479,2024-01-01,BE S TBB EXIT RAMP - MANHATTAN LIFT SPAN,Queens,682,8174.0,26.693137829912015,32.305,secondary feed descriptive coverage; no diversion attribution
4456479,2024-02-01,BE S TBB EXIT RAMP - MANHATTAN LIFT SPAN,Queens,416,4974.0,24.26295673076923,28.4225,secondary feed descriptive coverage; no diversion attribution
4456479,2024-03-01,BE S TBB EXIT RAMP - MANHATTAN LIFT SPAN,Queens,717,8574.0,26.701813110181316,31.68,secondary feed descriptive coverage; no diversion attribution
4456479,2024-04-01,BE S TBB EXIT RAMP - MANHATTAN LIFT SPAN,Queens,720,8626.0,27.31480555555556,31.994999999999997,secondary feed descriptive coverage; no diversion attribution
4456479,2024-05-01,BE S TBB EXIT RAMP - MANHATTAN LIFT SPAN,Queens,744,8902.0,24.584247311827948,25.005000000000003,secondary feed descriptive coverage; no diversion attribution
4456479,2024-06-01,BE S TBB EXIT RAMP - MANHATTAN LIFT SPAN,Queens,720,8602.0,28.566326388888907,31.065,secondary feed descriptive coverage; no diversion attribution
4456479,2024-07-01,BE S TBB EXIT RAMP - MANHATTAN LIFT SPAN,Queens,729,8715.0,27.508552812071315,27.335,secondary feed descriptive coverage; no diversion attribution
4456479,2024-08-01,BE S TBB EXIT RAMP - MANHATTAN LIFT SPAN,Queens,689,8192.0,29.27619013062409,33.24,secondary feed descriptive coverage; no diversion attribution
4456479,2024-09-01,BE S TBB EXIT RAMP - MANHATTAN LIFT SPAN,Queens,720,8630.0,25.739611111111106,27.025,secondary feed descriptive coverage; no diversion attribution
4456479,2024-10-01,BE S TBB EXIT RAMP - MANHATTAN LIFT SPAN,Queens,744,8924.0,27.36323924731184,29.509999999999998,secondary feed descriptive coverage; no diversion attribution
4456479,2024-11-01,BE S TBB EXIT RAMP - MANHATTAN LIFT SPAN,Queens,719,8624.0,25.86869262865091,27.96,secondary feed descriptive coverage; no diversion attribution
4456479,2024-12-01,BE S TBB EXIT RAMP - MANHATTAN LIFT SPAN,Queens,606,7193.0,21.894348184818487,22.049999999999997,secondary feed descriptive coverage; no diversion attribution
4456479,2025-01-01,BE S TBB EXIT RAMP - MANHATTAN LIFT SPAN,Queens,744,8922.0,29.10381048387097,36.66,secondary feed descriptive coverage; no diversion attribution
4456479,2025-02-01,BE S TBB EXIT RAMP - MANHATTAN LIFT SPAN,Queens,672,8064.0,25.053474702380942,29.045,secondary feed descriptive coverage; no diversion attribution
4456479,2025-03-01,BE S TBB EXIT RAMP - MANHATTAN LIFT SPAN,Queens,743,8912.0,28.333775235531636,32.93,secondary feed descriptive coverage; no diversion attribution
4456479,2025-04-01,BE S TBB EXIT RAMP - MANHATTAN LIFT SPAN,Queens,720,8640.0,23.425784722222215,23.61,secondary feed descriptive coverage; no diversion attribution
4456479,2025-05-01,BE S TBB EXIT RAMP - MANHATTAN LIFT SPAN,Queens,738,8819.0,23.773895663956633,22.99,secondary feed descriptive coverage; no diversion attribution
4456479,2025-06-01,BE S TBB EXIT RAMP - MANHATTAN LIFT SPAN,Queens,700,8292.0,27.535478571428566,28.58,secondary feed descriptive coverage; no diversion attribution
4456479,2025-07-01,BE S TBB EXIT RAMP - MANHATTAN LIFT SPAN,Queens,744,8818.0,28.92131048387095,32.31,secondary feed descriptive coverage; no diversion attribution
4456479,2025-08-01,BE S TBB EXIT RAMP - MANHATTAN LIFT SPAN,Queens,743,8805.0,26.657732166890973,27.96,secondary feed descriptive coverage; no diversion attribution
4456479,2025-09-01,BE S TBB EXIT RAMP - MANHATTAN LIFT SPAN,Queens,720,8536.0,26.01725000000002,25.935000000000002,secondary feed descriptive coverage; no diversion attribution
4456479,2025-10-01,BE S TBB EXIT RAMP - MANHATTAN LIFT SPAN,Queens,734,8701.0,23.92304495912807,23.92,secondary feed descriptive coverage; no diversion attribution
4456479,2025-11-01,BE S TBB EXIT RAMP - MANHATTAN LIFT SPAN,Queens,715,8492.0,25.540916083916102,27.025,secondary feed descriptive coverage; no diversion attribution
4456479,2025-12-01,BE S TBB EXIT RAMP - MANHATTAN LIFT SPAN,Queens,740,8750.0,21.37997297297296,22.9875,secondary feed descriptive coverage; no diversion attribution
4456479,2026-01-01,BE S TBB EXIT RAMP - MANHATTAN LIFT SPAN,Queens,743,8901.0,20.35980484522207,21.74,secondary feed descriptive coverage; no diversion attribution
4456479,2026-02-01,BE S TBB EXIT RAMP - MANHATTAN LIFT SPAN,Queens,672,8048.0,20.783244047619032,23.14,secondary feed descriptive coverage; no diversion attribution
4456479,2026-03-01,BE S TBB EXIT RAMP - MANHATTAN LIFT SPAN,Queens,331,3950.0,20.076903323262833,21.740000000000002,secondary feed descriptive coverage; no diversion attribution
4456479,2026-04-01,BE S TBB EXIT RAMP - MANHATTAN LIFT SPAN,Queens,477,5696.0,20.62392033542977,21.119999999999997,secondary feed descriptive coverage; no diversion attribution
4456479,2026-05-01,BE S TBB EXIT RAMP - MANHATTAN LIFT SPAN,Queens,182,2161.0,17.42771978021978,15.84,secondary feed descriptive coverage; no diversion attribution
4456479,2026-07-01,BE S TBB EXIT RAMP - MANHATTAN LIFT SPAN,Queens,696,8233.0,0.0,0.0,secondary feed descriptive coverage; no diversion attribution
4456481,2023-01-01,TBB S MANHATTAN LIFT SPAN - QUEENS ANCHORAGE,Queens,557,6656.0,44.236678635547555,45.36,secondary feed descriptive coverage; no diversion attribution
4456481,2023-02-01,TBB S MANHATTAN LIFT SPAN - QUEENS ANCHORAGE,Queens,661,7888.0,44.069568835098345,45.045,secondary feed descriptive coverage; no diversion attribution
4456481,2023-03-01,TBB S MANHATTAN LIFT SPAN - QUEENS ANCHORAGE,Queens,743,8910.0,42.50134589502018,44.11,secondary feed descriptive coverage; no diversion attribution
4456481,2023-04-01,TBB S MANHATTAN LIFT SPAN - QUEENS ANCHORAGE,Queens,720,8636.0,42.517152777777774,44.42,secondary feed descriptive coverage; no diversion attribution
4456481,2023-05-01,TBB S MANHATTAN LIFT SPAN - QUEENS ANCHORAGE,Queens,468,5598.0,41.0722863247863,44.11,secondary feed descriptive coverage; no diversion attribution
4456481,2023-06-01,TBB S MANHATTAN LIFT SPAN - QUEENS ANCHORAGE,Queens,541,6475.0,39.359916820702374,44.11,secondary feed descriptive coverage; no diversion attribution
4456481,2023-07-01,TBB S MANHATTAN LIFT SPAN - QUEENS ANCHORAGE,Queens,629,7515.0,40.253545310015895,43.8,secondary feed descriptive coverage; no diversion attribution
4456481,2023-08-01,TBB S MANHATTAN LIFT SPAN - QUEENS ANCHORAGE,Queens,741,8872.0,38.935600539811034,43.49,secondary feed descriptive coverage; no diversion attribution
4456481,2023-09-01,TBB S MANHATTAN LIFT SPAN - QUEENS ANCHORAGE,Queens,703,8390.0,38.397425320056904,42.87,secondary feed descriptive coverage; no diversion attribution
4456481,2023-10-01,TBB S MANHATTAN LIFT SPAN - QUEENS ANCHORAGE,Queens,744,8891.0,39.25285618279569,43.18,secondary feed descriptive coverage; no diversion attribution
4456481,2023-11-01,TBB S MANHATTAN LIFT SPAN - QUEENS ANCHORAGE,Queens,706,8433.0,39.987960339943314,43.49,secondary feed descriptive coverage; no diversion attribution
4456481,2023-12-01,TBB S MANHATTAN LIFT SPAN - QUEENS ANCHORAGE,Queens,744,8928.0,38.90326612903224,43.49,secondary feed descriptive coverage; no diversion attribution
4456481,2024-01-01,TBB S MANHATTAN LIFT SPAN - QUEENS ANCHORAGE,Queens,682,8174.0,40.47879032258063,43.8,secondary feed descriptive coverage; no diversion attribution
4456481,2024-02-01,TBB S MANHATTAN LIFT SPAN - QUEENS ANCHORAGE,Queens,416,4974.0,42.6110456730769,44.265,secondary feed descriptive coverage; no diversion attribution
4456481,2024-03-01,TBB S MANHATTAN LIFT SPAN - QUEENS ANCHORAGE,Queens,717,8573.0,41.57306834030683,44.11,secondary feed descriptive coverage; no diversion attribution
4456481,2024-04-01,TBB S MANHATTAN LIFT SPAN - QUEENS ANCHORAGE,Queens,720,8626.0,41.640923611111106,44.11,secondary feed descriptive coverage; no diversion attribution
4456481,2024-05-01,TBB S MANHATTAN LIFT SPAN - QUEENS ANCHORAGE,Queens,744,8902.0,39.75565188172044,43.49,secondary feed descriptive coverage; no diversion attribution
4456481,2024-06-01,TBB S MANHATTAN LIFT SPAN - QUEENS ANCHORAGE,Queens,720,8603.0,41.544791666666654,43.8,secondary feed descriptive coverage; no diversion attribution
4456481,2024-07-01,TBB S MANHATTAN LIFT SPAN - QUEENS ANCHORAGE,Queens,729,8716.0,36.534170096021946,41.32,secondary feed descriptive coverage; no diversion attribution
4456481,2024-08-01,TBB S MANHATTAN LIFT SPAN - QUEENS ANCHORAGE,Queens,689,8196.0,39.98010885341073,42.87,secondary feed descriptive coverage; no diversion attribution
4456481,2024-09-01,TBB S MANHATTAN LIFT SPAN - QUEENS ANCHORAGE,Queens,720,8630.0,39.28713888888889,42.56,secondary feed descriptive coverage; no diversion attribution
4456481,2024-10-01,TBB S MANHATTAN LIFT SPAN - QUEENS ANCHORAGE,Queens,744,8923.0,40.222580645161266,42.25,secondary feed descriptive coverage; no diversion attribution
4456481,2024-11-01,TBB S MANHATTAN LIFT SPAN - QUEENS ANCHORAGE,Queens,719,8615.0,40.707016689847,42.87,secondary feed descriptive coverage; no diversion attribution
4456481,2024-12-01,TBB S MANHATTAN LIFT SPAN - QUEENS ANCHORAGE,Queens,606,7179.0,36.55072607260726,41.63,secondary feed descriptive coverage; no diversion attribution
4456481,2025-01-01,TBB S MANHATTAN LIFT SPAN - QUEENS ANCHORAGE,Queens,744,8914.0,42.251821236559095,43.8,secondary feed descriptive coverage; no diversion attribution
4456481,2025-02-01,TBB S MANHATTAN LIFT SPAN - QUEENS ANCHORAGE,Queens,672,8064.0,41.522686011904746,42.87,secondary feed descriptive coverage; no diversion attribution
4456481,2025-03-01,TBB S MANHATTAN LIFT SPAN - QUEENS ANCHORAGE,Queens,743,8912.0,40.27556527590847,42.56,secondary feed descriptive coverage; no diversion attribution
4456481,2025-04-01,TBB S MANHATTAN LIFT SPAN - QUEENS ANCHORAGE,Queens,720,8640.0,34.38122916666666,39.45,secondary feed descriptive coverage; no diversion attribution
4456481,2025-05-01,TBB S MANHATTAN LIFT SPAN - QUEENS ANCHORAGE,Queens,738,8819.0,33.55972899728996,38.52,secondary feed descriptive coverage; no diversion attribution
4456481,2025-06-01,TBB S MANHATTAN LIFT SPAN - QUEENS ANCHORAGE,Queens,700,8292.0,35.38806428571427,39.76,secondary feed descriptive coverage; no diversion attribution
4456481,2025-07-01,TBB S MANHATTAN LIFT SPAN - QUEENS ANCHORAGE,Queens,744,8818.0,36.62470430107523,41.01,secondary feed descriptive coverage; no diversion attribution
4456481,2025-08-01,TBB S MANHATTAN LIFT SPAN - QUEENS ANCHORAGE,Queens,743,8805.0,35.21160161507403,39.760000000000005,secondary feed descriptive coverage; no diversion attribution
4456481,2025-09-01,TBB S MANHATTAN LIFT SPAN - QUEENS ANCHORAGE,Queens,720,8535.0,35.97743055555554,40.38,secondary feed descriptive coverage; no diversion attribution
4456481,2025-10-01,TBB S MANHATTAN LIFT SPAN - QUEENS ANCHORAGE,Queens,734,8701.0,32.392050408719314,37.9,secondary feed descriptive coverage; no diversion attribution
4456481,2025-11-01,TBB S MANHATTAN LIFT SPAN - QUEENS ANCHORAGE,Queens,715,8492.0,36.04175524475523,41.01,secondary feed descriptive coverage; no diversion attribution
4456481,2025-12-01,TBB S MANHATTAN LIFT SPAN - QUEENS ANCHORAGE,Queens,740,8745.0,31.429371621621613,36.97,secondary feed descriptive coverage; no diversion attribution
4456481,2026-01-01,TBB S MANHATTAN LIFT SPAN - QUEENS ANCHORAGE,Queens,743,8901.0,32.85742261103633,36.03,secondary feed descriptive coverage; no diversion attribution
4456481,2026-02-01,TBB S MANHATTAN LIFT SPAN - QUEENS ANCHORAGE,Queens,672,8048.0,31.300215773809512,34.480000000000004,secondary feed descriptive coverage; no diversion attribution
4456481,2026-03-01,TBB S MANHATTAN LIFT SPAN - QUEENS ANCHORAGE,Queens,331,3950.0,32.223625377643515,34.480000000000004,secondary feed descriptive coverage; no diversion attribution
4456481,2026-04-01,TBB S MANHATTAN LIFT SPAN - QUEENS ANCHORAGE,Queens,477,5696.0,29.667515723270437,32.614999999999995,secondary feed descriptive coverage; no diversion attribution
4456481,2026-05-01,TBB S MANHATTAN LIFT SPAN - QUEENS ANCHORAGE,Queens,182,2161.0,28.24711538461539,29.82,secondary feed descriptive coverage; no diversion attribution
4456481,2026-07-01,TBB S MANHATTAN LIFT SPAN - QUEENS ANCHORAGE,Queens,696,8231.0,0.0,0.0,secondary feed descriptive coverage; no diversion attribution
4456483,2023-01-01,CIP N ramp to TNB - TNB Queens Anchorage,Queens,557,6656.0,44.36777378815081,47.22,secondary feed descriptive coverage; no diversion attribution
4456483,2023-02-01,CIP N ramp to TNB - TNB Queens Anchorage,Queens,661,7887.0,45.021059001512825,47.22,secondary feed descriptive coverage; no diversion attribution
4456483,2023-03-01,CIP N ramp to TNB - TNB Queens Anchorage,Queens,743,8910.0,44.12232839838491,47.53,secondary feed descriptive coverage; no diversion attribution
4456483,2023-04-01,CIP N ramp to TNB - TNB Queens Anchorage,Queens,720,8636.0,41.5656388888889,46.6,secondary feed descriptive coverage; no diversion attribution
4456483,2023-05-01,CIP N ramp to TNB - TNB Queens Anchorage,Queens,468,5598.0,42.47466880341882,46.754999999999995,secondary feed descriptive coverage; no diversion attribution
4456483,2023-06-01,CIP N ramp to TNB - TNB Queens Anchorage,Queens,541,6475.0,37.75424214417743,44.11,secondary feed descriptive coverage; no diversion attribution
4456483,2023-07-01,CIP N ramp to TNB - TNB Queens Anchorage,Queens,629,7515.0,37.528966613672495,43.8,secondary feed descriptive coverage; no diversion attribution
4456483,2023-08-01,CIP N ramp to TNB - TNB Queens Anchorage,Queens,741,8872.0,38.760904183535764,43.8,secondary feed descriptive coverage; no diversion attribution
4456483,2023-09-01,CIP N ramp to TNB - TNB Queens Anchorage,Queens,703,8393.0,40.05071123755334,43.489999999999995,secondary feed descriptive coverage; no diversion attribution
4456483,2023-10-01,CIP N ramp to TNB - TNB Queens Anchorage,Queens,744,8891.0,41.854590053763445,44.735,secondary feed descriptive coverage; no diversion attribution
4456483,2023-11-01,CIP N ramp to TNB - TNB Queens Anchorage,Queens,706,8434.0,0.0,0.0,secondary feed descriptive coverage; no diversion attribution
4456483,2023-12-01,CIP N ramp to TNB - TNB Queens Anchorage,Queens,744,8928.0,0.0,0.0,secondary feed descriptive coverage; no diversion attribution
4456483,2024-01-01,CIP N ramp to TNB - TNB Queens Anchorage,Queens,682,8174.0,0.0,0.0,secondary feed descriptive coverage; no diversion attribution
4456483,2024-02-01,CIP N ramp to TNB - TNB Queens Anchorage,Queens,416,4974.0,0.0,0.0,secondary feed descriptive coverage; no diversion attribution
4456483,2024-03-01,CIP N ramp to TNB - TNB Queens Anchorage,Queens,717,8574.0,13.80922594142259,0.0,secondary feed descriptive coverage; no diversion attribution
4456483,2024-04-01,CIP N ramp to TNB - TNB Queens Anchorage,Queens,720,8626.0,43.09811111111112,46.29,secondary feed descriptive coverage; no diversion attribution
4456483,2024-05-01,CIP N ramp to TNB - TNB Queens Anchorage,Queens,744,8901.0,38.727748655913985,45.3575,secondary feed descriptive coverage; no diversion attribution
4456483,2024-06-01,CIP N ramp to TNB - TNB Queens Anchorage,Queens,720,8600.0,40.41027777777779,44.73,secondary feed descriptive coverage; no diversion attribution
4456483,2024-07-01,CIP N ramp to TNB - TNB Queens Anchorage,Queens,729,8716.0,36.75862825788752,42.56,secondary feed descriptive coverage; no diversion attribution
4456483,2024-08-01,CIP N ramp to TNB - TNB Queens Anchorage,Queens,689,8192.0,37.25203193033382,41.94,secondary feed descriptive coverage; no diversion attribution
4456483,2024-09-01,CIP N ramp to TNB - TNB Queens Anchorage,Queens,720,8630.0,39.227833333333336,44.735,secondary feed descriptive coverage; no diversion attribution
4456483,2024-10-01,CIP N ramp to TNB - TNB Queens Anchorage,Queens,744,8924.0,40.518293010752686,45.355000000000004,secondary feed descriptive coverage; no diversion attribution
4456483,2024-11-01,CIP N ramp to TNB - TNB Queens Anchorage,Queens,719,8622.0,39.58563977746869,44.73,secondary feed descriptive coverage; no diversion attribution
4456483,2024-12-01,CIP N ramp to TNB - TNB Queens Anchorage,Queens,606,7192.0,38.08339108910891,42.56,secondary feed descriptive coverage; no diversion attribution
4456483,2025-01-01,CIP N ramp to TNB - TNB Queens Anchorage,Queens,744,8920.0,42.02793682795697,45.36,secondary feed descriptive coverage; no diversion attribution
4456483,2025-02-01,CIP N ramp to TNB - TNB Queens Anchorage,Queens,672,8064.0,41.94937500000002,45.36,secondary feed descriptive coverage; no diversion attribution
4456483,2025-03-01,CIP N ramp to TNB - TNB Queens Anchorage,Queens,743,8912.0,40.731271870794096,45.355,secondary feed descriptive coverage; no diversion attribution
4456483,2025-04-01,CIP N ramp to TNB - TNB Queens Anchorage,Queens,720,8640.0,41.230708333333325,45.36,secondary feed descriptive coverage; no diversion attribution
4456483,2025-05-01,CIP N ramp to TNB - TNB Queens Anchorage,Queens,738,8819.0,38.52199864498647,44.1125,secondary feed descriptive coverage; no diversion attribution
4456483,2025-06-01,CIP N ramp to TNB - TNB Queens Anchorage,Queens,700,8292.0,37.74865714285712,42.87,secondary feed descriptive coverage; no diversion attribution
4456483,2025-07-01,CIP N ramp to TNB - TNB Queens Anchorage,Queens,744,8818.0,36.49315188172043,40.695,secondary feed descriptive coverage; no diversion attribution
4456483,2025-08-01,CIP N ramp to TNB - TNB Queens Anchorage,Queens,743,8805.0,33.13535666218033,34.79,secondary feed descriptive coverage; no diversion attribution
4456483,2025-09-01,CIP N ramp to TNB - TNB Queens Anchorage,Queens,720,8536.0,36.098298611111076,41.63,secondary feed descriptive coverage; no diversion attribution
4456483,2025-10-01,CIP N ramp to TNB - TNB Queens Anchorage,Queens,734,8701.0,35.90796321525884,41.63,secondary feed descriptive coverage; no diversion attribution
4456483,2025-11-01,CIP N ramp to TNB - TNB Queens Anchorage,Queens,715,8492.0,30.732608391608405,39.45,secondary feed descriptive coverage; no diversion attribution
4456483,2025-12-01,CIP N ramp to TNB - TNB Queens Anchorage,Queens,740,8747.0,38.84115540540538,43.18,secondary feed descriptive coverage; no diversion attribution
4456483,2026-01-01,CIP N ramp to TNB - TNB Queens Anchorage,Queens,743,8901.0,41.585141318977094,45.045,secondary feed descriptive coverage; no diversion attribution
4456483,2026-02-01,CIP N ramp to TNB - TNB Queens Anchorage,Queens,672,8048.0,39.853616071428554,44.42,secondary feed descriptive coverage; no diversion attribution
4456483,2026-03-01,CIP N ramp to TNB - TNB Queens Anchorage,Queens,331,3951.0,39.933912386706936,45.045,secondary feed descriptive coverage; no diversion attribution
4456483,2026-04-01,CIP N ramp to TNB - TNB Queens Anchorage,Queens,477,5696.0,41.09379454926624,46.91,secondary feed descriptive coverage; no diversion attribution
4456483,2026-05-01,CIP N ramp to TNB - TNB Queens Anchorage,Queens,182,2161.0,57.27733516483518,66.16999999999999,secondary feed descriptive coverage; no diversion attribution
4456483,2026-07-01,CIP N ramp to TNB - TNB Queens Anchorage,Queens,696,8232.0,44.71104885057471,44.89,secondary feed descriptive coverage; no diversion attribution
4456494,2023-01-01,West St S Spring St - BBT Manhattan Portal outbound,Manhattan,557,6656.0,14.442289048473974,16.15,secondary feed descriptive coverage; no diversion attribution
4456494,2023-02-01,West St S Spring St - BBT Manhattan Portal outbound,Manhattan,661,7887.0,14.014531013615738,15.53,secondary feed descriptive coverage; no diversion attribution
4456494,2023-03-01,West St S Spring St - BBT Manhattan Portal outbound,Manhattan,743,8911.0,13.097934051144017,15.219999999999999,secondary feed descriptive coverage; no diversion attribution
4456494,2023-04-01,West St S Spring St - BBT Manhattan Portal outbound,Manhattan,720,8636.0,13.689159722222227,15.53,secondary feed descriptive coverage; no diversion attribution
4456494,2023-05-01,West St S Spring St - BBT Manhattan Portal outbound,Manhattan,468,5597.0,12.874700854700857,14.29,secondary feed descriptive coverage; no diversion attribution
4456494,2023-06-01,West St S Spring St - BBT Manhattan Portal outbound,Manhattan,541,6475.0,13.395304990757863,15.219999999999999,secondary feed descriptive coverage; no diversion attribution
4456494,2023-07-01,West St S Spring St - BBT Manhattan Portal outbound,Manhattan,629,7514.0,13.559197138314795,15.53,secondary feed descriptive coverage; no diversion attribution
4456494,2023-08-01,West St S Spring St - BBT Manhattan Portal outbound,Manhattan,741,8871.0,12.875094466936584,14.91,secondary feed descriptive coverage; no diversion attribution
4456494,2023-09-01,West St S Spring St - BBT Manhattan Portal outbound,Manhattan,703,8393.0,12.417716927453768,13.98,secondary feed descriptive coverage; no diversion attribution
4456494,2023-10-01,West St S Spring St - BBT Manhattan Portal outbound,Manhattan,744,8891.0,11.907237903225802,13.98,secondary feed descriptive coverage; no diversion attribution
4456494,2023-11-01,West St S Spring St - BBT Manhattan Portal outbound,Manhattan,706,8433.0,10.506671388101987,13.51,secondary feed descriptive coverage; no diversion attribution
4456494,2023-12-01,West St S Spring St - BBT Manhattan Portal outbound,Manhattan,744,8928.0,12.935443548387108,14.91,secondary feed descriptive coverage; no diversion attribution
4456494,2024-01-01,West St S Spring St - BBT Manhattan Portal outbound,Manhattan,682,8174.0,14.520945747800603,16.15,secondary feed descriptive coverage; no diversion attribution
4456494,2024-02-01,West St S Spring St - BBT Manhattan Portal outbound,Manhattan,416,4973.0,14.132127403846168,15.684999999999999,secondary feed descriptive coverage; no diversion attribution
4456494,2024-03-01,West St S Spring St - BBT Manhattan Portal outbound,Manhattan,717,8574.0,13.323089260808935,15.219999999999999,secondary feed descriptive coverage; no diversion attribution
4456494,2024-04-01,West St S Spring St - BBT Manhattan Portal outbound,Manhattan,720,8626.0,13.262701388888889,15.219999999999999,secondary feed descriptive coverage; no diversion attribution
4456494,2024-05-01,West St S Spring St - BBT Manhattan Portal outbound,Manhattan,744,8901.0,12.884986559139795,14.91,secondary feed descriptive coverage; no diversion attribution
4456494,2024-06-01,West St S Spring St - BBT Manhattan Portal outbound,Manhattan,720,8602.0,13.734763888888898,15.219999999999999,secondary feed descriptive coverage; no diversion attribution
4456494,2024-07-01,West St S Spring St - BBT Manhattan Portal outbound,Manhattan,729,8716.0,12.837578875171474,15.215,secondary feed descriptive coverage; no diversion attribution
4456494,2024-08-01,West St S Spring St - BBT Manhattan Portal outbound,Manhattan,689,8194.0,13.001473149492027,15.219999999999999,secondary feed descriptive coverage; no diversion attribution
4456494,2024-09-01,West St S Spring St - BBT Manhattan Portal outbound,Manhattan,720,8630.0,12.040652777777783,13.67,secondary feed descriptive coverage; no diversion attribution
4456494,2024-10-01,West St S Spring St - BBT Manhattan Portal outbound,Manhattan,744,8923.0,10.300826612903235,13.51,secondary feed descriptive coverage; no diversion attribution
4456494,2024-11-01,West St S Spring St - BBT Manhattan Portal outbound,Manhattan,719,8614.0,9.80145340751043,13.04,secondary feed descriptive coverage; no diversion attribution
4456494,2024-12-01,West St S Spring St - BBT Manhattan Portal outbound,Manhattan,606,7172.0,12.687599009900998,14.6,secondary feed descriptive coverage; no diversion attribution
4456494,2025-01-01,West St S Spring St - BBT Manhattan Portal outbound,Manhattan,131,1560.0,14.076145038167938,16.46,secondary feed descriptive coverage; no diversion attribution
4456494,2025-07-01,West St S Spring St - BBT Manhattan Portal outbound,Manhattan,344,4067.0,12.91146802325582,14.91,secondary feed descriptive coverage; no diversion attribution
4456494,2025-08-01,West St S Spring St - BBT Manhattan Portal outbound,Manhattan,743,8805.0,13.301823687752357,14.91,secondary feed descriptive coverage; no diversion attribution
4456494,2025-09-01,West St S Spring St - BBT Manhattan Portal outbound,Manhattan,720,8534.0,11.99933333333334,13.9775,secondary feed descriptive coverage; no diversion attribution
4456494,2025-10-01,West St S Spring St - BBT Manhattan Portal outbound,Manhattan,734,8701.0,12.084162125340605,14.29,secondary feed descriptive coverage; no diversion attribution
4456494,2025-11-01,West St S Spring St - BBT Manhattan Portal outbound,Manhattan,715,8492.0,5.522118881118881,0.0,secondary feed descriptive coverage; no diversion attribution
4456494,2025-12-01,West St S Spring St - BBT Manhattan Portal outbound,Manhattan,740,8742.0,6.554770270270273,0.0,secondary feed descriptive coverage; no diversion attribution
4456494,2026-01-01,West St S Spring St - BBT Manhattan Portal outbound,Manhattan,743,8901.0,12.87526244952895,15.219999999999999,secondary feed descriptive coverage; no diversion attribution
4456494,2026-02-01,West St S Spring St - BBT Manhattan Portal outbound,Manhattan,672,8048.0,12.457589285714283,14.91,secondary feed descriptive coverage; no diversion attribution
4456494,2026-03-01,West St S Spring St - BBT Manhattan Portal outbound,Manhattan,331,3950.0,12.39601208459215,14.91,secondary feed descriptive coverage; no diversion attribution
4456494,2026-04-01,West St S Spring St - BBT Manhattan Portal outbound,Manhattan,477,5696.0,11.562180293501044,13.67,secondary feed descriptive coverage; no diversion attribution
4456494,2026-05-01,West St S Spring St - BBT Manhattan Portal outbound,Manhattan,182,2161.0,12.365109890109888,13.67,secondary feed descriptive coverage; no diversion attribution
4456494,2026-07-01,West St S Spring St - BBT Manhattan Portal outbound,Manhattan,696,8231.0,11.736681034482762,13.04,secondary feed descriptive coverage; no diversion attribution
4456496,2023-01-01,BWB S Toll Plaza - Queens Anchorage,Bronx,557,6656.0,44.112396768402164,47.22,secondary feed descriptive coverage; no diversion attribution
4456496,2023-02-01,BWB S Toll Plaza - Queens Anchorage,Bronx,661,7888.0,46.374236006051454,48.150000000000006,secondary feed descriptive coverage; no diversion attribution
4456496,2023-03-01,BWB S Toll Plaza - Queens Anchorage,Bronx,743,8910.0,40.387974427994614,44.73,secondary feed descriptive coverage; no diversion attribution
4456496,2023-04-01,BWB S Toll Plaza - Queens Anchorage,Bronx,720,8636.0,40.20518055555554,43.955,secondary feed descriptive coverage; no diversion attribution
4456496,2023-05-01,BWB S Toll Plaza - Queens Anchorage,Bronx,468,5598.0,34.82242521367522,38.9875,secondary feed descriptive coverage; no diversion attribution
4456496,2023-06-01,BWB S Toll Plaza - Queens Anchorage,Bronx,541,6477.0,38.751552680221806,43.8,secondary feed descriptive coverage; no diversion attribution
4456496,2023-07-01,BWB S Toll Plaza - Queens Anchorage,Bronx,629,7515.0,40.44045310015898,44.11,secondary feed descriptive coverage; no diversion attribution
4456496,2023-08-01,BWB S Toll Plaza - Queens Anchorage,Bronx,741,8872.0,37.19157219973007,41.94,secondary feed descriptive coverage; no diversion attribution
4456496,2023-09-01,BWB S Toll Plaza - Queens Anchorage,Bronx,703,8392.0,39.036294452347065,43.18,secondary feed descriptive coverage; no diversion attribution
4456496,2023-10-01,BWB S Toll Plaza - Queens Anchorage,Bronx,744,8891.0,39.452446236559126,43.49,secondary feed descriptive coverage; no diversion attribution
4456496,2023-11-01,BWB S Toll Plaza - Queens Anchorage,Bronx,706,8433.0,38.11693342776203,43.489999999999995,secondary feed descriptive coverage; no diversion attribution
4456496,2023-12-01,BWB S Toll Plaza - Queens Anchorage,Bronx,744,8928.0,41.91524865591398,45.36,secondary feed descriptive coverage; no diversion attribution
4456496,2024-01-01,BWB S Toll Plaza - Queens Anchorage,Bronx,682,8174.0,44.21464809384162,45.825,secondary feed descriptive coverage; no diversion attribution
4456496,2024-02-01,BWB S Toll Plaza - Queens Anchorage,Bronx,416,4974.0,43.91013221153845,45.515,secondary feed descriptive coverage; no diversion attribution
4456496,2024-03-01,BWB S Toll Plaza - Queens Anchorage,Bronx,717,8574.0,42.46797768479775,45.045,secondary feed descriptive coverage; no diversion attribution
4456496,2024-04-01,BWB S Toll Plaza - Queens Anchorage,Bronx,720,8626.0,39.31418055555555,44.11,secondary feed descriptive coverage; no diversion attribution
4456496,2024-05-01,BWB S Toll Plaza - Queens Anchorage,Bronx,744,8902.0,37.54088037634405,42.25,secondary feed descriptive coverage; no diversion attribution
4456496,2024-06-01,BWB S Toll Plaza - Queens Anchorage,Bronx,720,8603.0,39.613284722222204,43.49,secondary feed descriptive coverage; no diversion attribution
4456496,2024-07-01,BWB S Toll Plaza - Queens Anchorage,Bronx,729,8716.0,38.548312757201636,43.18,secondary feed descriptive coverage; no diversion attribution
4456496,2024-08-01,BWB S Toll Plaza - Queens Anchorage,Bronx,689,8196.0,37.67955007256894,42.25,secondary feed descriptive coverage; no diversion attribution
4456496,2024-09-01,BWB S Toll Plaza - Queens Anchorage,Bronx,720,8630.0,37.73159027777776,43.49,secondary feed descriptive coverage; no diversion attribution
4456496,2024-10-01,BWB S Toll Plaza - Queens Anchorage,Bronx,744,8924.0,40.56860887096773,44.265,secondary feed descriptive coverage; no diversion attribution
4456496,2024-11-01,BWB S Toll Plaza - Queens Anchorage,Bronx,719,8622.0,32.172301808066734,40.695,secondary feed descriptive coverage; no diversion attribution
4456496,2024-12-01,BWB S Toll Plaza - Queens Anchorage,Bronx,606,7192.0,38.35558580858085,41.94,secondary feed descriptive coverage; no diversion attribution
4456496,2025-01-01,BWB S Toll Plaza - Queens Anchorage,Bronx,744,8921.0,41.72270161290322,45.36,secondary feed descriptive coverage; no diversion attribution
4456496,2025-02-01,BWB S Toll Plaza - Queens Anchorage,Bronx,672,8064.0,43.5280208333333,45.045,secondary feed descriptive coverage; no diversion attribution
4456496,2025-03-01,BWB S Toll Plaza - Queens Anchorage,Bronx,743,8912.0,41.61488559892326,44.11,secondary feed descriptive coverage; no diversion attribution
4456496,2025-04-01,BWB S Toll Plaza - Queens Anchorage,Bronx,720,8640.0,41.920861111111115,44.42,secondary feed descriptive coverage; no diversion attribution
4456496,2025-05-01,BWB S Toll Plaza - Queens Anchorage,Bronx,738,8819.0,38.212892953929504,41.01,secondary feed descriptive coverage; no diversion attribution
4456496,2025-06-01,BWB S Toll Plaza - Queens Anchorage,Bronx,700,8292.0,37.38374999999999,40.07,secondary feed descriptive coverage; no diversion attribution
4456496,2025-07-01,BWB S Toll Plaza - Queens Anchorage,Bronx,744,8818.0,38.27462365591398,41.629999999999995,secondary feed descriptive coverage; no diversion attribution
4456496,2025-08-01,BWB S Toll Plaza - Queens Anchorage,Bronx,743,8805.0,35.49824360699863,36.655,secondary feed descriptive coverage; no diversion attribution
4456496,2025-09-01,BWB S Toll Plaza - Queens Anchorage,Bronx,720,8536.0,37.65051388888888,42.25,secondary feed descriptive coverage; no diversion attribution
4456496,2025-10-01,BWB S Toll Plaza - Queens Anchorage,Bronx,734,8701.0,38.8268324250681,42.4025,secondary feed descriptive coverage; no diversion attribution
4456496,2025-11-01,BWB S Toll Plaza - Queens Anchorage,Bronx,715,8492.0,27.807692307692307,35.105,secondary feed descriptive coverage; no diversion attribution
4456496,2025-12-01,BWB S Toll Plaza - Queens Anchorage,Bronx,740,8746.0,36.63975675675675,42.095,secondary feed descriptive coverage; no diversion attribution
4456496,2026-01-01,BWB S Toll Plaza - Queens Anchorage,Bronx,743,8901.0,40.63947510094213,43.8,secondary feed descriptive coverage; no diversion attribution
4456496,2026-02-01,BWB S Toll Plaza - Queens Anchorage,Bronx,672,8048.0,42.01604910714286,44.73,secondary feed descriptive coverage; no diversion attribution
4456496,2026-03-01,BWB S Toll Plaza - Queens Anchorage,Bronx,331,3951.0,42.46971299093655,44.11,secondary feed descriptive coverage; no diversion attribution
4456496,2026-04-01,BWB S Toll Plaza - Queens Anchorage,Bronx,477,5696.0,39.422987421383645,43.49,secondary feed descriptive coverage; no diversion attribution
4456496,2026-05-01,BWB S Toll Plaza - Queens Anchorage,Bronx,182,2161.0,39.96104395604396,43.18,secondary feed descriptive coverage; no diversion attribution
4456496,2026-07-01,BWB S Toll Plaza - Queens Anchorage,Bronx,696,8231.0,37.877126436781616,42.25,secondary feed descriptive coverage; no diversion attribution
4456497,2023-01-01,BWB N Queens Anchorage - Toll Plaza,Queens,557,6656.0,44.25175942549371,46.91,secondary feed descriptive coverage; no diversion attribution
4456497,2023-02-01,BWB N Queens Anchorage - Toll Plaza,Queens,661,7888.0,38.33095310136157,45.36,secondary feed descriptive coverage; no diversion attribution
4456497,2023-03-01,BWB N Queens Anchorage - Toll Plaza,Queens,743,8910.0,41.10186406460295,45.36,secondary feed descriptive coverage; no diversion attribution
4456497,2023-04-01,BWB N Queens Anchorage - Toll Plaza,Queens,720,8636.0,45.07047222222222,45.36,secondary feed descriptive coverage; no diversion attribution
4456497,2023-05-01,BWB N Queens Anchorage - Toll Plaza,Queens,468,5598.0,42.55236111111112,43.18,secondary feed descriptive coverage; no diversion attribution
4456497,2023-06-01,BWB N Queens Anchorage - Toll Plaza,Queens,541,6477.0,44.77412199630315,45.36,secondary feed descriptive coverage; no diversion attribution
4456497,2023-07-01,BWB N Queens Anchorage - Toll Plaza,Queens,629,7515.0,45.46031796502385,45.980000000000004,secondary feed descriptive coverage; no diversion attribution
4456497,2023-08-01,BWB N Queens Anchorage - Toll Plaza,Queens,741,8872.0,43.86499999999999,44.73,secondary feed descriptive coverage; no diversion attribution
4456497,2023-09-01,BWB N Queens Anchorage - Toll Plaza,Queens,703,8392.0,44.11911095305833,45.355,secondary feed descriptive coverage; no diversion attribution
4456497,2023-10-01,BWB N Queens Anchorage - Toll Plaza,Queens,744,8891.0,44.70547043010753,44.735,secondary feed descriptive coverage; no diversion attribution
4456497,2023-11-01,BWB N Queens Anchorage - Toll Plaza,Queens,706,8433.0,41.97791784702547,44.11,secondary feed descriptive coverage; no diversion attribution
4456497,2023-12-01,BWB N Queens Anchorage - Toll Plaza,Queens,744,8928.0,45.64430107526878,45.980000000000004,secondary feed descriptive coverage; no diversion attribution
4456497,2024-01-01,BWB N Queens Anchorage - Toll Plaza,Queens,682,8174.0,45.98878299120235,47.22,secondary feed descriptive coverage; no diversion attribution
4456497,2024-02-01,BWB N Queens Anchorage - Toll Plaza,Queens,416,4974.0,46.77189903846152,47.22,secondary feed descriptive coverage; no diversion attribution
4456497,2024-03-01,BWB N Queens Anchorage - Toll Plaza,Queens,717,8574.0,46.15587866108788,46.6,secondary feed descriptive coverage; no diversion attribution
4456497,2024-04-01,BWB N Queens Anchorage - Toll Plaza,Queens,720,8626.0,46.092659722222216,46.6,secondary feed descriptive coverage; no diversion attribution
4456497,2024-05-01,BWB N Queens Anchorage - Toll Plaza,Queens,744,8902.0,45.25817876344085,46.29,secondary feed descriptive coverage; no diversion attribution
4456497,2024-06-01,BWB N Queens Anchorage - Toll Plaza,Queens,720,8603.0,44.732048611111104,45.36,secondary feed descriptive coverage; no diversion attribution
4456497,2024-07-01,BWB N Queens Anchorage - Toll Plaza,Queens,729,8716.0,41.06303840877915,45.355,secondary feed descriptive coverage; no diversion attribution
4456497,2024-08-01,BWB N Queens Anchorage - Toll Plaza,Queens,689,8196.0,42.81083454281564,45.045,secondary feed descriptive coverage; no diversion attribution
4456497,2024-09-01,BWB N Queens Anchorage - Toll Plaza,Queens,720,8630.0,43.85499305555554,45.98,secondary feed descriptive coverage; no diversion attribution
4456497,2024-10-01,BWB N Queens Anchorage - Toll Plaza,Queens,744,8924.0,44.2008870967742,45.36,secondary feed descriptive coverage; no diversion attribution
4456497,2024-11-01,BWB N Queens Anchorage - Toll Plaza,Queens,719,8622.0,35.464061196105696,43.18,secondary feed descriptive coverage; no diversion attribution
4456497,2024-12-01,BWB N Queens Anchorage - Toll Plaza,Queens,606,7192.0,43.03219471947193,44.73,secondary feed descriptive coverage; no diversion attribution
4456497,2025-01-01,BWB N Queens Anchorage - Toll Plaza,Queens,744,8921.0,43.68106854838707,46.91,secondary feed descriptive coverage; no diversion attribution
4456497,2025-02-01,BWB N Queens Anchorage - Toll Plaza,Queens,672,8064.0,46.56575148809523,46.91,secondary feed descriptive coverage; no diversion attribution
4456497,2025-03-01,BWB N Queens Anchorage - Toll Plaza,Queens,743,8912.0,45.81409825033647,46.91,secondary feed descriptive coverage; no diversion attribution
4456497,2025-04-01,BWB N Queens Anchorage - Toll Plaza,Queens,720,8640.0,45.29890972222222,46.29,secondary feed descriptive coverage; no diversion attribution
4456497,2025-05-01,BWB N Queens Anchorage - Toll Plaza,Queens,738,8819.0,45.393611111111134,45.67,secondary feed descriptive coverage; no diversion attribution
4456497,2025-06-01,BWB N Queens Anchorage - Toll Plaza,Queens,700,8292.0,45.64682857142857,45.98,secondary feed descriptive coverage; no diversion attribution
4456497,2025-07-01,BWB N Queens Anchorage - Toll Plaza,Queens,744,8818.0,45.312788978494616,45.36,secondary feed descriptive coverage; no diversion attribution
4456497,2025-08-01,BWB N Queens Anchorage - Toll Plaza,Queens,743,8805.0,42.357247644683724,44.73,secondary feed descriptive coverage; no diversion attribution
4456497,2025-09-01,BWB N Queens Anchorage - Toll Plaza,Queens,720,8536.0,41.91676388888886,44.73,secondary feed descriptive coverage; no diversion attribution
4456497,2025-10-01,BWB N Queens Anchorage - Toll Plaza,Queens,734,8701.0,42.287391008174396,44.42,secondary feed descriptive coverage; no diversion attribution
4456497,2025-11-01,BWB N Queens Anchorage - Toll Plaza,Queens,715,8492.0,28.810132867132854,41.63,secondary feed descriptive coverage; no diversion attribution
4456497,2025-12-01,BWB N Queens Anchorage - Toll Plaza,Queens,740,8746.0,40.13900675675674,44.42,secondary feed descriptive coverage; no diversion attribution
4456497,2026-01-01,BWB N Queens Anchorage - Toll Plaza,Queens,743,8901.0,42.81662853297441,45.67,secondary feed descriptive coverage; no diversion attribution
4456497,2026-02-01,BWB N Queens Anchorage - Toll Plaza,Queens,672,8048.0,44.268154761904746,45.67,secondary feed descriptive coverage; no diversion attribution
4456497,2026-03-01,BWB N Queens Anchorage - Toll Plaza,Queens,331,3951.0,45.88945619335346,45.98,secondary feed descriptive coverage; no diversion attribution
4456497,2026-04-01,BWB N Queens Anchorage - Toll Plaza,Queens,477,5696.0,42.83231656184486,45.67,secondary feed descriptive coverage; no diversion attribution
4456497,2026-05-01,BWB N Queens Anchorage - Toll Plaza,Queens,182,2161.0,44.66887362637362,45.36,secondary feed descriptive coverage; no diversion attribution
4456497,2026-07-01,BWB N Queens Anchorage - Toll Plaza,Queens,696,8231.0,43.32051005747125,45.355,secondary feed descriptive coverage; no diversion attribution
4456498,2023-01-01,HRP S Lafayette Ave - BWB S Toll Plaza,Bronx,557,6655.0,39.15361759425493,37.9,secondary feed descriptive coverage; no diversion attribution
4456498,2023-02-01,HRP S Lafayette Ave - BWB S Toll Plaza,Bronx,661,7886.0,39.538494704992445,38.21,secondary feed descriptive coverage; no diversion attribution
4456498,2023-03-01,HRP S Lafayette Ave - BWB S Toll Plaza,Bronx,743,8911.0,35.21882907133245,36.97,secondary feed descriptive coverage; no diversion attribution
4456498,2023-04-01,HRP S Lafayette Ave - BWB S Toll Plaza,Bronx,720,8636.0,33.72326388888888,36.03,secondary feed descriptive coverage; no diversion attribution
4456498,2023-05-01,HRP S Lafayette Ave - BWB S Toll Plaza,Bronx,468,5597.0,37.89797008547007,49.7,secondary feed descriptive coverage; no diversion attribution
4456498,2023-06-01,HRP S Lafayette Ave - BWB S Toll Plaza,Bronx,541,6475.0,40.875831792975966,50.64,secondary feed descriptive coverage; no diversion attribution
4456498,2023-07-01,HRP S Lafayette Ave - BWB S Toll Plaza,Bronx,629,7512.0,32.00902225755164,35.099999999999994,secondary feed descriptive coverage; no diversion attribution
4456498,2023-08-01,HRP S Lafayette Ave - BWB S Toll Plaza,Bronx,741,8872.0,37.76039811066128,48.769999999999996,secondary feed descriptive coverage; no diversion attribution
4456498,2023-09-01,HRP S Lafayette Ave - BWB S Toll Plaza,Bronx,703,8393.0,42.075881934566134,50.33,secondary feed descriptive coverage; no diversion attribution
4456498,2023-10-01,HRP S Lafayette Ave - BWB S Toll Plaza,Bronx,744,8892.0,37.72063172043013,46.91,secondary feed descriptive coverage; no diversion attribution
4456498,2023-11-01,HRP S Lafayette Ave - BWB S Toll Plaza,Bronx,706,8434.0,30.422599150141632,35.41,secondary feed descriptive coverage; no diversion attribution
4456498,2023-12-01,HRP S Lafayette Ave - BWB S Toll Plaza,Bronx,744,8928.0,43.3603494623656,50.95,secondary feed descriptive coverage; no diversion attribution
4456498,2024-01-01,HRP S Lafayette Ave - BWB S Toll Plaza,Bronx,682,8174.0,49.545073313782986,51.879999999999995,secondary feed descriptive coverage; no diversion attribution
4456498,2024-02-01,HRP S Lafayette Ave - BWB S Toll Plaza,Bronx,416,4974.0,49.15270432692308,51.57,secondary feed descriptive coverage; no diversion attribution
4456498,2024-03-01,HRP S Lafayette Ave - BWB S Toll Plaza,Bronx,717,8573.0,47.25296373779641,51.57,secondary feed descriptive coverage; no diversion attribution
4456498,2024-04-01,HRP S Lafayette Ave - BWB S Toll Plaza,Bronx,720,8626.0,44.29215972222221,50.95,secondary feed descriptive coverage; no diversion attribution
4456498,2024-05-01,HRP S Lafayette Ave - BWB S Toll Plaza,Bronx,744,8902.0,39.9951814516129,50.33,secondary feed descriptive coverage; no diversion attribution
4456498,2024-06-01,HRP S Lafayette Ave - BWB S Toll Plaza,Bronx,720,8602.0,43.36107638888889,50.95,secondary feed descriptive coverage; no diversion attribution
4456498,2024-07-01,HRP S Lafayette Ave - BWB S Toll Plaza,Bronx,729,8715.0,40.887379972565135,50.015,secondary feed descriptive coverage; no diversion attribution
4456498,2024-08-01,HRP S Lafayette Ave - BWB S Toll Plaza,Bronx,689,8192.0,33.98144412191581,41.94,secondary feed descriptive coverage; no diversion attribution
4456498,2024-09-01,HRP S Lafayette Ave - BWB S Toll Plaza,Bronx,720,8630.0,40.940270833333344,51.57,secondary feed descriptive coverage; no diversion attribution
4456498,2024-10-01,HRP S Lafayette Ave - BWB S Toll Plaza,Bronx,744,8924.0,44.99967069892474,52.81,secondary feed descriptive coverage; no diversion attribution
4456498,2024-11-01,HRP S Lafayette Ave - BWB S Toll Plaza,Bronx,719,8619.0,37.40558414464534,50.64,secondary feed descriptive coverage; no diversion attribution
4456498,2024-12-01,HRP S Lafayette Ave - BWB S Toll Plaza,Bronx,606,7187.0,36.728052805280534,35.72,secondary feed descriptive coverage; no diversion attribution
4456498,2025-01-01,HRP S Lafayette Ave - BWB S Toll Plaza,Bronx,744,8918.0,44.002782258064514,50.795,secondary feed descriptive coverage; no diversion attribution
4456498,2025-02-01,HRP S Lafayette Ave - BWB S Toll Plaza,Bronx,672,8064.0,51.863407738095226,55.61,secondary feed descriptive coverage; no diversion attribution
4456498,2025-03-01,HRP S Lafayette Ave - BWB S Toll Plaza,Bronx,743,8912.0,49.70574024226113,54.989999999999995,secondary feed descriptive coverage; no diversion attribution
4456498,2025-04-01,HRP S Lafayette Ave - BWB S Toll Plaza,Bronx,720,8640.0,48.14933333333333,54.68,secondary feed descriptive coverage; no diversion attribution
4456498,2025-05-01,HRP S Lafayette Ave - BWB S Toll Plaza,Bronx,738,8819.0,40.77534552845527,51.57,secondary feed descriptive coverage; no diversion attribution
4456498,2025-06-01,HRP S Lafayette Ave - BWB S Toll Plaza,Bronx,700,8292.0,38.546614285714284,49.08,secondary feed descriptive coverage; no diversion attribution
4456498,2025-07-01,HRP S Lafayette Ave - BWB S Toll Plaza,Bronx,744,8818.0,40.61729166666664,50.95,secondary feed descriptive coverage; no diversion attribution
4456498,2025-08-01,HRP S Lafayette Ave - BWB S Toll Plaza,Bronx,743,8805.0,35.1219246298789,45.045,secondary feed descriptive coverage; no diversion attribution
4456498,2025-09-01,HRP S Lafayette Ave - BWB S Toll Plaza,Bronx,720,8535.0,35.55311805555556,47.53,secondary feed descriptive coverage; no diversion attribution
4456498,2025-10-01,HRP S Lafayette Ave - BWB S Toll Plaza,Bronx,734,8701.0,38.496267029972756,48.46,secondary feed descriptive coverage; no diversion attribution
4456498,2025-11-01,HRP S Lafayette Ave - BWB S Toll Plaza,Bronx,715,8492.0,29.72551048951048,41.94,secondary feed descriptive coverage; no diversion attribution
4456498,2025-12-01,HRP S Lafayette Ave - BWB S Toll Plaza,Bronx,740,8744.0,0.02304054054054054,0.0,secondary feed descriptive coverage; no diversion attribution
4456498,2026-01-01,HRP S Lafayette Ave - BWB S Toll Plaza,Bronx,743,8901.0,2.2580282637954237,0.0,secondary feed descriptive coverage; no diversion attribution
4456498,2026-02-01,HRP S Lafayette Ave - BWB S Toll Plaza,Bronx,672,8048.0,0.5837872023809524,0.0,secondary feed descriptive coverage; no diversion attribution
4456498,2026-03-01,HRP S Lafayette Ave - BWB S Toll Plaza,Bronx,331,3950.0,5.192839879154079,0.0,secondary feed descriptive coverage; no diversion attribution
4456498,2026-04-01,HRP S Lafayette Ave - BWB S Toll Plaza,Bronx,477,5696.0,4.2475262054507334,0.0,secondary feed descriptive coverage; no diversion attribution
4456498,2026-05-01,HRP S Lafayette Ave - BWB S Toll Plaza,Bronx,182,2161.0,0.0,0.0,secondary feed descriptive coverage; no diversion attribution
4456498,2026-07-01,HRP S Lafayette Ave - BWB S Toll Plaza,Bronx,696,8232.0,34.015775862068956,23.14,secondary feed descriptive coverage; no diversion attribution
4456500,2023-01-01,Whitestone Expwy N Exit 14 (Linden Pl) - BWB N Queens Anchorage,Queens,557,6656.0,44.24283662477556,46.91,secondary feed descriptive coverage; no diversion attribution
4456500,2023-02-01,Whitestone Expwy N Exit 14 (Linden Pl) - BWB N Queens Anchorage,Queens,661,7887.0,42.734735249621764,45.98,secondary feed descriptive coverage; no diversion attribution
4456500,2023-03-01,Whitestone Expwy N Exit 14 (Linden Pl) - BWB N Queens Anchorage,Queens,743,8911.0,38.80866756393001,44.42,secondary feed descriptive coverage; no diversion attribution
4456500,2023-04-01,Whitestone Expwy N Exit 14 (Linden Pl) - BWB N Queens Anchorage,Queens,720,8635.0,37.87388888888891,44.11,secondary feed descriptive coverage; no diversion attribution
4456500,2023-05-01,Whitestone Expwy N Exit 14 (Linden Pl) - BWB N Queens Anchorage,Queens,468,5597.0,31.71697649572649,35.099999999999994,secondary feed descriptive coverage; no diversion attribution
4456500,2023-06-01,Whitestone Expwy N Exit 14 (Linden Pl) - BWB N Queens Anchorage,Queens,541,6475.0,34.82631238447319,42.25,secondary feed descriptive coverage; no diversion attribution
4456500,2023-07-01,Whitestone Expwy N Exit 14 (Linden Pl) - BWB N Queens Anchorage,Queens,629,7514.0,36.47288553259143,43.8,secondary feed descriptive coverage; no diversion attribution
4456500,2023-08-01,Whitestone Expwy N Exit 14 (Linden Pl) - BWB N Queens Anchorage,Queens,741,8872.0,37.1404116059379,43.18,secondary feed descriptive coverage; no diversion attribution
4456500,2023-09-01,Whitestone Expwy N Exit 14 (Linden Pl) - BWB N Queens Anchorage,Queens,703,8393.0,36.34993598862019,41.94,secondary feed descriptive coverage; no diversion attribution
4456500,2023-10-01,Whitestone Expwy N Exit 14 (Linden Pl) - BWB N Queens Anchorage,Queens,744,8891.0,35.62807123655915,42.25,secondary feed descriptive coverage; no diversion attribution
4456500,2023-11-01,Whitestone Expwy N Exit 14 (Linden Pl) - BWB N Queens Anchorage,Queens,706,8433.0,27.372209631728033,30.13,secondary feed descriptive coverage; no diversion attribution
4456500,2023-12-01,Whitestone Expwy N Exit 14 (Linden Pl) - BWB N Queens Anchorage,Queens,744,8928.0,39.96848118279567,44.73,secondary feed descriptive coverage; no diversion attribution
4456500,2024-01-01,Whitestone Expwy N Exit 14 (Linden Pl) - BWB N Queens Anchorage,Queens,682,8174.0,42.50553519061586,45.98,secondary feed descriptive coverage; no diversion attribution
4456500,2024-02-01,Whitestone Expwy N Exit 14 (Linden Pl) - BWB N Queens Anchorage,Queens,416,4974.0,41.83185096153844,45.98,secondary feed descriptive coverage; no diversion attribution
4456500,2024-03-01,Whitestone Expwy N Exit 14 (Linden Pl) - BWB N Queens Anchorage,Queens,717,8573.0,39.917880055788,44.73,secondary feed descriptive coverage; no diversion attribution
4456500,2024-04-01,Whitestone Expwy N Exit 14 (Linden Pl) - BWB N Queens Anchorage,Queens,720,8626.0,40.29776388888889,44.73,secondary feed descriptive coverage; no diversion attribution
4456500,2024-05-01,Whitestone Expwy N Exit 14 (Linden Pl) - BWB N Queens Anchorage,Queens,744,8902.0,37.5665188172043,43.644999999999996,secondary feed descriptive coverage; no diversion attribution
4456500,2024-06-01,Whitestone Expwy N Exit 14 (Linden Pl) - BWB N Queens Anchorage,Queens,720,8602.0,32.54811111111112,37.28,secondary feed descriptive coverage; no diversion attribution
4456500,2024-07-01,Whitestone Expwy N Exit 14 (Linden Pl) - BWB N Queens Anchorage,Queens,729,8714.0,40.20898491083675,44.42,secondary feed descriptive coverage; no diversion attribution
4456500,2024-08-01,Whitestone Expwy N Exit 14 (Linden Pl) - BWB N Queens Anchorage,Queens,689,8193.0,37.8092017416546,43.489999999999995,secondary feed descriptive coverage; no diversion attribution
4456500,2024-09-01,Whitestone Expwy N Exit 14 (Linden Pl) - BWB N Queens Anchorage,Queens,720,8630.0,37.13849305555557,43.18,secondary feed descriptive coverage; no diversion attribution
4456500,2024-10-01,Whitestone Expwy N Exit 14 (Linden Pl) - BWB N Queens Anchorage,Queens,744,8923.0,39.0776747311828,44.11,secondary feed descriptive coverage; no diversion attribution
4456500,2024-11-01,Whitestone Expwy N Exit 14 (Linden Pl) - BWB N Queens Anchorage,Queens,719,8614.0,39.37322670375519,45.045,secondary feed descriptive coverage; no diversion attribution
4456500,2024-12-01,Whitestone Expwy N Exit 14 (Linden Pl) - BWB N Queens Anchorage,Queens,606,7172.0,39.08615511551154,44.11,secondary feed descriptive coverage; no diversion attribution
4456500,2025-01-01,Whitestone Expwy N Exit 14 (Linden Pl) - BWB N Queens Anchorage,Queens,744,8910.0,44.12590725806452,46.29,secondary feed descriptive coverage; no diversion attribution
4456500,2025-02-01,Whitestone Expwy N Exit 14 (Linden Pl) - BWB N Queens Anchorage,Queens,672,8064.0,42.617120535714264,45.67,secondary feed descriptive coverage; no diversion attribution
4456500,2025-03-01,Whitestone Expwy N Exit 14 (Linden Pl) - BWB N Queens Anchorage,Queens,743,8912.0,42.0564333781965,45.98,secondary feed descriptive coverage; no diversion attribution
4456500,2025-04-01,Whitestone Expwy N Exit 14 (Linden Pl) - BWB N Queens Anchorage,Queens,720,8640.0,40.91201388888889,45.36,secondary feed descriptive coverage; no diversion attribution
4456500,2025-05-01,Whitestone Expwy N Exit 14 (Linden Pl) - BWB N Queens Anchorage,Queens,738,8818.0,37.77014227642276,43.8,secondary feed descriptive coverage; no diversion attribution
4456500,2025-06-01,Whitestone Expwy N Exit 14 (Linden Pl) - BWB N Queens Anchorage,Queens,700,8292.0,38.04585000000002,43.49,secondary feed descriptive coverage; no diversion attribution
4456500,2025-07-01,Whitestone Expwy N Exit 14 (Linden Pl) - BWB N Queens Anchorage,Queens,744,8818.0,37.14596102150538,43.49,secondary feed descriptive coverage; no diversion attribution
4456500,2025-08-01,Whitestone Expwy N Exit 14 (Linden Pl) - BWB N Queens Anchorage,Queens,743,8805.0,36.8163055181696,42.25,secondary feed descriptive coverage; no diversion attribution
4456500,2025-09-01,Whitestone Expwy N Exit 14 (Linden Pl) - BWB N Queens Anchorage,Queens,720,8534.0,37.019291666666675,43.18,secondary feed descriptive coverage; no diversion attribution
4456500,2025-10-01,Whitestone Expwy N Exit 14 (Linden Pl) - BWB N Queens Anchorage,Queens,734,8701.0,37.39307220708445,42.87,secondary feed descriptive coverage; no diversion attribution
4456500,2025-11-01,Whitestone Expwy N Exit 14 (Linden Pl) - BWB N Queens Anchorage,Queens,715,8492.0,31.674482517482513,42.25,secondary feed descriptive coverage; no diversion attribution
4456500,2025-12-01,Whitestone Expwy N Exit 14 (Linden Pl) - BWB N Queens Anchorage,Queens,740,8743.0,19.480554054054043,0.0,secondary feed descriptive coverage; no diversion attribution
4456500,2026-01-01,Whitestone Expwy N Exit 14 (Linden Pl) - BWB N Queens Anchorage,Queens,743,8901.0,40.88071332436069,45.045,secondary feed descriptive coverage; no diversion attribution
4456500,2026-02-01,Whitestone Expwy N Exit 14 (Linden Pl) - BWB N Queens Anchorage,Queens,672,8048.0,40.68773065476195,44.73,secondary feed descriptive coverage; no diversion attribution
4456500,2026-03-01,Whitestone Expwy N Exit 14 (Linden Pl) - BWB N Queens Anchorage,Queens,331,3951.0,40.64430513595166,44.73,secondary feed descriptive coverage; no diversion attribution
4456500,2026-04-01,Whitestone Expwy N Exit 14 (Linden Pl) - BWB N Queens Anchorage,Queens,477,5696.0,39.15460167714883,44.11,secondary feed descriptive coverage; no diversion attribution
4456500,2026-05-01,Whitestone Expwy N Exit 14 (Linden Pl) - BWB N Queens Anchorage,Queens,182,2161.0,38.99131868131866,46.754999999999995,secondary feed descriptive coverage; no diversion attribution
4456500,2026-07-01,Whitestone Expwy N Exit 14 (Linden Pl) - BWB N Queens Anchorage,Queens,696,8231.0,36.22408764367816,34.325,secondary feed descriptive coverage; no diversion attribution
4456501,2023-01-01,BBT W Toll Plaza - Manhattan Portal,Manhattan,557,6656.0,31.28463195691203,38.21,secondary feed descriptive coverage; no diversion attribution
4456501,2023-02-01,BBT W Toll Plaza - Manhattan Portal,Manhattan,661,7888.0,30.97901664145235,38.21,secondary feed descriptive coverage; no diversion attribution
4456501,2023-03-01,BBT W Toll Plaza - Manhattan Portal,Manhattan,743,8910.0,28.705471063257068,36.345,secondary feed descriptive coverage; no diversion attribution
4456501,2023-04-01,BBT W Toll Plaza - Manhattan Portal,Manhattan,720,8636.0,29.949979166666658,36.66,secondary feed descriptive coverage; no diversion attribution
4456501,2023-05-01,BBT W Toll Plaza - Manhattan Portal,Manhattan,468,5598.0,24.160459401709396,25.47,secondary feed descriptive coverage; no diversion attribution
4456501,2023-06-01,BBT W Toll Plaza - Manhattan Portal,Manhattan,541,6475.0,27.222800369685775,33.55,secondary feed descriptive coverage; no diversion attribution
4456501,2023-07-01,BBT W Toll Plaza - Manhattan Portal,Manhattan,629,7515.0,31.091279809220993,37.28,secondary feed descriptive coverage; no diversion attribution
4456501,2023-08-01,BBT W Toll Plaza - Manhattan Portal,Manhattan,741,8872.0,29.45154520917679,35.72,secondary feed descriptive coverage; no diversion attribution
4456501,2023-09-01,BBT W Toll Plaza - Manhattan Portal,Manhattan,703,8392.0,26.443179231863446,32.305,secondary feed descriptive coverage; no diversion attribution
4456501,2023-10-01,BBT W Toll Plaza - Manhattan Portal,Manhattan,744,8891.0,27.6999126344086,33.8575,secondary feed descriptive coverage; no diversion attribution
4456501,2023-11-01,BBT W Toll Plaza - Manhattan Portal,Manhattan,706,8432.0,29.52796033994333,36.97,secondary feed descriptive coverage; no diversion attribution
4456501,2023-12-01,BBT W Toll Plaza - Manhattan Portal,Manhattan,744,8928.0,30.15495295698923,36.97,secondary feed descriptive coverage; no diversion attribution
4456501,2024-01-01,BBT W Toll Plaza - Manhattan Portal,Manhattan,682,8174.0,31.432961876832852,38.52,secondary feed descriptive coverage; no diversion attribution
4456501,2024-02-01,BBT W Toll Plaza - Manhattan Portal,Manhattan,416,4974.0,31.1677403846154,37.59,secondary feed descriptive coverage; no diversion attribution
4456501,2024-03-01,BBT W Toll Plaza - Manhattan Portal,Manhattan,717,8573.0,30.218019525801946,36.97,secondary feed descriptive coverage; no diversion attribution
4456501,2024-04-01,BBT W Toll Plaza - Manhattan Portal,Manhattan,720,8626.0,30.357291666666676,36.97,secondary feed descriptive coverage; no diversion attribution
4456501,2024-05-01,BBT W Toll Plaza - Manhattan Portal,Manhattan,744,8902.0,26.61558467741935,31.065,secondary feed descriptive coverage; no diversion attribution
4456501,2024-06-01,BBT W Toll Plaza - Manhattan Portal,Manhattan,720,8603.0,26.56834722222224,31.525,secondary feed descriptive coverage; no diversion attribution
4456501,2024-07-01,BBT W Toll Plaza - Manhattan Portal,Manhattan,729,8717.0,28.439128943758572,34.485,secondary feed descriptive coverage; no diversion attribution
4456501,2024-08-01,BBT W Toll Plaza - Manhattan Portal,Manhattan,689,8196.0,29.820899854862112,36.035,secondary feed descriptive coverage; no diversion attribution
4456501,2024-09-01,BBT W Toll Plaza - Manhattan Portal,Manhattan,720,8630.0,26.993638888888885,34.9475,secondary feed descriptive coverage; no diversion attribution
4456501,2024-10-01,BBT W Toll Plaza - Manhattan Portal,Manhattan,744,8924.0,30.454690860215045,36.66,secondary feed descriptive coverage; no diversion attribution
4456501,2024-11-01,BBT W Toll Plaza - Manhattan Portal,Manhattan,719,8624.0,27.94048678720446,35.72,secondary feed descriptive coverage; no diversion attribution
4456501,2024-12-01,BBT W Toll Plaza - Manhattan Portal,Manhattan,606,7193.0,27.944867986798673,33.705,secondary feed descriptive coverage; no diversion attribution
4456501,2025-01-01,BBT W Toll Plaza - Manhattan Portal,Manhattan,744,8922.0,29.92805779569892,38.21,secondary feed descriptive coverage; no diversion attribution
4456501,2025-02-01,BBT W Toll Plaza - Manhattan Portal,Manhattan,672,8064.0,32.49128720238094,38.52,secondary feed descriptive coverage; no diversion attribution
4456501,2025-03-01,BBT W Toll Plaza - Manhattan Portal,Manhattan,743,8912.0,30.434946164199182,37.28,secondary feed descriptive coverage; no diversion attribution
4456501,2025-04-01,BBT W Toll Plaza - Manhattan Portal,Manhattan,720,8640.0,30.347895833333343,36.66,secondary feed descriptive coverage; no diversion attribution
4456501,2025-05-01,BBT W Toll Plaza - Manhattan Portal,Manhattan,738,8819.0,26.961856368563705,32.31,secondary feed descriptive coverage; no diversion attribution
4456501,2025-06-01,BBT W Toll Plaza - Manhattan Portal,Manhattan,700,8292.0,27.05437857142857,33.55,secondary feed descriptive coverage; no diversion attribution
4456501,2025-07-01,BBT W Toll Plaza - Manhattan Portal,Manhattan,744,8818.0,29.189858870967733,36.66,secondary feed descriptive coverage; no diversion attribution
4456501,2025-08-01,BBT W Toll Plaza - Manhattan Portal,Manhattan,743,8805.0,28.49598923283983,35.41,secondary feed descriptive coverage; no diversion attribution
4456501,2025-09-01,BBT W Toll Plaza - Manhattan Portal,Manhattan,720,8536.0,25.413854166666663,31.5275,secondary feed descriptive coverage; no diversion attribution
4456501,2025-10-01,BBT W Toll Plaza - Manhattan Portal,Manhattan,734,8701.0,27.323085831062667,34.17,secondary feed descriptive coverage; no diversion attribution
4456501,2025-11-01,BBT W Toll Plaza - Manhattan Portal,Manhattan,715,8492.0,15.941391608391607,11.8,secondary feed descriptive coverage; no diversion attribution
4456501,2025-12-01,BBT W Toll Plaza - Manhattan Portal,Manhattan,740,8747.0,26.30933783783785,32.614999999999995,secondary feed descriptive coverage; no diversion attribution
4456501,2026-01-01,BBT W Toll Plaza - Manhattan Portal,Manhattan,743,8901.0,27.876675639300124,36.345,secondary feed descriptive coverage; no diversion attribution
4456501,2026-02-01,BBT W Toll Plaza - Manhattan Portal,Manhattan,672,8048.0,27.60029761904762,34.79,secondary feed descriptive coverage; no diversion attribution
4456501,2026-03-01,BBT W Toll Plaza - Manhattan Portal,Manhattan,331,3950.0,27.998564954682774,34.79,secondary feed descriptive coverage; no diversion attribution
4456501,2026-04-01,BBT W Toll Plaza - Manhattan Portal,Manhattan,477,5696.0,27.181970649895185,33.55,secondary feed descriptive coverage; no diversion attribution
4456501,2026-05-01,BBT W Toll Plaza - Manhattan Portal,Manhattan,182,2161.0,24.500961538461535,27.96,secondary feed descriptive coverage; no diversion attribution
4456501,2026-07-01,BBT W Toll Plaza - Manhattan Portal,Manhattan,696,8232.0,22.91992816091955,22.36,secondary feed descriptive coverage; no diversion attribution
4456502,2023-01-01,BBT E Manhattan Portal - Toll Plaza,Manhattan,557,6656.0,32.414551166965865,37.59,secondary feed descriptive coverage; no diversion attribution
4456502,2023-02-01,BBT E Manhattan Portal - Toll Plaza,Manhattan,661,7888.0,30.99723903177004,36.66,secondary feed descriptive coverage; no diversion attribution
4456502,2023-03-01,BBT E Manhattan Portal - Toll Plaza,Manhattan,743,8910.0,29.342523553162856,35.41,secondary feed descriptive coverage; no diversion attribution
4456502,2023-04-01,BBT E Manhattan Portal - Toll Plaza,Manhattan,720,8636.0,31.817152777777775,36.66,secondary feed descriptive coverage; no diversion attribution
4456502,2023-05-01,BBT E Manhattan Portal - Toll Plaza,Manhattan,468,5598.0,30.4750641025641,35.099999999999994,secondary feed descriptive coverage; no diversion attribution
4456502,2023-06-01,BBT E Manhattan Portal - Toll Plaza,Manhattan,541,6475.0,30.82682070240296,35.72,secondary feed descriptive coverage; no diversion attribution
4456502,2023-07-01,BBT E Manhattan Portal - Toll Plaza,Manhattan,629,7516.0,31.584562798092225,36.655,secondary feed descriptive coverage; no diversion attribution
4456502,2023-08-01,BBT E Manhattan Portal - Toll Plaza,Manhattan,741,8872.0,28.465863697705807,34.79,secondary feed descriptive coverage; no diversion attribution
4456502,2023-09-01,BBT E Manhattan Portal - Toll Plaza,Manhattan,703,8392.0,30.459758179231883,35.724999999999994,secondary feed descriptive coverage; no diversion attribution
4456502,2023-10-01,BBT E Manhattan Portal - Toll Plaza,Manhattan,744,8891.0,29.144361559139774,35.099999999999994,secondary feed descriptive coverage; no diversion attribution
4456502,2023-11-01,BBT E Manhattan Portal - Toll Plaza,Manhattan,706,8432.0,29.931218130311617,36.03,secondary feed descriptive coverage; no diversion attribution
4456502,2023-12-01,BBT E Manhattan Portal - Toll Plaza,Manhattan,744,8928.0,31.610100806451644,36.345,secondary feed descriptive coverage; no diversion attribution
4456502,2024-01-01,BBT E Manhattan Portal - Toll Plaza,Manhattan,682,8174.0,32.99903958944281,37.28,secondary feed descriptive coverage; no diversion attribution
4456502,2024-02-01,BBT E Manhattan Portal - Toll Plaza,Manhattan,416,4974.0,30.04098557692308,35.72,secondary feed descriptive coverage; no diversion attribution
4456502,2024-03-01,BBT E Manhattan Portal - Toll Plaza,Manhattan,717,8573.0,31.229065550906547,36.345,secondary feed descriptive coverage; no diversion attribution
4456502,2024-04-01,BBT E Manhattan Portal - Toll Plaza,Manhattan,720,8626.0,29.11330555555555,35.41,secondary feed descriptive coverage; no diversion attribution
4456502,2024-05-01,BBT E Manhattan Portal - Toll Plaza,Manhattan,744,8902.0,28.339885752688183,33.55,secondary feed descriptive coverage; no diversion attribution
4456502,2024-06-01,BBT E Manhattan Portal - Toll Plaza,Manhattan,720,8603.0,29.65134027777776,34.480000000000004,secondary feed descriptive coverage; no diversion attribution
4456502,2024-07-01,BBT E Manhattan Portal - Toll Plaza,Manhattan,729,8717.0,26.671172839506173,34.480000000000004,secondary feed descriptive coverage; no diversion attribution
4456502,2024-08-01,BBT E Manhattan Portal - Toll Plaza,Manhattan,689,8196.0,29.701044992743107,36.03,secondary feed descriptive coverage; no diversion attribution
4456502,2024-09-01,BBT E Manhattan Portal - Toll Plaza,Manhattan,720,8630.0,31.434111111111108,35.72,secondary feed descriptive coverage; no diversion attribution
4456502,2024-10-01,BBT E Manhattan Portal - Toll Plaza,Manhattan,744,8924.0,29.756754032258048,35.72,secondary feed descriptive coverage; no diversion attribution
4456502,2024-11-01,BBT E Manhattan Portal - Toll Plaza,Manhattan,719,8624.0,32.37707927677329,36.97,secondary feed descriptive coverage; no diversion attribution
4456502,2024-12-01,BBT E Manhattan Portal - Toll Plaza,Manhattan,606,7196.0,30.995660066006604,35.41,secondary feed descriptive coverage; no diversion attribution
4456502,2025-01-01,BBT E Manhattan Portal - Toll Plaza,Manhattan,744,8923.0,30.925094086021502,37.2775,secondary feed descriptive coverage; no diversion attribution
4456502,2025-02-01,BBT E Manhattan Portal - Toll Plaza,Manhattan,672,8064.0,32.33594494047618,37.28,secondary feed descriptive coverage; no diversion attribution
4456502,2025-03-01,BBT E Manhattan Portal - Toll Plaza,Manhattan,743,8912.0,32.55539030955585,36.97,secondary feed descriptive coverage; no diversion attribution
4456502,2025-04-01,BBT E Manhattan Portal - Toll Plaza,Manhattan,720,8640.0,30.90097916666666,35.8775,secondary feed descriptive coverage; no diversion attribution
4456502,2025-05-01,BBT E Manhattan Portal - Toll Plaza,Manhattan,738,8820.0,28.367560975609752,34.48,secondary feed descriptive coverage; no diversion attribution
4456502,2025-06-01,BBT E Manhattan Portal - Toll Plaza,Manhattan,700,8292.0,29.900792857142847,35.41,secondary feed descriptive coverage; no diversion attribution
4456502,2025-07-01,BBT E Manhattan Portal - Toll Plaza,Manhattan,744,8818.0,31.844314516129053,36.345,secondary feed descriptive coverage; no diversion attribution
4456502,2025-08-01,BBT E Manhattan Portal - Toll Plaza,Manhattan,743,8805.0,31.238418573351286,36.03,secondary feed descriptive coverage; no diversion attribution
4456502,2025-09-01,BBT E Manhattan Portal - Toll Plaza,Manhattan,720,8536.0,29.760062499999993,35.41,secondary feed descriptive coverage; no diversion attribution
4456502,2025-10-01,BBT E Manhattan Portal - Toll Plaza,Manhattan,734,8701.0,29.464632152588557,35.254999999999995,secondary feed descriptive coverage; no diversion attribution
4456502,2025-11-01,BBT E Manhattan Portal - Toll Plaza,Manhattan,715,8492.0,18.31644755244756,21.12,secondary feed descriptive coverage; no diversion attribution
4456502,2025-12-01,BBT E Manhattan Portal - Toll Plaza,Manhattan,740,8749.0,28.3737837837838,34.480000000000004,secondary feed descriptive coverage; no diversion attribution
4456502,2026-01-01,BBT E Manhattan Portal - Toll Plaza,Manhattan,743,8901.0,30.7150807537012,36.655,secondary feed descriptive coverage; no diversion attribution
4456502,2026-02-01,BBT E Manhattan Portal - Toll Plaza,Manhattan,672,8048.0,29.423779761904775,35.567499999999995,secondary feed descriptive coverage; no diversion attribution
4456502,2026-03-01,BBT E Manhattan Portal - Toll Plaza,Manhattan,331,3950.0,27.579214501510577,33.55,secondary feed descriptive coverage; no diversion attribution
4456502,2026-04-01,BBT E Manhattan Portal - Toll Plaza,Manhattan,477,5696.0,27.42474842767295,34.17,secondary feed descriptive coverage; no diversion attribution
4456502,2026-05-01,BBT E Manhattan Portal - Toll Plaza,Manhattan,182,2161.0,28.47107142857142,34.325,secondary feed descriptive coverage; no diversion attribution
4456502,2026-07-01,BBT E Manhattan Portal - Toll Plaza,Manhattan,696,8232.0,23.51860632183908,31.065,secondary feed descriptive coverage; no diversion attribution
4456505,2023-01-01,TNB N Queens Anchorage - Toll Plaza,Queens,557,6656.0,49.82571813285457,50.95,secondary feed descriptive coverage; no diversion attribution
4456505,2023-02-01,TNB N Queens Anchorage - Toll Plaza,Queens,661,7888.0,50.13902420574886,50.95,secondary feed descriptive coverage; no diversion attribution
4456505,2023-03-01,TNB N Queens Anchorage - Toll Plaza,Queens,743,8910.0,47.58502691790041,50.015,secondary feed descriptive coverage; no diversion attribution
4456505,2023-04-01,TNB N Queens Anchorage - Toll Plaza,Queens,720,8636.0,49.14537499999999,50.33,secondary feed descriptive coverage; no diversion attribution
4456505,2023-05-01,TNB N Queens Anchorage - Toll Plaza,Queens,468,5598.0,49.881250000000016,50.95,secondary feed descriptive coverage; no diversion attribution
4456505,2023-06-01,TNB N Queens Anchorage - Toll Plaza,Queens,541,6475.0,48.521626617375226,50.015,secondary feed descriptive coverage; no diversion attribution
4456505,2023-07-01,TNB N Queens Anchorage - Toll Plaza,Queens,629,7515.0,47.05023052464229,50.325,secondary feed descriptive coverage; no diversion attribution
4456505,2023-08-01,TNB N Queens Anchorage - Toll Plaza,Queens,741,8872.0,37.22202429149796,48.150000000000006,secondary feed descriptive coverage; no diversion attribution
4456505,2023-09-01,TNB N Queens Anchorage - Toll Plaza,Queens,703,8391.0,46.291308677098144,49.7,secondary feed descriptive coverage; no diversion attribution
4456505,2023-10-01,TNB N Queens Anchorage - Toll Plaza,Queens,744,8891.0,46.32606182795701,50.33,secondary feed descriptive coverage; no diversion attribution
4456505,2023-11-01,TNB N Queens Anchorage - Toll Plaza,Queens,706,8433.0,45.05940509915013,50.3275,secondary feed descriptive coverage; no diversion attribution
4456505,2023-12-01,TNB N Queens Anchorage - Toll Plaza,Queens,744,8928.0,49.59135752688172,50.33,secondary feed descriptive coverage; no diversion attribution
4456505,2024-01-01,TNB N Queens Anchorage - Toll Plaza,Queens,682,8174.0,44.23922287390028,50.015,secondary feed descriptive coverage; no diversion attribution
4456505,2024-02-01,TNB N Queens Anchorage - Toll Plaza,Queens,416,4974.0,50.25205528846153,50.64,secondary feed descriptive coverage; no diversion attribution
4456505,2024-03-01,TNB N Queens Anchorage - Toll Plaza,Queens,717,8573.0,49.64466527196652,50.33,secondary feed descriptive coverage; no diversion attribution
4456505,2024-04-01,TNB N Queens Anchorage - Toll Plaza,Queens,720,8626.0,49.783451388888885,50.95,secondary feed descriptive coverage; no diversion attribution
4456505,2024-05-01,TNB N Queens Anchorage - Toll Plaza,Queens,744,8902.0,48.018151881720435,50.33,secondary feed descriptive coverage; no diversion attribution
4456505,2024-06-01,TNB N Queens Anchorage - Toll Plaza,Queens,720,8603.0,43.12768055555556,49.39,secondary feed descriptive coverage; no diversion attribution
4456505,2024-07-01,TNB N Queens Anchorage - Toll Plaza,Queens,729,8716.0,36.26164609053499,48.46,secondary feed descriptive coverage; no diversion attribution
4456505,2024-08-01,TNB N Queens Anchorage - Toll Plaza,Queens,689,8194.0,41.31820754716979,49.7,secondary feed descriptive coverage; no diversion attribution
4456505,2024-09-01,TNB N Queens Anchorage - Toll Plaza,Queens,720,8630.0,47.92206250000003,50.33,secondary feed descriptive coverage; no diversion attribution
4456505,2024-10-01,TNB N Queens Anchorage - Toll Plaza,Queens,744,8923.0,49.67022177419352,50.4825,secondary feed descriptive coverage; no diversion attribution
4456505,2024-11-01,TNB N Queens Anchorage - Toll Plaza,Queens,719,8615.0,47.472983310152934,49.7,secondary feed descriptive coverage; no diversion attribution
4456505,2024-12-01,TNB N Queens Anchorage - Toll Plaza,Queens,606,7179.0,47.1761881188119,49.39,secondary feed descriptive coverage; no diversion attribution
4456505,2025-01-01,TNB N Queens Anchorage - Toll Plaza,Queens,744,8914.0,45.40467741935482,49.7,secondary feed descriptive coverage; no diversion attribution
4456505,2025-02-01,TNB N Queens Anchorage - Toll Plaza,Queens,672,8064.0,41.460163690476186,48.769999999999996,secondary feed descriptive coverage; no diversion attribution
4456505,2025-03-01,TNB N Queens Anchorage - Toll Plaza,Queens,743,8912.0,43.78935397039028,50.33,secondary feed descriptive coverage; no diversion attribution
4456505,2025-04-01,TNB N Queens Anchorage - Toll Plaza,Queens,720,8640.0,48.06910416666666,50.33,secondary feed descriptive coverage; no diversion attribution
4456505,2025-05-01,TNB N Queens Anchorage - Toll Plaza,Queens,738,8819.0,42.84418021680216,49.39,secondary feed descriptive coverage; no diversion attribution
4456505,2025-06-01,TNB N Queens Anchorage - Toll Plaza,Queens,700,8292.0,43.38660000000001,49.7,secondary feed descriptive coverage; no diversion attribution
4456505,2025-07-01,TNB N Queens Anchorage - Toll Plaza,Queens,744,8818.0,47.88695564516128,49.7,secondary feed descriptive coverage; no diversion attribution
4456505,2025-08-01,TNB N Queens Anchorage - Toll Plaza,Queens,743,8805.0,43.600679676985166,48.769999999999996,secondary feed descriptive coverage; no diversion attribution
4456505,2025-09-01,TNB N Queens Anchorage - Toll Plaza,Queens,720,8535.0,42.24240972222221,47.84,secondary feed descriptive coverage; no diversion attribution
4456505,2025-10-01,TNB N Queens Anchorage - Toll Plaza,Queens,734,8701.0,45.00558583106268,49.08,secondary feed descriptive coverage; no diversion attribution
4456505,2025-11-01,TNB N Queens Anchorage - Toll Plaza,Queens,715,8492.0,25.156314685314683,33.86,secondary feed descriptive coverage; no diversion attribution
4456505,2025-12-01,TNB N Queens Anchorage - Toll Plaza,Queens,740,8742.0,45.8843716216216,49.08,secondary feed descriptive coverage; no diversion attribution
4456505,2026-01-01,TNB N Queens Anchorage - Toll Plaza,Queens,743,8901.0,46.09326379542396,49.7,secondary feed descriptive coverage; no diversion attribution
4456505,2026-02-01,TNB N Queens Anchorage - Toll Plaza,Queens,672,8048.0,48.03696428571427,50.015,secondary feed descriptive coverage; no diversion attribution
4456505,2026-03-01,TNB N Queens Anchorage - Toll Plaza,Queens,331,3951.0,50.42850453172206,51.260000000000005,secondary feed descriptive coverage; no diversion attribution
4456505,2026-04-01,TNB N Queens Anchorage - Toll Plaza,Queens,477,5696.0,46.062620545073365,50.015,secondary feed descriptive coverage; no diversion attribution
4456505,2026-05-01,TNB N Queens Anchorage - Toll Plaza,Queens,182,2161.0,48.75387362637362,50.17,secondary feed descriptive coverage; no diversion attribution
4456505,2026-07-01,TNB N Queens Anchorage - Toll Plaza,Queens,696,8232.0,13.576860632183903,0.0,secondary feed descriptive coverage; no diversion attribution
4456506,2023-01-01,TNB S Toll Plaza - Queens Anchorage,Queens,557,6656.0,47.42095152603231,49.7,secondary feed descriptive coverage; no diversion attribution
4456506,2023-02-01,TNB S Toll Plaza - Queens Anchorage,Queens,661,7888.0,46.82536308623298,49.7,secondary feed descriptive coverage; no diversion attribution
4456506,2023-03-01,TNB S Toll Plaza - Queens Anchorage,Queens,743,8910.0,43.93971063257067,48.769999999999996,secondary feed descriptive coverage; no diversion attribution
4456506,2023-04-01,TNB S Toll Plaza - Queens Anchorage,Queens,720,8636.0,44.39729166666666,48.46,secondary feed descriptive coverage; no diversion attribution
4456506,2023-05-01,TNB S Toll Plaza - Queens Anchorage,Queens,468,5598.0,42.43383547008547,48.46,secondary feed descriptive coverage; no diversion attribution
4456506,2023-06-01,TNB S Toll Plaza - Queens Anchorage,Queens,541,6475.0,41.89548059149723,45.980000000000004,secondary feed descriptive coverage; no diversion attribution
4456506,2023-07-01,TNB S Toll Plaza - Queens Anchorage,Queens,629,7515.0,43.75512718600953,48.46,secondary feed descriptive coverage; no diversion attribution
4456506,2023-08-01,TNB S Toll Plaza - Queens Anchorage,Queens,741,8872.0,39.86782726045885,44.42,secondary feed descriptive coverage; no diversion attribution
4456506,2023-09-01,TNB S Toll Plaza - Queens Anchorage,Queens,703,8392.0,42.49125177809387,47.53,secondary feed descriptive coverage; no diversion attribution
4456506,2023-10-01,TNB S Toll Plaza - Queens Anchorage,Queens,744,8891.0,40.59358198924732,45.98,secondary feed descriptive coverage; no diversion attribution
4456506,2023-11-01,TNB S Toll Plaza - Queens Anchorage,Queens,706,8433.0,40.66082861189804,47.53,secondary feed descriptive coverage; no diversion attribution
4456506,2023-12-01,TNB S Toll Plaza - Queens Anchorage,Queens,744,8928.0,45.290168010752694,49.08,secondary feed descriptive coverage; no diversion attribution
4456506,2024-01-01,TNB S Toll Plaza - Queens Anchorage,Queens,682,8174.0,47.55848973607039,49.7,secondary feed descriptive coverage; no diversion attribution
4456506,2024-02-01,TNB S Toll Plaza - Queens Anchorage,Queens,416,4974.0,47.21662259615384,49.7,secondary feed descriptive coverage; no diversion attribution
4456506,2024-03-01,TNB S Toll Plaza - Queens Anchorage,Queens,717,8574.0,45.58753138075313,49.08,secondary feed descriptive coverage; no diversion attribution
4456506,2024-04-01,TNB S Toll Plaza - Queens Anchorage,Queens,720,8626.0,45.18740972222222,48.769999999999996,secondary feed descriptive coverage; no diversion attribution
4456506,2024-05-01,TNB S Toll Plaza - Queens Anchorage,Queens,744,8902.0,41.13967741935484,47.84,secondary feed descriptive coverage; no diversion attribution
4456506,2024-06-01,TNB S Toll Plaza - Queens Anchorage,Queens,720,8603.0,42.98100694444444,47.53,secondary feed descriptive coverage; no diversion attribution
4456506,2024-07-01,TNB S Toll Plaza - Queens Anchorage,Queens,729,8715.0,44.4148491083676,48.46,secondary feed descriptive coverage; no diversion attribution
4456506,2024-08-01,TNB S Toll Plaza - Queens Anchorage,Queens,689,8194.0,36.157293178519595,44.73,secondary feed descriptive coverage; no diversion attribution
4456506,2024-09-01,TNB S Toll Plaza - Queens Anchorage,Queens,720,8630.0,45.51527083333334,48.46,secondary feed descriptive coverage; no diversion attribution
4456506,2024-10-01,TNB S Toll Plaza - Queens Anchorage,Queens,744,8923.0,45.19246639784947,48.46,secondary feed descriptive coverage; no diversion attribution
4456506,2024-11-01,TNB S Toll Plaza - Queens Anchorage,Queens,719,8615.0,44.571856745479835,49.08,secondary feed descriptive coverage; no diversion attribution
4456506,2024-12-01,TNB S Toll Plaza - Queens Anchorage,Queens,606,7176.0,45.86935643564356,48.769999999999996,secondary feed descriptive coverage; no diversion attribution
4456506,2025-01-01,TNB S Toll Plaza - Queens Anchorage,Queens,744,8913.0,45.41116263440863,50.325,secondary feed descriptive coverage; no diversion attribution
4456506,2025-02-01,TNB S Toll Plaza - Queens Anchorage,Queens,672,8064.0,48.186860119047616,49.7,secondary feed descriptive coverage; no diversion attribution
4456506,2025-03-01,TNB S Toll Plaza - Queens Anchorage,Queens,743,8912.0,46.2821938088829,49.08,secondary feed descriptive coverage; no diversion attribution
4456506,2025-04-01,TNB S Toll Plaza - Queens Anchorage,Queens,720,8640.0,44.62484027777779,48.769999999999996,secondary feed descriptive coverage; no diversion attribution
4456506,2025-05-01,TNB S Toll Plaza - Queens Anchorage,Queens,738,8819.0,42.55624661246612,48.150000000000006,secondary feed descriptive coverage; no diversion attribution
4456506,2025-06-01,TNB S Toll Plaza - Queens Anchorage,Queens,700,8292.0,38.72010714285714,44.1125,secondary feed descriptive coverage; no diversion attribution
4456506,2025-07-01,TNB S Toll Plaza - Queens Anchorage,Queens,744,8818.0,36.93590725806453,40.072500000000005,secondary feed descriptive coverage; no diversion attribution
4456506,2025-08-01,TNB S Toll Plaza - Queens Anchorage,Queens,743,8805.0,36.569454912516825,37.9,secondary feed descriptive coverage; no diversion attribution
4456506,2025-09-01,TNB S Toll Plaza - Queens Anchorage,Queens,720,8534.0,41.06819444444445,46.6,secondary feed descriptive coverage; no diversion attribution
4456506,2025-10-01,TNB S Toll Plaza - Queens Anchorage,Queens,734,8701.0,41.948855585831026,47.065,secondary feed descriptive coverage; no diversion attribution
4456506,2025-11-01,TNB S Toll Plaza - Queens Anchorage,Queens,715,8492.0,35.19044755244755,45.67,secondary feed descriptive coverage; no diversion attribution
4456506,2025-12-01,TNB S Toll Plaza - Queens Anchorage,Queens,740,8742.0,43.251702702702715,48.46,secondary feed descriptive coverage; no diversion attribution
4456506,2026-01-01,TNB S Toll Plaza - Queens Anchorage,Queens,743,8901.0,46.87974427994614,49.39,secondary feed descriptive coverage; no diversion attribution
4456506,2026-02-01,TNB S Toll Plaza - Queens Anchorage,Queens,672,8048.0,46.351897321428545,49.39,secondary feed descriptive coverage; no diversion attribution
4456506,2026-03-01,TNB S Toll Plaza - Queens Anchorage,Queens,331,3951.0,46.096752265861035,48.769999999999996,secondary feed descriptive coverage; no diversion attribution
4456506,2026-04-01,TNB S Toll Plaza - Queens Anchorage,Queens,477,5696.0,42.82552410901468,48.150000000000006,secondary feed descriptive coverage; no diversion attribution
4456506,2026-05-01,TNB S Toll Plaza - Queens Anchorage,Queens,182,2161.0,42.98197802197801,48.46,secondary feed descriptive coverage; no diversion attribution
4456506,2026-07-01,TNB S Toll Plaza - Queens Anchorage,Queens,696,8232.0,31.210869252873543,28.58,secondary feed descriptive coverage; no diversion attribution
4456510,2023-01-01,QMT W Toll Plaza - Manhattan Side,Queens,557,6656.0,25.874955116696587,26.71,secondary feed descriptive coverage; no diversion attribution
4456510,2023-02-01,QMT W Toll Plaza - Manhattan Side,Queens,661,7888.0,24.06832072617246,22.674999999999997,secondary feed descriptive coverage; no diversion attribution
4456510,2023-03-01,QMT W Toll Plaza - Manhattan Side,Queens,743,8910.0,21.386265141318976,18.950000000000003,secondary feed descriptive coverage; no diversion attribution
4456510,2023-04-01,QMT W Toll Plaza - Manhattan Side,Queens,720,8636.0,22.269305555555544,19.564999999999998,secondary feed descriptive coverage; no diversion attribution
4456510,2023-05-01,QMT W Toll Plaza - Manhattan Side,Queens,468,5598.0,19.314636752136746,14.6,secondary feed descriptive coverage; no diversion attribution
4456510,2023-06-01,QMT W Toll Plaza - Manhattan Side,Queens,541,6475.0,3.663345656192235,0.0,secondary feed descriptive coverage; no diversion attribution
4456510,2023-07-01,QMT W Toll Plaza - Manhattan Side,Queens,629,7515.0,24.09406200317965,23.92,secondary feed descriptive coverage; no diversion attribution
4456510,2023-08-01,QMT W Toll Plaza - Manhattan Side,Queens,741,8872.0,22.041045883940615,19.255000000000003,secondary feed descriptive coverage; no diversion attribution
4456510,2023-09-01,QMT W Toll Plaza - Manhattan Side,Queens,703,8392.0,19.709630156472272,16.15,secondary feed descriptive coverage; no diversion attribution
4456510,2023-10-01,QMT W Toll Plaza - Manhattan Side,Queens,744,8891.0,20.813380376344085,17.39,secondary feed descriptive coverage; no diversion attribution
4456510,2023-11-01,QMT W Toll Plaza - Manhattan Side,Queens,706,8433.0,25.77233002832861,30.13,secondary feed descriptive coverage; no diversion attribution
4456510,2023-12-01,QMT W Toll Plaza - Manhattan Side,Queens,744,8928.0,23.372110215053755,27.805,secondary feed descriptive coverage; no diversion attribution
4456510,2024-01-01,QMT W Toll Plaza - Manhattan Side,Queens,682,8174.0,25.896282991202355,30.75,secondary feed descriptive coverage; no diversion attribution
4456510,2024-02-01,QMT W Toll Plaza - Manhattan Side,Queens,416,4974.0,27.749915865384608,31.6825,secondary feed descriptive coverage; no diversion attribution
4456510,2024-03-01,QMT W Toll Plaza - Manhattan Side,Queens,717,8574.0,27.68152022315203,31.06,secondary feed descriptive coverage; no diversion attribution
4456510,2024-04-01,QMT W Toll Plaza - Manhattan Side,Queens,720,8626.0,22.063631944444463,23.299999999999997,secondary feed descriptive coverage; no diversion attribution
4456510,2024-05-01,QMT W Toll Plaza - Manhattan Side,Queens,744,8902.0,24.863373655913986,27.8025,secondary feed descriptive coverage; no diversion attribution
4456510,2024-06-01,QMT W Toll Plaza - Manhattan Side,Queens,720,8603.0,25.65444444444445,28.27,secondary feed descriptive coverage; no diversion attribution
4456510,2024-07-01,QMT W Toll Plaza - Manhattan Side,Queens,729,8716.0,18.744581618655683,17.395,secondary feed descriptive coverage; no diversion attribution
4456510,2024-08-01,QMT W Toll Plaza - Manhattan Side,Queens,689,8196.0,26.39708998548623,29.2,secondary feed descriptive coverage; no diversion attribution
4456510,2024-09-01,QMT W Toll Plaza - Manhattan Side,Queens,720,8630.0,24.98668749999999,27.3375,secondary feed descriptive coverage; no diversion attribution
4456510,2024-10-01,QMT W Toll Plaza - Manhattan Side,Queens,744,8924.0,25.599092741935483,27.96,secondary feed descriptive coverage; no diversion attribution
4456510,2024-11-01,QMT W Toll Plaza - Manhattan Side,Queens,719,8618.0,25.58958970792769,29.2,secondary feed descriptive coverage; no diversion attribution
4456510,2024-12-01,QMT W Toll Plaza - Manhattan Side,Queens,606,7182.0,20.848127062706276,18.637500000000003,secondary feed descriptive coverage; no diversion attribution
4456510,2025-01-01,QMT W Toll Plaza - Manhattan Side,Queens,744,8918.0,29.58432795698926,32.93,secondary feed descriptive coverage; no diversion attribution
4456510,2025-02-01,QMT W Toll Plaza - Manhattan Side,Queens,672,8064.0,10.863370535714285,0.0,secondary feed descriptive coverage; no diversion attribution
4456510,2025-03-01,QMT W Toll Plaza - Manhattan Side,Queens,743,8912.0,17.334670255720056,16.77,secondary feed descriptive coverage; no diversion attribution
4456510,2025-04-01,QMT W Toll Plaza - Manhattan Side,Queens,720,8640.0,20.835784722222222,22.985,secondary feed descriptive coverage; no diversion attribution
4456510,2025-05-01,QMT W Toll Plaza - Manhattan Side,Queens,738,8819.0,15.585731707317066,13.67,secondary feed descriptive coverage; no diversion attribution
4456510,2025-06-01,QMT W Toll Plaza - Manhattan Side,Queens,700,8292.0,22.01745,22.674999999999997,secondary feed descriptive coverage; no diversion attribution
4456510,2025-07-01,QMT W Toll Plaza - Manhattan Side,Queens,744,8818.0,26.263978494623657,30.130000000000003,secondary feed descriptive coverage; no diversion attribution
4456510,2025-08-01,QMT W Toll Plaza - Manhattan Side,Queens,743,8805.0,23.415518169582768,25.785,secondary feed descriptive coverage; no diversion attribution
4456510,2025-09-01,QMT W Toll Plaza - Manhattan Side,Queens,720,8535.0,21.889673611111103,19.88,secondary feed descriptive coverage; no diversion attribution
4456510,2025-10-01,QMT W Toll Plaza - Manhattan Side,Queens,734,8701.0,18.687002724795637,15.53,secondary feed descriptive coverage; no diversion attribution
4456510,2025-11-01,QMT W Toll Plaza - Manhattan Side,Queens,715,8492.0,10.231349650349653,0.0,secondary feed descriptive coverage; no diversion attribution
4456510,2025-12-01,QMT W Toll Plaza - Manhattan Side,Queens,740,8741.0,23.333162162162164,28.89,secondary feed descriptive coverage; no diversion attribution
4456510,2026-01-01,QMT W Toll Plaza - Manhattan Side,Queens,743,8901.0,25.8856594885599,31.06,secondary feed descriptive coverage; no diversion attribution
4456510,2026-02-01,QMT W Toll Plaza - Manhattan Side,Queens,66,779.0,19.28757575757576,25.16,secondary feed descriptive coverage; no diversion attribution
4456510,2026-03-01,QMT W Toll Plaza - Manhattan Side,Queens,204,2422.0,28.97110294117647,31.369999999999997,secondary feed descriptive coverage; no diversion attribution
4456510,2026-04-01,QMT W Toll Plaza - Manhattan Side,Queens,477,5696.0,23.74879454926624,27.96,secondary feed descriptive coverage; no diversion attribution
4456510,2026-05-01,QMT W Toll Plaza - Manhattan Side,Queens,182,2161.0,23.142554945054943,21.8975,secondary feed descriptive coverage; no diversion attribution
4456510,2026-07-01,QMT W Toll Plaza - Manhattan Side,Queens,696,8231.0,24.229647988505736,28.27,secondary feed descriptive coverage; no diversion attribution
4456511,2023-01-01,QMT E Manhattan Side - Toll Plaza,Manhattan,557,6656.0,32.53187612208261,34.17,secondary feed descriptive coverage; no diversion attribution
4456511,2023-02-01,QMT E Manhattan Side - Toll Plaza,Manhattan,661,7888.0,31.70960665658093,33.55,secondary feed descriptive coverage; no diversion attribution
4456511,2023-03-01,QMT E Manhattan Side - Toll Plaza,Manhattan,743,8910.0,29.20364064602961,32.31,secondary feed descriptive coverage; no diversion attribution
4456511,2023-04-01,QMT E Manhattan Side - Toll Plaza,Manhattan,720,8636.0,29.924125000000014,32.31,secondary feed descriptive coverage; no diversion attribution
4456511,2023-05-01,QMT E Manhattan Side - Toll Plaza,Manhattan,468,5598.0,27.27938034188035,30.75,secondary feed descriptive coverage; no diversion attribution
4456511,2023-06-01,QMT E Manhattan Side - Toll Plaza,Manhattan,541,6475.0,4.919334565619223,0.0,secondary feed descriptive coverage; no diversion attribution
4456511,2023-07-01,QMT E Manhattan Side - Toll Plaza,Manhattan,629,7515.0,30.331740858505594,32.31,secondary feed descriptive coverage; no diversion attribution
4456511,2023-08-01,QMT E Manhattan Side - Toll Plaza,Manhattan,741,8872.0,28.639095816464238,31.68,secondary feed descriptive coverage; no diversion attribution
4456511,2023-09-01,QMT E Manhattan Side - Toll Plaza,Manhattan,703,8392.0,28.279480796586068,31.369999999999997,secondary feed descriptive coverage; no diversion attribution
4456511,2023-10-01,QMT E Manhattan Side - Toll Plaza,Manhattan,744,8890.0,27.324455645161304,29.82,secondary feed descriptive coverage; no diversion attribution
4456511,2023-11-01,QMT E Manhattan Side - Toll Plaza,Manhattan,706,8432.0,28.673852691218148,31.369999999999997,secondary feed descriptive coverage; no diversion attribution
4456511,2023-12-01,QMT E Manhattan Side - Toll Plaza,Manhattan,744,8928.0,25.8113239247312,31.060000000000002,secondary feed descriptive coverage; no diversion attribution
4456511,2024-01-01,QMT E Manhattan Side - Toll Plaza,Manhattan,682,8174.0,27.04651759530792,32.305,secondary feed descriptive coverage; no diversion attribution
4456511,2024-02-01,QMT E Manhattan Side - Toll Plaza,Manhattan,416,4974.0,29.494807692307702,31.68,secondary feed descriptive coverage; no diversion attribution
4456511,2024-03-01,QMT E Manhattan Side - Toll Plaza,Manhattan,717,8573.0,29.224330543933068,31.68,secondary feed descriptive coverage; no diversion attribution
4456511,2024-04-01,QMT E Manhattan Side - Toll Plaza,Manhattan,720,8626.0,23.71480555555556,29.2,secondary feed descriptive coverage; no diversion attribution
4456511,2024-05-01,QMT E Manhattan Side - Toll Plaza,Manhattan,744,8902.0,27.880215053763457,30.75,secondary feed descriptive coverage; no diversion attribution
4456511,2024-06-01,QMT E Manhattan Side - Toll Plaza,Manhattan,720,8603.0,28.9588263888889,31.375,secondary feed descriptive coverage; no diversion attribution
4456511,2024-07-01,QMT E Manhattan Side - Toll Plaza,Manhattan,729,8717.0,21.37675582990399,28.575000000000003,secondary feed descriptive coverage; no diversion attribution
4456511,2024-08-01,QMT E Manhattan Side - Toll Plaza,Manhattan,689,8196.0,27.914970972423802,31.369999999999997,secondary feed descriptive coverage; no diversion attribution
4456511,2024-09-01,QMT E Manhattan Side - Toll Plaza,Manhattan,720,8630.0,29.27211805555557,31.68,secondary feed descriptive coverage; no diversion attribution
4456511,2024-10-01,QMT E Manhattan Side - Toll Plaza,Manhattan,744,8924.0,29.006216397849478,31.369999999999997,secondary feed descriptive coverage; no diversion attribution
4456511,2024-11-01,QMT E Manhattan Side - Toll Plaza,Manhattan,719,8618.0,29.329095966620308,32.620000000000005,secondary feed descriptive coverage; no diversion attribution
4456511,2024-12-01,QMT E Manhattan Side - Toll Plaza,Manhattan,606,7182.0,23.776278877887805,30.439999999999998,secondary feed descriptive coverage; no diversion attribution
4456511,2025-01-01,QMT E Manhattan Side - Toll Plaza,Manhattan,744,8918.0,30.45318548387096,33.55,secondary feed descriptive coverage; no diversion attribution
4456511,2025-02-01,QMT E Manhattan Side - Toll Plaza,Manhattan,672,8064.0,11.33721726190476,0.0,secondary feed descriptive coverage; no diversion attribution
4456511,2025-03-01,QMT E Manhattan Side - Toll Plaza,Manhattan,743,8912.0,18.98891655450875,27.025,secondary feed descriptive coverage; no diversion attribution
4456511,2025-04-01,QMT E Manhattan Side - Toll Plaza,Manhattan,720,8640.0,23.77806944444447,31.06,secondary feed descriptive coverage; no diversion attribution
4456511,2025-05-01,QMT E Manhattan Side - Toll Plaza,Manhattan,738,8819.0,19.495406504065045,24.384999999999998,secondary feed descriptive coverage; no diversion attribution
4456511,2025-06-01,QMT E Manhattan Side - Toll Plaza,Manhattan,700,8292.0,25.388035714285724,30.44,secondary feed descriptive coverage; no diversion attribution
4456511,2025-07-01,QMT E Manhattan Side - Toll Plaza,Manhattan,744,8818.0,29.04551075268819,31.68,secondary feed descriptive coverage; no diversion attribution
4456511,2025-08-01,QMT E Manhattan Side - Toll Plaza,Manhattan,743,8805.0,26.282442799461656,30.44,secondary feed descriptive coverage; no diversion attribution
4456511,2025-09-01,QMT E Manhattan Side - Toll Plaza,Manhattan,720,8535.0,26.81521527777779,30.44,secondary feed descriptive coverage; no diversion attribution
4456511,2025-10-01,QMT E Manhattan Side - Toll Plaza,Manhattan,734,8701.0,22.063331062670326,27.96,secondary feed descriptive coverage; no diversion attribution
4456511,2025-11-01,QMT E Manhattan Side - Toll Plaza,Manhattan,715,8492.0,12.072174825174825,0.0,secondary feed descriptive coverage; no diversion attribution
4456511,2025-12-01,QMT E Manhattan Side - Toll Plaza,Manhattan,740,8742.0,26.271932432432447,31.06,secondary feed descriptive coverage; no diversion attribution
4456511,2026-01-01,QMT E Manhattan Side - Toll Plaza,Manhattan,743,8901.0,28.06378196500674,31.68,secondary feed descriptive coverage; no diversion attribution
4456511,2026-02-01,QMT E Manhattan Side - Toll Plaza,Manhattan,672,8048.0,27.651495535714286,31.215,secondary feed descriptive coverage; no diversion attribution
4456511,2026-03-01,QMT E Manhattan Side - Toll Plaza,Manhattan,331,3951.0,29.627129909365564,31.68,secondary feed descriptive coverage; no diversion attribution
4456511,2026-04-01,QMT E Manhattan Side - Toll Plaza,Manhattan,477,5696.0,27.24281970649895,31.06,secondary feed descriptive coverage; no diversion attribution
4456511,2026-05-01,QMT E Manhattan Side - Toll Plaza,Manhattan,182,2161.0,27.669285714285706,29.82,secondary feed descriptive coverage; no diversion attribution
4456511,2026-07-01,QMT E Manhattan Side - Toll Plaza,Manhattan,696,8231.0,26.916709770114963,30.75,secondary feed descriptive coverage; no diversion attribution
4575278,2024-05-01,MDE N VAN CORTLAND PARK - NYST N EXIT 1 (MP.48),Bronx,1,1.0,54.05,54.05,secondary feed descriptive coverage; no diversion attribution
4575278,2024-08-01,MDE N VAN CORTLAND PARK - NYST N EXIT 1 (MP.48),Bronx,126,1488.0,51.98257936507936,52.19,secondary feed descriptive coverage; no diversion attribution
4575278,2024-09-01,MDE N VAN CORTLAND PARK - NYST N EXIT 1 (MP.48),Bronx,650,7775.0,51.98706153846155,52.81,secondary feed descriptive coverage; no diversion attribution
4575278,2024-10-01,MDE N VAN CORTLAND PARK - NYST N EXIT 1 (MP.48),Bronx,744,8923.0,52.081465053763424,52.81,secondary feed descriptive coverage; no diversion attribution
4575278,2024-11-01,MDE N VAN CORTLAND PARK - NYST N EXIT 1 (MP.48),Bronx,716,8570.0,51.73886173184357,52.81,secondary feed descriptive coverage; no diversion attribution
4575278,2024-12-01,MDE N VAN CORTLAND PARK - NYST N EXIT 1 (MP.48),Bronx,606,7184.0,51.58769801980194,52.5,secondary feed descriptive coverage; no diversion attribution
4575278,2025-01-01,MDE N VAN CORTLAND PARK - NYST N EXIT 1 (MP.48),Bronx,744,8904.0,52.95497311827957,53.739999999999995,secondary feed descriptive coverage; no diversion attribution
4575278,2025-02-01,MDE N VAN CORTLAND PARK - NYST N EXIT 1 (MP.48),Bronx,672,8064.0,52.30385416666669,52.81,secondary feed descriptive coverage; no diversion attribution
4575278,2025-03-01,MDE N VAN CORTLAND PARK - NYST N EXIT 1 (MP.48),Bronx,737,8823.0,52.27891451831751,53.120000000000005,secondary feed descriptive coverage; no diversion attribution
4575278,2025-04-01,MDE N VAN CORTLAND PARK - NYST N EXIT 1 (MP.48),Bronx,720,8623.0,52.14337499999999,52.81,secondary feed descriptive coverage; no diversion attribution
4575278,2025-05-01,MDE N VAN CORTLAND PARK - NYST N EXIT 1 (MP.48),Bronx,744,8895.0,51.558400537634405,52.19,secondary feed descriptive coverage; no diversion attribution
4575278,2025-06-01,MDE N VAN CORTLAND PARK - NYST N EXIT 1 (MP.48),Bronx,693,8165.0,51.5020707070707,52.19,secondary feed descriptive coverage; no diversion attribution
4575278,2025-07-01,MDE N VAN CORTLAND PARK - NYST N EXIT 1 (MP.48),Bronx,744,8800.0,51.594072580645175,52.19,secondary feed descriptive coverage; no diversion attribution
4575278,2025-08-01,MDE N VAN CORTLAND PARK - NYST N EXIT 1 (MP.48),Bronx,743,8814.0,52.30691790040378,52.19,secondary feed descriptive coverage; no diversion attribution
4575278,2025-09-01,MDE N VAN CORTLAND PARK - NYST N EXIT 1 (MP.48),Bronx,720,8535.0,48.509138888888884,51.879999999999995,secondary feed descriptive coverage; no diversion attribution
4575278,2025-10-01,MDE N VAN CORTLAND PARK - NYST N EXIT 1 (MP.48),Bronx,734,8701.0,50.741423705722035,52.19,secondary feed descriptive coverage; no diversion attribution
4575278,2025-11-01,MDE N VAN CORTLAND PARK - NYST N EXIT 1 (MP.48),Bronx,715,8493.0,41.12652447552446,51.57,secondary feed descriptive coverage; no diversion attribution
4575278,2025-12-01,MDE N VAN CORTLAND PARK - NYST N EXIT 1 (MP.48),Bronx,739,8763.0,25.65233423545331,0.0,secondary feed descriptive coverage; no diversion attribution
4575278,2026-01-01,MDE N VAN CORTLAND PARK - NYST N EXIT 1 (MP.48),Bronx,743,8901.0,51.4976379542396,52.5,secondary feed descriptive coverage; no diversion attribution
4575278,2026-02-01,MDE N VAN CORTLAND PARK - NYST N EXIT 1 (MP.48),Bronx,672,8039.0,50.525230654761884,52.19,secondary feed descriptive coverage; no diversion attribution
4575278,2026-03-01,MDE N VAN CORTLAND PARK - NYST N EXIT 1 (MP.48),Bronx,743,8896.0,51.15995962314943,52.19,secondary feed descriptive coverage; no diversion attribution
4575278,2026-04-01,MDE N VAN CORTLAND PARK - NYST N EXIT 1 (MP.48),Bronx,477,5694.0,51.946645702306085,53.120000000000005,secondary feed descriptive coverage; no diversion attribution
4575278,2026-05-01,MDE N VAN CORTLAND PARK - NYST N EXIT 1 (MP.48),Bronx,736,8782.0,57.85272418478262,58.405,secondary feed descriptive coverage; no diversion attribution
4575278,2026-07-01,MDE N VAN CORTLAND PARK - NYST N EXIT 1 (MP.48),Bronx,696,8232.0,49.97104166666666,63.37,secondary feed descriptive coverage; no diversion attribution
4616192,2023-01-01,SIE E CLOVE ROAD - FINGERBOARD ROAD,Staten Island,557,6656.0,52.22932675044885,55.3,secondary feed descriptive coverage; no diversion attribution
4616192,2023-02-01,SIE E CLOVE ROAD - FINGERBOARD ROAD,Staten Island,661,7887.0,52.9299546142209,54.68,secondary feed descriptive coverage; no diversion attribution
4616192,2023-03-01,SIE E CLOVE ROAD - FINGERBOARD ROAD,Staten Island,743,8912.0,51.792436069986536,54.364999999999995,secondary feed descriptive coverage; no diversion attribution
4616192,2023-04-01,SIE E CLOVE ROAD - FINGERBOARD ROAD,Staten Island,720,8636.0,52.69318055555557,54.364999999999995,secondary feed descriptive coverage; no diversion attribution
4616192,2023-05-01,SIE E CLOVE ROAD - FINGERBOARD ROAD,Staten Island,468,5604.0,52.279444444444444,54.989999999999995,secondary feed descriptive coverage; no diversion attribution
4616192,2023-06-01,SIE E CLOVE ROAD - FINGERBOARD ROAD,Staten Island,541,6477.0,52.334316081330854,54.68,secondary feed descriptive coverage; no diversion attribution
4616192,2023-07-01,SIE E CLOVE ROAD - FINGERBOARD ROAD,Staten Island,629,7526.0,52.5741414944356,54.364999999999995,secondary feed descriptive coverage; no diversion attribution
4616192,2023-08-01,SIE E CLOVE ROAD - FINGERBOARD ROAD,Staten Island,741,8879.0,50.420418353576224,54.05,secondary feed descriptive coverage; no diversion attribution
4616192,2023-09-01,SIE E CLOVE ROAD - FINGERBOARD ROAD,Staten Island,708,8468.0,50.71494350282484,54.05,secondary feed descriptive coverage; no diversion attribution
4616192,2023-10-01,SIE E CLOVE ROAD - FINGERBOARD ROAD,Staten Island,744,8925.0,49.81722446236559,54.68,secondary feed descriptive coverage; no diversion attribution
4616192,2023-11-01,SIE E CLOVE ROAD - FINGERBOARD ROAD,Staten Island,706,8448.0,46.89771246458924,54.68,secondary feed descriptive coverage; no diversion attribution
4616192,2023-12-01,SIE E CLOVE ROAD - FINGERBOARD ROAD,Staten Island,744,8928.0,52.05936827956988,54.989999999999995,secondary feed descriptive coverage; no diversion attribution
4616192,2024-01-01,SIE E CLOVE ROAD - FINGERBOARD ROAD,Staten Island,682,8174.0,52.88773460410558,55.61,secondary feed descriptive coverage; no diversion attribution
4616192,2024-02-01,SIE E CLOVE ROAD - FINGERBOARD ROAD,Staten Island,416,4974.0,53.41448317307694,55.61,secondary feed descriptive coverage; no diversion attribution
4616192,2024-03-01,SIE E CLOVE ROAD - FINGERBOARD ROAD,Staten Island,717,8574.0,51.00006276150626,55.3,secondary feed descriptive coverage; no diversion attribution
4616192,2024-04-01,SIE E CLOVE ROAD - FINGERBOARD ROAD,Staten Island,720,8634.0,53.24068055555558,55.61,secondary feed descriptive coverage; no diversion attribution
4616192,2024-05-01,SIE E CLOVE ROAD - FINGERBOARD ROAD,Staten Island,744,8913.0,52.14643817204303,55.61,secondary feed descriptive coverage; no diversion attribution
4616192,2024-06-01,SIE E CLOVE ROAD - FINGERBOARD ROAD,Staten Island,720,8603.0,48.221361111111115,54.68,secondary feed descriptive coverage; no diversion attribution
4616192,2024-07-01,SIE E CLOVE ROAD - FINGERBOARD ROAD,Staten Island,729,8716.0,47.55707133058986,54.989999999999995,secondary feed descriptive coverage; no diversion attribution
4616192,2024-08-01,SIE E CLOVE ROAD - FINGERBOARD ROAD,Staten Island,701,8344.0,47.86334522111269,54.364999999999995,secondary feed descriptive coverage; no diversion attribution
4616192,2024-09-01,SIE E CLOVE ROAD - FINGERBOARD ROAD,Staten Island,720,8640.0,47.79407638888887,52.19,secondary feed descriptive coverage; no diversion attribution
4616192,2024-10-01,SIE E CLOVE ROAD - FINGERBOARD ROAD,Staten Island,744,8923.0,50.10086693548391,55.61,secondary feed descriptive coverage; no diversion attribution
4616192,2024-11-01,SIE E CLOVE ROAD - FINGERBOARD ROAD,Staten Island,719,8618.0,50.21135605006955,54.68,secondary feed descriptive coverage; no diversion attribution
4616192,2024-12-01,SIE E CLOVE ROAD - FINGERBOARD ROAD,Staten Island,606,7182.0,48.809752475247514,53.120000000000005,secondary feed descriptive coverage; no diversion attribution
4616192,2025-01-01,SIE E CLOVE ROAD - FINGERBOARD ROAD,Staten Island,744,8918.0,49.99673387096777,54.364999999999995,secondary feed descriptive coverage; no diversion attribution
4616192,2025-02-01,SIE E CLOVE ROAD - FINGERBOARD ROAD,Staten Island,672,8064.0,46.63807291666667,53.739999999999995,secondary feed descriptive coverage; no diversion attribution
4616192,2025-03-01,SIE E CLOVE ROAD - FINGERBOARD ROAD,Staten Island,743,8912.0,47.805255720053836,54.68,secondary feed descriptive coverage; no diversion attribution
4616192,2025-04-01,SIE E CLOVE ROAD - FINGERBOARD ROAD,Staten Island,720,8640.0,42.96549305555554,45.355,secondary feed descriptive coverage; no diversion attribution
4616192,2025-05-01,SIE E CLOVE ROAD - FINGERBOARD ROAD,Staten Island,744,8907.0,15.063118279569892,0.0,secondary feed descriptive coverage; no diversion attribution
4616192,2025-06-01,SIE E CLOVE ROAD - FINGERBOARD ROAD,Staten Island,700,8292.0,8.291099999999997,0.0,secondary feed descriptive coverage; no diversion attribution
4616192,2025-07-01,SIE E CLOVE ROAD - FINGERBOARD ROAD,Staten Island,744,8826.0,36.42245295698926,52.5,secondary feed descriptive coverage; no diversion attribution
4616192,2025-08-01,SIE E CLOVE ROAD - FINGERBOARD ROAD,Staten Island,744,8848.0,50.68988575268816,54.519999999999996,secondary feed descriptive coverage; no diversion attribution
4616192,2025-09-01,SIE E CLOVE ROAD - FINGERBOARD ROAD,Staten Island,720,8535.0,51.58783333333333,55.3,secondary feed descriptive coverage; no diversion attribution
4616192,2025-10-01,SIE E CLOVE ROAD - FINGERBOARD ROAD,Staten Island,734,8701.0,47.579897820163495,54.68,secondary feed descriptive coverage; no diversion attribution
4616192,2025-11-01,SIE E CLOVE ROAD - FINGERBOARD ROAD,Staten Island,718,8564.0,23.829909470752085,0.0,secondary feed descriptive coverage; no diversion attribution
4616192,2025-12-01,SIE E CLOVE ROAD - FINGERBOARD ROAD,Staten Island,740,8861.0,36.040831081081066,51.57,secondary feed descriptive coverage; no diversion attribution
4616192,2026-01-01,SIE E CLOVE ROAD - FINGERBOARD ROAD,Staten Island,743,8901.0,35.06856662180353,53.43,secondary feed descriptive coverage; no diversion attribution
4616192,2026-02-01,SIE E CLOVE ROAD - FINGERBOARD ROAD,Staten Island,672,8048.0,27.894672619047615,4.1875,secondary feed descriptive coverage; no diversion attribution
4616192,2026-03-01,SIE E CLOVE ROAD - FINGERBOARD ROAD,Staten Island,743,8902.0,37.74259084791387,52.81,secondary feed descriptive coverage; no diversion attribution
4616192,2026-04-01,SIE E CLOVE ROAD - FINGERBOARD ROAD,Staten Island,477,5711.0,44.634853249475896,54.05,secondary feed descriptive coverage; no diversion attribution
4616192,2026-05-01,SIE E CLOVE ROAD - FINGERBOARD ROAD,Staten Island,736,8772.0,51.49397418478263,54.989999999999995,secondary feed descriptive coverage; no diversion attribution
4616192,2026-07-01,SIE E CLOVE ROAD - FINGERBOARD ROAD,Staten Island,695,8268.0,52.38792086330937,54.68,secondary feed descriptive coverage; no diversion attribution
4616193,2023-01-01,SIE E BRADLEY AVENUE - CLOVE ROAD,Staten Island,557,6656.0,52.75982046678636,54.68,secondary feed descriptive coverage; no diversion attribution
4616193,2023-02-01,SIE E BRADLEY AVENUE - CLOVE ROAD,Staten Island,661,7887.0,52.92198184568834,54.05,secondary feed descriptive coverage; no diversion attribution
4616193,2023-03-01,SIE E BRADLEY AVENUE - CLOVE ROAD,Staten Island,743,8912.0,51.87238896366081,53.43,secondary feed descriptive coverage; no diversion attribution
4616193,2023-04-01,SIE E BRADLEY AVENUE - CLOVE ROAD,Staten Island,720,8636.0,52.83094444444446,53.43,secondary feed descriptive coverage; no diversion attribution
4616193,2023-05-01,SIE E BRADLEY AVENUE - CLOVE ROAD,Staten Island,468,5604.0,51.601634615384604,52.81,secondary feed descriptive coverage; no diversion attribution
4616193,2023-06-01,SIE E BRADLEY AVENUE - CLOVE ROAD,Staten Island,541,6477.0,51.40215341959334,52.19,secondary feed descriptive coverage; no diversion attribution
4616193,2023-07-01,SIE E BRADLEY AVENUE - CLOVE ROAD,Staten Island,629,7526.0,51.074356120826714,52.19,secondary feed descriptive coverage; no diversion attribution
4616193,2023-08-01,SIE E BRADLEY AVENUE - CLOVE ROAD,Staten Island,741,8879.0,50.855506072874505,52.5,secondary feed descriptive coverage; no diversion attribution
4616193,2023-09-01,SIE E BRADLEY AVENUE - CLOVE ROAD,Staten Island,708,8468.0,50.151942090395515,52.19,secondary feed descriptive coverage; no diversion attribution
4616193,2023-10-01,SIE E BRADLEY AVENUE - CLOVE ROAD,Staten Island,744,8925.0,50.2746505376344,52.655,secondary feed descriptive coverage; no diversion attribution
4616193,2023-11-01,SIE E BRADLEY AVENUE - CLOVE ROAD,Staten Island,706,8448.0,49.60021246458921,52.345,secondary feed descriptive coverage; no diversion attribution
4616193,2023-12-01,SIE E BRADLEY AVENUE - CLOVE ROAD,Staten Island,744,8928.0,44.69938172043011,48.769999999999996,secondary feed descriptive coverage; no diversion attribution
4616193,2024-01-01,SIE E BRADLEY AVENUE - CLOVE ROAD,Staten Island,682,8174.0,50.299582111436955,52.81,secondary feed descriptive coverage; no diversion attribution
4616193,2024-02-01,SIE E BRADLEY AVENUE - CLOVE ROAD,Staten Island,416,4974.0,52.15995192307691,53.120000000000005,secondary feed descriptive coverage; no diversion attribution
4616193,2024-03-01,SIE E BRADLEY AVENUE - CLOVE ROAD,Staten Island,717,8574.0,50.99886331938629,53.43,secondary feed descriptive coverage; no diversion attribution
4616193,2024-04-01,SIE E BRADLEY AVENUE - CLOVE ROAD,Staten Island,720,8634.0,51.82877083333333,52.965,secondary feed descriptive coverage; no diversion attribution
4616193,2024-05-01,SIE E BRADLEY AVENUE - CLOVE ROAD,Staten Island,744,8913.0,50.4638306451613,52.5,secondary feed descriptive coverage; no diversion attribution
4616193,2024-06-01,SIE E BRADLEY AVENUE - CLOVE ROAD,Staten Island,720,8604.0,51.36136805555553,52.19,secondary feed descriptive coverage; no diversion attribution
4616193,2024-07-01,SIE E BRADLEY AVENUE - CLOVE ROAD,Staten Island,729,8716.0,52.88601508916326,52.81,secondary feed descriptive coverage; no diversion attribution
4616193,2024-08-01,SIE E BRADLEY AVENUE - CLOVE ROAD,Staten Island,701,8344.0,52.699201141226816,52.81,secondary feed descriptive coverage; no diversion attribution
4616193,2024-09-01,SIE E BRADLEY AVENUE - CLOVE ROAD,Staten Island,720,8640.0,47.42907638888887,51.260000000000005,secondary feed descriptive coverage; no diversion attribution
4616193,2024-10-01,SIE E BRADLEY AVENUE - CLOVE ROAD,Staten Island,744,8923.0,48.643272849462356,51.879999999999995,secondary feed descriptive coverage; no diversion attribution
4616193,2024-11-01,SIE E BRADLEY AVENUE - CLOVE ROAD,Staten Island,719,8618.0,51.26805285118222,53.739999999999995,secondary feed descriptive coverage; no diversion attribution
4616193,2024-12-01,SIE E BRADLEY AVENUE - CLOVE ROAD,Staten Island,606,7182.0,50.8877722772277,52.5,secondary feed descriptive coverage; no diversion attribution
4616193,2025-01-01,SIE E BRADLEY AVENUE - CLOVE ROAD,Staten Island,744,8918.0,52.17393817204305,54.05,secondary feed descriptive coverage; no diversion attribution
4616193,2025-02-01,SIE E BRADLEY AVENUE - CLOVE ROAD,Staten Island,672,8064.0,52.59745535714286,54.05,secondary feed descriptive coverage; no diversion attribution
4616193,2025-03-01,SIE E BRADLEY AVENUE - CLOVE ROAD,Staten Island,743,8912.0,34.33769179004039,46.91,secondary feed descriptive coverage; no diversion attribution
4616193,2025-04-01,SIE E BRADLEY AVENUE - CLOVE ROAD,Staten Island,720,8640.0,6.28086111111111,0.0,secondary feed descriptive coverage; no diversion attribution
4616193,2025-05-01,SIE E BRADLEY AVENUE - CLOVE ROAD,Staten Island,744,8906.0,6.71284946236559,0.0,secondary feed descriptive coverage; no diversion attribution
4616193,2025-06-01,SIE E BRADLEY AVENUE - CLOVE ROAD,Staten Island,700,8292.0,8.290664285714284,0.0,secondary feed descriptive coverage; no diversion attribution
4616193,2025-07-01,SIE E BRADLEY AVENUE - CLOVE ROAD,Staten Island,744,8826.0,4.28431451612903,0.0,secondary feed descriptive coverage; no diversion attribution
4616193,2025-08-01,SIE E BRADLEY AVENUE - CLOVE ROAD,Staten Island,744,8848.0,1.7011491935483867,0.0,secondary feed descriptive coverage; no diversion attribution
4616193,2025-09-01,SIE E BRADLEY AVENUE - CLOVE ROAD,Staten Island,720,8535.0,0.17268749999999994,0.0,secondary feed descriptive coverage; no diversion attribution
4616193,2025-10-01,SIE E BRADLEY AVENUE - CLOVE ROAD,Staten Island,734,8701.0,0.07646457765667576,0.0,secondary feed descriptive coverage; no diversion attribution
4616193,2025-11-01,SIE E BRADLEY AVENUE - CLOVE ROAD,Staten Island,718,8564.0,5.327785515320333,0.0,secondary feed descriptive coverage; no diversion attribution
4616193,2025-12-01,SIE E BRADLEY AVENUE - CLOVE ROAD,Staten Island,740,8861.0,36.465682432432416,51.57,secondary feed descriptive coverage; no diversion attribution
4616193,2026-01-01,SIE E BRADLEY AVENUE - CLOVE ROAD,Staten Island,743,8901.0,35.06856662180352,53.43,secondary feed descriptive coverage; no diversion attribution
4616193,2026-02-01,SIE E BRADLEY AVENUE - CLOVE ROAD,Staten Island,672,8048.0,27.895141369047618,4.1875,secondary feed descriptive coverage; no diversion attribution
4616193,2026-03-01,SIE E BRADLEY AVENUE - CLOVE ROAD,Staten Island,743,8902.0,21.069145356662172,0.0,secondary feed descriptive coverage; no diversion attribution
4616193,2026-04-01,SIE E BRADLEY AVENUE - CLOVE ROAD,Staten Island,477,5711.0,33.36155136268344,52.19,secondary feed descriptive coverage; no diversion attribution
4616193,2026-05-01,SIE E BRADLEY AVENUE - CLOVE ROAD,Staten Island,736,8772.0,31.1676222826087,43.644999999999996,secondary feed descriptive coverage; no diversion attribution
4616193,2026-07-01,SIE E BRADLEY AVENUE - CLOVE ROAD,Staten Island,695,8268.0,18.806654676258994,0.0,secondary feed descriptive coverage; no diversion attribution
4616194,2023-01-01,SIE E WOOLEY AVENUE - BRADLEY AVENUE,Staten Island,557,6655.0,45.66307001795332,47.84,secondary feed descriptive coverage; no diversion attribution
4616194,2023-02-01,SIE E WOOLEY AVENUE - BRADLEY AVENUE,Staten Island,661,7886.0,44.00807866868383,46.6,secondary feed descriptive coverage; no diversion attribution
4616194,2023-03-01,SIE E WOOLEY AVENUE - BRADLEY AVENUE,Staten Island,743,8912.0,41.751285329744285,45.045,secondary feed descriptive coverage; no diversion attribution
4616194,2023-04-01,SIE E WOOLEY AVENUE - BRADLEY AVENUE,Staten Island,720,8636.0,40.30661805555557,43.8,secondary feed descriptive coverage; no diversion attribution
4616194,2023-05-01,SIE E WOOLEY AVENUE - BRADLEY AVENUE,Staten Island,468,5604.0,34.924519230769214,37.435,secondary feed descriptive coverage; no diversion attribution
4616194,2023-06-01,SIE E WOOLEY AVENUE - BRADLEY AVENUE,Staten Island,541,6478.0,34.778613678373404,33.86,secondary feed descriptive coverage; no diversion attribution
4616194,2023-07-01,SIE E WOOLEY AVENUE - BRADLEY AVENUE,Staten Island,629,7526.0,40.4302146263911,44.73,secondary feed descriptive coverage; no diversion attribution
4616194,2023-08-01,SIE E WOOLEY AVENUE - BRADLEY AVENUE,Staten Island,741,8879.0,41.17352226720648,45.98,secondary feed descriptive coverage; no diversion attribution
4616194,2023-09-01,SIE E WOOLEY AVENUE - BRADLEY AVENUE,Staten Island,708,8468.0,42.357704802259896,46.599999999999994,secondary feed descriptive coverage; no diversion attribution
4616194,2023-10-01,SIE E WOOLEY AVENUE - BRADLEY AVENUE,Staten Island,744,8925.0,41.65733198924728,46.9075,secondary feed descriptive coverage; no diversion attribution
4616194,2023-11-01,SIE E WOOLEY AVENUE - BRADLEY AVENUE,Staten Island,706,8448.0,42.60498583569407,47.53,secondary feed descriptive coverage; no diversion attribution
4616194,2023-12-01,SIE E WOOLEY AVENUE - BRADLEY AVENUE,Staten Island,744,8928.0,44.70649865591398,48.769999999999996,secondary feed descriptive coverage; no diversion attribution
4616194,2024-01-01,SIE E WOOLEY AVENUE - BRADLEY AVENUE,Staten Island,682,8174.0,46.254758064516125,50.33,secondary feed descriptive coverage; no diversion attribution
4616194,2024-02-01,SIE E WOOLEY AVENUE - BRADLEY AVENUE,Staten Island,416,4974.0,43.280456730769224,49.08,secondary feed descriptive coverage; no diversion attribution
4616194,2024-03-01,SIE E WOOLEY AVENUE - BRADLEY AVENUE,Staten Island,717,8574.0,41.57691771269178,47.84,secondary feed descriptive coverage; no diversion attribution
4616194,2024-04-01,SIE E WOOLEY AVENUE - BRADLEY AVENUE,Staten Island,720,8634.0,40.8967986111111,45.980000000000004,secondary feed descriptive coverage; no diversion attribution
4616194,2024-05-01,SIE E WOOLEY AVENUE - BRADLEY AVENUE,Staten Island,744,8913.0,41.438400537634394,47.22,secondary feed descriptive coverage; no diversion attribution
4616194,2024-06-01,SIE E WOOLEY AVENUE - BRADLEY AVENUE,Staten Island,720,8604.0,40.097326388888874,41.32,secondary feed descriptive coverage; no diversion attribution
4616194,2024-07-01,SIE E WOOLEY AVENUE - BRADLEY AVENUE,Staten Island,729,8716.0,42.89313443072703,44.735,secondary feed descriptive coverage; no diversion attribution
4616194,2024-08-01,SIE E WOOLEY AVENUE - BRADLEY AVENUE,Staten Island,701,8345.0,43.15328102710412,44.425,secondary feed descriptive coverage; no diversion attribution
4616194,2024-09-01,SIE E WOOLEY AVENUE - BRADLEY AVENUE,Staten Island,720,8640.0,36.66242361111109,39.14,secondary feed descriptive coverage; no diversion attribution
4616194,2024-10-01,SIE E WOOLEY AVENUE - BRADLEY AVENUE,Staten Island,744,8923.0,37.991740591397864,42.25,secondary feed descriptive coverage; no diversion attribution
4616194,2024-11-01,SIE E WOOLEY AVENUE - BRADLEY AVENUE,Staten Island,719,8615.0,44.041182197496504,50.325,secondary feed descriptive coverage; no diversion attribution
4616194,2024-12-01,SIE E WOOLEY AVENUE - BRADLEY AVENUE,Staten Island,606,7180.0,41.96202970297029,47.995000000000005,secondary feed descriptive coverage; no diversion attribution
4616194,2025-01-01,SIE E WOOLEY AVENUE - BRADLEY AVENUE,Staten Island,744,8916.0,49.40537634408601,52.19,secondary feed descriptive coverage; no diversion attribution
4616194,2025-02-01,SIE E WOOLEY AVENUE - BRADLEY AVENUE,Staten Island,672,8064.0,45.1498511904762,47.84,secondary feed descriptive coverage; no diversion attribution
4616194,2025-03-01,SIE E WOOLEY AVENUE - BRADLEY AVENUE,Staten Island,743,8912.0,31.697072678331065,39.45,secondary feed descriptive coverage; no diversion attribution
4616194,2025-04-01,SIE E WOOLEY AVENUE - BRADLEY AVENUE,Staten Island,720,8640.0,7.054159722222206,1.24,secondary feed descriptive coverage; no diversion attribution
4616194,2025-05-01,SIE E WOOLEY AVENUE - BRADLEY AVENUE,Staten Island,744,8906.0,7.522405913978475,1.24,secondary feed descriptive coverage; no diversion attribution
4616194,2025-06-01,SIE E WOOLEY AVENUE - BRADLEY AVENUE,Staten Island,700,8292.0,8.861535714285704,1.24,secondary feed descriptive coverage; no diversion attribution
4616194,2025-07-01,SIE E WOOLEY AVENUE - BRADLEY AVENUE,Staten Island,744,8826.0,4.295087365591395,0.0,secondary feed descriptive coverage; no diversion attribution
4616194,2025-08-01,SIE E WOOLEY AVENUE - BRADLEY AVENUE,Staten Island,744,8848.0,1.7661223118279579,0.0,secondary feed descriptive coverage; no diversion attribution
4616194,2025-09-01,SIE E WOOLEY AVENUE - BRADLEY AVENUE,Staten Island,720,8535.0,0.0025833333333333333,0.0,secondary feed descriptive coverage; no diversion attribution
4616194,2025-10-01,SIE E WOOLEY AVENUE - BRADLEY AVENUE,Staten Island,734,8701.0,0.0,0.0,secondary feed descriptive coverage; no diversion attribution
4616194,2025-11-01,SIE E WOOLEY AVENUE - BRADLEY AVENUE,Staten Island,718,8564.0,5.294965181058496,0.0,secondary feed descriptive coverage; no diversion attribution
4616194,2025-12-01,SIE E WOOLEY AVENUE - BRADLEY AVENUE,Staten Island,740,8861.0,36.439290540540526,51.57,secondary feed descriptive coverage; no diversion attribution
4616194,2026-01-01,SIE E WOOLEY AVENUE - BRADLEY AVENUE,Staten Island,743,8901.0,35.0285127860027,53.43,secondary feed descriptive coverage; no diversion attribution
4616194,2026-02-01,SIE E WOOLEY AVENUE - BRADLEY AVENUE,Staten Island,672,8048.0,27.819947916666674,2.17,secondary feed descriptive coverage; no diversion attribution
4616194,2026-03-01,SIE E WOOLEY AVENUE - BRADLEY AVENUE,Staten Island,743,8902.0,21.033681022880216,0.0,secondary feed descriptive coverage; no diversion attribution
4616194,2026-04-01,SIE E WOOLEY AVENUE - BRADLEY AVENUE,Staten Island,477,5711.0,33.340104821802946,52.19,secondary feed descriptive coverage; no diversion attribution
4616194,2026-05-01,SIE E WOOLEY AVENUE - BRADLEY AVENUE,Staten Island,736,8772.0,31.183627717391296,43.644999999999996,secondary feed descriptive coverage; no diversion attribution
4616194,2026-07-01,SIE E WOOLEY AVENUE - BRADLEY AVENUE,Staten Island,695,8268.0,18.772302158273376,0.0,secondary feed descriptive coverage; no diversion attribution
4616195,2023-01-01,SIE E RICHMOND AVENUE - WOOLEY AVENUE,Staten Island,557,6655.0,45.661382405745044,47.84,secondary feed descriptive coverage; no diversion attribution
4616195,2023-02-01,SIE E RICHMOND AVENUE - WOOLEY AVENUE,Staten Island,661,7886.0,44.006187594553694,46.6,secondary feed descriptive coverage; no diversion attribution
4616195,2023-03-01,SIE E RICHMOND AVENUE - WOOLEY AVENUE,Staten Island,743,8912.0,41.756729475100926,45.045,secondary feed descriptive coverage; no diversion attribution
4616195,2023-04-01,SIE E RICHMOND AVENUE - WOOLEY AVENUE,Staten Island,720,8636.0,40.304034722222234,43.8,secondary feed descriptive coverage; no diversion attribution
4616195,2023-05-01,SIE E RICHMOND AVENUE - WOOLEY AVENUE,Staten Island,468,5604.0,34.64767094017095,37.435,secondary feed descriptive coverage; no diversion attribution
4616195,2023-06-01,SIE E RICHMOND AVENUE - WOOLEY AVENUE,Staten Island,541,6478.0,34.502975970425155,34.17,secondary feed descriptive coverage; no diversion attribution
4616195,2023-07-01,SIE E RICHMOND AVENUE - WOOLEY AVENUE,Staten Island,629,7526.0,28.990381558028613,31.065,secondary feed descriptive coverage; no diversion attribution
4616195,2023-08-01,SIE E RICHMOND AVENUE - WOOLEY AVENUE,Staten Island,741,8879.0,41.170593792172745,45.98,secondary feed descriptive coverage; no diversion attribution
4616195,2023-09-01,SIE E RICHMOND AVENUE - WOOLEY AVENUE,Staten Island,708,8468.0,42.35726694915255,46.599999999999994,secondary feed descriptive coverage; no diversion attribution
4616195,2023-10-01,SIE E RICHMOND AVENUE - WOOLEY AVENUE,Staten Island,744,8925.0,41.65733198924731,46.9075,secondary feed descriptive coverage; no diversion attribution
4616195,2023-11-01,SIE E RICHMOND AVENUE - WOOLEY AVENUE,Staten Island,706,8448.0,42.60674220963172,47.53,secondary feed descriptive coverage; no diversion attribution
4616195,2023-12-01,SIE E RICHMOND AVENUE - WOOLEY AVENUE,Staten Island,744,8928.0,44.69858198924729,48.769999999999996,secondary feed descriptive coverage; no diversion attribution
4616195,2024-01-01,SIE E RICHMOND AVENUE - WOOLEY AVENUE,Staten Island,682,8174.0,46.253394428152504,50.33,secondary feed descriptive coverage; no diversion attribution
4616195,2024-02-01,SIE E RICHMOND AVENUE - WOOLEY AVENUE,Staten Island,416,4974.0,43.281213942307666,49.08,secondary feed descriptive coverage; no diversion attribution
4616195,2024-03-01,SIE E RICHMOND AVENUE - WOOLEY AVENUE,Staten Island,717,8574.0,41.575620641562054,47.84,secondary feed descriptive coverage; no diversion attribution
4616195,2024-04-01,SIE E RICHMOND AVENUE - WOOLEY AVENUE,Staten Island,720,8634.0,40.895493055555534,45.980000000000004,secondary feed descriptive coverage; no diversion attribution
4616195,2024-05-01,SIE E RICHMOND AVENUE - WOOLEY AVENUE,Staten Island,744,8913.0,41.43422043010752,47.22,secondary feed descriptive coverage; no diversion attribution
4616195,2024-06-01,SIE E RICHMOND AVENUE - WOOLEY AVENUE,Staten Island,720,8604.0,40.07916666666668,41.625,secondary feed descriptive coverage; no diversion attribution
4616195,2024-07-01,SIE E RICHMOND AVENUE - WOOLEY AVENUE,Staten Island,729,8716.0,42.870953360768155,44.735,secondary feed descriptive coverage; no diversion attribution
4616195,2024-08-01,SIE E RICHMOND AVENUE - WOOLEY AVENUE,Staten Island,701,8345.0,43.13241797432238,44.425,secondary feed descriptive coverage; no diversion attribution
4616195,2024-09-01,SIE E RICHMOND AVENUE - WOOLEY AVENUE,Staten Island,720,8640.0,36.55840277777777,38.83,secondary feed descriptive coverage; no diversion attribution
4616195,2024-10-01,SIE E RICHMOND AVENUE - WOOLEY AVENUE,Staten Island,744,8923.0,37.98465053763439,42.25,secondary feed descriptive coverage; no diversion attribution
4616195,2024-11-01,SIE E RICHMOND AVENUE - WOOLEY AVENUE,Staten Island,719,8618.0,44.039895688456184,50.325,secondary feed descriptive coverage; no diversion attribution
4616195,2024-12-01,SIE E RICHMOND AVENUE - WOOLEY AVENUE,Staten Island,606,7182.0,41.9620297029703,47.995000000000005,secondary feed descriptive coverage; no diversion attribution
4616195,2025-01-01,SIE E RICHMOND AVENUE - WOOLEY AVENUE,Staten Island,744,8918.0,49.40579973118282,52.19,secondary feed descriptive coverage; no diversion attribution
4616195,2025-02-01,SIE E RICHMOND AVENUE - WOOLEY AVENUE,Staten Island,672,8064.0,44.91686011904761,47.84,secondary feed descriptive coverage; no diversion attribution
4616195,2025-03-01,SIE E RICHMOND AVENUE - WOOLEY AVENUE,Staten Island,743,8912.0,30.394367429340516,37.900000000000006,secondary feed descriptive coverage; no diversion attribution
4616195,2025-04-01,SIE E RICHMOND AVENUE - WOOLEY AVENUE,Staten Island,720,8640.0,6.729215277777768,1.24,secondary feed descriptive coverage; no diversion attribution
4616195,2025-05-01,SIE E RICHMOND AVENUE - WOOLEY AVENUE,Staten Island,744,8906.0,7.395282258064506,1.24,secondary feed descriptive coverage; no diversion attribution
4616195,2025-06-01,SIE E RICHMOND AVENUE - WOOLEY AVENUE,Staten Island,700,8292.0,20.85352857142855,10.25,secondary feed descriptive coverage; no diversion attribution
4616195,2025-07-01,SIE E RICHMOND AVENUE - WOOLEY AVENUE,Staten Island,744,8826.0,23.913151881720417,16.77,secondary feed descriptive coverage; no diversion attribution
4616195,2025-08-01,SIE E RICHMOND AVENUE - WOOLEY AVENUE,Staten Island,744,8848.0,31.618051075268834,43.334999999999994,secondary feed descriptive coverage; no diversion attribution
4616195,2025-09-01,SIE E RICHMOND AVENUE - WOOLEY AVENUE,Staten Island,720,8535.0,44.73236805555557,53.43,secondary feed descriptive coverage; no diversion attribution
4616195,2025-10-01,SIE E RICHMOND AVENUE - WOOLEY AVENUE,Staten Island,734,8701.0,46.742104904632114,54.05,secondary feed descriptive coverage; no diversion attribution
4616195,2025-11-01,SIE E RICHMOND AVENUE - WOOLEY AVENUE,Staten Island,718,8564.0,47.347729805013905,55.1425,secondary feed descriptive coverage; no diversion attribution
4616195,2025-12-01,SIE E RICHMOND AVENUE - WOOLEY AVENUE,Staten Island,740,8861.0,49.06852027027026,53.739999999999995,secondary feed descriptive coverage; no diversion attribution
4616195,2026-01-01,SIE E RICHMOND AVENUE - WOOLEY AVENUE,Staten Island,743,8901.0,53.95852624495289,56.230000000000004,secondary feed descriptive coverage; no diversion attribution
4616195,2026-02-01,SIE E RICHMOND AVENUE - WOOLEY AVENUE,Staten Island,672,8048.0,46.09583333333332,53.739999999999995,secondary feed descriptive coverage; no diversion attribution
4616195,2026-03-01,SIE E RICHMOND AVENUE - WOOLEY AVENUE,Staten Island,743,8902.0,38.67233512786002,48.150000000000006,secondary feed descriptive coverage; no diversion attribution
4616195,2026-04-01,SIE E RICHMOND AVENUE - WOOLEY AVENUE,Staten Island,477,5711.0,49.023406708595424,52.5,secondary feed descriptive coverage; no diversion attribution
4616195,2026-05-01,SIE E RICHMOND AVENUE - WOOLEY AVENUE,Staten Island,736,8771.0,44.549497282608684,49.082499999999996,secondary feed descriptive coverage; no diversion attribution
4616195,2026-07-01,SIE E RICHMOND AVENUE - WOOLEY AVENUE,Staten Island,695,8269.0,48.78423741007193,50.64,secondary feed descriptive coverage; no diversion attribution
4616196,2023-01-01,MLK S - SIE E WALKER STREET - WOOLEY AVENUE,Staten Island,557,6655.0,0.0,0.0,secondary feed descriptive coverage; no diversion attribution
4616196,2023-02-01,MLK S - SIE E WALKER STREET - WOOLEY AVENUE,Staten Island,661,7886.0,0.0,0.0,secondary feed descriptive coverage; no diversion attribution
4616196,2023-03-01,MLK S - SIE E WALKER STREET - WOOLEY AVENUE,Staten Island,743,8912.0,0.0,0.0,secondary feed descriptive coverage; no diversion attribution
4616196,2023-04-01,MLK S - SIE E WALKER STREET - WOOLEY AVENUE,Staten Island,720,8636.0,0.0,0.0,secondary feed descriptive coverage; no diversion attribution
4616196,2023-05-01,MLK S - SIE E WALKER STREET - WOOLEY AVENUE,Staten Island,468,5604.0,0.0,0.0,secondary feed descriptive coverage; no diversion attribution
4616196,2023-06-01,MLK S - SIE E WALKER STREET - WOOLEY AVENUE,Staten Island,541,6478.0,0.0,0.0,secondary feed descriptive coverage; no diversion attribution
4616196,2023-07-01,MLK S - SIE E WALKER STREET - WOOLEY AVENUE,Staten Island,629,7526.0,0.0,0.0,secondary feed descriptive coverage; no diversion attribution
4616196,2023-08-01,MLK S - SIE E WALKER STREET - WOOLEY AVENUE,Staten Island,741,8879.0,0.0,0.0,secondary feed descriptive coverage; no diversion attribution
4616196,2023-09-01,MLK S - SIE E WALKER STREET - WOOLEY AVENUE,Staten Island,708,8468.0,0.0,0.0,secondary feed descriptive coverage; no diversion attribution
4616196,2023-10-01,MLK S - SIE E WALKER STREET - WOOLEY AVENUE,Staten Island,744,8925.0,0.0,0.0,secondary feed descriptive coverage; no diversion attribution
4616196,2023-11-01,MLK S - SIE E WALKER STREET - WOOLEY AVENUE,Staten Island,706,8448.0,0.0,0.0,secondary feed descriptive coverage; no diversion attribution
4616196,2023-12-01,MLK S - SIE E WALKER STREET - WOOLEY AVENUE,Staten Island,744,8928.0,0.0,0.0,secondary feed descriptive coverage; no diversion attribution
4616196,2024-01-01,MLK S - SIE E WALKER STREET - WOOLEY AVENUE,Staten Island,682,8174.0,0.0,0.0,secondary feed descriptive coverage; no diversion attribution
4616196,2024-02-01,MLK S - SIE E WALKER STREET - WOOLEY AVENUE,Staten Island,416,4974.0,0.0,0.0,secondary feed descriptive coverage; no diversion attribution
4616196,2024-03-01,MLK S - SIE E WALKER STREET - WOOLEY AVENUE,Staten Island,717,8574.0,0.0,0.0,secondary feed descriptive coverage; no diversion attribution
4616196,2024-04-01,MLK S - SIE E WALKER STREET - WOOLEY AVENUE,Staten Island,720,8634.0,0.0,0.0,secondary feed descriptive coverage; no diversion attribution
4616196,2024-05-01,MLK S - SIE E WALKER STREET - WOOLEY AVENUE,Staten Island,744,8913.0,0.0,0.0,secondary feed descriptive coverage; no diversion attribution
4616196,2024-06-01,MLK S - SIE E WALKER STREET - WOOLEY AVENUE,Staten Island,720,8606.0,0.0,0.0,secondary feed descriptive coverage; no diversion attribution
4616196,2024-07-01,MLK S - SIE E WALKER STREET - WOOLEY AVENUE,Staten Island,729,8716.0,0.0,0.0,secondary feed descriptive coverage; no diversion attribution
4616196,2024-08-01,MLK S - SIE E WALKER STREET - WOOLEY AVENUE,Staten Island,701,8345.0,0.0,0.0,secondary feed descriptive coverage; no diversion attribution
4616196,2024-09-01,MLK S - SIE E WALKER STREET - WOOLEY AVENUE,Staten Island,720,8640.0,0.0,0.0,secondary feed descriptive coverage; no diversion attribution
4616196,2024-10-01,MLK S - SIE E WALKER STREET - WOOLEY AVENUE,Staten Island,744,8923.0,0.0,0.0,secondary feed descriptive coverage; no diversion attribution
4616196,2024-11-01,MLK S - SIE E WALKER STREET - WOOLEY AVENUE,Staten Island,719,8618.0,0.0,0.0,secondary feed descriptive coverage; no diversion attribution
4616196,2024-12-01,MLK S - SIE E WALKER STREET - WOOLEY AVENUE,Staten Island,606,7182.0,0.0,0.0,secondary feed descriptive coverage; no diversion attribution
4616196,2025-01-01,MLK S - SIE E WALKER STREET - WOOLEY AVENUE,Staten Island,744,8918.0,0.0,0.0,secondary feed descriptive coverage; no diversion attribution
4616196,2025-02-01,MLK S - SIE E WALKER STREET - WOOLEY AVENUE,Staten Island,672,8064.0,0.0,0.0,secondary feed descriptive coverage; no diversion attribution
4616196,2025-03-01,MLK S - SIE E WALKER STREET - WOOLEY AVENUE,Staten Island,743,8912.0,0.0,0.0,secondary feed descriptive coverage; no diversion attribution
4616196,2025-04-01,MLK S - SIE E WALKER STREET - WOOLEY AVENUE,Staten Island,720,8640.0,0.0,0.0,secondary feed descriptive coverage; no diversion attribution
4616196,2025-05-01,MLK S - SIE E WALKER STREET - WOOLEY AVENUE,Staten Island,744,8906.0,0.0,0.0,secondary feed descriptive coverage; no diversion attribution
4616196,2025-06-01,MLK S - SIE E WALKER STREET - WOOLEY AVENUE,Staten Island,700,8292.0,15.97065,0.0,secondary feed descriptive coverage; no diversion attribution
4616196,2025-07-01,MLK S - SIE E WALKER STREET - WOOLEY AVENUE,Staten Island,744,8826.0,18.593642473118287,0.0,secondary feed descriptive coverage; no diversion attribution
4616196,2025-08-01,MLK S - SIE E WALKER STREET - WOOLEY AVENUE,Staten Island,744,8848.0,24.76324596774194,30.442500000000003,secondary feed descriptive coverage; no diversion attribution
4616196,2025-09-01,MLK S - SIE E WALKER STREET - WOOLEY AVENUE,Staten Island,720,8535.0,39.406638888888885,47.53,secondary feed descriptive coverage; no diversion attribution
4616196,2025-10-01,MLK S - SIE E WALKER STREET - WOOLEY AVENUE,Staten Island,734,8701.0,42.290653950953676,49.08,secondary feed descriptive coverage; no diversion attribution
4616196,2025-11-01,MLK S - SIE E WALKER STREET - WOOLEY AVENUE,Staten Island,718,8564.0,43.31653203342617,50.015,secondary feed descriptive coverage; no diversion attribution
4616196,2025-12-01,MLK S - SIE E WALKER STREET - WOOLEY AVENUE,Staten Island,740,8861.0,42.793716216216225,48.769999999999996,secondary feed descriptive coverage; no diversion attribution
4616196,2026-01-01,MLK S - SIE E WALKER STREET - WOOLEY AVENUE,Staten Island,743,8901.0,41.937281292059204,49.08,secondary feed descriptive coverage; no diversion attribution
4616196,2026-02-01,MLK S - SIE E WALKER STREET - WOOLEY AVENUE,Staten Island,61,729.0,43.507213114754094,48.46,secondary feed descriptive coverage; no diversion attribution
4616196,2026-03-01,MLK S - SIE E WALKER STREET - WOOLEY AVENUE,Staten Island,273,3258.0,30.220769230769225,45.355000000000004,secondary feed descriptive coverage; no diversion attribution
4616196,2026-04-01,MLK S - SIE E WALKER STREET - WOOLEY AVENUE,Staten Island,477,5711.0,47.79751572327044,49.7,secondary feed descriptive coverage; no diversion attribution
4616196,2026-05-01,MLK S - SIE E WALKER STREET - WOOLEY AVENUE,Staten Island,736,8771.0,33.89338315217389,45.98,secondary feed descriptive coverage; no diversion attribution
4616196,2026-07-01,MLK S - SIE E WALKER STREET - WOOLEY AVENUE,Staten Island,695,8268.0,42.48945323741007,49.08,secondary feed descriptive coverage; no diversion attribution
4616197,2023-01-01,SIE E SOUTH AVENUE - RICHMOND AVENUE,Staten Island,557,6655.0,46.905673249551164,50.015,secondary feed descriptive coverage; no diversion attribution
4616197,2023-02-01,SIE E SOUTH AVENUE - RICHMOND AVENUE,Staten Island,661,7886.0,46.0221406959153,50.015,secondary feed descriptive coverage; no diversion attribution
4616197,2023-03-01,SIE E SOUTH AVENUE - RICHMOND AVENUE,Staten Island,743,8912.0,41.98248990578732,46.29,secondary feed descriptive coverage; no diversion attribution
4616197,2023-04-01,SIE E SOUTH AVENUE - RICHMOND AVENUE,Staten Island,720,8636.0,40.76836111111111,45.97749999999999,secondary feed descriptive coverage; no diversion attribution
4616197,2023-05-01,SIE E SOUTH AVENUE - RICHMOND AVENUE,Staten Island,468,5604.0,36.63347222222222,41.00749999999999,secondary feed descriptive coverage; no diversion attribution
4616197,2023-06-01,SIE E SOUTH AVENUE - RICHMOND AVENUE,Staten Island,541,6478.0,38.49651571164511,41.94,secondary feed descriptive coverage; no diversion attribution
4616197,2023-07-01,SIE E SOUTH AVENUE - RICHMOND AVENUE,Staten Island,629,7526.0,31.740667726550093,36.035,secondary feed descriptive coverage; no diversion attribution
4616197,2023-08-01,SIE E SOUTH AVENUE - RICHMOND AVENUE,Staten Island,741,8879.0,41.47334008097166,46.29,secondary feed descriptive coverage; no diversion attribution
4616197,2023-09-01,SIE E SOUTH AVENUE - RICHMOND AVENUE,Staten Island,708,8468.0,42.39849576271187,46.599999999999994,secondary feed descriptive coverage; no diversion attribution
4616197,2023-10-01,SIE E SOUTH AVENUE - RICHMOND AVENUE,Staten Island,744,8925.0,41.73999327956988,46.91,secondary feed descriptive coverage; no diversion attribution
4616197,2023-11-01,SIE E SOUTH AVENUE - RICHMOND AVENUE,Staten Island,706,8448.0,42.637953257790365,47.53,secondary feed descriptive coverage; no diversion attribution
4616197,2023-12-01,SIE E SOUTH AVENUE - RICHMOND AVENUE,Staten Island,744,8928.0,44.721935483870965,48.769999999999996,secondary feed descriptive coverage; no diversion attribution
4616197,2024-01-01,SIE E SOUTH AVENUE - RICHMOND AVENUE,Staten Island,682,8174.0,46.33811583577713,50.4825,secondary feed descriptive coverage; no diversion attribution
4616197,2024-02-01,SIE E SOUTH AVENUE - RICHMOND AVENUE,Staten Island,416,4974.0,43.384242788461506,49.235,secondary feed descriptive coverage; no diversion attribution
4616197,2024-03-01,SIE E SOUTH AVENUE - RICHMOND AVENUE,Staten Island,717,8574.0,41.63499999999998,47.84,secondary feed descriptive coverage; no diversion attribution
4616197,2024-04-01,SIE E SOUTH AVENUE - RICHMOND AVENUE,Staten Island,720,8634.0,40.94812499999999,46.1325,secondary feed descriptive coverage; no diversion attribution
4616197,2024-05-01,SIE E SOUTH AVENUE - RICHMOND AVENUE,Staten Island,744,8913.0,41.472204301075266,47.22,secondary feed descriptive coverage; no diversion attribution
4616197,2024-06-01,SIE E SOUTH AVENUE - RICHMOND AVENUE,Staten Island,720,8604.0,41.680076388888885,43.49,secondary feed descriptive coverage; no diversion attribution
4616197,2024-07-01,SIE E SOUTH AVENUE - RICHMOND AVENUE,Staten Island,729,8716.0,43.387448559670766,45.045,secondary feed descriptive coverage; no diversion attribution
4616197,2024-08-01,SIE E SOUTH AVENUE - RICHMOND AVENUE,Staten Island,701,8346.0,43.22680456490727,44.735,secondary feed descriptive coverage; no diversion attribution
4616197,2024-09-01,SIE E SOUTH AVENUE - RICHMOND AVENUE,Staten Island,720,8640.0,36.631381944444435,38.83,secondary feed descriptive coverage; no diversion attribution
4616197,2024-10-01,SIE E SOUTH AVENUE - RICHMOND AVENUE,Staten Island,744,8923.0,38.66327956989244,43.49,secondary feed descriptive coverage; no diversion attribution
4616197,2024-11-01,SIE E SOUTH AVENUE - RICHMOND AVENUE,Staten Island,719,8615.0,44.04680806675939,50.325,secondary feed descriptive coverage; no diversion attribution
4616197,2024-12-01,SIE E SOUTH AVENUE - RICHMOND AVENUE,Staten Island,606,7180.0,41.965099009900996,47.995000000000005,secondary feed descriptive coverage; no diversion attribution
4616197,2025-01-01,SIE E SOUTH AVENUE - RICHMOND AVENUE,Staten Island,744,8917.0,49.407883064516135,52.19,secondary feed descriptive coverage; no diversion attribution
4616197,2025-02-01,SIE E SOUTH AVENUE - RICHMOND AVENUE,Staten Island,672,8064.0,45.00051339285712,47.84,secondary feed descriptive coverage; no diversion attribution
4616197,2025-03-01,SIE E SOUTH AVENUE - RICHMOND AVENUE,Staten Island,743,8912.0,43.80927321668911,47.53,secondary feed descriptive coverage; no diversion attribution
4616197,2025-04-01,SIE E SOUTH AVENUE - RICHMOND AVENUE,Staten Island,720,8640.0,43.84194444444443,47.22,secondary feed descriptive coverage; no diversion attribution
4616197,2025-05-01,SIE E SOUTH AVENUE - RICHMOND AVENUE,Staten Island,744,8906.0,35.63872311827956,36.97,secondary feed descriptive coverage; no diversion attribution
4616197,2025-06-01,SIE E SOUTH AVENUE - RICHMOND AVENUE,Staten Island,700,8292.0,38.273142857142865,38.207499999999996,secondary feed descriptive coverage; no diversion attribution
4616197,2025-07-01,SIE E SOUTH AVENUE - RICHMOND AVENUE,Staten Island,744,8826.0,41.12341397849459,45.67,secondary feed descriptive coverage; no diversion attribution
4616197,2025-08-01,SIE E SOUTH AVENUE - RICHMOND AVENUE,Staten Island,744,8848.0,41.07764784946237,48.46,secondary feed descriptive coverage; no diversion attribution
4616197,2025-09-01,SIE E SOUTH AVENUE - RICHMOND AVENUE,Staten Island,720,8535.0,45.004645833333335,53.43,secondary feed descriptive coverage; no diversion attribution
4616197,2025-10-01,SIE E SOUTH AVENUE - RICHMOND AVENUE,Staten Island,734,8701.0,46.71798365122614,54.05,secondary feed descriptive coverage; no diversion attribution
4616197,2025-11-01,SIE E SOUTH AVENUE - RICHMOND AVENUE,Staten Island,718,8564.0,46.89859331476321,54.68,secondary feed descriptive coverage; no diversion attribution
4616197,2025-12-01,SIE E SOUTH AVENUE - RICHMOND AVENUE,Staten Island,740,8861.0,46.00236486486485,52.81,secondary feed descriptive coverage; no diversion attribution
4616197,2026-01-01,SIE E SOUTH AVENUE - RICHMOND AVENUE,Staten Island,743,8901.0,48.76388290713324,53.120000000000005,secondary feed descriptive coverage; no diversion attribution
4616197,2026-02-01,SIE E SOUTH AVENUE - RICHMOND AVENUE,Staten Island,672,8048.0,47.88868303571428,52.5,secondary feed descriptive coverage; no diversion attribution
4616197,2026-03-01,SIE E SOUTH AVENUE - RICHMOND AVENUE,Staten Island,743,8902.0,46.06274562584118,50.95,secondary feed descriptive coverage; no diversion attribution
4616197,2026-04-01,SIE E SOUTH AVENUE - RICHMOND AVENUE,Staten Island,477,5711.0,46.00052410901466,51.260000000000005,secondary feed descriptive coverage; no diversion attribution
4616197,2026-05-01,SIE E SOUTH AVENUE - RICHMOND AVENUE,Staten Island,736,8772.0,42.711874999999964,48.925,secondary feed descriptive coverage; no diversion attribution
4616197,2026-07-01,SIE E SOUTH AVENUE - RICHMOND AVENUE,Staten Island,695,8268.0,39.36282014388488,46.91,secondary feed descriptive coverage; no diversion attribution
4616198,2023-01-01,WSE N-SIE E SOUTH AVENUE - SOUTH AVENUE,Staten Island,557,6655.0,48.20152603231599,49.39,secondary feed descriptive coverage; no diversion attribution
4616198,2023-02-01,WSE N-SIE E SOUTH AVENUE - SOUTH AVENUE,Staten Island,661,7886.0,46.97099848714069,48.769999999999996,secondary feed descriptive coverage; no diversion attribution
4616198,2023-03-01,WSE N-SIE E SOUTH AVENUE - SOUTH AVENUE,Staten Island,743,8912.0,44.241709286675636,46.6,secondary feed descriptive coverage; no diversion attribution
4616198,2023-04-01,WSE N-SIE E SOUTH AVENUE - SOUTH AVENUE,Staten Island,720,8636.0,36.13313888888889,43.334999999999994,secondary feed descriptive coverage; no diversion attribution
4616198,2023-05-01,WSE N-SIE E SOUTH AVENUE - SOUTH AVENUE,Staten Island,468,5604.0,0.0,0.0,secondary feed descriptive coverage; no diversion attribution
4616198,2023-06-01,WSE N-SIE E SOUTH AVENUE - SOUTH AVENUE,Staten Island,541,6478.0,0.0,0.0,secondary feed descriptive coverage; no diversion attribution
4616198,2023-07-01,WSE N-SIE E SOUTH AVENUE - SOUTH AVENUE,Staten Island,629,7526.0,0.0,0.0,secondary feed descriptive coverage; no diversion attribution
4616198,2023-08-01,WSE N-SIE E SOUTH AVENUE - SOUTH AVENUE,Staten Island,741,8879.0,0.0,0.0,secondary feed descriptive coverage; no diversion attribution
4616198,2023-09-01,WSE N-SIE E SOUTH AVENUE - SOUTH AVENUE,Staten Island,708,8468.0,0.0,0.0,secondary feed descriptive coverage; no diversion attribution
4616198,2023-10-01,WSE N-SIE E SOUTH AVENUE - SOUTH AVENUE,Staten Island,744,8925.0,30.512379032258053,42.095,secondary feed descriptive coverage; no diversion attribution
4616198,2023-11-01,WSE N-SIE E SOUTH AVENUE - SOUTH AVENUE,Staten Island,706,8448.0,50.84116147308784,56.230000000000004,secondary feed descriptive coverage; no diversion attribution
4616198,2023-12-01,WSE N-SIE E SOUTH AVENUE - SOUTH AVENUE,Staten Island,744,8928.0,49.68901209677419,55.3,secondary feed descriptive coverage; no diversion attribution
4616198,2024-01-01,WSE N-SIE E SOUTH AVENUE - SOUTH AVENUE,Staten Island,682,8174.0,54.39665689149561,56.54,secondary feed descriptive coverage; no diversion attribution
4616198,2024-02-01,WSE N-SIE E SOUTH AVENUE - SOUTH AVENUE,Staten Island,416,4974.0,51.67349759615384,56.54,secondary feed descriptive coverage; no diversion attribution
4616198,2024-03-01,WSE N-SIE E SOUTH AVENUE - SOUTH AVENUE,Staten Island,717,8574.0,50.28024407252445,55.61,secondary feed descriptive coverage; no diversion attribution
4616198,2024-04-01,WSE N-SIE E SOUTH AVENUE - SOUTH AVENUE,Staten Island,720,8634.0,51.00904166666666,55.61,secondary feed descriptive coverage; no diversion attribution
4616198,2024-05-01,WSE N-SIE E SOUTH AVENUE - SOUTH AVENUE,Staten Island,744,8914.0,49.94203629032259,55.61,secondary feed descriptive coverage; no diversion attribution
4616198,2024-06-01,WSE N-SIE E SOUTH AVENUE - SOUTH AVENUE,Staten Island,720,8606.0,41.55838194444445,43.025000000000006,secondary feed descriptive coverage; no diversion attribution
4616198,2024-07-01,WSE N-SIE E SOUTH AVENUE - SOUTH AVENUE,Staten Island,729,8715.0,43.550658436214,45.045,secondary feed descriptive coverage; no diversion attribution
4616198,2024-08-01,WSE N-SIE E SOUTH AVENUE - SOUTH AVENUE,Staten Island,701,8344.0,43.34377318116973,44.42,secondary feed descriptive coverage; no diversion attribution
4616198,2024-09-01,WSE N-SIE E SOUTH AVENUE - SOUTH AVENUE,Staten Island,720,8640.0,45.246506944444455,53.739999999999995,secondary feed descriptive coverage; no diversion attribution
4616198,2024-10-01,WSE N-SIE E SOUTH AVENUE - SOUTH AVENUE,Staten Island,744,8922.0,52.89620295698928,56.849999999999994,secondary feed descriptive coverage; no diversion attribution
4616198,2024-11-01,WSE N-SIE E SOUTH AVENUE - SOUTH AVENUE,Staten Island,719,8614.0,53.1215438108484,57.16,secondary feed descriptive coverage; no diversion attribution
4616198,2024-12-01,WSE N-SIE E SOUTH AVENUE - SOUTH AVENUE,Staten Island,606,7172.0,51.17627887788779,55.92,secondary feed descriptive coverage; no diversion attribution
4616198,2025-01-01,WSE N-SIE E SOUTH AVENUE - SOUTH AVENUE,Staten Island,744,8912.0,56.82167338709681,57.78,secondary feed descriptive coverage; no diversion attribution
4616198,2025-02-01,WSE N-SIE E SOUTH AVENUE - SOUTH AVENUE,Staten Island,672,8064.0,13.724226190476188,0.0,secondary feed descriptive coverage; no diversion attribution
4616198,2025-03-01,WSE N-SIE E SOUTH AVENUE - SOUTH AVENUE,Staten Island,743,8912.0,39.919825033647385,46.29,secondary feed descriptive coverage; no diversion attribution
4616198,2025-04-01,WSE N-SIE E SOUTH AVENUE - SOUTH AVENUE,Staten Island,720,8640.0,46.96539583333334,49.705,secondary feed descriptive coverage; no diversion attribution
4616198,2025-05-01,WSE N-SIE E SOUTH AVENUE - SOUTH AVENUE,Staten Island,744,8906.0,36.44635752688171,38.832499999999996,secondary feed descriptive coverage; no diversion attribution
4616198,2025-06-01,WSE N-SIE E SOUTH AVENUE - SOUTH AVENUE,Staten Island,700,8292.0,40.90297142857142,42.405,secondary feed descriptive coverage; no diversion attribution
4616198,2025-07-01,WSE N-SIE E SOUTH AVENUE - SOUTH AVENUE,Staten Island,744,8826.0,40.545766129032245,45.67,secondary feed descriptive coverage; no diversion attribution
4616198,2025-08-01,WSE N-SIE E SOUTH AVENUE - SOUTH AVENUE,Staten Island,744,8848.0,47.257043010752696,53.43,secondary feed descriptive coverage; no diversion attribution
4616198,2025-09-01,WSE N-SIE E SOUTH AVENUE - SOUTH AVENUE,Staten Island,720,8534.0,48.023749999999986,54.364999999999995,secondary feed descriptive coverage; no diversion attribution
4616198,2025-10-01,WSE N-SIE E SOUTH AVENUE - SOUTH AVENUE,Staten Island,734,8701.0,50.830286103542214,55.61,secondary feed descriptive coverage; no diversion attribution
4616198,2025-11-01,WSE N-SIE E SOUTH AVENUE - SOUTH AVENUE,Staten Island,718,8564.0,51.224644846796636,56.54,secondary feed descriptive coverage; no diversion attribution
4616198,2025-12-01,WSE N-SIE E SOUTH AVENUE - SOUTH AVENUE,Staten Island,740,8861.0,47.961506756756755,54.05,secondary feed descriptive coverage; no diversion attribution
4616198,2026-01-01,WSE N-SIE E SOUTH AVENUE - SOUTH AVENUE,Staten Island,743,8901.0,49.352193808882944,53.120000000000005,secondary feed descriptive coverage; no diversion attribution
4616198,2026-02-01,WSE N-SIE E SOUTH AVENUE - SOUTH AVENUE,Staten Island,672,8048.0,47.694538690476215,52.19,secondary feed descriptive coverage; no diversion attribution
4616198,2026-03-01,WSE N-SIE E SOUTH AVENUE - SOUTH AVENUE,Staten Island,743,8902.0,46.13757738896367,51.260000000000005,secondary feed descriptive coverage; no diversion attribution
4616198,2026-04-01,WSE N-SIE E SOUTH AVENUE - SOUTH AVENUE,Staten Island,477,5711.0,46.115796645702275,51.260000000000005,secondary feed descriptive coverage; no diversion attribution
4616198,2026-05-01,WSE N-SIE E SOUTH AVENUE - SOUTH AVENUE,Staten Island,736,8770.0,43.10137228260871,49.2375,secondary feed descriptive coverage; no diversion attribution
4616198,2026-07-01,WSE N-SIE E SOUTH AVENUE - SOUTH AVENUE,Staten Island,695,8268.0,50.16295683453238,54.675,secondary feed descriptive coverage; no diversion attribution
4616199,2023-01-01,SIE W - WSE S SOUTH AVENUE - SOUTH AVENUE,Staten Island,557,6655.0,52.79397666068222,56.230000000000004,secondary feed descriptive coverage; no diversion attribution
4616199,2023-02-01,SIE W - WSE S SOUTH AVENUE - SOUTH AVENUE,Staten Island,661,7886.0,51.652564296520396,55.61,secondary feed descriptive coverage; no diversion attribution
4616199,2023-03-01,SIE W - WSE S SOUTH AVENUE - SOUTH AVENUE,Staten Island,743,8912.0,51.50761103633914,54.989999999999995,secondary feed descriptive coverage; no diversion attribution
4616199,2023-04-01,SIE W - WSE S SOUTH AVENUE - SOUTH AVENUE,Staten Island,720,8636.0,42.23220138888887,53.120000000000005,secondary feed descriptive coverage; no diversion attribution
4616199,2023-05-01,SIE W - WSE S SOUTH AVENUE - SOUTH AVENUE,Staten Island,468,5604.0,0.0,0.0,secondary feed descriptive coverage; no diversion attribution
4616199,2023-06-01,SIE W - WSE S SOUTH AVENUE - SOUTH AVENUE,Staten Island,541,6478.0,0.0,0.0,secondary feed descriptive coverage; no diversion attribution
4616199,2023-07-01,SIE W - WSE S SOUTH AVENUE - SOUTH AVENUE,Staten Island,629,7526.0,0.0,0.0,secondary feed descriptive coverage; no diversion attribution
4616199,2023-08-01,SIE W - WSE S SOUTH AVENUE - SOUTH AVENUE,Staten Island,741,8879.0,0.0,0.0,secondary feed descriptive coverage; no diversion attribution
4616199,2023-09-01,SIE W - WSE S SOUTH AVENUE - SOUTH AVENUE,Staten Island,708,8468.0,0.0,0.0,secondary feed descriptive coverage; no diversion attribution
4616199,2023-10-01,SIE W - WSE S SOUTH AVENUE - SOUTH AVENUE,Staten Island,744,8925.0,32.90303091397849,52.6575,secondary feed descriptive coverage; no diversion attribution
4616199,2023-11-01,SIE W - WSE S SOUTH AVENUE - SOUTH AVENUE,Staten Island,706,8448.0,55.75158640226626,59.03,secondary feed descriptive coverage; no diversion attribution
4616199,2023-12-01,SIE W - WSE S SOUTH AVENUE - SOUTH AVENUE,Staten Island,744,8928.0,55.39487903225805,58.715,secondary feed descriptive coverage; no diversion attribution
4616199,2024-01-01,SIE W - WSE S SOUTH AVENUE - SOUTH AVENUE,Staten Island,682,8174.0,55.96973607038121,59.34,secondary feed descriptive coverage; no diversion attribution
4616199,2024-02-01,SIE W - WSE S SOUTH AVENUE - SOUTH AVENUE,Staten Island,416,4974.0,54.83228365384616,59.03,secondary feed descriptive coverage; no diversion attribution
4616199,2024-03-01,SIE W - WSE S SOUTH AVENUE - SOUTH AVENUE,Staten Island,717,8574.0,55.57382147838217,59.03,secondary feed descriptive coverage; no diversion attribution
4616199,2024-04-01,SIE W - WSE S SOUTH AVENUE - SOUTH AVENUE,Staten Island,720,8634.0,55.96011805555558,58.715,secondary feed descriptive coverage; no diversion attribution
4616199,2024-05-01,SIE W - WSE S SOUTH AVENUE - SOUTH AVENUE,Staten Island,744,8914.0,55.46453629032258,58.09,secondary feed descriptive coverage; no diversion attribution
4616199,2024-06-01,SIE W - WSE S SOUTH AVENUE - SOUTH AVENUE,Staten Island,720,8604.0,47.78620138888887,53.43,secondary feed descriptive coverage; no diversion attribution
4616199,2024-07-01,SIE W - WSE S SOUTH AVENUE - SOUTH AVENUE,Staten Island,729,8716.0,49.69230452674896,54.989999999999995,secondary feed descriptive coverage; no diversion attribution
4616199,2024-08-01,SIE W - WSE S SOUTH AVENUE - SOUTH AVENUE,Staten Island,701,8346.0,47.931726105563456,53.745000000000005,secondary feed descriptive coverage; no diversion attribution
4616199,2024-09-01,SIE W - WSE S SOUTH AVENUE - SOUTH AVENUE,Staten Island,720,8640.0,53.85090972222221,58.09,secondary feed descriptive coverage; no diversion attribution
4616199,2024-10-01,SIE W - WSE S SOUTH AVENUE - SOUTH AVENUE,Staten Island,744,8923.0,54.34168010752687,57.16,secondary feed descriptive coverage; no diversion attribution
4616199,2024-11-01,SIE W - WSE S SOUTH AVENUE - SOUTH AVENUE,Staten Island,719,8615.0,53.67212795549374,56.54,secondary feed descriptive coverage; no diversion attribution
4616199,2024-12-01,SIE W - WSE S SOUTH AVENUE - SOUTH AVENUE,Staten Island,606,7180.0,52.63112211221121,55.92,secondary feed descriptive coverage; no diversion attribution
4616199,2025-01-01,SIE W - WSE S SOUTH AVENUE - SOUTH AVENUE,Staten Island,744,8916.0,52.935483870967744,56.54,secondary feed descriptive coverage; no diversion attribution
4616199,2025-02-01,SIE W - WSE S SOUTH AVENUE - SOUTH AVENUE,Staten Island,672,8064.0,13.978177083333337,0.0,secondary feed descriptive coverage; no diversion attribution
4616199,2025-03-01,SIE W - WSE S SOUTH AVENUE - SOUTH AVENUE,Staten Island,743,8912.0,41.61847913862717,51.260000000000005,secondary feed descriptive coverage; no diversion attribution
4616199,2025-04-01,SIE W - WSE S SOUTH AVENUE - SOUTH AVENUE,Staten Island,720,8640.0,50.6153125,55.92,secondary feed descriptive coverage; no diversion attribution
4616199,2025-05-01,SIE W - WSE S SOUTH AVENUE - SOUTH AVENUE,Staten Island,744,8906.0,47.40174731182795,53.739999999999995,secondary feed descriptive coverage; no diversion attribution
4616199,2025-06-01,SIE W - WSE S SOUTH AVENUE - SOUTH AVENUE,Staten Island,700,8292.0,48.889649999999996,53.120000000000005,secondary feed descriptive coverage; no diversion attribution
4616199,2025-07-01,SIE W - WSE S SOUTH AVENUE - SOUTH AVENUE,Staten Island,744,8826.0,45.46535618279572,50.95,secondary feed descriptive coverage; no diversion attribution
4616199,2025-08-01,SIE W - WSE S SOUTH AVENUE - SOUTH AVENUE,Staten Island,744,8848.0,53.973185483870964,57.78,secondary feed descriptive coverage; no diversion attribution
4616199,2025-09-01,SIE W - WSE S SOUTH AVENUE - SOUTH AVENUE,Staten Island,720,8535.0,51.86300694444447,54.989999999999995,secondary feed descriptive coverage; no diversion attribution
4616199,2025-10-01,SIE W - WSE S SOUTH AVENUE - SOUTH AVENUE,Staten Island,734,8701.0,52.88503405994551,57.16,secondary feed descriptive coverage; no diversion attribution
4616199,2025-11-01,SIE W - WSE S SOUTH AVENUE - SOUTH AVENUE,Staten Island,718,8564.0,56.732527855153165,58.715,secondary feed descriptive coverage; no diversion attribution
4616199,2025-12-01,SIE W - WSE S SOUTH AVENUE - SOUTH AVENUE,Staten Island,740,8861.0,53.135222972973,56.54,secondary feed descriptive coverage; no diversion attribution
4616199,2026-01-01,SIE W - WSE S SOUTH AVENUE - SOUTH AVENUE,Staten Island,743,8901.0,52.72341857335128,55.92,secondary feed descriptive coverage; no diversion attribution
4616199,2026-02-01,SIE W - WSE S SOUTH AVENUE - SOUTH AVENUE,Staten Island,672,8048.0,51.91020089285712,55.61,secondary feed descriptive coverage; no diversion attribution
4616199,2026-03-01,SIE W - WSE S SOUTH AVENUE - SOUTH AVENUE,Staten Island,743,8902.0,53.82460969044415,57.47,secondary feed descriptive coverage; no diversion attribution
4616199,2026-04-01,SIE W - WSE S SOUTH AVENUE - SOUTH AVENUE,Staten Island,477,5711.0,54.941320754717,57.16,secondary feed descriptive coverage; no diversion attribution
4616199,2026-05-01,SIE W - WSE S SOUTH AVENUE - SOUTH AVENUE,Staten Island,736,8772.0,52.888403532608706,56.69499999999999,secondary feed descriptive coverage; no diversion attribution
4616199,2026-07-01,SIE W - WSE S SOUTH AVENUE - SOUTH AVENUE,Staten Island,695,8268.0,56.70922302158274,58.09,secondary feed descriptive coverage; no diversion attribution
4616200,2023-01-01,WSE S SOUTH AVENUE - VICTORY BOULEVARD,Staten Island,557,6655.0,49.31433572710947,52.19,secondary feed descriptive coverage; no diversion attribution
4616200,2023-02-01,WSE S SOUTH AVENUE - VICTORY BOULEVARD,Staten Island,661,7886.0,27.374878971255672,28.58,secondary feed descriptive coverage; no diversion attribution
4616200,2023-03-01,WSE S SOUTH AVENUE - VICTORY BOULEVARD,Staten Island,743,8912.0,0.0,0.0,secondary feed descriptive coverage; no diversion attribution
4616200,2023-04-01,WSE S SOUTH AVENUE - VICTORY BOULEVARD,Staten Island,720,8636.0,0.0,0.0,secondary feed descriptive coverage; no diversion attribution
4616200,2023-05-01,WSE S SOUTH AVENUE - VICTORY BOULEVARD,Staten Island,468,5604.0,0.0,0.0,secondary feed descriptive coverage; no diversion attribution
4616200,2023-06-01,WSE S SOUTH AVENUE - VICTORY BOULEVARD,Staten Island,541,6478.0,0.0,0.0,secondary feed descriptive coverage; no diversion attribution
4616200,2023-07-01,WSE S SOUTH AVENUE - VICTORY BOULEVARD,Staten Island,629,7526.0,0.0,0.0,secondary feed descriptive coverage; no diversion attribution
4616200,2023-08-01,WSE S SOUTH AVENUE - VICTORY BOULEVARD,Staten Island,741,8879.0,0.0,0.0,secondary feed descriptive coverage; no diversion attribution
4616200,2023-09-01,WSE S SOUTH AVENUE - VICTORY BOULEVARD,Staten Island,708,8468.0,0.0,0.0,secondary feed descriptive coverage; no diversion attribution
4616200,2023-10-01,WSE S SOUTH AVENUE - VICTORY BOULEVARD,Staten Island,744,8925.0,24.23663306451612,0.0,secondary feed descriptive coverage; no diversion attribution
4616200,2023-11-01,WSE S SOUTH AVENUE - VICTORY BOULEVARD,Staten Island,706,8448.0,50.35547450424931,52.81,secondary feed descriptive coverage; no diversion attribution
4616200,2023-12-01,WSE S SOUTH AVENUE - VICTORY BOULEVARD,Staten Island,744,8928.0,50.34172043010751,52.655,secondary feed descriptive coverage; no diversion attribution
4616200,2024-01-01,WSE S SOUTH AVENUE - VICTORY BOULEVARD,Staten Island,682,8174.0,37.71686217008797,51.260000000000005,secondary feed descriptive coverage; no diversion attribution
4616200,2024-02-01,WSE S SOUTH AVENUE - VICTORY BOULEVARD,Staten Island,416,4974.0,20.455829326923077,0.0,secondary feed descriptive coverage; no diversion attribution
4616200,2024-03-01,WSE S SOUTH AVENUE - VICTORY BOULEVARD,Staten Island,717,8574.0,0.0,0.0,secondary feed descriptive coverage; no diversion attribution
4616200,2024-04-01,WSE S SOUTH AVENUE - VICTORY BOULEVARD,Staten Island,720,8634.0,0.0,0.0,secondary feed descriptive coverage; no diversion attribution
4616200,2024-05-01,WSE S SOUTH AVENUE - VICTORY BOULEVARD,Staten Island,744,8914.0,6.080866935483871,0.0,secondary feed descriptive coverage; no diversion attribution
4616200,2024-06-01,WSE S SOUTH AVENUE - VICTORY BOULEVARD,Staten Island,720,8604.0,44.143430555555554,55.3,secondary feed descriptive coverage; no diversion attribution
4616200,2024-07-01,WSE S SOUTH AVENUE - VICTORY BOULEVARD,Staten Island,729,8715.0,51.966488340192036,52.81,secondary feed descriptive coverage; no diversion attribution
4616200,2024-08-01,WSE S SOUTH AVENUE - VICTORY BOULEVARD,Staten Island,701,8344.0,51.4990870185449,52.5,secondary feed descriptive coverage; no diversion attribution
4616200,2024-09-01,WSE S SOUTH AVENUE - VICTORY BOULEVARD,Staten Island,720,8640.0,50.46282638888887,52.81,secondary feed descriptive coverage; no diversion attribution
4616200,2024-10-01,WSE S SOUTH AVENUE - VICTORY BOULEVARD,Staten Island,744,8922.0,52.91869623655915,55.92,secondary feed descriptive coverage; no diversion attribution
4616200,2024-11-01,WSE S SOUTH AVENUE - VICTORY BOULEVARD,Staten Island,719,8614.0,53.673414464534055,56.54,secondary feed descriptive coverage; no diversion attribution
4616200,2024-12-01,WSE S SOUTH AVENUE - VICTORY BOULEVARD,Staten Island,606,7172.0,52.63317656765677,55.92,secondary feed descriptive coverage; no diversion attribution
4616200,2025-01-01,WSE S SOUTH AVENUE - VICTORY BOULEVARD,Staten Island,744,8912.0,52.93423387096775,56.54,secondary feed descriptive coverage; no diversion attribution
4616200,2025-02-01,WSE S SOUTH AVENUE - VICTORY BOULEVARD,Staten Island,672,8064.0,14.246302083333333,0.0,secondary feed descriptive coverage; no diversion attribution
4616200,2025-03-01,WSE S SOUTH AVENUE - VICTORY BOULEVARD,Staten Island,743,8912.0,41.493512786002675,51.260000000000005,secondary feed descriptive coverage; no diversion attribution
4616200,2025-04-01,WSE S SOUTH AVENUE - VICTORY BOULEVARD,Staten Island,720,8640.0,49.77214583333331,52.19,secondary feed descriptive coverage; no diversion attribution
4616200,2025-05-01,WSE S SOUTH AVENUE - VICTORY BOULEVARD,Staten Island,744,8907.0,49.32494623655917,51.57,secondary feed descriptive coverage; no diversion attribution
4616200,2025-06-01,WSE S SOUTH AVENUE - VICTORY BOULEVARD,Staten Island,700,8292.0,50.25201428571428,52.19,secondary feed descriptive coverage; no diversion attribution
4616200,2025-07-01,WSE S SOUTH AVENUE - VICTORY BOULEVARD,Staten Island,744,8826.0,47.64950268817205,52.19,secondary feed descriptive coverage; no diversion attribution
4616200,2025-08-01,WSE S SOUTH AVENUE - VICTORY BOULEVARD,Staten Island,744,8848.0,47.10483198924732,52.81,secondary feed descriptive coverage; no diversion attribution
4616200,2025-09-01,WSE S SOUTH AVENUE - VICTORY BOULEVARD,Staten Island,720,8528.0,50.088840277777756,52.5,secondary feed descriptive coverage; no diversion attribution
4616200,2025-10-01,WSE S SOUTH AVENUE - VICTORY BOULEVARD,Staten Island,734,8701.0,49.67376702997273,52.19,secondary feed descriptive coverage; no diversion attribution
4616200,2025-11-01,WSE S SOUTH AVENUE - VICTORY BOULEVARD,Staten Island,718,8564.0,50.82797353760451,52.81,secondary feed descriptive coverage; no diversion attribution
4616200,2025-12-01,WSE S SOUTH AVENUE - VICTORY BOULEVARD,Staten Island,740,8861.0,50.11260810810812,52.19,secondary feed descriptive coverage; no diversion attribution
4616200,2026-01-01,WSE S SOUTH AVENUE - VICTORY BOULEVARD,Staten Island,743,8901.0,48.949751009421256,51.879999999999995,secondary feed descriptive coverage; no diversion attribution
4616200,2026-02-01,WSE S SOUTH AVENUE - VICTORY BOULEVARD,Staten Island,672,8048.0,48.43356398809523,51.57,secondary feed descriptive coverage; no diversion attribution
4616200,2026-03-01,WSE S SOUTH AVENUE - VICTORY BOULEVARD,Staten Island,743,8902.0,26.668290713324357,27.65,secondary feed descriptive coverage; no diversion attribution
4616200,2026-04-01,WSE S SOUTH AVENUE - VICTORY BOULEVARD,Staten Island,477,5711.0,50.23433962264149,52.19,secondary feed descriptive coverage; no diversion attribution
4616200,2026-05-01,WSE S SOUTH AVENUE - VICTORY BOULEVARD,Staten Island,736,8769.0,50.24678668478262,52.035,secondary feed descriptive coverage; no diversion attribution
4616200,2026-07-01,WSE S SOUTH AVENUE - VICTORY BOULEVARD,Staten Island,695,8269.0,51.144316546762575,52.19,secondary feed descriptive coverage; no diversion attribution
4616201,2023-01-01,WSE S VICTORY BOULEVARD - ARDEN AVENUE,Staten Island,557,6655.0,28.080969479353683,0.0,secondary feed descriptive coverage; no diversion attribution
4616201,2023-02-01,WSE S VICTORY BOULEVARD - ARDEN AVENUE,Staten Island,661,7886.0,0.0,0.0,secondary feed descriptive coverage; no diversion attribution
4616201,2023-03-01,WSE S VICTORY BOULEVARD - ARDEN AVENUE,Staten Island,743,8912.0,0.0,0.0,secondary feed descriptive coverage; no diversion attribution
4616201,2023-04-01,WSE S VICTORY BOULEVARD - ARDEN AVENUE,Staten Island,720,8636.0,0.0,0.0,secondary feed descriptive coverage; no diversion attribution
4616201,2023-05-01,WSE S VICTORY BOULEVARD - ARDEN AVENUE,Staten Island,468,5604.0,0.0,0.0,secondary feed descriptive coverage; no diversion attribution
4616201,2023-06-01,WSE S VICTORY BOULEVARD - ARDEN AVENUE,Staten Island,541,6478.0,0.0,0.0,secondary feed descriptive coverage; no diversion attribution
4616201,2023-07-01,WSE S VICTORY BOULEVARD - ARDEN AVENUE,Staten Island,629,7526.0,0.0,0.0,secondary feed descriptive coverage; no diversion attribution
4616201,2023-08-01,WSE S VICTORY BOULEVARD - ARDEN AVENUE,Staten Island,741,8879.0,0.0,0.0,secondary feed descriptive coverage; no diversion attribution
4616201,2023-09-01,WSE S VICTORY BOULEVARD - ARDEN AVENUE,Staten Island,708,8468.0,0.0,0.0,secondary feed descriptive coverage; no diversion attribution
4616201,2023-10-01,WSE S VICTORY BOULEVARD - ARDEN AVENUE,Staten Island,744,8925.0,26.946129032258057,0.0,secondary feed descriptive coverage; no diversion attribution
4616201,2023-11-01,WSE S VICTORY BOULEVARD - ARDEN AVENUE,Staten Island,706,8448.0,58.68033994334276,59.34,secondary feed descriptive coverage; no diversion attribution
4616201,2023-12-01,WSE S VICTORY BOULEVARD - ARDEN AVENUE,Staten Island,744,8928.0,57.92971774193546,59.025,secondary feed descriptive coverage; no diversion attribution
4616201,2024-01-01,WSE S VICTORY BOULEVARD - ARDEN AVENUE,Staten Island,682,8174.0,43.939347507331384,57.47,secondary feed descriptive coverage; no diversion attribution
4616201,2024-02-01,WSE S VICTORY BOULEVARD - ARDEN AVENUE,Staten Island,416,4974.0,20.45582932692308,0.0,secondary feed descriptive coverage; no diversion attribution
4616201,2024-03-01,WSE S VICTORY BOULEVARD - ARDEN AVENUE,Staten Island,717,8574.0,0.0,0.0,secondary feed descriptive coverage; no diversion attribution
4616201,2024-04-01,WSE S VICTORY BOULEVARD - ARDEN AVENUE,Staten Island,720,8634.0,0.0,0.0,secondary feed descriptive coverage; no diversion attribution
4616201,2024-05-01,WSE S VICTORY BOULEVARD - ARDEN AVENUE,Staten Island,744,8914.0,6.080866935483872,0.0,secondary feed descriptive coverage; no diversion attribution
4616201,2024-06-01,WSE S VICTORY BOULEVARD - ARDEN AVENUE,Staten Island,720,8606.0,37.754645833333306,55.3,secondary feed descriptive coverage; no diversion attribution
4616201,2024-07-01,WSE S VICTORY BOULEVARD - ARDEN AVENUE,Staten Island,729,8715.0,51.37995884773663,58.4,secondary feed descriptive coverage; no diversion attribution
4616201,2024-08-01,WSE S VICTORY BOULEVARD - ARDEN AVENUE,Staten Island,701,8344.0,58.500727532096995,58.4,secondary feed descriptive coverage; no diversion attribution
4616201,2024-09-01,WSE S VICTORY BOULEVARD - ARDEN AVENUE,Staten Island,720,8640.0,58.663708333333304,58.870000000000005,secondary feed descriptive coverage; no diversion attribution
4616201,2024-10-01,WSE S VICTORY BOULEVARD - ARDEN AVENUE,Staten Island,744,8922.0,58.87161962365593,59.03,secondary feed descriptive coverage; no diversion attribution
4616201,2024-11-01,WSE S VICTORY BOULEVARD - ARDEN AVENUE,Staten Island,719,8614.0,58.36340055632824,58.715,secondary feed descriptive coverage; no diversion attribution
4616201,2024-12-01,WSE S VICTORY BOULEVARD - ARDEN AVENUE,Staten Island,606,7172.0,57.8136716171617,58.09,secondary feed descriptive coverage; no diversion attribution
4616201,2025-01-01,WSE S VICTORY BOULEVARD - ARDEN AVENUE,Staten Island,744,8912.0,58.58233198924728,59.03,secondary feed descriptive coverage; no diversion attribution
4616201,2025-02-01,WSE S VICTORY BOULEVARD - ARDEN AVENUE,Staten Island,672,8064.0,11.802790178571431,0.0,secondary feed descriptive coverage; no diversion attribution
4616201,2025-03-01,WSE S VICTORY BOULEVARD - ARDEN AVENUE,Staten Island,743,8912.0,43.073001345895,57.16,secondary feed descriptive coverage; no diversion attribution
4616201,2025-04-01,WSE S VICTORY BOULEVARD - ARDEN AVENUE,Staten Island,720,8640.0,57.33036805555553,58.4,secondary feed descriptive coverage; no diversion attribution
4616201,2025-05-01,WSE S VICTORY BOULEVARD - ARDEN AVENUE,Staten Island,744,8907.0,57.33026881720434,57.78,secondary feed descriptive coverage; no diversion attribution
4616201,2025-06-01,WSE S VICTORY BOULEVARD - ARDEN AVENUE,Staten Island,700,8292.0,58.17085000000002,58.09,secondary feed descriptive coverage; no diversion attribution
4616201,2025-07-01,WSE S VICTORY BOULEVARD - ARDEN AVENUE,Staten Island,744,8826.0,30.897258064516127,53.739999999999995,secondary feed descriptive coverage; no diversion attribution
4616201,2025-08-01,WSE S VICTORY BOULEVARD - ARDEN AVENUE,Staten Island,744,8848.0,52.64779569892474,58.4,secondary feed descriptive coverage; no diversion attribution
4616201,2025-09-01,WSE S VICTORY BOULEVARD - ARDEN AVENUE,Staten Island,720,8534.0,58.206451388888894,58.715,secondary feed descriptive coverage; no diversion attribution
4616201,2025-10-01,WSE S VICTORY BOULEVARD - ARDEN AVENUE,Staten Island,734,8701.0,58.42616485013623,58.715,secondary feed descriptive coverage; no diversion attribution
4616201,2025-11-01,WSE S VICTORY BOULEVARD - ARDEN AVENUE,Staten Island,718,8564.0,58.40971448467966,59.03,secondary feed descriptive coverage; no diversion attribution
4616201,2025-12-01,WSE S VICTORY BOULEVARD - ARDEN AVENUE,Staten Island,740,8861.0,57.31325000000002,58.4,secondary feed descriptive coverage; no diversion attribution
4616201,2026-01-01,WSE S VICTORY BOULEVARD - ARDEN AVENUE,Staten Island,743,8901.0,33.54520188425304,54.989999999999995,secondary feed descriptive coverage; no diversion attribution
4616201,2026-02-01,WSE S VICTORY BOULEVARD - ARDEN AVENUE,Staten Island,672,8048.0,0.0,0.0,secondary feed descriptive coverage; no diversion attribution
4616201,2026-03-01,WSE S VICTORY BOULEVARD - ARDEN AVENUE,Staten Island,743,8902.0,0.0,0.0,secondary feed descriptive coverage; no diversion attribution
4616201,2026-04-01,WSE S VICTORY BOULEVARD - ARDEN AVENUE,Staten Island,477,5711.0,33.870702306079664,56.54,secondary feed descriptive coverage; no diversion attribution
4616201,2026-05-01,WSE S VICTORY BOULEVARD - ARDEN AVENUE,Staten Island,736,8769.0,57.95177309782609,58.4,secondary feed descriptive coverage; no diversion attribution
4616201,2026-07-01,WSE S VICTORY BOULEVARD - ARDEN AVENUE,Staten Island,695,8269.0,57.984287769784196,58.4,secondary feed descriptive coverage; no diversion attribution
4616202,2023-01-01,WSE S ARDEN AVENUE - BLOOMINGDALE ROAD,Staten Island,557,6655.0,29.436795332136448,0.0,secondary feed descriptive coverage; no diversion attribution
4616202,2023-02-01,WSE S ARDEN AVENUE - BLOOMINGDALE ROAD,Staten Island,661,7886.0,0.0,0.0,secondary feed descriptive coverage; no diversion attribution
4616202,2023-03-01,WSE S ARDEN AVENUE - BLOOMINGDALE ROAD,Staten Island,743,8912.0,0.0,0.0,secondary feed descriptive coverage; no diversion attribution
4616202,2023-04-01,WSE S ARDEN AVENUE - BLOOMINGDALE ROAD,Staten Island,720,8636.0,0.0,0.0,secondary feed descriptive coverage; no diversion attribution
4616202,2023-05-01,WSE S ARDEN AVENUE - BLOOMINGDALE ROAD,Staten Island,468,5604.0,0.0,0.0,secondary feed descriptive coverage; no diversion attribution
4616202,2023-06-01,WSE S ARDEN AVENUE - BLOOMINGDALE ROAD,Staten Island,541,6478.0,0.0,0.0,secondary feed descriptive coverage; no diversion attribution
4616202,2023-07-01,WSE S ARDEN AVENUE - BLOOMINGDALE ROAD,Staten Island,629,7526.0,0.0,0.0,secondary feed descriptive coverage; no diversion attribution
4616202,2023-08-01,WSE S ARDEN AVENUE - BLOOMINGDALE ROAD,Staten Island,741,8879.0,0.0,0.0,secondary feed descriptive coverage; no diversion attribution
4616202,2023-09-01,WSE S ARDEN AVENUE - BLOOMINGDALE ROAD,Staten Island,708,8468.0,0.0,0.0,secondary feed descriptive coverage; no diversion attribution
4616202,2023-10-01,WSE S ARDEN AVENUE - BLOOMINGDALE ROAD,Staten Island,744,8925.0,24.81120295698924,0.0,secondary feed descriptive coverage; no diversion attribution
4616202,2023-11-01,WSE S ARDEN AVENUE - BLOOMINGDALE ROAD,Staten Island,706,8448.0,61.68418555240796,62.13,secondary feed descriptive coverage; no diversion attribution
4616202,2023-12-01,WSE S ARDEN AVENUE - BLOOMINGDALE ROAD,Staten Island,744,8928.0,61.34686155913979,62.129999999999995,secondary feed descriptive coverage; no diversion attribution
4616202,2024-01-01,WSE S ARDEN AVENUE - BLOOMINGDALE ROAD,Staten Island,682,8174.0,45.57609237536656,60.58,secondary feed descriptive coverage; no diversion attribution
4616202,2024-02-01,WSE S ARDEN AVENUE - BLOOMINGDALE ROAD,Staten Island,416,4974.0,22.221706730769235,0.0,secondary feed descriptive coverage; no diversion attribution
4616202,2024-03-01,WSE S ARDEN AVENUE - BLOOMINGDALE ROAD,Staten Island,717,8574.0,0.0,0.0,secondary feed descriptive coverage; no diversion attribution
4616202,2024-04-01,WSE S ARDEN AVENUE - BLOOMINGDALE ROAD,Staten Island,720,8634.0,0.0,0.0,secondary feed descriptive coverage; no diversion attribution
4616202,2024-05-01,WSE S ARDEN AVENUE - BLOOMINGDALE ROAD,Staten Island,744,8914.0,6.080450268817204,0.0,secondary feed descriptive coverage; no diversion attribution
4616202,2024-06-01,WSE S ARDEN AVENUE - BLOOMINGDALE ROAD,Staten Island,720,8605.0,37.111416666666656,55.3,secondary feed descriptive coverage; no diversion attribution
4616202,2024-07-01,WSE S ARDEN AVENUE - BLOOMINGDALE ROAD,Staten Island,729,8715.0,53.003991769547326,61.2,secondary feed descriptive coverage; no diversion attribution
4616202,2024-08-01,WSE S ARDEN AVENUE - BLOOMINGDALE ROAD,Staten Island,701,8344.0,61.278373751783185,61.51,secondary feed descriptive coverage; no diversion attribution
4616202,2024-09-01,WSE S ARDEN AVENUE - BLOOMINGDALE ROAD,Staten Island,720,8640.0,61.6543402777778,62.129999999999995,secondary feed descriptive coverage; no diversion attribution
4616202,2024-10-01,WSE S ARDEN AVENUE - BLOOMINGDALE ROAD,Staten Island,744,8922.0,61.75772177419352,62.13,secondary feed descriptive coverage; no diversion attribution
4616202,2024-11-01,WSE S ARDEN AVENUE - BLOOMINGDALE ROAD,Staten Island,719,8614.0,61.12107093184977,61.82,secondary feed descriptive coverage; no diversion attribution
4616202,2024-12-01,WSE S ARDEN AVENUE - BLOOMINGDALE ROAD,Staten Island,606,7172.0,60.509455445544575,61.2,secondary feed descriptive coverage; no diversion attribution
4616202,2025-01-01,WSE S ARDEN AVENUE - BLOOMINGDALE ROAD,Staten Island,744,8912.0,60.96521505376347,61.51,secondary feed descriptive coverage; no diversion attribution
4616202,2025-02-01,WSE S ARDEN AVENUE - BLOOMINGDALE ROAD,Staten Island,672,8064.0,12.295885416666668,0.0,secondary feed descriptive coverage; no diversion attribution
4616202,2025-03-01,WSE S ARDEN AVENUE - BLOOMINGDALE ROAD,Staten Island,743,8912.0,44.92954912516822,60.89,secondary feed descriptive coverage; no diversion attribution
4616202,2025-04-01,WSE S ARDEN AVENUE - BLOOMINGDALE ROAD,Staten Island,720,8640.0,60.130749999999956,61.2,secondary feed descriptive coverage; no diversion attribution
4616202,2025-05-01,WSE S ARDEN AVENUE - BLOOMINGDALE ROAD,Staten Island,744,8907.0,60.441969086021494,60.89,secondary feed descriptive coverage; no diversion attribution
4616202,2025-06-01,WSE S ARDEN AVENUE - BLOOMINGDALE ROAD,Staten Island,700,8292.0,61.49409285714291,61.51,secondary feed descriptive coverage; no diversion attribution
4616202,2025-07-01,WSE S ARDEN AVENUE - BLOOMINGDALE ROAD,Staten Island,744,8826.0,32.34739919354839,57.78,secondary feed descriptive coverage; no diversion attribution
4616202,2025-08-01,WSE S ARDEN AVENUE - BLOOMINGDALE ROAD,Staten Island,744,8848.0,55.31007392473119,61.51,secondary feed descriptive coverage; no diversion attribution
4616202,2025-09-01,WSE S ARDEN AVENUE - BLOOMINGDALE ROAD,Staten Island,720,8534.0,61.173083333333345,61.82,secondary feed descriptive coverage; no diversion attribution
4616202,2025-10-01,WSE S ARDEN AVENUE - BLOOMINGDALE ROAD,Staten Island,734,8701.0,61.27839237057222,61.51,secondary feed descriptive coverage; no diversion attribution
4616202,2025-11-01,WSE S ARDEN AVENUE - BLOOMINGDALE ROAD,Staten Island,718,8564.0,60.919317548746506,61.51,secondary feed descriptive coverage; no diversion attribution
4616202,2025-12-01,WSE S ARDEN AVENUE - BLOOMINGDALE ROAD,Staten Island,740,8861.0,59.95103378378379,61.2,secondary feed descriptive coverage; no diversion attribution
4616202,2026-01-01,WSE S ARDEN AVENUE - BLOOMINGDALE ROAD,Staten Island,743,8901.0,34.970598923283966,58.715,secondary feed descriptive coverage; no diversion attribution
4616202,2026-02-01,WSE S ARDEN AVENUE - BLOOMINGDALE ROAD,Staten Island,672,8048.0,0.0,0.0,secondary feed descriptive coverage; no diversion attribution
4616202,2026-03-01,WSE S ARDEN AVENUE - BLOOMINGDALE ROAD,Staten Island,743,8902.0,0.0,0.0,secondary feed descriptive coverage; no diversion attribution
4616202,2026-04-01,WSE S ARDEN AVENUE - BLOOMINGDALE ROAD,Staten Island,477,5711.0,34.27464360587003,57.78,secondary feed descriptive coverage; no diversion attribution
4616202,2026-05-01,WSE S ARDEN AVENUE - BLOOMINGDALE ROAD,Staten Island,736,8769.0,60.54497961956516,61.2,secondary feed descriptive coverage; no diversion attribution
4616202,2026-07-01,WSE S ARDEN AVENUE - BLOOMINGDALE ROAD,Staten Island,695,8269.0,60.92553956834536,61.51,secondary feed descriptive coverage; no diversion attribution
4616203,2023-01-01,WSE S BLLOMINGDALE ROAD - TYRELLAN AVENUE,Staten Island,557,6655.0,0.0,0.0,secondary feed descriptive coverage; no diversion attribution
4616203,2023-02-01,WSE S BLLOMINGDALE ROAD - TYRELLAN AVENUE,Staten Island,661,7886.0,0.0,0.0,secondary feed descriptive coverage; no diversion attribution
4616203,2023-03-01,WSE S BLLOMINGDALE ROAD - TYRELLAN AVENUE,Staten Island,743,8912.0,0.0,0.0,secondary feed descriptive coverage; no diversion attribution
4616203,2023-04-01,WSE S BLLOMINGDALE ROAD - TYRELLAN AVENUE,Staten Island,720,8636.0,0.0,0.0,secondary feed descriptive coverage; no diversion attribution
4616203,2023-05-01,WSE S BLLOMINGDALE ROAD - TYRELLAN AVENUE,Staten Island,468,5604.0,0.0,0.0,secondary feed descriptive coverage; no diversion attribution
4616203,2023-06-01,WSE S BLLOMINGDALE ROAD - TYRELLAN AVENUE,Staten Island,541,6478.0,0.0,0.0,secondary feed descriptive coverage; no diversion attribution
4616203,2023-07-01,WSE S BLLOMINGDALE ROAD - TYRELLAN AVENUE,Staten Island,629,7526.0,0.0,0.0,secondary feed descriptive coverage; no diversion attribution
4616203,2023-08-01,WSE S BLLOMINGDALE ROAD - TYRELLAN AVENUE,Staten Island,741,8879.0,0.0,0.0,secondary feed descriptive coverage; no diversion attribution
4616203,2023-09-01,WSE S BLLOMINGDALE ROAD - TYRELLAN AVENUE,Staten Island,708,8468.0,0.0,0.0,secondary feed descriptive coverage; no diversion attribution
4616203,2023-10-01,WSE S BLLOMINGDALE ROAD - TYRELLAN AVENUE,Staten Island,744,8925.0,0.0,0.0,secondary feed descriptive coverage; no diversion attribution
4616203,2023-11-01,WSE S BLLOMINGDALE ROAD - TYRELLAN AVENUE,Staten Island,706,8448.0,0.0,0.0,secondary feed descriptive coverage; no diversion attribution
4616203,2023-12-01,WSE S BLLOMINGDALE ROAD - TYRELLAN AVENUE,Staten Island,744,8928.0,0.0,0.0,secondary feed descriptive coverage; no diversion attribution
4616203,2024-01-01,WSE S BLLOMINGDALE ROAD - TYRELLAN AVENUE,Staten Island,682,8174.0,0.0,0.0,secondary feed descriptive coverage; no diversion attribution
4616203,2024-02-01,WSE S BLLOMINGDALE ROAD - TYRELLAN AVENUE,Staten Island,416,4974.0,0.0,0.0,secondary feed descriptive coverage; no diversion attribution
4616203,2024-03-01,WSE S BLLOMINGDALE ROAD - TYRELLAN AVENUE,Staten Island,717,8574.0,0.0,0.0,secondary feed descriptive coverage; no diversion attribution
4616203,2024-04-01,WSE S BLLOMINGDALE ROAD - TYRELLAN AVENUE,Staten Island,720,8634.0,0.0,0.0,secondary feed descriptive coverage; no diversion attribution
4616203,2024-05-01,WSE S BLLOMINGDALE ROAD - TYRELLAN AVENUE,Staten Island,744,8914.0,0.0,0.0,secondary feed descriptive coverage; no diversion attribution
4616203,2024-06-01,WSE S BLLOMINGDALE ROAD - TYRELLAN AVENUE,Staten Island,720,8606.0,0.0,0.0,secondary feed descriptive coverage; no diversion attribution
4616203,2024-07-01,WSE S BLLOMINGDALE ROAD - TYRELLAN AVENUE,Staten Island,729,8715.0,0.0,0.0,secondary feed descriptive coverage; no diversion attribution
4616203,2024-08-01,WSE S BLLOMINGDALE ROAD - TYRELLAN AVENUE,Staten Island,701,8343.0,0.0,0.0,secondary feed descriptive coverage; no diversion attribution
4616203,2024-09-01,WSE S BLLOMINGDALE ROAD - TYRELLAN AVENUE,Staten Island,720,8640.0,0.0,0.0,secondary feed descriptive coverage; no diversion attribution
4616203,2024-10-01,WSE S BLLOMINGDALE ROAD - TYRELLAN AVENUE,Staten Island,744,8922.0,0.0,0.0,secondary feed descriptive coverage; no diversion attribution
4616203,2024-11-01,WSE S BLLOMINGDALE ROAD - TYRELLAN AVENUE,Staten Island,719,8614.0,0.0,0.0,secondary feed descriptive coverage; no diversion attribution
4616203,2024-12-01,WSE S BLLOMINGDALE ROAD - TYRELLAN AVENUE,Staten Island,606,7172.0,0.0,0.0,secondary feed descriptive coverage; no diversion attribution
4616203,2025-01-01,WSE S BLLOMINGDALE ROAD - TYRELLAN AVENUE,Staten Island,744,8912.0,0.0,0.0,secondary feed descriptive coverage; no diversion attribution
4616203,2025-02-01,WSE S BLLOMINGDALE ROAD - TYRELLAN AVENUE,Staten Island,672,8064.0,0.0,0.0,secondary feed descriptive coverage; no diversion attribution
4616203,2025-03-01,WSE S BLLOMINGDALE ROAD - TYRELLAN AVENUE,Staten Island,743,8912.0,0.0,0.0,secondary feed descriptive coverage; no diversion attribution
4616203,2025-04-01,WSE S BLLOMINGDALE ROAD - TYRELLAN AVENUE,Staten Island,720,8640.0,0.0,0.0,secondary feed descriptive coverage; no diversion attribution
4616203,2025-05-01,WSE S BLLOMINGDALE ROAD - TYRELLAN AVENUE,Staten Island,744,8907.0,6.297426075268817,0.0,secondary feed descriptive coverage; no diversion attribution
4616203,2025-06-01,WSE S BLLOMINGDALE ROAD - TYRELLAN AVENUE,Staten Island,700,8292.0,0.0,0.0,secondary feed descriptive coverage; no diversion attribution
4616203,2025-07-01,WSE S BLLOMINGDALE ROAD - TYRELLAN AVENUE,Staten Island,744,8826.0,0.0,0.0,secondary feed descriptive coverage; no diversion attribution
4616203,2025-08-01,WSE S BLLOMINGDALE ROAD - TYRELLAN AVENUE,Staten Island,744,8848.0,0.0,0.0,secondary feed descriptive coverage; no diversion attribution
4616203,2025-09-01,WSE S BLLOMINGDALE ROAD - TYRELLAN AVENUE,Staten Island,720,8534.0,0.0,0.0,secondary feed descriptive coverage; no diversion attribution
4616203,2025-10-01,WSE S BLLOMINGDALE ROAD - TYRELLAN AVENUE,Staten Island,734,8701.0,0.0,0.0,secondary feed descriptive coverage; no diversion attribution
4616203,2025-11-01,WSE S BLLOMINGDALE ROAD - TYRELLAN AVENUE,Staten Island,718,8564.0,0.0,0.0,secondary feed descriptive coverage; no diversion attribution
4616203,2025-12-01,WSE S BLLOMINGDALE ROAD - TYRELLAN AVENUE,Staten Island,740,8861.0,0.0,0.0,secondary feed descriptive coverage; no diversion attribution
4616203,2026-01-01,WSE S BLLOMINGDALE ROAD - TYRELLAN AVENUE,Staten Island,743,8901.0,0.0,0.0,secondary feed descriptive coverage; no diversion attribution
4616203,2026-02-01,WSE S BLLOMINGDALE ROAD - TYRELLAN AVENUE,Staten Island,672,8048.0,0.0,0.0,secondary feed descriptive coverage; no diversion attribution
4616203,2026-03-01,WSE S BLLOMINGDALE ROAD - TYRELLAN AVENUE,Staten Island,743,8902.0,0.0,0.0,secondary feed descriptive coverage; no diversion attribution
4616203,2026-04-01,WSE S BLLOMINGDALE ROAD - TYRELLAN AVENUE,Staten Island,477,5711.0,0.0,0.0,secondary feed descriptive coverage; no diversion attribution
4616203,2026-05-01,WSE S BLLOMINGDALE ROAD - TYRELLAN AVENUE,Staten Island,736,8769.0,0.0,0.0,secondary feed descriptive coverage; no diversion attribution
4616203,2026-07-01,WSE S BLLOMINGDALE ROAD - TYRELLAN AVENUE,Staten Island,695,8269.0,0.0,0.0,secondary feed descriptive coverage; no diversion attribution
4616204,2023-07-01,VNB W-SIE W SI GANTRY UPPER LEVEL - FINGERBOARD ROAD,Staten island,1,1.0,0.0,0.0,secondary feed descriptive coverage; no diversion attribution
4616204,2023-10-01,VNB W-SIE W SI GANTRY UPPER LEVEL - FINGERBOARD ROAD,Staten island,1,1.0,0.0,0.0,secondary feed descriptive coverage; no diversion attribution
4616205,2023-07-01,VNB W-SIE W SI GANTRY LOWER LEVEL - FINGERBOARD ROAD,Staten Island,1,1.0,0.0,0.0,secondary feed descriptive coverage; no diversion attribution
4616205,2023-10-01,VNB W-SIE W SI GANTRY LOWER LEVEL - FINGERBOARD ROAD,Staten Island,1,1.0,0.0,0.0,secondary feed descriptive coverage; no diversion attribution
4616206,2023-01-01,SIE W FINGERBOARD ROAD - CLOVE ROAD,Staten Island,557,6656.0,54.38980251346499,56.230000000000004,secondary feed descriptive coverage; no diversion attribution
4616206,2023-02-01,SIE W FINGERBOARD ROAD - CLOVE ROAD,Staten Island,661,7887.0,53.65568835098334,56.230000000000004,secondary feed descriptive coverage; no diversion attribution
4616206,2023-03-01,SIE W FINGERBOARD ROAD - CLOVE ROAD,Staten Island,743,8912.0,52.097799461642005,55.61,secondary feed descriptive coverage; no diversion attribution
4616206,2023-04-01,SIE W FINGERBOARD ROAD - CLOVE ROAD,Staten Island,720,8636.0,52.766652777777765,55.61,secondary feed descriptive coverage; no diversion attribution
4616206,2023-05-01,SIE W FINGERBOARD ROAD - CLOVE ROAD,Staten Island,468,5604.0,49.11362179487178,55.3,secondary feed descriptive coverage; no diversion attribution
4616206,2023-06-01,SIE W FINGERBOARD ROAD - CLOVE ROAD,Staten Island,541,6477.0,48.233216266173756,54.68,secondary feed descriptive coverage; no diversion attribution
4616206,2023-07-01,SIE W FINGERBOARD ROAD - CLOVE ROAD,Staten Island,629,7526.0,49.475397456279815,54.68,secondary feed descriptive coverage; no diversion attribution
4616206,2023-08-01,SIE W FINGERBOARD ROAD - CLOVE ROAD,Staten Island,741,8879.0,50.60863697705802,54.989999999999995,secondary feed descriptive coverage; no diversion attribution
4616206,2023-09-01,SIE W FINGERBOARD ROAD - CLOVE ROAD,Staten Island,708,8468.0,49.51944915254237,54.989999999999995,secondary feed descriptive coverage; no diversion attribution
4616206,2023-10-01,SIE W FINGERBOARD ROAD - CLOVE ROAD,Staten Island,744,8925.0,49.70122983870968,55.61,secondary feed descriptive coverage; no diversion attribution
4616206,2023-11-01,SIE W FINGERBOARD ROAD - CLOVE ROAD,Staten Island,706,8448.0,50.85129603399433,55.61,secondary feed descriptive coverage; no diversion attribution
4616206,2023-12-01,SIE W FINGERBOARD ROAD - CLOVE ROAD,Staten Island,744,8928.0,51.102607526881776,55.3,secondary feed descriptive coverage; no diversion attribution
4616206,2024-01-01,SIE W FINGERBOARD ROAD - CLOVE ROAD,Staten Island,682,8174.0,53.40642228739004,55.92,secondary feed descriptive coverage; no diversion attribution
4616206,2024-02-01,SIE W FINGERBOARD ROAD - CLOVE ROAD,Staten Island,416,4974.0,52.27128605769231,55.92,secondary feed descriptive coverage; no diversion attribution
4616206,2024-03-01,SIE W FINGERBOARD ROAD - CLOVE ROAD,Staten Island,717,8574.0,51.12598326359835,55.61,secondary feed descriptive coverage; no diversion attribution
4616206,2024-04-01,SIE W FINGERBOARD ROAD - CLOVE ROAD,Staten Island,720,8634.0,51.82172222222225,55.61,secondary feed descriptive coverage; no diversion attribution
4616206,2024-05-01,SIE W FINGERBOARD ROAD - CLOVE ROAD,Staten Island,744,8913.0,48.810470430107536,54.989999999999995,secondary feed descriptive coverage; no diversion attribution
4616206,2024-06-01,SIE W FINGERBOARD ROAD - CLOVE ROAD,Staten Island,720,8603.0,49.61418055555552,54.68,secondary feed descriptive coverage; no diversion attribution
4616206,2024-07-01,SIE W FINGERBOARD ROAD - CLOVE ROAD,Staten Island,729,8716.0,51.43006172839506,55.3,secondary feed descriptive coverage; no diversion attribution
4616206,2024-08-01,SIE W FINGERBOARD ROAD - CLOVE ROAD,Staten Island,701,8344.0,49.22316690442228,54.055,secondary feed descriptive coverage; no diversion attribution
4616206,2024-09-01,SIE W FINGERBOARD ROAD - CLOVE ROAD,Staten Island,720,8640.0,45.0959652777778,51.57,secondary feed descriptive coverage; no diversion attribution
4616206,2024-10-01,SIE W FINGERBOARD ROAD - CLOVE ROAD,Staten Island,744,8923.0,50.48575268817204,55.61,secondary feed descriptive coverage; no diversion attribution
4616206,2024-11-01,SIE W FINGERBOARD ROAD - CLOVE ROAD,Staten Island,719,8615.0,49.99162726008348,55.3,secondary feed descriptive coverage; no diversion attribution
4616206,2024-12-01,SIE W FINGERBOARD ROAD - CLOVE ROAD,Staten Island,606,7180.0,49.256039603960424,54.68,secondary feed descriptive coverage; no diversion attribution
4616206,2025-01-01,SIE W FINGERBOARD ROAD - CLOVE ROAD,Staten Island,744,8916.0,51.99055107526882,54.989999999999995,secondary feed descriptive coverage; no diversion attribution
4616206,2025-02-01,SIE W FINGERBOARD ROAD - CLOVE ROAD,Staten Island,672,8064.0,52.56898065476193,55.144999999999996,secondary feed descriptive coverage; no diversion attribution
4616206,2025-03-01,SIE W FINGERBOARD ROAD - CLOVE ROAD,Staten Island,743,8912.0,51.57532301480487,54.989999999999995,secondary feed descriptive coverage; no diversion attribution
4616206,2025-04-01,SIE W FINGERBOARD ROAD - CLOVE ROAD,Staten Island,720,8640.0,41.844965277777796,45.36,secondary feed descriptive coverage; no diversion attribution
4616206,2025-05-01,SIE W FINGERBOARD ROAD - CLOVE ROAD,Staten Island,744,8906.0,31.09952956989248,27.65,secondary feed descriptive coverage; no diversion attribution
4616206,2025-06-01,SIE W FINGERBOARD ROAD - CLOVE ROAD,Staten Island,700,8292.0,28.08499999999999,22.674999999999997,secondary feed descriptive coverage; no diversion attribution
4616206,2025-07-01,SIE W FINGERBOARD ROAD - CLOVE ROAD,Staten Island,744,8826.0,45.79940188172045,53.739999999999995,secondary feed descriptive coverage; no diversion attribution
4616206,2025-08-01,SIE W FINGERBOARD ROAD - CLOVE ROAD,Staten Island,744,8848.0,49.374086021505406,54.364999999999995,secondary feed descriptive coverage; no diversion attribution
4616206,2025-09-01,SIE W FINGERBOARD ROAD - CLOVE ROAD,Staten Island,720,8535.0,49.777972222222225,54.68,secondary feed descriptive coverage; no diversion attribution
4616206,2025-10-01,SIE W FINGERBOARD ROAD - CLOVE ROAD,Staten Island,734,8701.0,49.347574931880125,54.364999999999995,secondary feed descriptive coverage; no diversion attribution
4616206,2025-11-01,SIE W FINGERBOARD ROAD - CLOVE ROAD,Staten Island,718,8564.0,46.91486072423399,53.43,secondary feed descriptive coverage; no diversion attribution
4616206,2025-12-01,SIE W FINGERBOARD ROAD - CLOVE ROAD,Staten Island,740,8861.0,45.54595945945941,51.260000000000005,secondary feed descriptive coverage; no diversion attribution
4616206,2026-01-01,SIE W FINGERBOARD ROAD - CLOVE ROAD,Staten Island,743,8901.0,48.14430013458948,51.879999999999995,secondary feed descriptive coverage; no diversion attribution
4616206,2026-02-01,SIE W FINGERBOARD ROAD - CLOVE ROAD,Staten Island,672,8048.0,48.047380952380955,51.879999999999995,secondary feed descriptive coverage; no diversion attribution
4616206,2026-03-01,SIE W FINGERBOARD ROAD - CLOVE ROAD,Staten Island,743,8902.0,49.164858681022885,54.05,secondary feed descriptive coverage; no diversion attribution
4616206,2026-04-01,SIE W FINGERBOARD ROAD - CLOVE ROAD,Staten Island,477,5711.0,51.083322851153035,54.989999999999995,secondary feed descriptive coverage; no diversion attribution
4616206,2026-05-01,SIE W FINGERBOARD ROAD - CLOVE ROAD,Staten Island,736,8772.0,47.84991168478261,54.677499999999995,secondary feed descriptive coverage; no diversion attribution
4616206,2026-07-01,SIE W FINGERBOARD ROAD - CLOVE ROAD,Staten Island,695,8269.0,49.27800000000003,54.055,secondary feed descriptive coverage; no diversion attribution
4616208,2023-01-01,SIE W BRADLEY AVENUE - WOOLEY AVENUE,Staten Island,557,6656.0,51.38085278276481,54.05,secondary feed descriptive coverage; no diversion attribution
4616208,2023-02-01,SIE W BRADLEY AVENUE - WOOLEY AVENUE,Staten Island,661,7886.0,50.16108169440242,53.43,secondary feed descriptive coverage; no diversion attribution
4616208,2023-03-01,SIE W BRADLEY AVENUE - WOOLEY AVENUE,Staten Island,743,8912.0,49.83954239569315,52.5,secondary feed descriptive coverage; no diversion attribution
4616208,2023-04-01,SIE W BRADLEY AVENUE - WOOLEY AVENUE,Staten Island,720,8636.0,49.162645833333315,52.5,secondary feed descriptive coverage; no diversion attribution
4616208,2023-05-01,SIE W BRADLEY AVENUE - WOOLEY AVENUE,Staten Island,468,5604.0,46.99254273504272,52.345,secondary feed descriptive coverage; no diversion attribution
4616208,2023-06-01,SIE W BRADLEY AVENUE - WOOLEY AVENUE,Staten Island,541,6477.0,45.443752310536055,51.57,secondary feed descriptive coverage; no diversion attribution
4616208,2023-07-01,SIE W BRADLEY AVENUE - WOOLEY AVENUE,Staten Island,629,7526.0,43.503513513513525,49.7,secondary feed descriptive coverage; no diversion attribution
4616208,2023-08-01,SIE W BRADLEY AVENUE - WOOLEY AVENUE,Staten Island,741,8879.0,45.191160593792155,52.19,secondary feed descriptive coverage; no diversion attribution
4616208,2023-09-01,SIE W BRADLEY AVENUE - WOOLEY AVENUE,Staten Island,708,8468.0,45.9071963276836,52.5,secondary feed descriptive coverage; no diversion attribution
4616208,2023-10-01,SIE W BRADLEY AVENUE - WOOLEY AVENUE,Staten Island,744,8925.0,44.12476478494623,51.260000000000005,secondary feed descriptive coverage; no diversion attribution
4616208,2023-11-01,SIE W BRADLEY AVENUE - WOOLEY AVENUE,Staten Island,706,8448.0,46.73866855524079,52.5,secondary feed descriptive coverage; no diversion attribution
4616208,2023-12-01,SIE W BRADLEY AVENUE - WOOLEY AVENUE,Staten Island,744,8928.0,46.331209677419395,52.5,secondary feed descriptive coverage; no diversion attribution
4616208,2024-01-01,SIE W BRADLEY AVENUE - WOOLEY AVENUE,Staten Island,682,8174.0,50.66728739002932,54.68,secondary feed descriptive coverage; no diversion attribution
4616208,2024-02-01,SIE W BRADLEY AVENUE - WOOLEY AVENUE,Staten Island,416,4974.0,50.20860576923075,54.68,secondary feed descriptive coverage; no diversion attribution
4616208,2024-03-01,SIE W BRADLEY AVENUE - WOOLEY AVENUE,Staten Island,717,8574.0,49.03112970711298,54.055,secondary feed descriptive coverage; no diversion attribution
4616208,2024-04-01,SIE W BRADLEY AVENUE - WOOLEY AVENUE,Staten Island,720,8634.0,47.98661805555553,54.05,secondary feed descriptive coverage; no diversion attribution
4616208,2024-05-01,SIE W BRADLEY AVENUE - WOOLEY AVENUE,Staten Island,744,8913.0,45.848548387096805,53.120000000000005,secondary feed descriptive coverage; no diversion attribution
4616208,2024-06-01,SIE W BRADLEY AVENUE - WOOLEY AVENUE,Staten Island,720,8604.0,47.341506944444454,53.43,secondary feed descriptive coverage; no diversion attribution
4616208,2024-07-01,SIE W BRADLEY AVENUE - WOOLEY AVENUE,Staten Island,729,8716.0,49.31203703703706,54.985,secondary feed descriptive coverage; no diversion attribution
4616208,2024-08-01,SIE W BRADLEY AVENUE - WOOLEY AVENUE,Staten Island,701,8345.0,47.62631954350931,53.739999999999995,secondary feed descriptive coverage; no diversion attribution
4616208,2024-09-01,SIE W BRADLEY AVENUE - WOOLEY AVENUE,Staten Island,720,8640.0,44.91456249999996,52.5,secondary feed descriptive coverage; no diversion attribution
4616208,2024-10-01,SIE W BRADLEY AVENUE - WOOLEY AVENUE,Staten Island,744,8923.0,44.95620295698923,52.5,secondary feed descriptive coverage; no diversion attribution
4616208,2024-11-01,SIE W BRADLEY AVENUE - WOOLEY AVENUE,Staten Island,719,8615.0,49.87865090403336,55.3,secondary feed descriptive coverage; no diversion attribution
4616208,2024-12-01,SIE W BRADLEY AVENUE - WOOLEY AVENUE,Staten Island,606,7180.0,48.01925742574258,54.05,secondary feed descriptive coverage; no diversion attribution
4616208,2025-01-01,SIE W BRADLEY AVENUE - WOOLEY AVENUE,Staten Island,744,8916.0,51.76309811827955,56.230000000000004,secondary feed descriptive coverage; no diversion attribution
4616208,2025-02-01,SIE W BRADLEY AVENUE - WOOLEY AVENUE,Staten Island,672,8064.0,50.24500000000002,53.5875,secondary feed descriptive coverage; no diversion attribution
4616208,2025-03-01,SIE W BRADLEY AVENUE - WOOLEY AVENUE,Staten Island,743,8912.0,48.156870794078074,52.5,secondary feed descriptive coverage; no diversion attribution
4616208,2025-04-01,SIE W BRADLEY AVENUE - WOOLEY AVENUE,Staten Island,720,8640.0,49.587118055555585,54.989999999999995,secondary feed descriptive coverage; no diversion attribution
4616208,2025-05-01,SIE W BRADLEY AVENUE - WOOLEY AVENUE,Staten Island,744,8906.0,47.133030913978466,53.739999999999995,secondary feed descriptive coverage; no diversion attribution
4616208,2025-06-01,SIE W BRADLEY AVENUE - WOOLEY AVENUE,Staten Island,700,8292.0,43.70157142857143,50.795,secondary feed descriptive coverage; no diversion attribution
4616208,2025-07-01,SIE W BRADLEY AVENUE - WOOLEY AVENUE,Staten Island,744,8826.0,41.8689314516129,49.5475,secondary feed descriptive coverage; no diversion attribution
4616208,2025-08-01,SIE W BRADLEY AVENUE - WOOLEY AVENUE,Staten Island,744,8848.0,39.92898521505374,48.614999999999995,secondary feed descriptive coverage; no diversion attribution
4616208,2025-09-01,SIE W BRADLEY AVENUE - WOOLEY AVENUE,Staten Island,720,8535.0,39.94127777777777,47.53,secondary feed descriptive coverage; no diversion attribution
4616208,2025-10-01,SIE W BRADLEY AVENUE - WOOLEY AVENUE,Staten Island,734,8701.0,39.4424523160763,46.91,secondary feed descriptive coverage; no diversion attribution
4616208,2025-11-01,SIE W BRADLEY AVENUE - WOOLEY AVENUE,Staten Island,718,8564.0,39.977569637883,47.84,secondary feed descriptive coverage; no diversion attribution
4616208,2025-12-01,SIE W BRADLEY AVENUE - WOOLEY AVENUE,Staten Island,740,8861.0,39.36152027027026,46.29,secondary feed descriptive coverage; no diversion attribution
4616208,2026-01-01,SIE W BRADLEY AVENUE - WOOLEY AVENUE,Staten Island,743,8901.0,43.10638627187079,47.22,secondary feed descriptive coverage; no diversion attribution
4616208,2026-02-01,SIE W BRADLEY AVENUE - WOOLEY AVENUE,Staten Island,672,8048.0,44.61850446428572,48.46,secondary feed descriptive coverage; no diversion attribution
4616208,2026-03-01,SIE W BRADLEY AVENUE - WOOLEY AVENUE,Staten Island,743,8902.0,47.4021197846568,53.739999999999995,secondary feed descriptive coverage; no diversion attribution
4616208,2026-04-01,SIE W BRADLEY AVENUE - WOOLEY AVENUE,Staten Island,477,5711.0,45.229716981132086,51.57,secondary feed descriptive coverage; no diversion attribution
4616208,2026-05-01,SIE W BRADLEY AVENUE - WOOLEY AVENUE,Staten Island,736,8771.0,42.48080163043478,51.260000000000005,secondary feed descriptive coverage; no diversion attribution
4616208,2026-07-01,SIE W BRADLEY AVENUE - WOOLEY AVENUE,Staten Island,695,8269.0,41.524676258992805,50.95,secondary feed descriptive coverage; no diversion attribution
4616209,2023-01-01,SIE W WOOLEY AVENUE - RICHMOND AVENUE,Staten Island,557,6655.0,51.3814093357271,54.05,secondary feed descriptive coverage; no diversion attribution
4616209,2023-02-01,SIE W WOOLEY AVENUE - RICHMOND AVENUE,Staten Island,661,7886.0,50.16344931921333,53.43,secondary feed descriptive coverage; no diversion attribution
4616209,2023-03-01,SIE W WOOLEY AVENUE - RICHMOND AVENUE,Staten Island,743,8912.0,49.83660834454912,52.5,secondary feed descriptive coverage; no diversion attribution
4616209,2023-04-01,SIE W WOOLEY AVENUE - RICHMOND AVENUE,Staten Island,720,8636.0,49.16307638888885,52.5,secondary feed descriptive coverage; no diversion attribution
4616209,2023-05-01,SIE W WOOLEY AVENUE - RICHMOND AVENUE,Staten Island,468,5604.0,46.99188034188033,52.345,secondary feed descriptive coverage; no diversion attribution
4616209,2023-06-01,SIE W WOOLEY AVENUE - RICHMOND AVENUE,Staten Island,541,6478.0,45.42423290203326,51.57,secondary feed descriptive coverage; no diversion attribution
4616209,2023-07-01,SIE W WOOLEY AVENUE - RICHMOND AVENUE,Staten Island,629,7526.0,20.56379173290939,0.0,secondary feed descriptive coverage; no diversion attribution
4616209,2023-08-01,SIE W WOOLEY AVENUE - RICHMOND AVENUE,Staten Island,741,8879.0,45.19199730094471,52.19,secondary feed descriptive coverage; no diversion attribution
4616209,2023-09-01,SIE W WOOLEY AVENUE - RICHMOND AVENUE,Staten Island,708,8468.0,45.949759887005655,52.5,secondary feed descriptive coverage; no diversion attribution
4616209,2023-10-01,SIE W WOOLEY AVENUE - RICHMOND AVENUE,Staten Island,744,8925.0,44.12643145161291,51.260000000000005,secondary feed descriptive coverage; no diversion attribution
4616209,2023-11-01,SIE W WOOLEY AVENUE - RICHMOND AVENUE,Staten Island,706,8448.0,46.73955382436261,52.5,secondary feed descriptive coverage; no diversion attribution
4616209,2023-12-01,SIE W WOOLEY AVENUE - RICHMOND AVENUE,Staten Island,744,8928.0,46.33245295698923,52.5,secondary feed descriptive coverage; no diversion attribution
4616209,2024-01-01,SIE W WOOLEY AVENUE - RICHMOND AVENUE,Staten Island,682,8174.0,50.66774193548382,54.68,secondary feed descriptive coverage; no diversion attribution
4616209,2024-02-01,SIE W WOOLEY AVENUE - RICHMOND AVENUE,Staten Island,416,4974.0,50.207127403846165,54.68,secondary feed descriptive coverage; no diversion attribution
4616209,2024-03-01,SIE W WOOLEY AVENUE - RICHMOND AVENUE,Staten Island,717,8574.0,49.032852161785186,54.055,secondary feed descriptive coverage; no diversion attribution
4616209,2024-04-01,SIE W WOOLEY AVENUE - RICHMOND AVENUE,Staten Island,720,8634.0,47.98661805555556,54.05,secondary feed descriptive coverage; no diversion attribution
4616209,2024-05-01,SIE W WOOLEY AVENUE - RICHMOND AVENUE,Staten Island,744,8913.0,45.8485551075269,53.120000000000005,secondary feed descriptive coverage; no diversion attribution
4616209,2024-06-01,SIE W WOOLEY AVENUE - RICHMOND AVENUE,Staten Island,720,8604.0,47.34496527777776,53.43,secondary feed descriptive coverage; no diversion attribution
4616209,2024-07-01,SIE W WOOLEY AVENUE - RICHMOND AVENUE,Staten Island,729,8715.0,49.31032921810699,54.985,secondary feed descriptive coverage; no diversion attribution
4616209,2024-08-01,SIE W WOOLEY AVENUE - RICHMOND AVENUE,Staten Island,701,8343.0,47.616569186875886,53.739999999999995,secondary feed descriptive coverage; no diversion attribution
4616209,2024-09-01,SIE W WOOLEY AVENUE - RICHMOND AVENUE,Staten Island,720,8640.0,44.91543750000001,52.5,secondary feed descriptive coverage; no diversion attribution
4616209,2024-10-01,SIE W WOOLEY AVENUE - RICHMOND AVENUE,Staten Island,744,8922.0,44.951202956989256,52.5,secondary feed descriptive coverage; no diversion attribution
4616209,2024-11-01,SIE W WOOLEY AVENUE - RICHMOND AVENUE,Staten Island,719,8615.0,49.88210013908207,55.3,secondary feed descriptive coverage; no diversion attribution
4616209,2024-12-01,SIE W WOOLEY AVENUE - RICHMOND AVENUE,Staten Island,606,7179.0,48.02335808580859,54.05,secondary feed descriptive coverage; no diversion attribution
4616209,2025-01-01,SIE W WOOLEY AVENUE - RICHMOND AVENUE,Staten Island,744,8914.0,51.763098118279565,56.230000000000004,secondary feed descriptive coverage; no diversion attribution
4616209,2025-02-01,SIE W WOOLEY AVENUE - RICHMOND AVENUE,Staten Island,672,8064.0,49.95560267857142,53.5875,secondary feed descriptive coverage; no diversion attribution
4616209,2025-03-01,SIE W WOOLEY AVENUE - RICHMOND AVENUE,Staten Island,743,8912.0,43.85251009421263,51.879999999999995,secondary feed descriptive coverage; no diversion attribution
4616209,2025-04-01,SIE W WOOLEY AVENUE - RICHMOND AVENUE,Staten Island,720,8640.0,49.55606249999999,54.989999999999995,secondary feed descriptive coverage; no diversion attribution
4616209,2025-05-01,SIE W WOOLEY AVENUE - RICHMOND AVENUE,Staten Island,744,8906.0,47.051209677419365,53.739999999999995,secondary feed descriptive coverage; no diversion attribution
4616209,2025-06-01,SIE W WOOLEY AVENUE - RICHMOND AVENUE,Staten Island,700,8292.0,48.514471428571404,54.675,secondary feed descriptive coverage; no diversion attribution
4616209,2025-07-01,SIE W WOOLEY AVENUE - RICHMOND AVENUE,Staten Island,744,8826.0,45.38647177419357,53.584999999999994,secondary feed descriptive coverage; no diversion attribution
4616209,2025-08-01,SIE W WOOLEY AVENUE - RICHMOND AVENUE,Staten Island,744,8848.0,46.02205645161289,53.43,secondary feed descriptive coverage; no diversion attribution
4616209,2025-09-01,SIE W WOOLEY AVENUE - RICHMOND AVENUE,Staten Island,720,8535.0,50.54889583333333,54.989999999999995,secondary feed descriptive coverage; no diversion attribution
4616209,2025-10-01,SIE W WOOLEY AVENUE - RICHMOND AVENUE,Staten Island,734,8701.0,49.64798365122611,54.68,secondary feed descriptive coverage; no diversion attribution
4616209,2025-11-01,SIE W WOOLEY AVENUE - RICHMOND AVENUE,Staten Island,718,8564.0,50.38665738161561,55.144999999999996,secondary feed descriptive coverage; no diversion attribution
4616209,2025-12-01,SIE W WOOLEY AVENUE - RICHMOND AVENUE,Staten Island,740,8861.0,49.71347972972974,54.675,secondary feed descriptive coverage; no diversion attribution
4616209,2026-01-01,SIE W WOOLEY AVENUE - RICHMOND AVENUE,Staten Island,743,8901.0,54.13936742934052,57.47,secondary feed descriptive coverage; no diversion attribution
4616209,2026-02-01,SIE W WOOLEY AVENUE - RICHMOND AVENUE,Staten Island,672,8048.0,53.27247767857142,57.47,secondary feed descriptive coverage; no diversion attribution
4616209,2026-03-01,SIE W WOOLEY AVENUE - RICHMOND AVENUE,Staten Island,743,8902.0,54.785854643337835,60.269999999999996,secondary feed descriptive coverage; no diversion attribution
4616209,2026-04-01,SIE W WOOLEY AVENUE - RICHMOND AVENUE,Staten Island,477,5711.0,55.90612159329141,60.89,secondary feed descriptive coverage; no diversion attribution
4616209,2026-05-01,SIE W WOOLEY AVENUE - RICHMOND AVENUE,Staten Island,736,8771.0,50.159069293478254,57.315,secondary feed descriptive coverage; no diversion attribution
4616209,2026-07-01,SIE W WOOLEY AVENUE - RICHMOND AVENUE,Staten Island,695,8269.0,50.72374820143882,59.335,secondary feed descriptive coverage; no diversion attribution
4616210,2023-01-01,MLK S - SIE W WALKER STREET - RICHMOND AVENUE,Staten Island,557,6655.0,48.183617594254954,50.33,secondary feed descriptive coverage; no diversion attribution
4616210,2023-02-01,MLK S - SIE W WALKER STREET - RICHMOND AVENUE,Staten Island,661,7886.0,47.24890317700453,49.39,secondary feed descriptive coverage; no diversion attribution
4616210,2023-03-01,MLK S - SIE W WALKER STREET - RICHMOND AVENUE,Staten Island,743,8912.0,47.273593539703874,49.08,secondary feed descriptive coverage; no diversion attribution
4616210,2023-04-01,MLK S - SIE W WALKER STREET - RICHMOND AVENUE,Staten Island,720,8636.0,46.552173611111115,48.769999999999996,secondary feed descriptive coverage; no diversion attribution
4616210,2023-05-01,MLK S - SIE W WALKER STREET - RICHMOND AVENUE,Staten Island,468,5604.0,35.59839743589743,35.254999999999995,secondary feed descriptive coverage; no diversion attribution
4616210,2023-06-01,MLK S - SIE W WALKER STREET - RICHMOND AVENUE,Staten Island,541,6478.0,33.89463031423289,34.48,secondary feed descriptive coverage; no diversion attribution
4616210,2023-07-01,MLK S - SIE W WALKER STREET - RICHMOND AVENUE,Staten Island,629,7526.0,8.194888712241655,0.0,secondary feed descriptive coverage; no diversion attribution
4616210,2023-08-01,MLK S - SIE W WALKER STREET - RICHMOND AVENUE,Staten Island,741,8879.0,38.42812415654522,39.14,secondary feed descriptive coverage; no diversion attribution
4616210,2023-09-01,MLK S - SIE W WALKER STREET - RICHMOND AVENUE,Staten Island,708,8468.0,39.77077683615819,40.072500000000005,secondary feed descriptive coverage; no diversion attribution
4616210,2023-10-01,MLK S - SIE W WALKER STREET - RICHMOND AVENUE,Staten Island,744,8925.0,21.19315860215054,21.897499999999997,secondary feed descriptive coverage; no diversion attribution
4616210,2023-11-01,MLK S - SIE W WALKER STREET - RICHMOND AVENUE,Staten Island,706,8448.0,25.591983002832855,32.305,secondary feed descriptive coverage; no diversion attribution
4616210,2023-12-01,MLK S - SIE W WALKER STREET - RICHMOND AVENUE,Staten Island,744,8928.0,40.88802419354842,41.94,secondary feed descriptive coverage; no diversion attribution
4616210,2024-01-01,MLK S - SIE W WALKER STREET - RICHMOND AVENUE,Staten Island,682,8174.0,44.21267595307918,46.29,secondary feed descriptive coverage; no diversion attribution
4616210,2024-02-01,MLK S - SIE W WALKER STREET - RICHMOND AVENUE,Staten Island,416,4974.0,45.452427884615375,46.29,secondary feed descriptive coverage; no diversion attribution
4616210,2024-03-01,MLK S - SIE W WALKER STREET - RICHMOND AVENUE,Staten Island,717,8574.0,45.512894002789395,46.6,secondary feed descriptive coverage; no diversion attribution
4616210,2024-04-01,MLK S - SIE W WALKER STREET - RICHMOND AVENUE,Staten Island,720,8634.0,45.21841666666666,46.29,secondary feed descriptive coverage; no diversion attribution
4616210,2024-05-01,MLK S - SIE W WALKER STREET - RICHMOND AVENUE,Staten Island,744,8913.0,44.52002016129032,45.98,secondary feed descriptive coverage; no diversion attribution
4616210,2024-06-01,MLK S - SIE W WALKER STREET - RICHMOND AVENUE,Staten Island,720,8606.0,46.71818055555556,47.53,secondary feed descriptive coverage; no diversion attribution
4616210,2024-07-01,MLK S - SIE W WALKER STREET - RICHMOND AVENUE,Staten Island,729,8716.0,47.02864883401918,48.150000000000006,secondary feed descriptive coverage; no diversion attribution
4616210,2024-08-01,MLK S - SIE W WALKER STREET - RICHMOND AVENUE,Staten Island,701,8345.0,46.57352353780314,46.599999999999994,secondary feed descriptive coverage; no diversion attribution
4616210,2024-09-01,MLK S - SIE W WALKER STREET - RICHMOND AVENUE,Staten Island,720,8640.0,44.5240625,46.29,secondary feed descriptive coverage; no diversion attribution
4616210,2024-10-01,MLK S - SIE W WALKER STREET - RICHMOND AVENUE,Staten Island,744,8923.0,42.72852150537636,45.67,secondary feed descriptive coverage; no diversion attribution
4616210,2024-11-01,MLK S - SIE W WALKER STREET - RICHMOND AVENUE,Staten Island,719,8618.0,44.756731571627256,46.29,secondary feed descriptive coverage; no diversion attribution
4616210,2024-12-01,MLK S - SIE W WALKER STREET - RICHMOND AVENUE,Staten Island,606,7182.0,44.048316831683174,45.98,secondary feed descriptive coverage; no diversion attribution
4616210,2025-01-01,MLK S - SIE W WALKER STREET - RICHMOND AVENUE,Staten Island,744,8918.0,45.425483870967746,46.91,secondary feed descriptive coverage; no diversion attribution
4616210,2025-02-01,MLK S - SIE W WALKER STREET - RICHMOND AVENUE,Staten Island,672,8064.0,39.21438988095237,40.227500000000006,secondary feed descriptive coverage; no diversion attribution
4616210,2025-03-01,MLK S - SIE W WALKER STREET - RICHMOND AVENUE,Staten Island,743,8912.0,39.30171601615073,44.735,secondary feed descriptive coverage; no diversion attribution
4616210,2025-04-01,MLK S - SIE W WALKER STREET - RICHMOND AVENUE,Staten Island,720,8640.0,46.14564583333334,47.84,secondary feed descriptive coverage; no diversion attribution
4616210,2025-05-01,MLK S - SIE W WALKER STREET - RICHMOND AVENUE,Staten Island,744,8906.0,39.829751344086,44.73,secondary feed descriptive coverage; no diversion attribution
4616210,2025-06-01,MLK S - SIE W WALKER STREET - RICHMOND AVENUE,Staten Island,700,8292.0,45.63177857142857,46.6,secondary feed descriptive coverage; no diversion attribution
4616210,2025-07-01,MLK S - SIE W WALKER STREET - RICHMOND AVENUE,Staten Island,744,8826.0,42.62578629032259,45.67,secondary feed descriptive coverage; no diversion attribution
4616210,2025-08-01,MLK S - SIE W WALKER STREET - RICHMOND AVENUE,Staten Island,744,8848.0,44.246727150537616,45.67,secondary feed descriptive coverage; no diversion attribution
4616210,2025-09-01,MLK S - SIE W WALKER STREET - RICHMOND AVENUE,Staten Island,720,8535.0,46.2181875,48.150000000000006,secondary feed descriptive coverage; no diversion attribution
4616210,2025-10-01,MLK S - SIE W WALKER STREET - RICHMOND AVENUE,Staten Island,734,8701.0,45.27057901907359,46.91,secondary feed descriptive coverage; no diversion attribution
4616210,2025-11-01,MLK S - SIE W WALKER STREET - RICHMOND AVENUE,Staten Island,718,8564.0,44.43481894150418,46.599999999999994,secondary feed descriptive coverage; no diversion attribution
4616210,2025-12-01,MLK S - SIE W WALKER STREET - RICHMOND AVENUE,Staten Island,740,8861.0,44.96047297297295,46.6,secondary feed descriptive coverage; no diversion attribution
4616210,2026-01-01,MLK S - SIE W WALKER STREET - RICHMOND AVENUE,Staten Island,743,8901.0,45.81287348586809,46.91,secondary feed descriptive coverage; no diversion attribution
4616210,2026-02-01,MLK S - SIE W WALKER STREET - RICHMOND AVENUE,Staten Island,672,8048.0,32.13174851190475,45.3575,secondary feed descriptive coverage; no diversion attribution
4616210,2026-03-01,MLK S - SIE W WALKER STREET - RICHMOND AVENUE,Staten Island,743,8902.0,13.651621803499326,0.0,secondary feed descriptive coverage; no diversion attribution
4616210,2026-04-01,MLK S - SIE W WALKER STREET - RICHMOND AVENUE,Staten Island,477,5711.0,24.858501048218034,22.99,secondary feed descriptive coverage; no diversion attribution
4616210,2026-05-01,MLK S - SIE W WALKER STREET - RICHMOND AVENUE,Staten Island,736,8771.0,24.075197010869573,21.119999999999997,secondary feed descriptive coverage; no diversion attribution
4616210,2026-07-01,MLK S - SIE W WALKER STREET - RICHMOND AVENUE,Staten Island,695,8269.0,3.410251798561151,0.0,secondary feed descriptive coverage; no diversion attribution
4616211,2023-01-01,SIE W RICHMOND AVENUE - SOUTH AVENUE,Staten Island,557,6655.0,51.38587971274686,54.05,secondary feed descriptive coverage; no diversion attribution
4616211,2023-02-01,SIE W RICHMOND AVENUE - SOUTH AVENUE,Staten Island,661,7886.0,50.181785173978824,53.43,secondary feed descriptive coverage; no diversion attribution
4616211,2023-03-01,SIE W RICHMOND AVENUE - SOUTH AVENUE,Staten Island,743,8912.0,49.8170053835801,52.81,secondary feed descriptive coverage; no diversion attribution
4616211,2023-04-01,SIE W RICHMOND AVENUE - SOUTH AVENUE,Staten Island,720,8636.0,49.15399305555554,52.655,secondary feed descriptive coverage; no diversion attribution
4616211,2023-05-01,SIE W RICHMOND AVENUE - SOUTH AVENUE,Staten Island,468,5604.0,46.99120726495724,52.345,secondary feed descriptive coverage; no diversion attribution
4616211,2023-06-01,SIE W RICHMOND AVENUE - SOUTH AVENUE,Staten Island,541,6478.0,45.43686691312384,51.57,secondary feed descriptive coverage; no diversion attribution
4616211,2023-07-01,SIE W RICHMOND AVENUE - SOUTH AVENUE,Staten Island,629,7526.0,20.57716216216215,0.0,secondary feed descriptive coverage; no diversion attribution
4616211,2023-08-01,SIE W RICHMOND AVENUE - SOUTH AVENUE,Staten Island,741,8879.0,45.192004048583,52.19,secondary feed descriptive coverage; no diversion attribution
4616211,2023-09-01,SIE W RICHMOND AVENUE - SOUTH AVENUE,Staten Island,708,8468.0,45.94757062146892,52.5,secondary feed descriptive coverage; no diversion attribution
4616211,2023-10-01,SIE W RICHMOND AVENUE - SOUTH AVENUE,Staten Island,744,8925.0,44.125181451612896,51.260000000000005,secondary feed descriptive coverage; no diversion attribution
4616211,2023-11-01,SIE W RICHMOND AVENUE - SOUTH AVENUE,Staten Island,706,8448.0,47.220977337110476,52.5,secondary feed descriptive coverage; no diversion attribution
4616211,2023-12-01,SIE W RICHMOND AVENUE - SOUTH AVENUE,Staten Island,744,8928.0,48.45023521505379,55.3,secondary feed descriptive coverage; no diversion attribution
4616211,2024-01-01,SIE W RICHMOND AVENUE - SOUTH AVENUE,Staten Island,682,8174.0,51.268607038123136,55.3,secondary feed descriptive coverage; no diversion attribution
4616211,2024-02-01,SIE W RICHMOND AVENUE - SOUTH AVENUE,Staten Island,416,4974.0,50.21085336538461,54.68,secondary feed descriptive coverage; no diversion attribution
4616211,2024-03-01,SIE W RICHMOND AVENUE - SOUTH AVENUE,Staten Island,717,8574.0,49.03242677824268,54.055,secondary feed descriptive coverage; no diversion attribution
4616211,2024-04-01,SIE W RICHMOND AVENUE - SOUTH AVENUE,Staten Island,720,8634.0,47.99178472222222,54.05,secondary feed descriptive coverage; no diversion attribution
4616211,2024-05-01,SIE W RICHMOND AVENUE - SOUTH AVENUE,Staten Island,744,8913.0,45.879442204301085,53.275000000000006,secondary feed descriptive coverage; no diversion attribution
4616211,2024-06-01,SIE W RICHMOND AVENUE - SOUTH AVENUE,Staten Island,720,8604.0,47.37947222222221,53.43,secondary feed descriptive coverage; no diversion attribution
4616211,2024-07-01,SIE W RICHMOND AVENUE - SOUTH AVENUE,Staten Island,729,8716.0,49.31416323731139,54.985,secondary feed descriptive coverage; no diversion attribution
4616211,2024-08-01,SIE W RICHMOND AVENUE - SOUTH AVENUE,Staten Island,701,8346.0,47.61700427960058,53.739999999999995,secondary feed descriptive coverage; no diversion attribution
4616211,2024-09-01,SIE W RICHMOND AVENUE - SOUTH AVENUE,Staten Island,720,8640.0,44.998298611111096,52.5,secondary feed descriptive coverage; no diversion attribution
4616211,2024-10-01,SIE W RICHMOND AVENUE - SOUTH AVENUE,Staten Island,744,8923.0,45.77729838709674,53.739999999999995,secondary feed descriptive coverage; no diversion attribution
4616211,2024-11-01,SIE W RICHMOND AVENUE - SOUTH AVENUE,Staten Island,719,8615.0,51.325535465924894,57.16,secondary feed descriptive coverage; no diversion attribution
4616211,2024-12-01,SIE W RICHMOND AVENUE - SOUTH AVENUE,Staten Island,606,7180.0,49.43073432343233,56.54,secondary feed descriptive coverage; no diversion attribution
4616211,2025-01-01,SIE W RICHMOND AVENUE - SOUTH AVENUE,Staten Island,744,8916.0,52.19372983870965,56.849999999999994,secondary feed descriptive coverage; no diversion attribution
4616211,2025-02-01,SIE W RICHMOND AVENUE - SOUTH AVENUE,Staten Island,672,8064.0,49.95652529761905,53.5875,secondary feed descriptive coverage; no diversion attribution
4616211,2025-03-01,SIE W RICHMOND AVENUE - SOUTH AVENUE,Staten Island,743,8912.0,43.911467025572016,51.879999999999995,secondary feed descriptive coverage; no diversion attribution
4616211,2025-04-01,SIE W RICHMOND AVENUE - SOUTH AVENUE,Staten Island,720,8640.0,49.56941666666668,54.989999999999995,secondary feed descriptive coverage; no diversion attribution
4616211,2025-05-01,SIE W RICHMOND AVENUE - SOUTH AVENUE,Staten Island,744,8906.0,47.175235215053746,53.584999999999994,secondary feed descriptive coverage; no diversion attribution
4616211,2025-06-01,SIE W RICHMOND AVENUE - SOUTH AVENUE,Staten Island,700,8292.0,48.097721428571404,53.120000000000005,secondary feed descriptive coverage; no diversion attribution
4616211,2025-07-01,SIE W RICHMOND AVENUE - SOUTH AVENUE,Staten Island,744,8826.0,44.91465725806452,51.25750000000001,secondary feed descriptive coverage; no diversion attribution
4616211,2025-08-01,SIE W RICHMOND AVENUE - SOUTH AVENUE,Staten Island,744,8848.0,45.40396505376346,50.95,secondary feed descriptive coverage; no diversion attribution
4616211,2025-09-01,SIE W RICHMOND AVENUE - SOUTH AVENUE,Staten Island,720,8535.0,49.89557638888889,53.43,secondary feed descriptive coverage; no diversion attribution
4616211,2025-10-01,SIE W RICHMOND AVENUE - SOUTH AVENUE,Staten Island,734,8701.0,48.984141689373295,52.81,secondary feed descriptive coverage; no diversion attribution
4616211,2025-11-01,SIE W RICHMOND AVENUE - SOUTH AVENUE,Staten Island,718,8564.0,50.22398328690809,54.364999999999995,secondary feed descriptive coverage; no diversion attribution
4616211,2025-12-01,SIE W RICHMOND AVENUE - SOUTH AVENUE,Staten Island,740,8861.0,49.77222972972969,53.120000000000005,secondary feed descriptive coverage; no diversion attribution
4616211,2026-01-01,SIE W RICHMOND AVENUE - SOUTH AVENUE,Staten Island,743,8901.0,51.1716756393002,53.43,secondary feed descriptive coverage; no diversion attribution
4616211,2026-02-01,SIE W RICHMOND AVENUE - SOUTH AVENUE,Staten Island,672,8048.0,51.25069196428573,54.364999999999995,secondary feed descriptive coverage; no diversion attribution
4616211,2026-03-01,SIE W RICHMOND AVENUE - SOUTH AVENUE,Staten Island,743,8902.0,52.155222072678356,54.364999999999995,secondary feed descriptive coverage; no diversion attribution
4616211,2026-04-01,SIE W RICHMOND AVENUE - SOUTH AVENUE,Staten Island,477,5711.0,51.65044025157231,54.05,secondary feed descriptive coverage; no diversion attribution
4616211,2026-05-01,SIE W RICHMOND AVENUE - SOUTH AVENUE,Staten Island,736,8772.0,49.268498641304355,53.584999999999994,secondary feed descriptive coverage; no diversion attribution
4616211,2026-07-01,SIE W RICHMOND AVENUE - SOUTH AVENUE,Staten Island,695,8268.0,50.00648201438849,55.3,secondary feed descriptive coverage; no diversion attribution
4616212,2023-01-01,WSE N VICTORY BLVD - SOUTH AVENUE,Staten Island,557,6655.0,59.838473967684045,60.27,secondary feed descriptive coverage; no diversion attribution
4616212,2023-02-01,WSE N VICTORY BLVD - SOUTH AVENUE,Staten Island,661,7886.0,33.72773827534039,57.47,secondary feed descriptive coverage; no diversion attribution
4616212,2023-03-01,WSE N VICTORY BLVD - SOUTH AVENUE,Staten Island,743,8912.0,0.0,0.0,secondary feed descriptive coverage; no diversion attribution
4616212,2023-04-01,WSE N VICTORY BLVD - SOUTH AVENUE,Staten Island,720,8636.0,0.0,0.0,secondary feed descriptive coverage; no diversion attribution
4616212,2023-05-01,WSE N VICTORY BLVD - SOUTH AVENUE,Staten Island,468,5604.0,0.0,0.0,secondary feed descriptive coverage; no diversion attribution
4616212,2023-06-01,WSE N VICTORY BLVD - SOUTH AVENUE,Staten Island,541,6478.0,0.0,0.0,secondary feed descriptive coverage; no diversion attribution
4616212,2023-07-01,WSE N VICTORY BLVD - SOUTH AVENUE,Staten Island,629,7526.0,0.0,0.0,secondary feed descriptive coverage; no diversion attribution
4616212,2023-08-01,WSE N VICTORY BLVD - SOUTH AVENUE,Staten Island,741,8879.0,0.0,0.0,secondary feed descriptive coverage; no diversion attribution
4616212,2023-09-01,WSE N VICTORY BLVD - SOUTH AVENUE,Staten Island,708,8468.0,0.0,0.0,secondary feed descriptive coverage; no diversion attribution
4616212,2023-10-01,WSE N VICTORY BLVD - SOUTH AVENUE,Staten Island,744,8925.0,29.33799731182797,0.0,secondary feed descriptive coverage; no diversion attribution
4616212,2023-11-01,WSE N VICTORY BLVD - SOUTH AVENUE,Staten Island,706,8448.0,60.33427762039661,60.89,secondary feed descriptive coverage; no diversion attribution
4616212,2023-12-01,WSE N VICTORY BLVD - SOUTH AVENUE,Staten Island,744,8928.0,60.1721505376344,60.89,secondary feed descriptive coverage; no diversion attribution
4616212,2024-01-01,WSE N VICTORY BLVD - SOUTH AVENUE,Staten Island,682,8174.0,45.317565982404695,59.34,secondary feed descriptive coverage; no diversion attribution
4616212,2024-02-01,WSE N VICTORY BLVD - SOUTH AVENUE,Staten Island,416,4974.0,21.173581730769232,0.0,secondary feed descriptive coverage; no diversion attribution
4616212,2024-03-01,WSE N VICTORY BLVD - SOUTH AVENUE,Staten Island,717,8574.0,0.0,0.0,secondary feed descriptive coverage; no diversion attribution
4616212,2024-04-01,WSE N VICTORY BLVD - SOUTH AVENUE,Staten Island,720,8634.0,0.0,0.0,secondary feed descriptive coverage; no diversion attribution
4616212,2024-05-01,WSE N VICTORY BLVD - SOUTH AVENUE,Staten Island,744,8914.0,6.1338306451612885,0.0,secondary feed descriptive coverage; no diversion attribution
4616212,2024-06-01,WSE N VICTORY BLVD - SOUTH AVENUE,Staten Island,720,8606.0,56.00295833333334,58.715,secondary feed descriptive coverage; no diversion attribution
4616212,2024-07-01,WSE N VICTORY BLVD - SOUTH AVENUE,Staten Island,729,8715.0,60.64596021947874,60.58,secondary feed descriptive coverage; no diversion attribution
4616212,2024-08-01,WSE N VICTORY BLVD - SOUTH AVENUE,Staten Island,701,8344.0,59.50706134094149,59.96,secondary feed descriptive coverage; no diversion attribution
4616212,2024-09-01,WSE N VICTORY BLVD - SOUTH AVENUE,Staten Island,720,8640.0,59.484854166666636,59.96,secondary feed descriptive coverage; no diversion attribution
4616212,2024-10-01,WSE N VICTORY BLVD - SOUTH AVENUE,Staten Island,744,8922.0,54.839254032258104,58.4,secondary feed descriptive coverage; no diversion attribution
4616212,2024-11-01,WSE N VICTORY BLVD - SOUTH AVENUE,Staten Island,719,8614.0,53.119374130737135,57.16,secondary feed descriptive coverage; no diversion attribution
4616212,2024-12-01,WSE N VICTORY BLVD - SOUTH AVENUE,Staten Island,606,7172.0,51.17629537953794,55.92,secondary feed descriptive coverage; no diversion attribution
4616212,2025-01-01,WSE N VICTORY BLVD - SOUTH AVENUE,Staten Island,744,8912.0,56.82166666666667,57.78,secondary feed descriptive coverage; no diversion attribution
4616212,2025-02-01,WSE N VICTORY BLVD - SOUTH AVENUE,Staten Island,672,8064.0,14.012693452380956,0.0,secondary feed descriptive coverage; no diversion attribution
4616212,2025-03-01,WSE N VICTORY BLVD - SOUTH AVENUE,Staten Island,743,8912.0,44.52922611036337,53.43,secondary feed descriptive coverage; no diversion attribution
4616212,2025-04-01,WSE N VICTORY BLVD - SOUTH AVENUE,Staten Island,720,8640.0,60.62743055555558,60.89,secondary feed descriptive coverage; no diversion attribution
4616212,2025-05-01,WSE N VICTORY BLVD - SOUTH AVENUE,Staten Island,744,8907.0,59.68362903225804,60.27,secondary feed descriptive coverage; no diversion attribution
4616212,2025-06-01,WSE N VICTORY BLVD - SOUTH AVENUE,Staten Island,700,8292.0,60.80375,60.58,secondary feed descriptive coverage; no diversion attribution
4616212,2025-07-01,WSE N VICTORY BLVD - SOUTH AVENUE,Staten Island,744,8826.0,56.390631720430115,60.27,secondary feed descriptive coverage; no diversion attribution
4616212,2025-08-01,WSE N VICTORY BLVD - SOUTH AVENUE,Staten Island,744,8848.0,53.71208333333335,60.27,secondary feed descriptive coverage; no diversion attribution
4616212,2025-09-01,WSE N VICTORY BLVD - SOUTH AVENUE,Staten Island,720,8534.0,60.10970833333336,60.58,secondary feed descriptive coverage; no diversion attribution
4616212,2025-10-01,WSE N VICTORY BLVD - SOUTH AVENUE,Staten Island,734,8701.0,60.20408038147145,60.58,secondary feed descriptive coverage; no diversion attribution
4616212,2025-11-01,WSE N VICTORY BLVD - SOUTH AVENUE,Staten Island,718,8564.0,60.328760445682484,60.89,secondary feed descriptive coverage; no diversion attribution
4616212,2025-12-01,WSE N VICTORY BLVD - SOUTH AVENUE,Staten Island,740,8861.0,56.25140540540538,59.34,secondary feed descriptive coverage; no diversion attribution
4616212,2026-01-01,WSE N VICTORY BLVD - SOUTH AVENUE,Staten Island,743,8901.0,59.385208613728146,60.27,secondary feed descriptive coverage; no diversion attribution
4616212,2026-02-01,WSE N VICTORY BLVD - SOUTH AVENUE,Staten Island,672,8048.0,58.220610119047606,60.269999999999996,secondary feed descriptive coverage; no diversion attribution
4616212,2026-03-01,WSE N VICTORY BLVD - SOUTH AVENUE,Staten Island,674,8062.0,36.20057863501484,57.78,secondary feed descriptive coverage; no diversion attribution
4616212,2026-04-01,WSE N VICTORY BLVD - SOUTH AVENUE,Staten Island,477,5711.0,60.40694968553457,60.27,secondary feed descriptive coverage; no diversion attribution
4616212,2026-05-01,WSE N VICTORY BLVD - SOUTH AVENUE,Staten Island,736,8769.0,59.47039402173918,59.650000000000006,secondary feed descriptive coverage; no diversion attribution
4616212,2026-07-01,WSE N VICTORY BLVD - SOUTH AVENUE,Staten Island,695,8269.0,59.91022302158273,60.27,secondary feed descriptive coverage; no diversion attribution
4616213,2023-01-01,WSE N ARDEN AVENUE - VICTORY BLVD,Staten Island,557,6655.0,27.518527827648114,0.0,secondary feed descriptive coverage; no diversion attribution
4616213,2023-02-01,WSE N ARDEN AVENUE - VICTORY BLVD,Staten Island,661,7886.0,0.0,0.0,secondary feed descriptive coverage; no diversion attribution
4616213,2023-03-01,WSE N ARDEN AVENUE - VICTORY BLVD,Staten Island,743,8912.0,0.0,0.0,secondary feed descriptive coverage; no diversion attribution
4616213,2023-04-01,WSE N ARDEN AVENUE - VICTORY BLVD,Staten Island,720,8636.0,0.0,0.0,secondary feed descriptive coverage; no diversion attribution
4616213,2023-05-01,WSE N ARDEN AVENUE - VICTORY BLVD,Staten Island,468,5604.0,0.0,0.0,secondary feed descriptive coverage; no diversion attribution
4616213,2023-06-01,WSE N ARDEN AVENUE - VICTORY BLVD,Staten Island,541,6478.0,0.0,0.0,secondary feed descriptive coverage; no diversion attribution
4616213,2023-07-01,WSE N ARDEN AVENUE - VICTORY BLVD,Staten Island,629,7526.0,0.0,0.0,secondary feed descriptive coverage; no diversion attribution
4616213,2023-08-01,WSE N ARDEN AVENUE - VICTORY BLVD,Staten Island,741,8879.0,0.0,0.0,secondary feed descriptive coverage; no diversion attribution
4616213,2023-09-01,WSE N ARDEN AVENUE - VICTORY BLVD,Staten Island,708,8468.0,0.0,0.0,secondary feed descriptive coverage; no diversion attribution
4616213,2023-10-01,WSE N ARDEN AVENUE - VICTORY BLVD,Staten Island,744,8925.0,26.324663978494623,0.0,secondary feed descriptive coverage; no diversion attribution
4616213,2023-11-01,WSE N ARDEN AVENUE - VICTORY BLVD,Staten Island,706,8448.0,56.739858356940516,58.09,secondary feed descriptive coverage; no diversion attribution
4616213,2023-12-01,WSE N ARDEN AVENUE - VICTORY BLVD,Staten Island,744,8928.0,56.978635752688184,58.4,secondary feed descriptive coverage; no diversion attribution
4616213,2024-01-01,WSE N ARDEN AVENUE - VICTORY BLVD,Staten Island,682,8174.0,43.124296187683285,56.849999999999994,secondary feed descriptive coverage; no diversion attribution
4616213,2024-02-01,WSE N ARDEN AVENUE - VICTORY BLVD,Staten Island,416,4974.0,21.172836538461546,0.0,secondary feed descriptive coverage; no diversion attribution
4616213,2024-03-01,WSE N ARDEN AVENUE - VICTORY BLVD,Staten Island,717,8574.0,0.0,0.0,secondary feed descriptive coverage; no diversion attribution
4616213,2024-04-01,WSE N ARDEN AVENUE - VICTORY BLVD,Staten Island,720,8634.0,0.0,0.0,secondary feed descriptive coverage; no diversion attribution
4616213,2024-05-01,WSE N ARDEN AVENUE - VICTORY BLVD,Staten Island,744,8914.0,6.13383064516129,0.0,secondary feed descriptive coverage; no diversion attribution
4616213,2024-06-01,WSE N ARDEN AVENUE - VICTORY BLVD,Staten Island,720,8606.0,55.73189583333336,58.4,secondary feed descriptive coverage; no diversion attribution
4616213,2024-07-01,WSE N ARDEN AVENUE - VICTORY BLVD,Staten Island,729,8715.0,58.51490397805213,59.025,secondary feed descriptive coverage; no diversion attribution
4616213,2024-08-01,WSE N ARDEN AVENUE - VICTORY BLVD,Staten Island,701,8343.0,57.434807417974376,58.09,secondary feed descriptive coverage; no diversion attribution
4616213,2024-09-01,WSE N ARDEN AVENUE - VICTORY BLVD,Staten Island,720,8640.0,56.48225694444445,57.78,secondary feed descriptive coverage; no diversion attribution
4616213,2024-10-01,WSE N ARDEN AVENUE - VICTORY BLVD,Staten Island,744,8922.0,56.777439516129064,58.09,secondary feed descriptive coverage; no diversion attribution
4616213,2024-11-01,WSE N ARDEN AVENUE - VICTORY BLVD,Staten Island,719,8614.0,55.725521557719084,57.78,secondary feed descriptive coverage; no diversion attribution
4616213,2024-12-01,WSE N ARDEN AVENUE - VICTORY BLVD,Staten Island,606,7175.0,55.23571782178218,57.315,secondary feed descriptive coverage; no diversion attribution
4616213,2025-01-01,WSE N ARDEN AVENUE - VICTORY BLVD,Staten Island,744,8912.0,56.594260752688186,58.09,secondary feed descriptive coverage; no diversion attribution
4616213,2025-02-01,WSE N ARDEN AVENUE - VICTORY BLVD,Staten Island,672,8064.0,11.609605654761909,0.0,secondary feed descriptive coverage; no diversion attribution
4616213,2025-03-01,WSE N ARDEN AVENUE - VICTORY BLVD,Staten Island,743,8912.0,47.06724764468373,57.78,secondary feed descriptive coverage; no diversion attribution
4616213,2025-04-01,WSE N ARDEN AVENUE - VICTORY BLVD,Staten Island,720,8640.0,55.83568750000001,57.78,secondary feed descriptive coverage; no diversion attribution
4616213,2025-05-01,WSE N ARDEN AVENUE - VICTORY BLVD,Staten Island,744,8907.0,55.779536290322625,57.78,secondary feed descriptive coverage; no diversion attribution
4616213,2025-06-01,WSE N ARDEN AVENUE - VICTORY BLVD,Staten Island,700,8292.0,57.09760714285717,58.09,secondary feed descriptive coverage; no diversion attribution
4616213,2025-07-01,WSE N ARDEN AVENUE - VICTORY BLVD,Staten Island,744,8826.0,30.180288978494616,44.4225,secondary feed descriptive coverage; no diversion attribution
4616213,2025-08-01,WSE N ARDEN AVENUE - VICTORY BLVD,Staten Island,744,8848.0,51.83725806451616,58.09,secondary feed descriptive coverage; no diversion attribution
4616213,2025-09-01,WSE N ARDEN AVENUE - VICTORY BLVD,Staten Island,720,8534.0,56.80247222222222,58.4,secondary feed descriptive coverage; no diversion attribution
4616213,2025-10-01,WSE N ARDEN AVENUE - VICTORY BLVD,Staten Island,734,8701.0,56.383555858310665,58.09,secondary feed descriptive coverage; no diversion attribution
4616213,2025-11-01,WSE N ARDEN AVENUE - VICTORY BLVD,Staten Island,718,8564.0,56.68470752089138,58.715,secondary feed descriptive coverage; no diversion attribution
4616213,2025-12-01,WSE N ARDEN AVENUE - VICTORY BLVD,Staten Island,740,8861.0,55.37660135135137,57.625,secondary feed descriptive coverage; no diversion attribution
4616213,2026-01-01,WSE N ARDEN AVENUE - VICTORY BLVD,Staten Island,743,8901.0,32.71219380888292,53.739999999999995,secondary feed descriptive coverage; no diversion attribution
4616213,2026-02-01,WSE N ARDEN AVENUE - VICTORY BLVD,Staten Island,672,8048.0,0.0,0.0,secondary feed descriptive coverage; no diversion attribution
4616213,2026-03-01,WSE N ARDEN AVENUE - VICTORY BLVD,Staten Island,743,8902.0,0.0,0.0,secondary feed descriptive coverage; no diversion attribution
4616213,2026-04-01,WSE N ARDEN AVENUE - VICTORY BLVD,Staten Island,477,5711.0,31.734224318658278,54.05,secondary feed descriptive coverage; no diversion attribution
4616213,2026-05-01,WSE N ARDEN AVENUE - VICTORY BLVD,Staten Island,736,8769.0,55.535020380434794,57.16,secondary feed descriptive coverage; no diversion attribution
4616213,2026-07-01,WSE N ARDEN AVENUE - VICTORY BLVD,Staten Island,695,8269.0,56.50879136690648,57.47,secondary feed descriptive coverage; no diversion attribution
4616214,2023-01-01,WSE N BLOOMUINGDALE ROAD - ARDEN AVENUE,Staten Island,557,6655.0,27.716777378815095,0.0,secondary feed descriptive coverage; no diversion attribution
4616214,2023-02-01,WSE N BLOOMUINGDALE ROAD - ARDEN AVENUE,Staten Island,661,7886.0,0.0,0.0,secondary feed descriptive coverage; no diversion attribution
4616214,2023-03-01,WSE N BLOOMUINGDALE ROAD - ARDEN AVENUE,Staten Island,743,8912.0,0.0,0.0,secondary feed descriptive coverage; no diversion attribution
4616214,2023-04-01,WSE N BLOOMUINGDALE ROAD - ARDEN AVENUE,Staten Island,720,8636.0,0.0,0.0,secondary feed descriptive coverage; no diversion attribution
4616214,2023-05-01,WSE N BLOOMUINGDALE ROAD - ARDEN AVENUE,Staten Island,468,5604.0,0.0,0.0,secondary feed descriptive coverage; no diversion attribution
4616214,2023-06-01,WSE N BLOOMUINGDALE ROAD - ARDEN AVENUE,Staten Island,541,6478.0,0.0,0.0,secondary feed descriptive coverage; no diversion attribution
4616214,2023-07-01,WSE N BLOOMUINGDALE ROAD - ARDEN AVENUE,Staten Island,629,7526.0,0.0,0.0,secondary feed descriptive coverage; no diversion attribution
4616214,2023-08-01,WSE N BLOOMUINGDALE ROAD - ARDEN AVENUE,Staten Island,741,8879.0,0.0,0.0,secondary feed descriptive coverage; no diversion attribution
4616214,2023-09-01,WSE N BLOOMUINGDALE ROAD - ARDEN AVENUE,Staten Island,708,8468.0,0.0,0.0,secondary feed descriptive coverage; no diversion attribution
4616214,2023-10-01,WSE N BLOOMUINGDALE ROAD - ARDEN AVENUE,Staten Island,744,8925.0,22.97354838709677,0.0,secondary feed descriptive coverage; no diversion attribution
4616214,2023-11-01,WSE N BLOOMUINGDALE ROAD - ARDEN AVENUE,Staten Island,706,8448.0,57.53229461756376,59.34,secondary feed descriptive coverage; no diversion attribution
4616214,2023-12-01,WSE N BLOOMUINGDALE ROAD - ARDEN AVENUE,Staten Island,744,8928.0,57.51040322580643,59.182500000000005,secondary feed descriptive coverage; no diversion attribution
4616214,2024-01-01,WSE N BLOOMUINGDALE ROAD - ARDEN AVENUE,Staten Island,682,8174.0,43.06468475073314,57.47,secondary feed descriptive coverage; no diversion attribution
4616214,2024-02-01,WSE N BLOOMUINGDALE ROAD - ARDEN AVENUE,Staten Island,416,4974.0,20.71356971153847,0.0,secondary feed descriptive coverage; no diversion attribution
4616214,2024-03-01,WSE N BLOOMUINGDALE ROAD - ARDEN AVENUE,Staten Island,717,8574.0,0.0,0.0,secondary feed descriptive coverage; no diversion attribution
4616214,2024-04-01,WSE N BLOOMUINGDALE ROAD - ARDEN AVENUE,Staten Island,720,8634.0,0.0,0.0,secondary feed descriptive coverage; no diversion attribution
4616214,2024-05-01,WSE N BLOOMUINGDALE ROAD - ARDEN AVENUE,Staten Island,744,8914.0,6.13383064516129,0.0,secondary feed descriptive coverage; no diversion attribution
4616214,2024-06-01,WSE N BLOOMUINGDALE ROAD - ARDEN AVENUE,Staten Island,720,8606.0,55.36497222222224,58.715,secondary feed descriptive coverage; no diversion attribution
4616214,2024-07-01,WSE N BLOOMUINGDALE ROAD - ARDEN AVENUE,Staten Island,729,8715.0,58.6135253772291,59.03,secondary feed descriptive coverage; no diversion attribution
4616214,2024-08-01,WSE N BLOOMUINGDALE ROAD - ARDEN AVENUE,Staten Island,701,8343.0,57.49718972895867,58.715,secondary feed descriptive coverage; no diversion attribution
4616214,2024-09-01,WSE N BLOOMUINGDALE ROAD - ARDEN AVENUE,Staten Island,720,8640.0,56.32243750000004,58.715,secondary feed descriptive coverage; no diversion attribution
4616214,2024-10-01,WSE N BLOOMUINGDALE ROAD - ARDEN AVENUE,Staten Island,744,8922.0,57.265826612903275,59.34,secondary feed descriptive coverage; no diversion attribution
4616214,2024-11-01,WSE N BLOOMUINGDALE ROAD - ARDEN AVENUE,Staten Island,719,8614.0,55.862760778859545,59.03,secondary feed descriptive coverage; no diversion attribution
4616214,2024-12-01,WSE N BLOOMUINGDALE ROAD - ARDEN AVENUE,Staten Island,606,7175.0,56.244480198019815,58.715,secondary feed descriptive coverage; no diversion attribution
4616214,2025-01-01,WSE N BLOOMUINGDALE ROAD - ARDEN AVENUE,Staten Island,744,8912.0,57.13483870967747,59.03,secondary feed descriptive coverage; no diversion attribution
4616214,2025-02-01,WSE N BLOOMUINGDALE ROAD - ARDEN AVENUE,Staten Island,672,8064.0,11.540647321428574,0.0,secondary feed descriptive coverage; no diversion attribution
4616214,2025-03-01,WSE N BLOOMUINGDALE ROAD - ARDEN AVENUE,Staten Island,743,8912.0,47.44206594885601,58.4,secondary feed descriptive coverage; no diversion attribution
4616214,2025-04-01,WSE N BLOOMUINGDALE ROAD - ARDEN AVENUE,Staten Island,720,8640.0,55.43439583333333,58.715,secondary feed descriptive coverage; no diversion attribution
4616214,2025-05-01,WSE N BLOOMUINGDALE ROAD - ARDEN AVENUE,Staten Island,744,8907.0,54.92989919354841,58.09,secondary feed descriptive coverage; no diversion attribution
4616214,2025-06-01,WSE N BLOOMUINGDALE ROAD - ARDEN AVENUE,Staten Island,700,8292.0,56.459164285714294,59.03,secondary feed descriptive coverage; no diversion attribution
4616214,2025-07-01,WSE N BLOOMUINGDALE ROAD - ARDEN AVENUE,Staten Island,744,8826.0,30.199341397849448,43.18000000000001,secondary feed descriptive coverage; no diversion attribution
4616214,2025-08-01,WSE N BLOOMUINGDALE ROAD - ARDEN AVENUE,Staten Island,744,8848.0,52.34204301075273,59.03,secondary feed descriptive coverage; no diversion attribution
4616214,2025-09-01,WSE N BLOOMUINGDALE ROAD - ARDEN AVENUE,Staten Island,720,8534.0,55.68045138888891,59.03,secondary feed descriptive coverage; no diversion attribution
4616214,2025-10-01,WSE N BLOOMUINGDALE ROAD - ARDEN AVENUE,Staten Island,734,8701.0,55.547752043596766,58.715,secondary feed descriptive coverage; no diversion attribution
4616214,2025-11-01,WSE N BLOOMUINGDALE ROAD - ARDEN AVENUE,Staten Island,718,8564.0,56.13409470752091,59.34,secondary feed descriptive coverage; no diversion attribution
4616214,2025-12-01,WSE N BLOOMUINGDALE ROAD - ARDEN AVENUE,Staten Island,740,8861.0,55.58587837837838,58.4,secondary feed descriptive coverage; no diversion attribution
4616214,2026-01-01,WSE N BLOOMUINGDALE ROAD - ARDEN AVENUE,Staten Island,743,8901.0,32.680901749663505,54.675,secondary feed descriptive coverage; no diversion attribution
4616214,2026-02-01,WSE N BLOOMUINGDALE ROAD - ARDEN AVENUE,Staten Island,672,8048.0,0.0,0.0,secondary feed descriptive coverage; no diversion attribution
4616214,2026-03-01,WSE N BLOOMUINGDALE ROAD - ARDEN AVENUE,Staten Island,743,8902.0,0.0,0.0,secondary feed descriptive coverage; no diversion attribution
4616214,2026-04-01,WSE N BLOOMUINGDALE ROAD - ARDEN AVENUE,Staten Island,477,5711.0,31.65400419287212,54.364999999999995,secondary feed descriptive coverage; no diversion attribution
4616214,2026-05-01,WSE N BLOOMUINGDALE ROAD - ARDEN AVENUE,Staten Island,736,8769.0,55.165461956521774,58.4,secondary feed descriptive coverage; no diversion attribution
4616214,2026-07-01,WSE N BLOOMUINGDALE ROAD - ARDEN AVENUE,Staten Island,695,8269.0,56.278949640287784,58.715,secondary feed descriptive coverage; no diversion attribution
4616215,2023-01-01,WSE N TYRELLAN AVENUE - BLOOMINGDALE ROAD,Staten Island,557,6655.0,0.0,0.0,secondary feed descriptive coverage; no diversion attribution
4616215,2023-02-01,WSE N TYRELLAN AVENUE - BLOOMINGDALE ROAD,Staten Island,661,7886.0,0.0,0.0,secondary feed descriptive coverage; no diversion attribution
4616215,2023-03-01,WSE N TYRELLAN AVENUE - BLOOMINGDALE ROAD,Staten Island,743,8912.0,0.0,0.0,secondary feed descriptive coverage; no diversion attribution
4616215,2023-04-01,WSE N TYRELLAN AVENUE - BLOOMINGDALE ROAD,Staten Island,720,8636.0,0.0,0.0,secondary feed descriptive coverage; no diversion attribution
4616215,2023-05-01,WSE N TYRELLAN AVENUE - BLOOMINGDALE ROAD,Staten Island,468,5604.0,0.0,0.0,secondary feed descriptive coverage; no diversion attribution
4616215,2023-06-01,WSE N TYRELLAN AVENUE - BLOOMINGDALE ROAD,Staten Island,541,6478.0,0.0,0.0,secondary feed descriptive coverage; no diversion attribution
4616215,2023-07-01,WSE N TYRELLAN AVENUE - BLOOMINGDALE ROAD,Staten Island,629,7526.0,0.0,0.0,secondary feed descriptive coverage; no diversion attribution
4616215,2023-08-01,WSE N TYRELLAN AVENUE - BLOOMINGDALE ROAD,Staten Island,741,8879.0,0.0,0.0,secondary feed descriptive coverage; no diversion attribution
4616215,2023-09-01,WSE N TYRELLAN AVENUE - BLOOMINGDALE ROAD,Staten Island,708,8468.0,0.0,0.0,secondary feed descriptive coverage; no diversion attribution
4616215,2023-10-01,WSE N TYRELLAN AVENUE - BLOOMINGDALE ROAD,Staten Island,744,8925.0,0.0,0.0,secondary feed descriptive coverage; no diversion attribution
4616215,2023-11-01,WSE N TYRELLAN AVENUE - BLOOMINGDALE ROAD,Staten Island,706,8448.0,0.0,0.0,secondary feed descriptive coverage; no diversion attribution
4616215,2023-12-01,WSE N TYRELLAN AVENUE - BLOOMINGDALE ROAD,Staten Island,744,8928.0,0.0,0.0,secondary feed descriptive coverage; no diversion attribution
4616215,2024-01-01,WSE N TYRELLAN AVENUE - BLOOMINGDALE ROAD,Staten Island,682,8174.0,0.0,0.0,secondary feed descriptive coverage; no diversion attribution
4616215,2024-02-01,WSE N TYRELLAN AVENUE - BLOOMINGDALE ROAD,Staten Island,416,4974.0,0.0,0.0,secondary feed descriptive coverage; no diversion attribution
4616215,2024-03-01,WSE N TYRELLAN AVENUE - BLOOMINGDALE ROAD,Staten Island,717,8574.0,0.0,0.0,secondary feed descriptive coverage; no diversion attribution
4616215,2024-04-01,WSE N TYRELLAN AVENUE - BLOOMINGDALE ROAD,Staten Island,720,8634.0,0.0,0.0,secondary feed descriptive coverage; no diversion attribution
4616215,2024-05-01,WSE N TYRELLAN AVENUE - BLOOMINGDALE ROAD,Staten Island,744,8914.0,0.0,0.0,secondary feed descriptive coverage; no diversion attribution
4616215,2024-06-01,WSE N TYRELLAN AVENUE - BLOOMINGDALE ROAD,Staten Island,720,8606.0,0.0,0.0,secondary feed descriptive coverage; no diversion attribution
4616215,2024-07-01,WSE N TYRELLAN AVENUE - BLOOMINGDALE ROAD,Staten Island,729,8715.0,0.0,0.0,secondary feed descriptive coverage; no diversion attribution
4616215,2024-08-01,WSE N TYRELLAN AVENUE - BLOOMINGDALE ROAD,Staten Island,701,8343.0,0.0,0.0,secondary feed descriptive coverage; no diversion attribution
4616215,2024-09-01,WSE N TYRELLAN AVENUE - BLOOMINGDALE ROAD,Staten Island,720,8640.0,0.0,0.0,secondary feed descriptive coverage; no diversion attribution
4616215,2024-10-01,WSE N TYRELLAN AVENUE - BLOOMINGDALE ROAD,Staten Island,744,8922.0,0.0,0.0,secondary feed descriptive coverage; no diversion attribution
4616215,2024-11-01,WSE N TYRELLAN AVENUE - BLOOMINGDALE ROAD,Staten Island,719,8614.0,0.0,0.0,secondary feed descriptive coverage; no diversion attribution
4616215,2024-12-01,WSE N TYRELLAN AVENUE - BLOOMINGDALE ROAD,Staten Island,606,7172.0,0.0,0.0,secondary feed descriptive coverage; no diversion attribution
4616215,2025-01-01,WSE N TYRELLAN AVENUE - BLOOMINGDALE ROAD,Staten Island,744,8912.0,0.0,0.0,secondary feed descriptive coverage; no diversion attribution
4616215,2025-02-01,WSE N TYRELLAN AVENUE - BLOOMINGDALE ROAD,Staten Island,672,8064.0,0.0,0.0,secondary feed descriptive coverage; no diversion attribution
4616215,2025-03-01,WSE N TYRELLAN AVENUE - BLOOMINGDALE ROAD,Staten Island,743,8912.0,0.0,0.0,secondary feed descriptive coverage; no diversion attribution
4616215,2025-04-01,WSE N TYRELLAN AVENUE - BLOOMINGDALE ROAD,Staten Island,720,8640.0,0.0,0.0,secondary feed descriptive coverage; no diversion attribution
4616215,2025-05-01,WSE N TYRELLAN AVENUE - BLOOMINGDALE ROAD,Staten Island,744,8907.0,6.624805107526881,0.0,secondary feed descriptive coverage; no diversion attribution
4616215,2025-06-01,WSE N TYRELLAN AVENUE - BLOOMINGDALE ROAD,Staten Island,700,8292.0,0.0,0.0,secondary feed descriptive coverage; no diversion attribution
4616215,2025-07-01,WSE N TYRELLAN AVENUE - BLOOMINGDALE ROAD,Staten Island,744,8826.0,0.0,0.0,secondary feed descriptive coverage; no diversion attribution
4616215,2025-08-01,WSE N TYRELLAN AVENUE - BLOOMINGDALE ROAD,Staten Island,744,8848.0,0.0,0.0,secondary feed descriptive coverage; no diversion attribution
4616215,2025-09-01,WSE N TYRELLAN AVENUE - BLOOMINGDALE ROAD,Staten Island,720,8534.0,0.0,0.0,secondary feed descriptive coverage; no diversion attribution
4616215,2025-10-01,WSE N TYRELLAN AVENUE - BLOOMINGDALE ROAD,Staten Island,734,8701.0,0.0,0.0,secondary feed descriptive coverage; no diversion attribution
4616215,2025-11-01,WSE N TYRELLAN AVENUE - BLOOMINGDALE ROAD,Staten Island,718,8564.0,0.0,0.0,secondary feed descriptive coverage; no diversion attribution
4616215,2025-12-01,WSE N TYRELLAN AVENUE - BLOOMINGDALE ROAD,Staten Island,740,8861.0,0.0,0.0,secondary feed descriptive coverage; no diversion attribution
4616215,2026-01-01,WSE N TYRELLAN AVENUE - BLOOMINGDALE ROAD,Staten Island,743,8901.0,0.0,0.0,secondary feed descriptive coverage; no diversion attribution
4616215,2026-02-01,WSE N TYRELLAN AVENUE - BLOOMINGDALE ROAD,Staten Island,672,8048.0,0.0,0.0,secondary feed descriptive coverage; no diversion attribution
4616215,2026-03-01,WSE N TYRELLAN AVENUE - BLOOMINGDALE ROAD,Staten Island,743,8902.0,0.0,0.0,secondary feed descriptive coverage; no diversion attribution
4616215,2026-04-01,WSE N TYRELLAN AVENUE - BLOOMINGDALE ROAD,Staten Island,477,5711.0,0.0,0.0,secondary feed descriptive coverage; no diversion attribution
4616215,2026-05-01,WSE N TYRELLAN AVENUE - BLOOMINGDALE ROAD,Staten Island,736,8769.0,0.0,0.0,secondary feed descriptive coverage; no diversion attribution
4616215,2026-07-01,WSE N TYRELLAN AVENUE - BLOOMINGDALE ROAD,Staten Island,695,8269.0,0.0,0.0,secondary feed descriptive coverage; no diversion attribution
4616216,2023-01-01,SIE E-MLK N RICHMOND AVENUE - WALKER STREET,Staten Island,557,6655.0,0.0,0.0,secondary feed descriptive coverage; no diversion attribution
4616216,2023-02-01,SIE E-MLK N RICHMOND AVENUE - WALKER STREET,Staten Island,661,7886.0,0.0,0.0,secondary feed descriptive coverage; no diversion attribution
4616216,2023-03-01,SIE E-MLK N RICHMOND AVENUE - WALKER STREET,Staten Island,743,8912.0,0.0,0.0,secondary feed descriptive coverage; no diversion attribution
4616216,2023-04-01,SIE E-MLK N RICHMOND AVENUE - WALKER STREET,Staten Island,720,8636.0,0.0,0.0,secondary feed descriptive coverage; no diversion attribution
4616216,2023-05-01,SIE E-MLK N RICHMOND AVENUE - WALKER STREET,Staten Island,468,5604.0,0.0,0.0,secondary feed descriptive coverage; no diversion attribution
4616216,2023-06-01,SIE E-MLK N RICHMOND AVENUE - WALKER STREET,Staten Island,541,6478.0,0.0,0.0,secondary feed descriptive coverage; no diversion attribution
4616216,2023-07-01,SIE E-MLK N RICHMOND AVENUE - WALKER STREET,Staten Island,629,7526.0,0.0,0.0,secondary feed descriptive coverage; no diversion attribution
4616216,2023-08-01,SIE E-MLK N RICHMOND AVENUE - WALKER STREET,Staten Island,741,8879.0,0.0,0.0,secondary feed descriptive coverage; no diversion attribution
4616216,2023-09-01,SIE E-MLK N RICHMOND AVENUE - WALKER STREET,Staten Island,708,8468.0,0.0,0.0,secondary feed descriptive coverage; no diversion attribution
4616216,2023-10-01,SIE E-MLK N RICHMOND AVENUE - WALKER STREET,Staten Island,744,8925.0,0.0,0.0,secondary feed descriptive coverage; no diversion attribution
4616216,2023-11-01,SIE E-MLK N RICHMOND AVENUE - WALKER STREET,Staten Island,706,8448.0,0.0,0.0,secondary feed descriptive coverage; no diversion attribution
4616216,2023-12-01,SIE E-MLK N RICHMOND AVENUE - WALKER STREET,Staten Island,744,8928.0,0.0,0.0,secondary feed descriptive coverage; no diversion attribution
4616216,2024-01-01,SIE E-MLK N RICHMOND AVENUE - WALKER STREET,Staten Island,682,8174.0,0.0,0.0,secondary feed descriptive coverage; no diversion attribution
4616216,2024-02-01,SIE E-MLK N RICHMOND AVENUE - WALKER STREET,Staten Island,416,4974.0,0.0,0.0,secondary feed descriptive coverage; no diversion attribution
4616216,2024-03-01,SIE E-MLK N RICHMOND AVENUE - WALKER STREET,Staten Island,717,8574.0,0.0,0.0,secondary feed descriptive coverage; no diversion attribution
4616216,2024-04-01,SIE E-MLK N RICHMOND AVENUE - WALKER STREET,Staten Island,720,8634.0,0.0,0.0,secondary feed descriptive coverage; no diversion attribution
4616216,2024-05-01,SIE E-MLK N RICHMOND AVENUE - WALKER STREET,Staten Island,744,8913.0,0.0,0.0,secondary feed descriptive coverage; no diversion attribution
4616216,2024-06-01,SIE E-MLK N RICHMOND AVENUE - WALKER STREET,Staten Island,720,8604.0,0.0,0.0,secondary feed descriptive coverage; no diversion attribution
4616216,2024-07-01,SIE E-MLK N RICHMOND AVENUE - WALKER STREET,Staten Island,729,8716.0,0.0,0.0,secondary feed descriptive coverage; no diversion attribution
4616216,2024-08-01,SIE E-MLK N RICHMOND AVENUE - WALKER STREET,Staten Island,701,8346.0,0.0,0.0,secondary feed descriptive coverage; no diversion attribution
4616216,2024-09-01,SIE E-MLK N RICHMOND AVENUE - WALKER STREET,Staten Island,720,8640.0,0.0,0.0,secondary feed descriptive coverage; no diversion attribution
4616216,2024-10-01,SIE E-MLK N RICHMOND AVENUE - WALKER STREET,Staten Island,744,8923.0,0.0,0.0,secondary feed descriptive coverage; no diversion attribution
4616216,2024-11-01,SIE E-MLK N RICHMOND AVENUE - WALKER STREET,Staten Island,719,8615.0,0.0,0.0,secondary feed descriptive coverage; no diversion attribution
4616216,2024-12-01,SIE E-MLK N RICHMOND AVENUE - WALKER STREET,Staten Island,606,7180.0,0.0,0.0,secondary feed descriptive coverage; no diversion attribution
4616216,2025-01-01,SIE E-MLK N RICHMOND AVENUE - WALKER STREET,Staten Island,744,8916.0,0.0,0.0,secondary feed descriptive coverage; no diversion attribution
4616216,2025-02-01,SIE E-MLK N RICHMOND AVENUE - WALKER STREET,Staten Island,672,8064.0,0.0,0.0,secondary feed descriptive coverage; no diversion attribution
4616216,2025-03-01,SIE E-MLK N RICHMOND AVENUE - WALKER STREET,Staten Island,743,8912.0,0.0,0.0,secondary feed descriptive coverage; no diversion attribution
4616216,2025-04-01,SIE E-MLK N RICHMOND AVENUE - WALKER STREET,Staten Island,720,8640.0,0.0,0.0,secondary feed descriptive coverage; no diversion attribution
4616216,2025-05-01,SIE E-MLK N RICHMOND AVENUE - WALKER STREET,Staten Island,744,8906.0,0.0,0.0,secondary feed descriptive coverage; no diversion attribution
4616216,2025-06-01,SIE E-MLK N RICHMOND AVENUE - WALKER STREET,Staten Island,700,8292.0,0.0,0.0,secondary feed descriptive coverage; no diversion attribution
4616216,2025-07-01,SIE E-MLK N RICHMOND AVENUE - WALKER STREET,Staten Island,744,8826.0,26.484166666666663,41.474999999999994,secondary feed descriptive coverage; no diversion attribution
4616216,2025-08-01,SIE E-MLK N RICHMOND AVENUE - WALKER STREET,Staten Island,744,8848.0,43.280799731182775,45.98,secondary feed descriptive coverage; no diversion attribution
4616216,2025-09-01,SIE E-MLK N RICHMOND AVENUE - WALKER STREET,Staten Island,720,8535.0,0.0,0.0,secondary feed descriptive coverage; no diversion attribution
4616216,2025-10-01,SIE E-MLK N RICHMOND AVENUE - WALKER STREET,Staten Island,734,8701.0,0.0,0.0,secondary feed descriptive coverage; no diversion attribution
4616216,2025-11-01,SIE E-MLK N RICHMOND AVENUE - WALKER STREET,Staten Island,718,8564.0,0.0,0.0,secondary feed descriptive coverage; no diversion attribution
4616216,2025-12-01,SIE E-MLK N RICHMOND AVENUE - WALKER STREET,Staten Island,740,8861.0,19.339000000000002,0.0,secondary feed descriptive coverage; no diversion attribution
4616216,2026-01-01,SIE E-MLK N RICHMOND AVENUE - WALKER STREET,Staten Island,743,8901.0,43.97840511440104,45.045,secondary feed descriptive coverage; no diversion attribution
4616216,2026-02-01,SIE E-MLK N RICHMOND AVENUE - WALKER STREET,Staten Island,672,8048.0,30.87351934523808,43.49,secondary feed descriptive coverage; no diversion attribution
4616216,2026-03-01,SIE E-MLK N RICHMOND AVENUE - WALKER STREET,Staten Island,743,8902.0,16.34170255720053,0.0,secondary feed descriptive coverage; no diversion attribution
4616216,2026-04-01,SIE E-MLK N RICHMOND AVENUE - WALKER STREET,Staten Island,477,5711.0,42.50381551362683,45.67,secondary feed descriptive coverage; no diversion attribution
4616216,2026-05-01,SIE E-MLK N RICHMOND AVENUE - WALKER STREET,Staten Island,736,8771.0,32.76506793478257,44.2675,secondary feed descriptive coverage; no diversion attribution
4616216,2026-07-01,SIE E-MLK N RICHMOND AVENUE - WALKER STREET,Staten Island,695,8269.0,39.964410071942424,45.36,secondary feed descriptive coverage; no diversion attribution
4616217,2023-01-01,SIE W - MLK N WOOLEY AVENUE - WLAKER STREET,Staten Island,557,6655.0,0.0,0.0,secondary feed descriptive coverage; no diversion attribution
4616217,2023-02-01,SIE W - MLK N WOOLEY AVENUE - WLAKER STREET,Staten Island,661,7886.0,0.0,0.0,secondary feed descriptive coverage; no diversion attribution
4616217,2023-03-01,SIE W - MLK N WOOLEY AVENUE - WLAKER STREET,Staten Island,743,8912.0,0.0,0.0,secondary feed descriptive coverage; no diversion attribution
4616217,2023-04-01,SIE W - MLK N WOOLEY AVENUE - WLAKER STREET,Staten Island,720,8636.0,0.0,0.0,secondary feed descriptive coverage; no diversion attribution
4616217,2023-05-01,SIE W - MLK N WOOLEY AVENUE - WLAKER STREET,Staten Island,468,5604.0,0.0,0.0,secondary feed descriptive coverage; no diversion attribution
4616217,2023-06-01,SIE W - MLK N WOOLEY AVENUE - WLAKER STREET,Staten Island,541,6478.0,0.0,0.0,secondary feed descriptive coverage; no diversion attribution
4616217,2023-07-01,SIE W - MLK N WOOLEY AVENUE - WLAKER STREET,Staten Island,629,7526.0,0.0,0.0,secondary feed descriptive coverage; no diversion attribution
4616217,2023-08-01,SIE W - MLK N WOOLEY AVENUE - WLAKER STREET,Staten Island,741,8879.0,0.0,0.0,secondary feed descriptive coverage; no diversion attribution
4616217,2023-09-01,SIE W - MLK N WOOLEY AVENUE - WLAKER STREET,Staten Island,708,8468.0,0.0,0.0,secondary feed descriptive coverage; no diversion attribution
4616217,2023-10-01,SIE W - MLK N WOOLEY AVENUE - WLAKER STREET,Staten Island,744,8925.0,0.0,0.0,secondary feed descriptive coverage; no diversion attribution
4616217,2023-11-01,SIE W - MLK N WOOLEY AVENUE - WLAKER STREET,Staten Island,706,8448.0,0.0,0.0,secondary feed descriptive coverage; no diversion attribution
4616217,2023-12-01,SIE W - MLK N WOOLEY AVENUE - WLAKER STREET,Staten Island,744,8928.0,0.0,0.0,secondary feed descriptive coverage; no diversion attribution
4616217,2024-01-01,SIE W - MLK N WOOLEY AVENUE - WLAKER STREET,Staten Island,682,8174.0,0.0,0.0,secondary feed descriptive coverage; no diversion attribution
4616217,2024-02-01,SIE W - MLK N WOOLEY AVENUE - WLAKER STREET,Staten Island,416,4974.0,0.0,0.0,secondary feed descriptive coverage; no diversion attribution
4616217,2024-03-01,SIE W - MLK N WOOLEY AVENUE - WLAKER STREET,Staten Island,717,8574.0,0.0,0.0,secondary feed descriptive coverage; no diversion attribution
4616217,2024-04-01,SIE W - MLK N WOOLEY AVENUE - WLAKER STREET,Staten Island,720,8634.0,0.0,0.0,secondary feed descriptive coverage; no diversion attribution
4616217,2024-05-01,SIE W - MLK N WOOLEY AVENUE - WLAKER STREET,Staten Island,744,8913.0,0.0,0.0,secondary feed descriptive coverage; no diversion attribution
4616217,2024-06-01,SIE W - MLK N WOOLEY AVENUE - WLAKER STREET,Staten Island,720,8604.0,0.0,0.0,secondary feed descriptive coverage; no diversion attribution
4616217,2024-07-01,SIE W - MLK N WOOLEY AVENUE - WLAKER STREET,Staten Island,729,8716.0,0.0,0.0,secondary feed descriptive coverage; no diversion attribution
4616217,2024-08-01,SIE W - MLK N WOOLEY AVENUE - WLAKER STREET,Staten Island,701,8345.0,0.0,0.0,secondary feed descriptive coverage; no diversion attribution
4616217,2024-09-01,SIE W - MLK N WOOLEY AVENUE - WLAKER STREET,Staten Island,720,8640.0,0.0,0.0,secondary feed descriptive coverage; no diversion attribution
4616217,2024-10-01,SIE W - MLK N WOOLEY AVENUE - WLAKER STREET,Staten Island,744,8923.0,0.0,0.0,secondary feed descriptive coverage; no diversion attribution
4616217,2024-11-01,SIE W - MLK N WOOLEY AVENUE - WLAKER STREET,Staten Island,719,8615.0,0.0,0.0,secondary feed descriptive coverage; no diversion attribution
4616217,2024-12-01,SIE W - MLK N WOOLEY AVENUE - WLAKER STREET,Staten Island,606,7180.0,0.0,0.0,secondary feed descriptive coverage; no diversion attribution
4616217,2025-01-01,SIE W - MLK N WOOLEY AVENUE - WLAKER STREET,Staten Island,744,8916.0,0.0,0.0,secondary feed descriptive coverage; no diversion attribution
4616217,2025-02-01,SIE W - MLK N WOOLEY AVENUE - WLAKER STREET,Staten Island,672,8064.0,0.0,0.0,secondary feed descriptive coverage; no diversion attribution
4616217,2025-03-01,SIE W - MLK N WOOLEY AVENUE - WLAKER STREET,Staten Island,743,8912.0,0.0,0.0,secondary feed descriptive coverage; no diversion attribution
4616217,2025-04-01,SIE W - MLK N WOOLEY AVENUE - WLAKER STREET,Staten Island,720,8640.0,0.0,0.0,secondary feed descriptive coverage; no diversion attribution
4616217,2025-05-01,SIE W - MLK N WOOLEY AVENUE - WLAKER STREET,Staten Island,744,8906.0,0.0,0.0,secondary feed descriptive coverage; no diversion attribution
4616217,2025-06-01,SIE W - MLK N WOOLEY AVENUE - WLAKER STREET,Staten Island,700,8292.0,15.490757142857142,0.0,secondary feed descriptive coverage; no diversion attribution
4616217,2025-07-01,SIE W - MLK N WOOLEY AVENUE - WLAKER STREET,Staten Island,744,8826.0,16.625315860215053,0.0,secondary feed descriptive coverage; no diversion attribution
4616217,2025-08-01,SIE W - MLK N WOOLEY AVENUE - WLAKER STREET,Staten Island,744,8848.0,21.92092069892473,18.482499999999998,secondary feed descriptive coverage; no diversion attribution
4616217,2025-09-01,SIE W - MLK N WOOLEY AVENUE - WLAKER STREET,Staten Island,720,8535.0,42.47459027777778,49.08,secondary feed descriptive coverage; no diversion attribution
4616217,2025-10-01,SIE W - MLK N WOOLEY AVENUE - WLAKER STREET,Staten Island,734,8701.0,43.03388283378746,48.769999999999996,secondary feed descriptive coverage; no diversion attribution
4616217,2025-11-01,SIE W - MLK N WOOLEY AVENUE - WLAKER STREET,Staten Island,718,8564.0,45.25745125348189,50.325,secondary feed descriptive coverage; no diversion attribution
4616217,2025-12-01,SIE W - MLK N WOOLEY AVENUE - WLAKER STREET,Staten Island,740,8861.0,43.39268918918916,48.46,secondary feed descriptive coverage; no diversion attribution
4616217,2026-01-01,SIE W - MLK N WOOLEY AVENUE - WLAKER STREET,Staten Island,743,8901.0,44.974744279946165,49.39,secondary feed descriptive coverage; no diversion attribution
4616217,2026-02-01,SIE W - MLK N WOOLEY AVENUE - WLAKER STREET,Staten Island,672,8048.0,31.356867559523803,45.67,secondary feed descriptive coverage; no diversion attribution
4616217,2026-03-01,SIE W - MLK N WOOLEY AVENUE - WLAKER STREET,Staten Island,743,8902.0,14.116123822341855,0.0,secondary feed descriptive coverage; no diversion attribution
4616217,2026-04-01,SIE W - MLK N WOOLEY AVENUE - WLAKER STREET,Staten Island,477,5711.0,38.256687631027276,46.6,secondary feed descriptive coverage; no diversion attribution
4616217,2026-05-01,SIE W - MLK N WOOLEY AVENUE - WLAKER STREET,Staten Island,736,8771.0,26.836936141304335,35.099999999999994,secondary feed descriptive coverage; no diversion attribution
4616217,2026-07-01,SIE W - MLK N WOOLEY AVENUE - WLAKER STREET,Staten Island,695,8268.0,33.603640287769785,41.005,secondary feed descriptive coverage; no diversion attribution
4616218,2023-07-01,VNB E-GOWANUS N BROOKLYN GANTRY LOWER LEVEL - 92ND STREET,Brooklyn,1,1.0,0.0,0.0,secondary feed descriptive coverage; no diversion attribution
4616218,2023-10-01,VNB E-GOWANUS N BROOKLYN GANTRY LOWER LEVEL - 92ND STREET,Brooklyn,1,1.0,0.0,0.0,secondary feed descriptive coverage; no diversion attribution
4616219,2023-07-01,VNB E-GOWANUS N BROOKLYN GANTRY UPPER LEVEL - 92ND STREET,Brooklyn,1,1.0,0.0,0.0,secondary feed descriptive coverage; no diversion attribution
4616219,2023-10-01,VNB E-GOWANUS N BROOKLYN GANTRY UPPER LEVEL - 92ND STREET,Brooklyn,1,1.0,0.0,0.0,secondary feed descriptive coverage; no diversion attribution
4616220,2023-01-01,GOW N 92ND STREET - 7TH AVENUE,Brooklyn,557,6655.0,46.38684919210052,49.39,secondary feed descriptive coverage; no diversion attribution
4616220,2023-02-01,GOW N 92ND STREET - 7TH AVENUE,Brooklyn,661,7886.0,46.76975794251134,49.08,secondary feed descriptive coverage; no diversion attribution
4616220,2023-03-01,GOW N 92ND STREET - 7TH AVENUE,Brooklyn,743,8912.0,45.313135935397035,49.08,secondary feed descriptive coverage; no diversion attribution
4616220,2023-04-01,GOW N 92ND STREET - 7TH AVENUE,Brooklyn,720,8636.0,46.15459722222222,48.769999999999996,secondary feed descriptive coverage; no diversion attribution
4616220,2023-05-01,GOW N 92ND STREET - 7TH AVENUE,Brooklyn,468,5604.0,42.64793803418802,48.769999999999996,secondary feed descriptive coverage; no diversion attribution
4616220,2023-06-01,GOW N 92ND STREET - 7TH AVENUE,Brooklyn,541,6478.0,44.83058225508316,48.46,secondary feed descriptive coverage; no diversion attribution
4616220,2023-07-01,GOW N 92ND STREET - 7TH AVENUE,Brooklyn,629,7526.0,46.723290937996836,48.769999999999996,secondary feed descriptive coverage; no diversion attribution
4616220,2023-08-01,GOW N 92ND STREET - 7TH AVENUE,Brooklyn,741,8879.0,46.51844804318488,48.769999999999996,secondary feed descriptive coverage; no diversion attribution
4616220,2023-09-01,GOW N 92ND STREET - 7TH AVENUE,Brooklyn,708,8468.0,44.56075564971749,48.46,secondary feed descriptive coverage; no diversion attribution
4616220,2023-10-01,GOW N 92ND STREET - 7TH AVENUE,Brooklyn,744,8925.0,45.79307795698925,48.769999999999996,secondary feed descriptive coverage; no diversion attribution
4616220,2023-11-01,GOW N 92ND STREET - 7TH AVENUE,Brooklyn,706,8448.0,41.44521954674221,47.22,secondary feed descriptive coverage; no diversion attribution
4616220,2023-12-01,GOW N 92ND STREET - 7TH AVENUE,Brooklyn,744,8928.0,42.36279569892475,47.22,secondary feed descriptive coverage; no diversion attribution
4616220,2024-01-01,GOW N 92ND STREET - 7TH AVENUE,Brooklyn,682,8174.0,45.97052785923753,49.08,secondary feed descriptive coverage; no diversion attribution
4616220,2024-02-01,GOW N 92ND STREET - 7TH AVENUE,Brooklyn,416,4974.0,46.47106971153847,49.235,secondary feed descriptive coverage; no diversion attribution
4616220,2024-03-01,GOW N 92ND STREET - 7TH AVENUE,Brooklyn,717,8574.0,45.594790794979076,49.08,secondary feed descriptive coverage; no diversion attribution
4616220,2024-04-01,GOW N 92ND STREET - 7TH AVENUE,Brooklyn,720,8634.0,45.84169444444445,49.08,secondary feed descriptive coverage; no diversion attribution
4616220,2024-05-01,GOW N 92ND STREET - 7TH AVENUE,Brooklyn,744,8914.0,43.849798387096776,48.46,secondary feed descriptive coverage; no diversion attribution
4616220,2024-06-01,GOW N 92ND STREET - 7TH AVENUE,Brooklyn,720,8606.0,44.79620138888889,48.769999999999996,secondary feed descriptive coverage; no diversion attribution
4616220,2024-07-01,GOW N 92ND STREET - 7TH AVENUE,Brooklyn,729,8716.0,46.297366255144034,49.08,secondary feed descriptive coverage; no diversion attribution
4616220,2024-08-01,GOW N 92ND STREET - 7TH AVENUE,Brooklyn,701,8344.0,44.91087731811697,47.84,secondary feed descriptive coverage; no diversion attribution
4616220,2024-09-01,GOW N 92ND STREET - 7TH AVENUE,Brooklyn,720,8640.0,40.23702083333332,45.67,secondary feed descriptive coverage; no diversion attribution
4616220,2024-10-01,GOW N 92ND STREET - 7TH AVENUE,Brooklyn,744,8923.0,40.13071236559141,45.355,secondary feed descriptive coverage; no diversion attribution
4616220,2024-11-01,GOW N 92ND STREET - 7TH AVENUE,Brooklyn,719,8619.0,38.31885952712101,45.045,secondary feed descriptive coverage; no diversion attribution
4616220,2024-12-01,GOW N 92ND STREET - 7TH AVENUE,Brooklyn,606,7187.0,34.2626897689769,34.795,secondary feed descriptive coverage; no diversion attribution
4616220,2025-01-01,GOW N 92ND STREET - 7TH AVENUE,Brooklyn,744,8918.0,32.5006182795699,34.480000000000004,secondary feed descriptive coverage; no diversion attribution
4616220,2025-02-01,GOW N 92ND STREET - 7TH AVENUE,Brooklyn,672,8064.0,20.493906250000002,13.665,secondary feed descriptive coverage; no diversion attribution
4616220,2025-03-01,GOW N 92ND STREET - 7TH AVENUE,Brooklyn,743,8912.0,33.76238223418572,42.56,secondary feed descriptive coverage; no diversion attribution
4616220,2025-04-01,GOW N 92ND STREET - 7TH AVENUE,Brooklyn,720,8640.0,40.61645138888889,43.8,secondary feed descriptive coverage; no diversion attribution
4616220,2025-05-01,GOW N 92ND STREET - 7TH AVENUE,Brooklyn,744,8907.0,40.97825268817204,45.67,secondary feed descriptive coverage; no diversion attribution
4616220,2025-06-01,GOW N 92ND STREET - 7TH AVENUE,Brooklyn,700,8292.0,42.64418571428571,46.91,secondary feed descriptive coverage; no diversion attribution
4616220,2025-07-01,GOW N 92ND STREET - 7TH AVENUE,Brooklyn,744,8826.0,38.28588037634407,44.73,secondary feed descriptive coverage; no diversion attribution
4616220,2025-08-01,GOW N 92ND STREET - 7TH AVENUE,Brooklyn,744,8848.0,42.90825940860214,46.6,secondary feed descriptive coverage; no diversion attribution
4616220,2025-09-01,GOW N 92ND STREET - 7TH AVENUE,Brooklyn,720,8535.0,42.64540972222223,47.53,secondary feed descriptive coverage; no diversion attribution
4616220,2025-10-01,GOW N 92ND STREET - 7TH AVENUE,Brooklyn,734,8701.0,41.562840599455015,46.91,secondary feed descriptive coverage; no diversion attribution
4616220,2025-11-01,GOW N 92ND STREET - 7TH AVENUE,Brooklyn,718,8564.0,40.7684749303621,46.6,secondary feed descriptive coverage; no diversion attribution
4616220,2025-12-01,GOW N 92ND STREET - 7TH AVENUE,Brooklyn,740,8864.0,39.280506756756715,45.045,secondary feed descriptive coverage; no diversion attribution
4616220,2026-01-01,GOW N 92ND STREET - 7TH AVENUE,Brooklyn,743,8901.0,42.55581426648722,46.6,secondary feed descriptive coverage; no diversion attribution
4616220,2026-02-01,GOW N 92ND STREET - 7TH AVENUE,Brooklyn,672,8048.0,39.99010416666667,45.36,secondary feed descriptive coverage; no diversion attribution
4616220,2026-03-01,GOW N 92ND STREET - 7TH AVENUE,Brooklyn,743,8902.0,42.65533647375503,47.53,secondary feed descriptive coverage; no diversion attribution
4616220,2026-04-01,GOW N 92ND STREET - 7TH AVENUE,Brooklyn,477,5711.0,43.44598532494758,46.91,secondary feed descriptive coverage; no diversion attribution
4616220,2026-05-01,GOW N 92ND STREET - 7TH AVENUE,Brooklyn,736,8772.0,39.747866847826046,45.665,secondary feed descriptive coverage; no diversion attribution
4616220,2026-07-01,GOW N 92ND STREET - 7TH AVENUE,Brooklyn,695,8268.0,43.527755395683435,46.6,secondary feed descriptive coverage; no diversion attribution
4616223,2023-01-01,GOW N 9TH STREET - ATLANTIC AVENUE,Brooklyn,557,6655.0,19.357639138240582,7.45,secondary feed descriptive coverage; no diversion attribution
4616223,2023-02-01,GOW N 9TH STREET - ATLANTIC AVENUE,Brooklyn,661,7886.0,18.414916792738307,7.140000000000001,secondary feed descriptive coverage; no diversion attribution
4616223,2023-03-01,GOW N 9TH STREET - ATLANTIC AVENUE,Brooklyn,743,8912.0,17.103930013458967,6.83,secondary feed descriptive coverage; no diversion attribution
4616223,2023-04-01,GOW N 9TH STREET - ATLANTIC AVENUE,Brooklyn,720,8636.0,17.733944444444454,7.140000000000001,secondary feed descriptive coverage; no diversion attribution
4616223,2023-05-01,GOW N 9TH STREET - ATLANTIC AVENUE,Brooklyn,468,5604.0,16.244690170940178,5.9,secondary feed descriptive coverage; no diversion attribution
4616223,2023-06-01,GOW N 9TH STREET - ATLANTIC AVENUE,Brooklyn,541,6478.0,15.469953789279117,6.21,secondary feed descriptive coverage; no diversion attribution
4616223,2023-07-01,GOW N 9TH STREET - ATLANTIC AVENUE,Brooklyn,629,7526.0,22.799642289348164,14.91,secondary feed descriptive coverage; no diversion attribution
4616223,2023-08-01,GOW N 9TH STREET - ATLANTIC AVENUE,Brooklyn,741,8879.0,18.011376518218633,9.94,secondary feed descriptive coverage; no diversion attribution
4616223,2023-09-01,GOW N 9TH STREET - ATLANTIC AVENUE,Brooklyn,708,8468.0,12.521998587570613,4.34,secondary feed descriptive coverage; no diversion attribution
4616223,2023-10-01,GOW N 9TH STREET - ATLANTIC AVENUE,Brooklyn,744,8925.0,15.162076612903236,4.97,secondary feed descriptive coverage; no diversion attribution
4616223,2023-11-01,GOW N 9TH STREET - ATLANTIC AVENUE,Brooklyn,706,8448.0,13.640410764872522,5.59,secondary feed descriptive coverage; no diversion attribution
4616223,2023-12-01,GOW N 9TH STREET - ATLANTIC AVENUE,Brooklyn,744,8928.0,21.54848790322581,15.53,secondary feed descriptive coverage; no diversion attribution
4616223,2024-01-01,GOW N 9TH STREET - ATLANTIC AVENUE,Brooklyn,682,8174.0,20.753709677419362,11.955,secondary feed descriptive coverage; no diversion attribution
4616223,2024-02-01,GOW N 9TH STREET - ATLANTIC AVENUE,Brooklyn,416,4974.0,18.664927884615384,8.69,secondary feed descriptive coverage; no diversion attribution
4616223,2024-03-01,GOW N 9TH STREET - ATLANTIC AVENUE,Brooklyn,717,8574.0,17.089560669456066,9.625,secondary feed descriptive coverage; no diversion attribution
4616223,2024-04-01,GOW N 9TH STREET - ATLANTIC AVENUE,Brooklyn,720,8634.0,15.44436805555557,6.21,secondary feed descriptive coverage; no diversion attribution
4616223,2024-05-01,GOW N 9TH STREET - ATLANTIC AVENUE,Brooklyn,744,8914.0,14.342876344086028,5.59,secondary feed descriptive coverage; no diversion attribution
4616223,2024-06-01,GOW N 9TH STREET - ATLANTIC AVENUE,Brooklyn,720,8606.0,15.683270833333353,6.52,secondary feed descriptive coverage; no diversion attribution
4616223,2024-07-01,GOW N 9TH STREET - ATLANTIC AVENUE,Brooklyn,729,8716.0,19.712133058984907,12.73,secondary feed descriptive coverage; no diversion attribution
4616223,2024-08-01,GOW N 9TH STREET - ATLANTIC AVENUE,Brooklyn,701,8345.0,17.122796005706153,6.83,secondary feed descriptive coverage; no diversion attribution
4616223,2024-09-01,GOW N 9TH STREET - ATLANTIC AVENUE,Brooklyn,720,8640.0,16.576145833333346,7.45,secondary feed descriptive coverage; no diversion attribution
4616223,2024-10-01,GOW N 9TH STREET - ATLANTIC AVENUE,Brooklyn,744,8923.0,16.691841397849473,8.07,secondary feed descriptive coverage; no diversion attribution
4616223,2024-11-01,GOW N 9TH STREET - ATLANTIC AVENUE,Brooklyn,719,8619.0,18.295855354659253,6.83,secondary feed descriptive coverage; no diversion attribution
4616223,2024-12-01,GOW N 9TH STREET - ATLANTIC AVENUE,Brooklyn,606,7187.0,16.747433993399348,6.83,secondary feed descriptive coverage; no diversion attribution
4616223,2025-01-01,GOW N 9TH STREET - ATLANTIC AVENUE,Brooklyn,744,8918.0,21.12888440860215,9.32,secondary feed descriptive coverage; no diversion attribution
4616223,2025-02-01,GOW N 9TH STREET - ATLANTIC AVENUE,Brooklyn,672,8064.0,19.614107142857144,12.7325,secondary feed descriptive coverage; no diversion attribution
4616223,2025-03-01,GOW N 9TH STREET - ATLANTIC AVENUE,Brooklyn,743,8912.0,20.07003364737551,16.15,secondary feed descriptive coverage; no diversion attribution
4616223,2025-04-01,GOW N 9TH STREET - ATLANTIC AVENUE,Brooklyn,44,523.0,19.470340909090908,14.754999999999999,secondary feed descriptive coverage; no diversion attribution
4616223,2025-06-01,GOW N 9TH STREET - ATLANTIC AVENUE,Brooklyn,1,2.0,0.0,0.0,secondary feed descriptive coverage; no diversion attribution
4616223,2025-07-01,GOW N 9TH STREET - ATLANTIC AVENUE,Brooklyn,344,4075.0,20.79350290697674,14.6,secondary feed descriptive coverage; no diversion attribution
4616223,2025-08-01,GOW N 9TH STREET - ATLANTIC AVENUE,Brooklyn,744,8848.0,17.46951612903227,7.140000000000001,secondary feed descriptive coverage; no diversion attribution
4616223,2025-09-01,GOW N 9TH STREET - ATLANTIC AVENUE,Brooklyn,720,8535.0,19.193326388888895,12.42,secondary feed descriptive coverage; no diversion attribution
4616223,2025-10-01,GOW N 9TH STREET - ATLANTIC AVENUE,Brooklyn,734,8701.0,18.100538147138973,7.295,secondary feed descriptive coverage; no diversion attribution
4616223,2025-11-01,GOW N 9TH STREET - ATLANTIC AVENUE,Brooklyn,718,8564.0,19.053816155988873,7.45,secondary feed descriptive coverage; no diversion attribution
4616223,2025-12-01,GOW N 9TH STREET - ATLANTIC AVENUE,Brooklyn,740,8864.0,17.541770270270284,7.45,secondary feed descriptive coverage; no diversion attribution
4616223,2026-01-01,GOW N 9TH STREET - ATLANTIC AVENUE,Brooklyn,743,8901.0,21.10655450874833,11.8,secondary feed descriptive coverage; no diversion attribution
4616223,2026-02-01,GOW N 9TH STREET - ATLANTIC AVENUE,Brooklyn,672,8048.0,19.53552827380954,10.56,secondary feed descriptive coverage; no diversion attribution
4616223,2026-03-01,GOW N 9TH STREET - ATLANTIC AVENUE,Brooklyn,743,8902.0,21.005585464333787,13.67,secondary feed descriptive coverage; no diversion attribution
4616223,2026-04-01,GOW N 9TH STREET - ATLANTIC AVENUE,Brooklyn,477,5711.0,18.467830188679237,8.07,secondary feed descriptive coverage; no diversion attribution
4616223,2026-05-01,GOW N 9TH STREET - ATLANTIC AVENUE,Brooklyn,736,8772.0,17.386331521739145,7.140000000000001,secondary feed descriptive coverage; no diversion attribution
4616223,2026-07-01,GOW N 9TH STREET - ATLANTIC AVENUE,Brooklyn,695,8267.0,18.717482014388498,9.934999999999999,secondary feed descriptive coverage; no diversion attribution
4616225,2023-01-01,TBB N QUEENS ANCHORAGE - BE N,Queens,557,6654.0,47.79610412926391,49.08,secondary feed descriptive coverage; no diversion attribution
4616225,2023-02-01,TBB N QUEENS ANCHORAGE - BE N,Queens,661,7887.0,47.16055219364597,49.08,secondary feed descriptive coverage; no diversion attribution
4616225,2023-03-01,TBB N QUEENS ANCHORAGE - BE N,Queens,743,8910.0,44.15457604306863,48.150000000000006,secondary feed descriptive coverage; no diversion attribution
4616225,2023-04-01,TBB N QUEENS ANCHORAGE - BE N,Queens,720,8635.0,44.72893055555555,48.46,secondary feed descriptive coverage; no diversion attribution
4616225,2023-05-01,TBB N QUEENS ANCHORAGE - BE N,Queens,468,5598.0,41.38119658119657,47.22,secondary feed descriptive coverage; no diversion attribution
4616225,2023-06-01,TBB N QUEENS ANCHORAGE - BE N,Queens,541,6474.0,44.420489833641405,48.46,secondary feed descriptive coverage; no diversion attribution
4616225,2023-07-01,TBB N QUEENS ANCHORAGE - BE N,Queens,629,7514.0,44.6036963434022,48.46,secondary feed descriptive coverage; no diversion attribution
4616225,2023-08-01,TBB N QUEENS ANCHORAGE - BE N,Queens,741,8871.0,42.994136302294166,45.98,secondary feed descriptive coverage; no diversion attribution
4616225,2023-09-01,TBB N QUEENS ANCHORAGE - BE N,Queens,703,8391.0,41.9418705547653,46.91,secondary feed descriptive coverage; no diversion attribution
4616225,2023-10-01,TBB N QUEENS ANCHORAGE - BE N,Queens,744,8889.0,42.99364919354835,46.91,secondary feed descriptive coverage; no diversion attribution
4616225,2023-11-01,TBB N QUEENS ANCHORAGE - BE N,Queens,706,8434.0,42.33945467422094,46.91,secondary feed descriptive coverage; no diversion attribution
4616225,2023-12-01,TBB N QUEENS ANCHORAGE - BE N,Queens,744,8928.0,39.53146505376345,46.29,secondary feed descriptive coverage; no diversion attribution
4616225,2024-01-01,TBB N QUEENS ANCHORAGE - BE N,Queens,682,8174.0,40.98728739002931,47.53,secondary feed descriptive coverage; no diversion attribution
4616225,2024-02-01,TBB N QUEENS ANCHORAGE - BE N,Queens,416,4974.0,45.45597355769228,47.84,secondary feed descriptive coverage; no diversion attribution
4616225,2024-03-01,TBB N QUEENS ANCHORAGE - BE N,Queens,717,8573.0,44.41967921896792,47.84,secondary feed descriptive coverage; no diversion attribution
4616225,2024-04-01,TBB N QUEENS ANCHORAGE - BE N,Queens,720,8626.0,44.84456944444444,47.84,secondary feed descriptive coverage; no diversion attribution
4616225,2024-05-01,TBB N QUEENS ANCHORAGE - BE N,Queens,744,8901.0,42.04716397849461,46.91,secondary feed descriptive coverage; no diversion attribution
4616225,2024-06-01,TBB N QUEENS ANCHORAGE - BE N,Queens,720,8599.0,43.53389583333334,47.22,secondary feed descriptive coverage; no diversion attribution
4616225,2024-07-01,TBB N QUEENS ANCHORAGE - BE N,Queens,729,8711.0,37.63048696844993,45.665,secondary feed descriptive coverage; no diversion attribution
4616225,2024-08-01,TBB N QUEENS ANCHORAGE - BE N,Queens,689,8194.0,45.29659651669084,47.22,secondary feed descriptive coverage; no diversion attribution
4616225,2024-09-01,TBB N QUEENS ANCHORAGE - BE N,Queens,720,8630.0,42.00280555555555,46.91,secondary feed descriptive coverage; no diversion attribution
4616225,2024-10-01,TBB N QUEENS ANCHORAGE - BE N,Queens,744,8923.0,43.08184811827959,46.91,secondary feed descriptive coverage; no diversion attribution
4616225,2024-11-01,TBB N QUEENS ANCHORAGE - BE N,Queens,719,8615.0,42.47614047287898,47.22,secondary feed descriptive coverage; no diversion attribution
4616225,2024-12-01,TBB N QUEENS ANCHORAGE - BE N,Queens,606,7179.0,38.21345709570957,45.36,secondary feed descriptive coverage; no diversion attribution
4616225,2025-01-01,TBB N QUEENS ANCHORAGE - BE N,Queens,744,8914.0,46.48149193548385,47.84,secondary feed descriptive coverage; no diversion attribution
4616225,2025-02-01,TBB N QUEENS ANCHORAGE - BE N,Queens,672,8064.0,45.28116815476189,47.22,secondary feed descriptive coverage; no diversion attribution
4616225,2025-03-01,TBB N QUEENS ANCHORAGE - BE N,Queens,743,8912.0,44.516036339165545,47.53,secondary feed descriptive coverage; no diversion attribution
4616225,2025-04-01,TBB N QUEENS ANCHORAGE - BE N,Queens,720,8640.0,37.762395833333315,45.67,secondary feed descriptive coverage; no diversion attribution
4616225,2025-05-01,TBB N QUEENS ANCHORAGE - BE N,Queens,738,8819.0,36.132771002709994,43.644999999999996,secondary feed descriptive coverage; no diversion attribution
4616225,2025-06-01,TBB N QUEENS ANCHORAGE - BE N,Queens,700,8292.0,41.225392857142815,45.515,secondary feed descriptive coverage; no diversion attribution
4616225,2025-07-01,TBB N QUEENS ANCHORAGE - BE N,Queens,744,8818.0,42.645692204301064,46.29,secondary feed descriptive coverage; no diversion attribution
4616225,2025-08-01,TBB N QUEENS ANCHORAGE - BE N,Queens,743,8805.0,42.23939434724091,46.6,secondary feed descriptive coverage; no diversion attribution
4616225,2025-09-01,TBB N QUEENS ANCHORAGE - BE N,Queens,720,8535.0,40.92568055555553,45.98,secondary feed descriptive coverage; no diversion attribution
4616225,2025-10-01,TBB N QUEENS ANCHORAGE - BE N,Queens,734,8701.0,35.614189373297016,43.8,secondary feed descriptive coverage; no diversion attribution
4616225,2025-11-01,TBB N QUEENS ANCHORAGE - BE N,Queens,715,8492.0,38.218811188811166,45.36,secondary feed descriptive coverage; no diversion attribution
4616225,2025-12-01,TBB N QUEENS ANCHORAGE - BE N,Queens,740,8743.0,40.24766891891891,45.98,secondary feed descriptive coverage; no diversion attribution
4616225,2026-01-01,TBB N QUEENS ANCHORAGE - BE N,Queens,743,8901.0,43.38610363391651,46.6,secondary feed descriptive coverage; no diversion attribution
4616225,2026-02-01,TBB N QUEENS ANCHORAGE - BE N,Queens,672,8048.0,42.7671056547619,46.6,secondary feed descriptive coverage; no diversion attribution
4616225,2026-03-01,TBB N QUEENS ANCHORAGE - BE N,Queens,331,3951.0,43.23563444108761,46.6,secondary feed descriptive coverage; no diversion attribution
4616225,2026-04-01,TBB N QUEENS ANCHORAGE - BE N,Queens,477,5696.0,41.71546121593288,46.6,secondary feed descriptive coverage; no diversion attribution
4616225,2026-05-01,TBB N QUEENS ANCHORAGE - BE N,Queens,182,2161.0,32.776263736263736,39.915000000000006,secondary feed descriptive coverage; no diversion attribution
4616225,2026-07-01,TBB N QUEENS ANCHORAGE - BE N,Queens,696,8231.0,0.0,0.0,secondary feed descriptive coverage; no diversion attribution
4616226,2023-01-01,GOW S 7TH AVENUE - 92ND STREET,Brooklyn,557,6655.0,48.462441651705554,49.7,secondary feed descriptive coverage; no diversion attribution
4616226,2023-02-01,GOW S 7TH AVENUE - 92ND STREET,Brooklyn,661,7886.0,49.1689258698941,50.33,secondary feed descriptive coverage; no diversion attribution
4616226,2023-03-01,GOW S 7TH AVENUE - 92ND STREET,Brooklyn,743,8912.0,47.85355316285328,49.39,secondary feed descriptive coverage; no diversion attribution
4616226,2023-04-01,GOW S 7TH AVENUE - 92ND STREET,Brooklyn,720,8636.0,49.528611111111076,50.015,secondary feed descriptive coverage; no diversion attribution
4616226,2023-05-01,GOW S 7TH AVENUE - 92ND STREET,Brooklyn,468,5604.0,47.658440170940175,49.08,secondary feed descriptive coverage; no diversion attribution
4616226,2023-06-01,GOW S 7TH AVENUE - 92ND STREET,Brooklyn,541,6478.0,48.762569316081304,49.7,secondary feed descriptive coverage; no diversion attribution
4616226,2023-07-01,GOW S 7TH AVENUE - 92ND STREET,Brooklyn,629,7526.0,48.31795707472176,49.7,secondary feed descriptive coverage; no diversion attribution
4616226,2023-08-01,GOW S 7TH AVENUE - 92ND STREET,Brooklyn,741,8879.0,49.621545209176794,50.015,secondary feed descriptive coverage; no diversion attribution
4616226,2023-09-01,GOW S 7TH AVENUE - 92ND STREET,Brooklyn,708,8468.0,49.066518361581934,50.015,secondary feed descriptive coverage; no diversion attribution
4616226,2023-10-01,GOW S 7TH AVENUE - 92ND STREET,Brooklyn,744,8925.0,48.39077956989248,48.769999999999996,secondary feed descriptive coverage; no diversion attribution
4616226,2023-11-01,GOW S 7TH AVENUE - 92ND STREET,Brooklyn,706,8448.0,47.52279036827195,49.08,secondary feed descriptive coverage; no diversion attribution
4616226,2023-12-01,GOW S 7TH AVENUE - 92ND STREET,Brooklyn,744,8928.0,46.0877822580645,48.46,secondary feed descriptive coverage; no diversion attribution
4616226,2024-01-01,GOW S 7TH AVENUE - 92ND STREET,Brooklyn,682,8174.0,48.028614369501476,49.39,secondary feed descriptive coverage; no diversion attribution
4616226,2024-02-01,GOW S 7TH AVENUE - 92ND STREET,Brooklyn,416,4974.0,48.36490384615384,49.08,secondary feed descriptive coverage; no diversion attribution
4616226,2024-03-01,GOW S 7TH AVENUE - 92ND STREET,Brooklyn,717,8574.0,48.35159693165969,49.7,secondary feed descriptive coverage; no diversion attribution
4616226,2024-04-01,GOW S 7TH AVENUE - 92ND STREET,Brooklyn,720,8634.0,49.446708333333326,50.33,secondary feed descriptive coverage; no diversion attribution
4616226,2024-05-01,GOW S 7TH AVENUE - 92ND STREET,Brooklyn,744,8914.0,47.82540322580645,49.08,secondary feed descriptive coverage; no diversion attribution
4616226,2024-06-01,GOW S 7TH AVENUE - 92ND STREET,Brooklyn,720,8606.0,48.115638888888945,49.545,secondary feed descriptive coverage; no diversion attribution
4616226,2024-07-01,GOW S 7TH AVENUE - 92ND STREET,Brooklyn,729,8716.0,48.917187928669435,49.39,secondary feed descriptive coverage; no diversion attribution
4616226,2024-08-01,GOW S 7TH AVENUE - 92ND STREET,Brooklyn,701,8344.0,48.57761055634807,49.08,secondary feed descriptive coverage; no diversion attribution
4616226,2024-09-01,GOW S 7TH AVENUE - 92ND STREET,Brooklyn,720,8640.0,43.5837638888889,45.36,secondary feed descriptive coverage; no diversion attribution
4616226,2024-10-01,GOW S 7TH AVENUE - 92ND STREET,Brooklyn,744,8923.0,43.5799193548387,45.045,secondary feed descriptive coverage; no diversion attribution
4616226,2024-11-01,GOW S 7TH AVENUE - 92ND STREET,Brooklyn,719,8619.0,38.669040333796936,43.489999999999995,secondary feed descriptive coverage; no diversion attribution
4616226,2024-12-01,GOW S 7TH AVENUE - 92ND STREET,Brooklyn,606,7187.0,41.01100660066005,43.489999999999995,secondary feed descriptive coverage; no diversion attribution
4616226,2025-01-01,GOW S 7TH AVENUE - 92ND STREET,Brooklyn,744,8918.0,37.076297043010754,43.8,secondary feed descriptive coverage; no diversion attribution
4616226,2025-02-01,GOW S 7TH AVENUE - 92ND STREET,Brooklyn,672,8064.0,18.78609375,13.665,secondary feed descriptive coverage; no diversion attribution
4616226,2025-03-01,GOW S 7TH AVENUE - 92ND STREET,Brooklyn,743,8912.0,33.26886271870794,39.455,secondary feed descriptive coverage; no diversion attribution
4616226,2025-04-01,GOW S 7TH AVENUE - 92ND STREET,Brooklyn,720,8640.0,41.4064236111111,44.73,secondary feed descriptive coverage; no diversion attribution
4616226,2025-05-01,GOW S 7TH AVENUE - 92ND STREET,Brooklyn,744,8907.0,42.74352822580645,45.98,secondary feed descriptive coverage; no diversion attribution
4616226,2025-06-01,GOW S 7TH AVENUE - 92ND STREET,Brooklyn,700,8292.0,45.07880714285713,46.91,secondary feed descriptive coverage; no diversion attribution
4616226,2025-07-01,GOW S 7TH AVENUE - 92ND STREET,Brooklyn,744,8826.0,44.05048387096772,46.6,secondary feed descriptive coverage; no diversion attribution
4616226,2025-08-01,GOW S 7TH AVENUE - 92ND STREET,Brooklyn,744,8848.0,44.650456989247296,46.6,secondary feed descriptive coverage; no diversion attribution
4616226,2025-09-01,GOW S 7TH AVENUE - 92ND STREET,Brooklyn,720,8535.0,46.05187499999999,47.53,secondary feed descriptive coverage; no diversion attribution
4616226,2025-10-01,GOW S 7TH AVENUE - 92ND STREET,Brooklyn,734,8701.0,42.82700272479563,45.98,secondary feed descriptive coverage; no diversion attribution
4616226,2025-11-01,GOW S 7TH AVENUE - 92ND STREET,Brooklyn,718,8564.0,44.106434540389955,46.91,secondary feed descriptive coverage; no diversion attribution
4616226,2025-12-01,GOW S 7TH AVENUE - 92ND STREET,Brooklyn,740,8864.0,42.94778378378376,45.36,secondary feed descriptive coverage; no diversion attribution
4616226,2026-01-01,GOW S 7TH AVENUE - 92ND STREET,Brooklyn,743,8901.0,44.16472409152088,45.67,secondary feed descriptive coverage; no diversion attribution
4616226,2026-02-01,GOW S 7TH AVENUE - 92ND STREET,Brooklyn,672,8048.0,42.41261160714284,45.36,secondary feed descriptive coverage; no diversion attribution
4616226,2026-03-01,GOW S 7TH AVENUE - 92ND STREET,Brooklyn,743,8902.0,46.2901076716016,46.91,secondary feed descriptive coverage; no diversion attribution
4616226,2026-04-01,GOW S 7TH AVENUE - 92ND STREET,Brooklyn,477,5711.0,45.00352201257859,46.6,secondary feed descriptive coverage; no diversion attribution
4616226,2026-05-01,GOW S 7TH AVENUE - 92ND STREET,Brooklyn,736,8772.0,42.778790760869526,45.045,secondary feed descriptive coverage; no diversion attribution
4616226,2026-07-01,GOW S 7TH AVENUE - 92ND STREET,Brooklyn,695,8267.0,45.055812949640234,46.29,secondary feed descriptive coverage; no diversion attribution
4616228,2023-01-01,I-87 NYST S Exit 1 - MDE S Van Cortlandt Park,Bronx,557,6655.0,56.96493716337524,59.65,secondary feed descriptive coverage; no diversion attribution
4616228,2023-02-01,I-87 NYST S Exit 1 - MDE S Van Cortlandt Park,Bronx,661,7888.0,54.87741301059,59.03,secondary feed descriptive coverage; no diversion attribution
4616228,2023-03-01,I-87 NYST S Exit 1 - MDE S Van Cortlandt Park,Bronx,743,8912.0,53.98878196500674,59.03,secondary feed descriptive coverage; no diversion attribution
4616228,2023-04-01,I-87 NYST S Exit 1 - MDE S Van Cortlandt Park,Bronx,720,8636.0,55.04238888888891,59.34,secondary feed descriptive coverage; no diversion attribution
4616228,2023-05-01,I-87 NYST S Exit 1 - MDE S Van Cortlandt Park,Bronx,468,5605.0,47.593322649572656,58.715,secondary feed descriptive coverage; no diversion attribution
4616228,2023-06-01,I-87 NYST S Exit 1 - MDE S Van Cortlandt Park,Bronx,541,6477.0,53.14359519408504,59.03,secondary feed descriptive coverage; no diversion attribution
4616228,2023-07-01,I-87 NYST S Exit 1 - MDE S Van Cortlandt Park,Bronx,629,7527.0,45.75958664546899,58.715,secondary feed descriptive coverage; no diversion attribution
4616228,2023-08-01,I-87 NYST S Exit 1 - MDE S Van Cortlandt Park,Bronx,741,8879.0,55.226491228070195,59.03,secondary feed descriptive coverage; no diversion attribution
4616228,2023-09-01,I-87 NYST S Exit 1 - MDE S Van Cortlandt Park,Bronx,708,8466.0,52.212528248587596,58.09,secondary feed descriptive coverage; no diversion attribution
4616228,2023-10-01,I-87 NYST S Exit 1 - MDE S Van Cortlandt Park,Bronx,744,8925.0,49.57545026881725,57.78,secondary feed descriptive coverage; no diversion attribution
4616228,2023-11-01,I-87 NYST S Exit 1 - MDE S Van Cortlandt Park,Bronx,706,8448.0,40.163498583569414,56.849999999999994,secondary feed descriptive coverage; no diversion attribution
4616228,2023-12-01,I-87 NYST S Exit 1 - MDE S Van Cortlandt Park,Bronx,744,8928.0,51.60229838709679,58.405,secondary feed descriptive coverage; no diversion attribution
4616228,2024-01-01,I-87 NYST S Exit 1 - MDE S Van Cortlandt Park,Bronx,682,8174.0,53.94487536656894,58.4,secondary feed descriptive coverage; no diversion attribution
4616228,2024-02-01,I-87 NYST S Exit 1 - MDE S Van Cortlandt Park,Bronx,416,4974.0,54.36100961538462,58.4,secondary feed descriptive coverage; no diversion attribution
4616228,2024-03-01,I-87 NYST S Exit 1 - MDE S Van Cortlandt Park,Bronx,717,8572.0,52.65313110181313,58.4,secondary feed descriptive coverage; no diversion attribution
4616228,2024-04-01,I-87 NYST S Exit 1 - MDE S Van Cortlandt Park,Bronx,720,8634.0,51.9467986111111,58.4,secondary feed descriptive coverage; no diversion attribution
4616228,2024-05-01,I-87 NYST S Exit 1 - MDE S Van Cortlandt Park,Bronx,744,8913.0,46.14591397849464,57.78,secondary feed descriptive coverage; no diversion attribution
4616228,2024-06-01,I-87 NYST S Exit 1 - MDE S Van Cortlandt Park,Bronx,720,8602.0,51.69711805555562,58.4,secondary feed descriptive coverage; no diversion attribution
4616228,2024-07-01,I-87 NYST S Exit 1 - MDE S Van Cortlandt Park,Bronx,729,8714.0,54.720973936899895,58.715,secondary feed descriptive coverage; no diversion attribution
4616228,2024-08-01,I-87 NYST S Exit 1 - MDE S Van Cortlandt Park,Bronx,701,8349.0,49.740948644793164,57.78,secondary feed descriptive coverage; no diversion attribution
4616228,2024-09-01,I-87 NYST S Exit 1 - MDE S Van Cortlandt Park,Bronx,720,8640.0,36.96144444444445,54.364999999999995,secondary feed descriptive coverage; no diversion attribution
4616228,2024-10-01,I-87 NYST S Exit 1 - MDE S Van Cortlandt Park,Bronx,744,8923.0,49.605262096774176,58.4,secondary feed descriptive coverage; no diversion attribution
4616228,2024-11-01,I-87 NYST S Exit 1 - MDE S Van Cortlandt Park,Bronx,719,8618.0,48.73469401947146,57.78,secondary feed descriptive coverage; no diversion attribution
4616228,2024-12-01,I-87 NYST S Exit 1 - MDE S Van Cortlandt Park,Bronx,606,7182.0,52.1223102310231,57.78,secondary feed descriptive coverage; no diversion attribution
4616228,2025-01-01,I-87 NYST S Exit 1 - MDE S Van Cortlandt Park,Bronx,744,8918.0,55.28870967741938,59.03,secondary feed descriptive coverage; no diversion attribution
4616228,2025-02-01,I-87 NYST S Exit 1 - MDE S Van Cortlandt Park,Bronx,672,8064.0,54.07365327380954,58.09,secondary feed descriptive coverage; no diversion attribution
4616228,2025-03-01,I-87 NYST S Exit 1 - MDE S Van Cortlandt Park,Bronx,743,8912.0,52.70685733512784,58.4,secondary feed descriptive coverage; no diversion attribution
4616228,2025-04-01,I-87 NYST S Exit 1 - MDE S Van Cortlandt Park,Bronx,720,8640.0,53.803562500000005,58.4,secondary feed descriptive coverage; no diversion attribution
4616228,2025-05-01,I-87 NYST S Exit 1 - MDE S Van Cortlandt Park,Bronx,744,8907.0,49.70747311827959,57.47,secondary feed descriptive coverage; no diversion attribution
4616228,2025-06-01,I-87 NYST S Exit 1 - MDE S Van Cortlandt Park,Bronx,700,8292.0,51.82480000000001,58.09,secondary feed descriptive coverage; no diversion attribution
4616228,2025-07-01,I-87 NYST S Exit 1 - MDE S Van Cortlandt Park,Bronx,744,8826.0,51.28581989247316,58.09,secondary feed descriptive coverage; no diversion attribution
4616228,2025-08-01,I-87 NYST S Exit 1 - MDE S Van Cortlandt Park,Bronx,744,8848.0,55.055436827957,58.715,secondary feed descriptive coverage; no diversion attribution
4616228,2025-09-01,I-87 NYST S Exit 1 - MDE S Van Cortlandt Park,Bronx,720,8535.0,42.178805555555556,57.47,secondary feed descriptive coverage; no diversion attribution
4616228,2025-10-01,I-87 NYST S Exit 1 - MDE S Van Cortlandt Park,Bronx,734,8701.0,52.05126021798363,58.4,secondary feed descriptive coverage; no diversion attribution
4616228,2025-11-01,I-87 NYST S Exit 1 - MDE S Van Cortlandt Park,Bronx,718,8564.0,52.96862813370476,58.4,secondary feed descriptive coverage; no diversion attribution
4616228,2025-12-01,I-87 NYST S Exit 1 - MDE S Van Cortlandt Park,Bronx,740,8861.0,52.60314864864865,57.78,secondary feed descriptive coverage; no diversion attribution
4616228,2026-01-01,I-87 NYST S Exit 1 - MDE S Van Cortlandt Park,Bronx,743,8901.0,53.91747644683722,57.78,secondary feed descriptive coverage; no diversion attribution
4616228,2026-02-01,I-87 NYST S Exit 1 - MDE S Van Cortlandt Park,Bronx,672,8048.0,52.691778273809554,57.47,secondary feed descriptive coverage; no diversion attribution
4616228,2026-03-01,I-87 NYST S Exit 1 - MDE S Van Cortlandt Park,Bronx,743,8902.0,52.24227456258413,57.47,secondary feed descriptive coverage; no diversion attribution
4616228,2026-04-01,I-87 NYST S Exit 1 - MDE S Van Cortlandt Park,Bronx,477,5711.0,51.38919287211739,57.16,secondary feed descriptive coverage; no diversion attribution
4616228,2026-05-01,I-87 NYST S Exit 1 - MDE S Van Cortlandt Park,Bronx,736,8772.0,46.18790081521742,51.415000000000006,secondary feed descriptive coverage; no diversion attribution
4616228,2026-07-01,I-87 NYST S Exit 1 - MDE S Van Cortlandt Park,Bronx,695,8269.0,37.76139568345324,38.52,secondary feed descriptive coverage; no diversion attribution
4616229,2023-01-01,BQE S - GOW S ALTANTIC AVENUE - 9TH STREET,Brooklyn,557,6655.0,41.33981149012565,44.73,secondary feed descriptive coverage; no diversion attribution
4616229,2023-02-01,BQE S - GOW S ALTANTIC AVENUE - 9TH STREET,Brooklyn,661,7886.0,39.91099848714068,44.11,secondary feed descriptive coverage; no diversion attribution
4616229,2023-03-01,BQE S - GOW S ALTANTIC AVENUE - 9TH STREET,Brooklyn,743,8912.0,38.018075370121124,43.8,secondary feed descriptive coverage; no diversion attribution
4616229,2023-04-01,BQE S - GOW S ALTANTIC AVENUE - 9TH STREET,Brooklyn,720,8636.0,41.22498611111111,45.045,secondary feed descriptive coverage; no diversion attribution
4616229,2023-05-01,BQE S - GOW S ALTANTIC AVENUE - 9TH STREET,Brooklyn,468,5604.0,41.21824786324786,44.73,secondary feed descriptive coverage; no diversion attribution
4616229,2023-06-01,BQE S - GOW S ALTANTIC AVENUE - 9TH STREET,Brooklyn,541,6478.0,42.183909426987064,45.045,secondary feed descriptive coverage; no diversion attribution
4616229,2023-07-01,BQE S - GOW S ALTANTIC AVENUE - 9TH STREET,Brooklyn,629,7526.0,41.5464149443561,44.42,secondary feed descriptive coverage; no diversion attribution
4616229,2023-08-01,BQE S - GOW S ALTANTIC AVENUE - 9TH STREET,Brooklyn,741,8879.0,42.41105263157893,44.73,secondary feed descriptive coverage; no diversion attribution
4616229,2023-09-01,BQE S - GOW S ALTANTIC AVENUE - 9TH STREET,Brooklyn,708,8468.0,42.2276906779661,44.73,secondary feed descriptive coverage; no diversion attribution
4616229,2023-10-01,BQE S - GOW S ALTANTIC AVENUE - 9TH STREET,Brooklyn,744,8925.0,41.285967741935494,44.73,secondary feed descriptive coverage; no diversion attribution
4616229,2023-11-01,BQE S - GOW S ALTANTIC AVENUE - 9TH STREET,Brooklyn,706,8448.0,28.14046742209627,39.605000000000004,secondary feed descriptive coverage; no diversion attribution
4616229,2023-12-01,BQE S - GOW S ALTANTIC AVENUE - 9TH STREET,Brooklyn,744,8928.0,36.613743279569896,39.605000000000004,secondary feed descriptive coverage; no diversion attribution
4616229,2024-01-01,BQE S - GOW S ALTANTIC AVENUE - 9TH STREET,Brooklyn,682,8174.0,41.26393695014662,43.49,secondary feed descriptive coverage; no diversion attribution
4616229,2024-02-01,BQE S - GOW S ALTANTIC AVENUE - 9TH STREET,Brooklyn,416,4974.0,40.891418269230755,44.11,secondary feed descriptive coverage; no diversion attribution
4616229,2024-03-01,BQE S - GOW S ALTANTIC AVENUE - 9TH STREET,Brooklyn,717,8574.0,40.48647140864713,43.49,secondary feed descriptive coverage; no diversion attribution
4616229,2024-04-01,BQE S - GOW S ALTANTIC AVENUE - 9TH STREET,Brooklyn,720,8634.0,40.890611111111085,44.73,secondary feed descriptive coverage; no diversion attribution
4616229,2024-05-01,BQE S - GOW S ALTANTIC AVENUE - 9TH STREET,Brooklyn,744,8914.0,40.3398051075269,44.42,secondary feed descriptive coverage; no diversion attribution
4616229,2024-06-01,BQE S - GOW S ALTANTIC AVENUE - 9TH STREET,Brooklyn,720,8606.0,39.23856944444445,44.42,secondary feed descriptive coverage; no diversion attribution
4616229,2024-07-01,BQE S - GOW S ALTANTIC AVENUE - 9TH STREET,Brooklyn,729,8715.0,41.38666666666667,44.42,secondary feed descriptive coverage; no diversion attribution
4616229,2024-08-01,BQE S - GOW S ALTANTIC AVENUE - 9TH STREET,Brooklyn,701,8345.0,41.07251069900142,44.73,secondary feed descriptive coverage; no diversion attribution
4616229,2024-09-01,BQE S - GOW S ALTANTIC AVENUE - 9TH STREET,Brooklyn,720,8640.0,38.93417361111111,44.42,secondary feed descriptive coverage; no diversion attribution
4616229,2024-10-01,BQE S - GOW S ALTANTIC AVENUE - 9TH STREET,Brooklyn,744,8923.0,37.78859543010754,44.42,secondary feed descriptive coverage; no diversion attribution
4616229,2024-11-01,BQE S - GOW S ALTANTIC AVENUE - 9TH STREET,Brooklyn,719,8623.0,40.35665507649514,44.42,secondary feed descriptive coverage; no diversion attribution
4616229,2024-12-01,BQE S - GOW S ALTANTIC AVENUE - 9TH STREET,Brooklyn,606,7193.0,39.141460396039605,43.644999999999996,secondary feed descriptive coverage; no diversion attribution
4616229,2025-01-01,BQE S - GOW S ALTANTIC AVENUE - 9TH STREET,Brooklyn,744,8922.0,42.280127688172044,44.42,secondary feed descriptive coverage; no diversion attribution
4616229,2025-02-01,BQE S - GOW S ALTANTIC AVENUE - 9TH STREET,Brooklyn,672,8064.0,31.216391369047603,38.21,secondary feed descriptive coverage; no diversion attribution
4616229,2025-03-01,BQE S - GOW S ALTANTIC AVENUE - 9TH STREET,Brooklyn,743,8912.0,24.407617765814248,18.950000000000003,secondary feed descriptive coverage; no diversion attribution
4616229,2025-04-01,BQE S - GOW S ALTANTIC AVENUE - 9TH STREET,Brooklyn,720,8640.0,19.677993055555554,16.46,secondary feed descriptive coverage; no diversion attribution
4616229,2025-05-01,BQE S - GOW S ALTANTIC AVENUE - 9TH STREET,Brooklyn,744,8906.0,15.953830645161288,13.665,secondary feed descriptive coverage; no diversion attribution
4616229,2025-06-01,BQE S - GOW S ALTANTIC AVENUE - 9TH STREET,Brooklyn,700,8292.0,15.679778571428562,13.2,secondary feed descriptive coverage; no diversion attribution
4616229,2025-07-01,BQE S - GOW S ALTANTIC AVENUE - 9TH STREET,Brooklyn,744,8826.0,39.6428629032258,44.42,secondary feed descriptive coverage; no diversion attribution
4616229,2025-08-01,BQE S - GOW S ALTANTIC AVENUE - 9TH STREET,Brooklyn,744,8848.0,40.30155241935484,44.73,secondary feed descriptive coverage; no diversion attribution
4616229,2025-09-01,BQE S - GOW S ALTANTIC AVENUE - 9TH STREET,Brooklyn,720,8536.0,36.63689583333332,42.25,secondary feed descriptive coverage; no diversion attribution
4616229,2025-10-01,BQE S - GOW S ALTANTIC AVENUE - 9TH STREET,Brooklyn,734,8701.0,41.1876771117166,44.42,secondary feed descriptive coverage; no diversion attribution
4616229,2025-11-01,BQE S - GOW S ALTANTIC AVENUE - 9TH STREET,Brooklyn,718,8564.0,41.72170612813369,44.42,secondary feed descriptive coverage; no diversion attribution
4616229,2025-12-01,BQE S - GOW S ALTANTIC AVENUE - 9TH STREET,Brooklyn,740,8867.0,41.34174324324323,43.8,secondary feed descriptive coverage; no diversion attribution
4616229,2026-01-01,BQE S - GOW S ALTANTIC AVENUE - 9TH STREET,Brooklyn,743,8901.0,41.00848586810227,43.49,secondary feed descriptive coverage; no diversion attribution
4616229,2026-02-01,BQE S - GOW S ALTANTIC AVENUE - 9TH STREET,Brooklyn,672,8048.0,39.73710565476189,43.025000000000006,secondary feed descriptive coverage; no diversion attribution
4616229,2026-03-01,BQE S - GOW S ALTANTIC AVENUE - 9TH STREET,Brooklyn,743,8902.0,39.38748317631224,42.56,secondary feed descriptive coverage; no diversion attribution
4616229,2026-04-01,BQE S - GOW S ALTANTIC AVENUE - 9TH STREET,Brooklyn,477,5711.0,41.69320754716977,44.42,secondary feed descriptive coverage; no diversion attribution
4616229,2026-05-01,BQE S - GOW S ALTANTIC AVENUE - 9TH STREET,Brooklyn,736,8772.0,39.44442934782607,44.73,secondary feed descriptive coverage; no diversion attribution
4616229,2026-07-01,BQE S - GOW S ALTANTIC AVENUE - 9TH STREET,Brooklyn,695,8267.0,41.71223741007195,44.73,secondary feed descriptive coverage; no diversion attribution
4616232,2023-01-01,BQE S 46TH STREET - LEONARD STREET,Brooklyn,557,6655.0,39.91624775583482,47.22,secondary feed descriptive coverage; no diversion attribution
4616232,2023-02-01,BQE S 46TH STREET - LEONARD STREET,Brooklyn,661,7886.0,36.52619515885021,41.01,secondary feed descriptive coverage; no diversion attribution
4616232,2023-03-01,BQE S 46TH STREET - LEONARD STREET,Brooklyn,743,8911.0,34.27667563930014,35.415,secondary feed descriptive coverage; no diversion attribution
4616232,2023-04-01,BQE S 46TH STREET - LEONARD STREET,Brooklyn,720,8636.0,35.2600625,37.745000000000005,secondary feed descriptive coverage; no diversion attribution
4616232,2023-05-01,BQE S 46TH STREET - LEONARD STREET,Brooklyn,468,5604.0,31.391517094017086,24.54,secondary feed descriptive coverage; no diversion attribution
4616232,2023-06-01,BQE S 46TH STREET - LEONARD STREET,Brooklyn,541,6478.0,32.4102865064695,28.27,secondary feed descriptive coverage; no diversion attribution
4616232,2023-07-01,BQE S 46TH STREET - LEONARD STREET,Brooklyn,629,7526.0,26.914634340222577,21.740000000000002,secondary feed descriptive coverage; no diversion attribution
4616232,2023-08-01,BQE S 46TH STREET - LEONARD STREET,Brooklyn,741,8879.0,34.76694331983804,33.86,secondary feed descriptive coverage; no diversion attribution
4616232,2023-09-01,BQE S 46TH STREET - LEONARD STREET,Brooklyn,708,8468.0,32.44820621468926,31.685000000000002,secondary feed descriptive coverage; no diversion attribution
4616232,2023-10-01,BQE S 46TH STREET - LEONARD STREET,Brooklyn,744,8925.0,32.02807123655912,28.89,secondary feed descriptive coverage; no diversion attribution
4616232,2023-11-01,BQE S 46TH STREET - LEONARD STREET,Brooklyn,706,8448.0,33.985722379603395,35.567499999999995,secondary feed descriptive coverage; no diversion attribution
4616232,2023-12-01,BQE S 46TH STREET - LEONARD STREET,Brooklyn,744,8928.0,35.44338037634407,43.18,secondary feed descriptive coverage; no diversion attribution
4616232,2024-01-01,BQE S 46TH STREET - LEONARD STREET,Brooklyn,682,8174.0,37.83447214076246,44.42,secondary feed descriptive coverage; no diversion attribution
4616232,2024-02-01,BQE S 46TH STREET - LEONARD STREET,Brooklyn,416,4974.0,35.93838942307692,41.00749999999999,secondary feed descriptive coverage; no diversion attribution
4616232,2024-03-01,BQE S 46TH STREET - LEONARD STREET,Brooklyn,717,8574.0,34.733758716875855,36.965,secondary feed descriptive coverage; no diversion attribution
4616232,2024-04-01,BQE S 46TH STREET - LEONARD STREET,Brooklyn,720,8634.0,34.940152777777776,37.59,secondary feed descriptive coverage; no diversion attribution
4616232,2024-05-01,BQE S 46TH STREET - LEONARD STREET,Brooklyn,186,2221.0,31.57798387096774,24.85,secondary feed descriptive coverage; no diversion attribution
4616235,2023-01-01,BQE N LEONARD STREET - 46TH STREET,Brooklyn,557,6655.0,48.010664272890466,50.64,secondary feed descriptive coverage; no diversion attribution
4616235,2023-02-01,BQE N LEONARD STREET - 46TH STREET,Brooklyn,661,7886.0,46.93772314674737,50.64,secondary feed descriptive coverage; no diversion attribution
4616235,2023-03-01,BQE N LEONARD STREET - 46TH STREET,Brooklyn,743,8912.0,44.34658815612382,49.39,secondary feed descriptive coverage; no diversion attribution
4616235,2023-04-01,BQE N LEONARD STREET - 46TH STREET,Brooklyn,720,8636.0,46.070680555555555,49.7,secondary feed descriptive coverage; no diversion attribution
4616235,2023-05-01,BQE N LEONARD STREET - 46TH STREET,Brooklyn,468,5604.0,43.750053418803404,49.08,secondary feed descriptive coverage; no diversion attribution
4616235,2023-06-01,BQE N LEONARD STREET - 46TH STREET,Brooklyn,541,6478.0,44.38726432532344,49.08,secondary feed descriptive coverage; no diversion attribution
4616235,2023-07-01,BQE N LEONARD STREET - 46TH STREET,Brooklyn,629,7526.0,38.45612877583464,48.46,secondary feed descriptive coverage; no diversion attribution
4616235,2023-08-01,BQE N LEONARD STREET - 46TH STREET,Brooklyn,741,8879.0,46.37435222672066,49.39,secondary feed descriptive coverage; no diversion attribution
4616235,2023-09-01,BQE N LEONARD STREET - 46TH STREET,Brooklyn,708,8468.0,42.56522598870055,48.46,secondary feed descriptive coverage; no diversion attribution
4616235,2023-10-01,BQE N LEONARD STREET - 46TH STREET,Brooklyn,744,8925.0,35.00136424731183,37.745000000000005,secondary feed descriptive coverage; no diversion attribution
4616235,2023-11-01,BQE N LEONARD STREET - 46TH STREET,Brooklyn,706,8448.0,44.74347025495752,50.325,secondary feed descriptive coverage; no diversion attribution
4616235,2023-12-01,BQE N LEONARD STREET - 46TH STREET,Brooklyn,744,8928.0,44.44116263440858,49.235,secondary feed descriptive coverage; no diversion attribution
4616235,2024-01-01,BQE N LEONARD STREET - 46TH STREET,Brooklyn,682,8174.0,46.93415689149558,49.7,secondary feed descriptive coverage; no diversion attribution
4616235,2024-02-01,BQE N LEONARD STREET - 46TH STREET,Brooklyn,416,4974.0,45.65008413461536,49.7,secondary feed descriptive coverage; no diversion attribution
4616235,2024-03-01,BQE N LEONARD STREET - 46TH STREET,Brooklyn,717,8574.0,44.67137377963735,49.39,secondary feed descriptive coverage; no diversion attribution
4616235,2024-04-01,BQE N LEONARD STREET - 46TH STREET,Brooklyn,720,8634.0,45.952770833333325,49.7,secondary feed descriptive coverage; no diversion attribution
4616235,2024-05-01,BQE N LEONARD STREET - 46TH STREET,Brooklyn,186,2221.0,44.39155913978494,49.5475,secondary feed descriptive coverage; no diversion attribution
4616239,2023-01-01,Whitestone Expwy S Exit 14 (Linden Pl) - VWE S MP8.65 (Exit 13 Northern Blvd),Queens,557,6655.0,45.88630161579891,48.150000000000006,secondary feed descriptive coverage; no diversion attribution
4616239,2023-02-01,Whitestone Expwy S Exit 14 (Linden Pl) - VWE S MP8.65 (Exit 13 Northern Blvd),Queens,661,7888.0,46.067488653555195,48.46,secondary feed descriptive coverage; no diversion attribution
4616239,2023-03-01,Whitestone Expwy S Exit 14 (Linden Pl) - VWE S MP8.65 (Exit 13 Northern Blvd),Queens,743,8912.0,46.21809555854643,47.84,secondary feed descriptive coverage; no diversion attribution
4616239,2023-04-01,Whitestone Expwy S Exit 14 (Linden Pl) - VWE S MP8.65 (Exit 13 Northern Blvd),Queens,720,8636.0,46.1334375,47.84,secondary feed descriptive coverage; no diversion attribution
4616239,2023-05-01,Whitestone Expwy S Exit 14 (Linden Pl) - VWE S MP8.65 (Exit 13 Northern Blvd),Queens,468,5605.0,44.64976495726495,47.53,secondary feed descriptive coverage; no diversion attribution
4616239,2023-06-01,Whitestone Expwy S Exit 14 (Linden Pl) - VWE S MP8.65 (Exit 13 Northern Blvd),Queens,541,6477.0,34.93654343807765,41.315,secondary feed descriptive coverage; no diversion attribution
4616239,2023-07-01,Whitestone Expwy S Exit 14 (Linden Pl) - VWE S MP8.65 (Exit 13 Northern Blvd),Queens,629,7527.0,35.46016693163751,41.005,secondary feed descriptive coverage; no diversion attribution
4616239,2023-08-01,Whitestone Expwy S Exit 14 (Linden Pl) - VWE S MP8.65 (Exit 13 Northern Blvd),Queens,741,8878.0,39.36635627530366,44.42,secondary feed descriptive coverage; no diversion attribution
4616239,2023-09-01,Whitestone Expwy S Exit 14 (Linden Pl) - VWE S MP8.65 (Exit 13 Northern Blvd),Queens,708,8466.0,42.42166666666667,45.045,secondary feed descriptive coverage; no diversion attribution
4616239,2023-10-01,Whitestone Expwy S Exit 14 (Linden Pl) - VWE S MP8.65 (Exit 13 Northern Blvd),Queens,744,8924.0,43.93085349462362,46.29,secondary feed descriptive coverage; no diversion attribution
4616239,2023-11-01,Whitestone Expwy S Exit 14 (Linden Pl) - VWE S MP8.65 (Exit 13 Northern Blvd),Queens,706,8448.0,43.184383852691205,46.29,secondary feed descriptive coverage; no diversion attribution
4616239,2023-12-01,Whitestone Expwy S Exit 14 (Linden Pl) - VWE S MP8.65 (Exit 13 Northern Blvd),Queens,744,8928.0,47.02467741935484,49.39,secondary feed descriptive coverage; no diversion attribution
4616239,2024-01-01,Whitestone Expwy S Exit 14 (Linden Pl) - VWE S MP8.65 (Exit 13 Northern Blvd),Queens,682,8174.0,48.91879765395894,50.33,secondary feed descriptive coverage; no diversion attribution
4616239,2024-02-01,Whitestone Expwy S Exit 14 (Linden Pl) - VWE S MP8.65 (Exit 13 Northern Blvd),Queens,416,4974.0,44.94697115384616,48.769999999999996,secondary feed descriptive coverage; no diversion attribution
4616239,2024-03-01,Whitestone Expwy S Exit 14 (Linden Pl) - VWE S MP8.65 (Exit 13 Northern Blvd),Queens,717,8573.0,46.54637377963738,49.394999999999996,secondary feed descriptive coverage; no diversion attribution
4616239,2024-04-01,Whitestone Expwy S Exit 14 (Linden Pl) - VWE S MP8.65 (Exit 13 Northern Blvd),Queens,720,8634.0,45.537145833333334,47.53,secondary feed descriptive coverage; no diversion attribution
4616239,2024-05-01,Whitestone Expwy S Exit 14 (Linden Pl) - VWE S MP8.65 (Exit 13 Northern Blvd),Queens,744,8913.0,42.98367607526883,45.67,secondary feed descriptive coverage; no diversion attribution
4616239,2024-06-01,Whitestone Expwy S Exit 14 (Linden Pl) - VWE S MP8.65 (Exit 13 Northern Blvd),Queens,720,8603.0,43.973708333333306,45.98,secondary feed descriptive coverage; no diversion attribution
4616239,2024-07-01,Whitestone Expwy S Exit 14 (Linden Pl) - VWE S MP8.65 (Exit 13 Northern Blvd),Queens,729,8712.0,45.205706447187914,46.91,secondary feed descriptive coverage; no diversion attribution
4616239,2024-08-01,Whitestone Expwy S Exit 14 (Linden Pl) - VWE S MP8.65 (Exit 13 Northern Blvd),Queens,701,8347.0,44.30547788873039,46.6,secondary feed descriptive coverage; no diversion attribution
4616239,2024-09-01,Whitestone Expwy S Exit 14 (Linden Pl) - VWE S MP8.65 (Exit 13 Northern Blvd),Queens,720,8640.0,44.46322916666664,46.6,secondary feed descriptive coverage; no diversion attribution
4616239,2024-10-01,Whitestone Expwy S Exit 14 (Linden Pl) - VWE S MP8.65 (Exit 13 Northern Blvd),Queens,744,8922.0,45.00096774193545,47.84,secondary feed descriptive coverage; no diversion attribution
4616239,2024-11-01,Whitestone Expwy S Exit 14 (Linden Pl) - VWE S MP8.65 (Exit 13 Northern Blvd),Queens,719,8614.0,44.795924895688444,46.91,secondary feed descriptive coverage; no diversion attribution
4616239,2024-12-01,Whitestone Expwy S Exit 14 (Linden Pl) - VWE S MP8.65 (Exit 13 Northern Blvd),Queens,606,7172.0,45.68213696369637,47.22,secondary feed descriptive coverage; no diversion attribution
4616239,2025-01-01,Whitestone Expwy S Exit 14 (Linden Pl) - VWE S MP8.65 (Exit 13 Northern Blvd),Queens,744,8910.0,47.12288306451612,48.150000000000006,secondary feed descriptive coverage; no diversion attribution
4616239,2025-02-01,Whitestone Expwy S Exit 14 (Linden Pl) - VWE S MP8.65 (Exit 13 Northern Blvd),Queens,672,8064.0,46.56762648809522,47.84,secondary feed descriptive coverage; no diversion attribution
4616239,2025-03-01,Whitestone Expwy S Exit 14 (Linden Pl) - VWE S MP8.65 (Exit 13 Northern Blvd),Queens,743,8912.0,44.56195154777926,46.6,secondary feed descriptive coverage; no diversion attribution
4616239,2025-04-01,Whitestone Expwy S Exit 14 (Linden Pl) - VWE S MP8.65 (Exit 13 Northern Blvd),Queens,720,8640.0,43.501048611111095,45.980000000000004,secondary feed descriptive coverage; no diversion attribution
4616239,2025-05-01,Whitestone Expwy S Exit 14 (Linden Pl) - VWE S MP8.65 (Exit 13 Northern Blvd),Queens,744,8906.0,41.65551075268818,45.045,secondary feed descriptive coverage; no diversion attribution
4616239,2025-06-01,Whitestone Expwy S Exit 14 (Linden Pl) - VWE S MP8.65 (Exit 13 Northern Blvd),Queens,700,8292.0,42.248014285714284,45.98,secondary feed descriptive coverage; no diversion attribution
4616239,2025-07-01,Whitestone Expwy S Exit 14 (Linden Pl) - VWE S MP8.65 (Exit 13 Northern Blvd),Queens,744,8826.0,40.084099462365565,45.36,secondary feed descriptive coverage; no diversion attribution
4616239,2025-08-01,Whitestone Expwy S Exit 14 (Linden Pl) - VWE S MP8.65 (Exit 13 Northern Blvd),Queens,744,8848.0,43.91091397849463,46.29,secondary feed descriptive coverage; no diversion attribution
4616239,2025-09-01,Whitestone Expwy S Exit 14 (Linden Pl) - VWE S MP8.65 (Exit 13 Northern Blvd),Queens,720,8534.0,43.35864583333331,46.6,secondary feed descriptive coverage; no diversion attribution
4616239,2025-10-01,Whitestone Expwy S Exit 14 (Linden Pl) - VWE S MP8.65 (Exit 13 Northern Blvd),Queens,734,8701.0,43.38820844686647,46.599999999999994,secondary feed descriptive coverage; no diversion attribution
4616239,2025-11-01,Whitestone Expwy S Exit 14 (Linden Pl) - VWE S MP8.65 (Exit 13 Northern Blvd),Queens,718,8564.0,44.95816852367686,47.22,secondary feed descriptive coverage; no diversion attribution
4616239,2025-12-01,Whitestone Expwy S Exit 14 (Linden Pl) - VWE S MP8.65 (Exit 13 Northern Blvd),Queens,740,8861.0,43.63927702702702,46.29,secondary feed descriptive coverage; no diversion attribution
4616239,2026-01-01,Whitestone Expwy S Exit 14 (Linden Pl) - VWE S MP8.65 (Exit 13 Northern Blvd),Queens,743,8901.0,44.10149394347243,46.6,secondary feed descriptive coverage; no diversion attribution
4616239,2026-02-01,Whitestone Expwy S Exit 14 (Linden Pl) - VWE S MP8.65 (Exit 13 Northern Blvd),Queens,672,8048.0,44.69958333333333,46.6,secondary feed descriptive coverage; no diversion attribution
4616239,2026-03-01,Whitestone Expwy S Exit 14 (Linden Pl) - VWE S MP8.65 (Exit 13 Northern Blvd),Queens,743,8902.0,45.05841184387616,46.91,secondary feed descriptive coverage; no diversion attribution
4616239,2026-04-01,Whitestone Expwy S Exit 14 (Linden Pl) - VWE S MP8.65 (Exit 13 Northern Blvd),Queens,477,5711.0,45.516153039832275,47.22,secondary feed descriptive coverage; no diversion attribution
4616239,2026-05-01,Whitestone Expwy S Exit 14 (Linden Pl) - VWE S MP8.65 (Exit 13 Northern Blvd),Queens,736,8770.0,42.34564538043476,46.6,secondary feed descriptive coverage; no diversion attribution
4616239,2026-07-01,Whitestone Expwy S Exit 14 (Linden Pl) - VWE S MP8.65 (Exit 13 Northern Blvd),Queens,695,8269.0,42.73623741007193,45.36,secondary feed descriptive coverage; no diversion attribution
4616241,2023-01-01,VWE S MP8.65 (Exit 13 Northern Blvd) - MP6.39 (Exit 11 Jewel Ave),Queens,557,6656.0,48.039946140035916,49.7,secondary feed descriptive coverage; no diversion attribution
4616241,2023-02-01,VWE S MP8.65 (Exit 13 Northern Blvd) - MP6.39 (Exit 11 Jewel Ave),Queens,661,7887.0,48.691535552193606,50.015,secondary feed descriptive coverage; no diversion attribution
4616241,2023-03-01,VWE S MP8.65 (Exit 13 Northern Blvd) - MP6.39 (Exit 11 Jewel Ave),Queens,743,8913.0,49.18053835800809,51.260000000000005,secondary feed descriptive coverage; no diversion attribution
4616241,2023-04-01,VWE S MP8.65 (Exit 13 Northern Blvd) - MP6.39 (Exit 11 Jewel Ave),Queens,720,8635.0,48.3449722222222,50.015,secondary feed descriptive coverage; no diversion attribution
4616241,2023-05-01,VWE S MP8.65 (Exit 13 Northern Blvd) - MP6.39 (Exit 11 Jewel Ave),Queens,468,5604.0,48.02470085470087,49.705,secondary feed descriptive coverage; no diversion attribution
4616241,2023-06-01,VWE S MP8.65 (Exit 13 Northern Blvd) - MP6.39 (Exit 11 Jewel Ave),Queens,541,6478.0,46.9724584103512,50.64,secondary feed descriptive coverage; no diversion attribution
4616241,2023-07-01,VWE S MP8.65 (Exit 13 Northern Blvd) - MP6.39 (Exit 11 Jewel Ave),Queens,629,7526.0,46.81405405405402,50.95,secondary feed descriptive coverage; no diversion attribution
4616241,2023-08-01,VWE S MP8.65 (Exit 13 Northern Blvd) - MP6.39 (Exit 11 Jewel Ave),Queens,741,8879.0,50.564527665317115,51.57,secondary feed descriptive coverage; no diversion attribution
4616241,2023-09-01,VWE S MP8.65 (Exit 13 Northern Blvd) - MP6.39 (Exit 11 Jewel Ave),Queens,708,8468.0,48.669088983050855,50.95,secondary feed descriptive coverage; no diversion attribution
4616241,2023-10-01,VWE S MP8.65 (Exit 13 Northern Blvd) - MP6.39 (Exit 11 Jewel Ave),Queens,744,8925.0,47.824388440860176,50.33,secondary feed descriptive coverage; no diversion attribution
4616241,2023-11-01,VWE S MP8.65 (Exit 13 Northern Blvd) - MP6.39 (Exit 11 Jewel Ave),Queens,706,8447.0,48.51350566572239,51.57,secondary feed descriptive coverage; no diversion attribution
4616241,2023-12-01,VWE S MP8.65 (Exit 13 Northern Blvd) - MP6.39 (Exit 11 Jewel Ave),Queens,744,8928.0,47.98343413978492,50.33,secondary feed descriptive coverage; no diversion attribution
4616241,2024-01-01,VWE S MP8.65 (Exit 13 Northern Blvd) - MP6.39 (Exit 11 Jewel Ave),Queens,682,8174.0,48.92063049853372,50.33,secondary feed descriptive coverage; no diversion attribution
4616241,2024-02-01,VWE S MP8.65 (Exit 13 Northern Blvd) - MP6.39 (Exit 11 Jewel Ave),Queens,416,4974.0,44.97759615384614,48.769999999999996,secondary feed descriptive coverage; no diversion attribution
4616241,2024-03-01,VWE S MP8.65 (Exit 13 Northern Blvd) - MP6.39 (Exit 11 Jewel Ave),Queens,717,8573.0,46.545516039051606,49.39,secondary feed descriptive coverage; no diversion attribution
4616241,2024-04-01,VWE S MP8.65 (Exit 13 Northern Blvd) - MP6.39 (Exit 11 Jewel Ave),Queens,720,8634.0,49.795194444444455,51.105000000000004,secondary feed descriptive coverage; no diversion attribution
4616241,2024-05-01,VWE S MP8.65 (Exit 13 Northern Blvd) - MP6.39 (Exit 11 Jewel Ave),Queens,744,8913.0,48.320658602150516,51.260000000000005,secondary feed descriptive coverage; no diversion attribution
4616241,2024-06-01,VWE S MP8.65 (Exit 13 Northern Blvd) - MP6.39 (Exit 11 Jewel Ave),Queens,720,8606.0,50.67614583333334,52.5,secondary feed descriptive coverage; no diversion attribution
4616241,2024-07-01,VWE S MP8.65 (Exit 13 Northern Blvd) - MP6.39 (Exit 11 Jewel Ave),Queens,729,8714.0,52.008251028806605,52.81,secondary feed descriptive coverage; no diversion attribution
4616241,2024-08-01,VWE S MP8.65 (Exit 13 Northern Blvd) - MP6.39 (Exit 11 Jewel Ave),Queens,701,8346.0,51.625135520684715,52.5,secondary feed descriptive coverage; no diversion attribution
4616241,2024-09-01,VWE S MP8.65 (Exit 13 Northern Blvd) - MP6.39 (Exit 11 Jewel Ave),Queens,720,8640.0,51.1485347222222,53.120000000000005,secondary feed descriptive coverage; no diversion attribution
4616241,2024-10-01,VWE S MP8.65 (Exit 13 Northern Blvd) - MP6.39 (Exit 11 Jewel Ave),Queens,744,8922.0,48.29040994623655,51.260000000000005,secondary feed descriptive coverage; no diversion attribution
4616241,2024-11-01,VWE S MP8.65 (Exit 13 Northern Blvd) - MP6.39 (Exit 11 Jewel Ave),Queens,719,8614.0,50.76599443671766,53.120000000000005,secondary feed descriptive coverage; no diversion attribution
4616241,2024-12-01,VWE S MP8.65 (Exit 13 Northern Blvd) - MP6.39 (Exit 11 Jewel Ave),Queens,606,7175.0,48.75834983498346,51.415000000000006,secondary feed descriptive coverage; no diversion attribution
4616241,2025-01-01,VWE S MP8.65 (Exit 13 Northern Blvd) - MP6.39 (Exit 11 Jewel Ave),Queens,744,8912.0,51.66256048387092,52.5,secondary feed descriptive coverage; no diversion attribution
4616241,2025-02-01,VWE S MP8.65 (Exit 13 Northern Blvd) - MP6.39 (Exit 11 Jewel Ave),Queens,672,8064.0,51.38464285714285,52.5,secondary feed descriptive coverage; no diversion attribution
4616241,2025-03-01,VWE S MP8.65 (Exit 13 Northern Blvd) - MP6.39 (Exit 11 Jewel Ave),Queens,743,8912.0,51.42366083445492,52.81,secondary feed descriptive coverage; no diversion attribution
4616241,2025-04-01,VWE S MP8.65 (Exit 13 Northern Blvd) - MP6.39 (Exit 11 Jewel Ave),Queens,720,8640.0,51.41035416666663,52.81,secondary feed descriptive coverage; no diversion attribution
4616241,2025-05-01,VWE S MP8.65 (Exit 13 Northern Blvd) - MP6.39 (Exit 11 Jewel Ave),Queens,744,8907.0,50.56860215053764,52.5,secondary feed descriptive coverage; no diversion attribution
4616241,2025-06-01,VWE S MP8.65 (Exit 13 Northern Blvd) - MP6.39 (Exit 11 Jewel Ave),Queens,700,8292.0,50.58435714285711,52.81,secondary feed descriptive coverage; no diversion attribution
4616241,2025-07-01,VWE S MP8.65 (Exit 13 Northern Blvd) - MP6.39 (Exit 11 Jewel Ave),Queens,744,8826.0,48.66840725806451,52.345,secondary feed descriptive coverage; no diversion attribution
4616241,2025-08-01,VWE S MP8.65 (Exit 13 Northern Blvd) - MP6.39 (Exit 11 Jewel Ave),Queens,744,8848.0,52.08246639784946,52.81,secondary feed descriptive coverage; no diversion attribution
4616241,2025-09-01,VWE S MP8.65 (Exit 13 Northern Blvd) - MP6.39 (Exit 11 Jewel Ave),Queens,720,8534.0,50.535715277777776,52.81,secondary feed descriptive coverage; no diversion attribution
4616241,2025-10-01,VWE S MP8.65 (Exit 13 Northern Blvd) - MP6.39 (Exit 11 Jewel Ave),Queens,734,8701.0,50.658671662125315,52.81,secondary feed descriptive coverage; no diversion attribution
4616241,2025-11-01,VWE S MP8.65 (Exit 13 Northern Blvd) - MP6.39 (Exit 11 Jewel Ave),Queens,718,8564.0,48.014658774373274,52.19,secondary feed descriptive coverage; no diversion attribution
4616241,2025-12-01,VWE S MP8.65 (Exit 13 Northern Blvd) - MP6.39 (Exit 11 Jewel Ave),Queens,740,8861.0,48.230999999999995,51.260000000000005,secondary feed descriptive coverage; no diversion attribution
4616241,2026-01-01,VWE S MP8.65 (Exit 13 Northern Blvd) - MP6.39 (Exit 11 Jewel Ave),Queens,743,8901.0,49.64448183041725,51.57,secondary feed descriptive coverage; no diversion attribution
4616241,2026-02-01,VWE S MP8.65 (Exit 13 Northern Blvd) - MP6.39 (Exit 11 Jewel Ave),Queens,672,8048.0,48.998630952380964,51.57,secondary feed descriptive coverage; no diversion attribution
4616241,2026-03-01,VWE S MP8.65 (Exit 13 Northern Blvd) - MP6.39 (Exit 11 Jewel Ave),Queens,743,8902.0,43.16033647375505,50.325,secondary feed descriptive coverage; no diversion attribution
4616241,2026-04-01,VWE S MP8.65 (Exit 13 Northern Blvd) - MP6.39 (Exit 11 Jewel Ave),Queens,477,5711.0,51.1994863731656,52.5,secondary feed descriptive coverage; no diversion attribution
4616241,2026-05-01,VWE S MP8.65 (Exit 13 Northern Blvd) - MP6.39 (Exit 11 Jewel Ave),Queens,736,8769.0,50.8935597826087,52.81,secondary feed descriptive coverage; no diversion attribution
4616241,2026-07-01,VWE S MP8.65 (Exit 13 Northern Blvd) - MP6.39 (Exit 11 Jewel Ave),Queens,695,8268.0,37.67200000000001,50.015,secondary feed descriptive coverage; no diversion attribution
4616246,2023-01-01,BE N STRATFORD AVENUE - CASTLE HILL AVE,Bronx,557,6655.0,52.298105924596044,54.68,secondary feed descriptive coverage; no diversion attribution
4616246,2023-02-01,BE N STRATFORD AVENUE - CASTLE HILL AVE,Bronx,661,7886.0,58.7854916792738,59.65,secondary feed descriptive coverage; no diversion attribution
4616246,2023-03-01,BE N STRATFORD AVENUE - CASTLE HILL AVE,Bronx,743,8912.0,59.103337819650044,59.65,secondary feed descriptive coverage; no diversion attribution
4616246,2023-04-01,BE N STRATFORD AVENUE - CASTLE HILL AVE,Bronx,720,8636.0,58.68116666666667,59.96,secondary feed descriptive coverage; no diversion attribution
4616246,2023-05-01,BE N STRATFORD AVENUE - CASTLE HILL AVE,Bronx,468,5604.0,58.998087606837615,59.03,secondary feed descriptive coverage; no diversion attribution
4616246,2023-06-01,BE N STRATFORD AVENUE - CASTLE HILL AVE,Bronx,541,6478.0,59.13297597042519,59.03,secondary feed descriptive coverage; no diversion attribution
4616246,2023-07-01,BE N STRATFORD AVENUE - CASTLE HILL AVE,Bronx,629,7526.0,57.43495230524641,59.025,secondary feed descriptive coverage; no diversion attribution
4616246,2023-08-01,BE N STRATFORD AVENUE - CASTLE HILL AVE,Bronx,741,8879.0,54.44197705802971,56.230000000000004,secondary feed descriptive coverage; no diversion attribution
4616246,2023-09-01,BE N STRATFORD AVENUE - CASTLE HILL AVE,Bronx,708,8468.0,52.82279661016948,53.43,secondary feed descriptive coverage; no diversion attribution
4616246,2023-10-01,BE N STRATFORD AVENUE - CASTLE HILL AVE,Bronx,744,8925.0,52.79997983870967,53.739999999999995,secondary feed descriptive coverage; no diversion attribution
4616246,2023-11-01,BE N STRATFORD AVENUE - CASTLE HILL AVE,Bronx,706,8448.0,53.14073654390933,54.05,secondary feed descriptive coverage; no diversion attribution
4616246,2023-12-01,BE N STRATFORD AVENUE - CASTLE HILL AVE,Bronx,744,8928.0,52.06412634408607,53.43,secondary feed descriptive coverage; no diversion attribution
4616246,2024-01-01,BE N STRATFORD AVENUE - CASTLE HILL AVE,Bronx,682,8174.0,52.90560117302052,53.43,secondary feed descriptive coverage; no diversion attribution
4616246,2024-02-01,BE N STRATFORD AVENUE - CASTLE HILL AVE,Bronx,416,4974.0,52.711153846153834,53.120000000000005,secondary feed descriptive coverage; no diversion attribution
4616246,2024-03-01,BE N STRATFORD AVENUE - CASTLE HILL AVE,Bronx,717,8574.0,53.536080892608126,54.68,secondary feed descriptive coverage; no diversion attribution
4616246,2024-04-01,BE N STRATFORD AVENUE - CASTLE HILL AVE,Bronx,720,8634.0,55.501847222222224,55.92,secondary feed descriptive coverage; no diversion attribution
4616246,2024-05-01,BE N STRATFORD AVENUE - CASTLE HILL AVE,Bronx,744,8913.0,55.46753360215054,55.61,secondary feed descriptive coverage; no diversion attribution
4616246,2024-06-01,BE N STRATFORD AVENUE - CASTLE HILL AVE,Bronx,720,8606.0,55.51609722222221,55.61,secondary feed descriptive coverage; no diversion attribution
4616246,2024-07-01,BE N STRATFORD AVENUE - CASTLE HILL AVE,Bronx,729,8715.0,54.957208504801066,55.92,secondary feed descriptive coverage; no diversion attribution
4616246,2024-08-01,BE N STRATFORD AVENUE - CASTLE HILL AVE,Bronx,701,8345.0,54.42920114122681,55.3,secondary feed descriptive coverage; no diversion attribution
4616246,2024-09-01,BE N STRATFORD AVENUE - CASTLE HILL AVE,Bronx,720,8640.0,52.56744444444446,54.68,secondary feed descriptive coverage; no diversion attribution
4616246,2024-10-01,BE N STRATFORD AVENUE - CASTLE HILL AVE,Bronx,744,8923.0,54.488319892473115,55.3,secondary feed descriptive coverage; no diversion attribution
4616246,2024-11-01,BE N STRATFORD AVENUE - CASTLE HILL AVE,Bronx,719,8624.0,54.96698191933242,56.230000000000004,secondary feed descriptive coverage; no diversion attribution
4616246,2024-12-01,BE N STRATFORD AVENUE - CASTLE HILL AVE,Bronx,606,7193.0,57.53360561056107,58.09,secondary feed descriptive coverage; no diversion attribution
4616246,2025-01-01,BE N STRATFORD AVENUE - CASTLE HILL AVE,Bronx,744,8922.0,58.061364247311886,59.03,secondary feed descriptive coverage; no diversion attribution
4616246,2025-02-01,BE N STRATFORD AVENUE - CASTLE HILL AVE,Bronx,672,8064.0,50.543541666666634,52.19,secondary feed descriptive coverage; no diversion attribution
4616246,2025-03-01,BE N STRATFORD AVENUE - CASTLE HILL AVE,Bronx,743,8912.0,50.63483176312251,52.19,secondary feed descriptive coverage; no diversion attribution
4616246,2025-04-01,BE N STRATFORD AVENUE - CASTLE HILL AVE,Bronx,720,8640.0,50.40508333333338,52.19,secondary feed descriptive coverage; no diversion attribution
4616246,2025-05-01,BE N STRATFORD AVENUE - CASTLE HILL AVE,Bronx,744,8907.0,56.0096908602151,57.47,secondary feed descriptive coverage; no diversion attribution
4616246,2025-06-01,BE N STRATFORD AVENUE - CASTLE HILL AVE,Bronx,700,8292.0,56.753857142857115,58.09,secondary feed descriptive coverage; no diversion attribution
4616246,2025-07-01,BE N STRATFORD AVENUE - CASTLE HILL AVE,Bronx,744,8826.0,52.74952284946239,56.075,secondary feed descriptive coverage; no diversion attribution
4616246,2025-08-01,BE N STRATFORD AVENUE - CASTLE HILL AVE,Bronx,744,8848.0,50.750349462365584,51.879999999999995,secondary feed descriptive coverage; no diversion attribution
4616246,2025-09-01,BE N STRATFORD AVENUE - CASTLE HILL AVE,Bronx,720,8536.0,52.873479166666655,55.3,secondary feed descriptive coverage; no diversion attribution
4616246,2025-10-01,BE N STRATFORD AVENUE - CASTLE HILL AVE,Bronx,734,8701.0,56.452050408719366,57.47,secondary feed descriptive coverage; no diversion attribution
4616246,2025-11-01,BE N STRATFORD AVENUE - CASTLE HILL AVE,Bronx,718,8564.0,57.80648328690811,58.715,secondary feed descriptive coverage; no diversion attribution
4616246,2025-12-01,BE N STRATFORD AVENUE - CASTLE HILL AVE,Bronx,740,8867.0,57.18039189189187,57.78,secondary feed descriptive coverage; no diversion attribution
4616246,2026-01-01,BE N STRATFORD AVENUE - CASTLE HILL AVE,Bronx,743,8901.0,56.78843203230148,57.78,secondary feed descriptive coverage; no diversion attribution
4616246,2026-02-01,BE N STRATFORD AVENUE - CASTLE HILL AVE,Bronx,672,8048.0,55.99973214285716,57.16,secondary feed descriptive coverage; no diversion attribution
4616246,2026-03-01,BE N STRATFORD AVENUE - CASTLE HILL AVE,Bronx,743,8902.0,56.270955585464364,57.47,secondary feed descriptive coverage; no diversion attribution
4616246,2026-04-01,BE N STRATFORD AVENUE - CASTLE HILL AVE,Bronx,477,5711.0,57.02990566037735,57.78,secondary feed descriptive coverage; no diversion attribution
4616246,2026-05-01,BE N STRATFORD AVENUE - CASTLE HILL AVE,Bronx,736,8772.0,56.98400135869567,57.78,secondary feed descriptive coverage; no diversion attribution
4616246,2026-07-01,BE N STRATFORD AVENUE - CASTLE HILL AVE,Bronx,695,8269.0,57.89018705035974,57.78,secondary feed descriptive coverage; no diversion attribution
4616247,2023-01-01,BE N Castle Hill Avenue - Griswold Ave,Bronx,557,6655.0,51.69884201077199,53.120000000000005,secondary feed descriptive coverage; no diversion attribution
4616247,2023-02-01,BE N Castle Hill Avenue - Griswold Ave,Bronx,661,7886.0,51.431959152798804,53.120000000000005,secondary feed descriptive coverage; no diversion attribution
4616247,2023-03-01,BE N Castle Hill Avenue - Griswold Ave,Bronx,743,8912.0,50.79466352624493,52.81,secondary feed descriptive coverage; no diversion attribution
4616247,2023-04-01,BE N Castle Hill Avenue - Griswold Ave,Bronx,720,8636.0,50.0648611111111,52.81,secondary feed descriptive coverage; no diversion attribution
4616247,2023-05-01,BE N Castle Hill Avenue - Griswold Ave,Bronx,468,5604.0,46.359903846153856,52.19,secondary feed descriptive coverage; no diversion attribution
4616247,2023-06-01,BE N Castle Hill Avenue - Griswold Ave,Bronx,541,6478.0,48.936497227356725,52.19,secondary feed descriptive coverage; no diversion attribution
4616247,2023-07-01,BE N Castle Hill Avenue - Griswold Ave,Bronx,629,7525.0,48.74816375198726,52.19,secondary feed descriptive coverage; no diversion attribution
4616247,2023-08-01,BE N Castle Hill Avenue - Griswold Ave,Bronx,741,8878.0,47.99759784075574,51.57,secondary feed descriptive coverage; no diversion attribution
4616247,2023-09-01,BE N Castle Hill Avenue - Griswold Ave,Bronx,708,8468.0,45.334378531073426,50.325,secondary feed descriptive coverage; no diversion attribution
4616247,2023-10-01,BE N Castle Hill Avenue - Griswold Ave,Bronx,744,8925.0,44.17252016129029,50.64,secondary feed descriptive coverage; no diversion attribution
4616247,2023-11-01,BE N Castle Hill Avenue - Griswold Ave,Bronx,706,8448.0,43.07181303116145,49.08,secondary feed descriptive coverage; no diversion attribution
4616247,2023-12-01,BE N Castle Hill Avenue - Griswold Ave,Bronx,744,8928.0,48.031397849462344,51.415000000000006,secondary feed descriptive coverage; no diversion attribution
4616247,2024-01-01,BE N Castle Hill Avenue - Griswold Ave,Bronx,682,8174.0,50.7473240469208,51.57,secondary feed descriptive coverage; no diversion attribution
4616247,2024-02-01,BE N Castle Hill Avenue - Griswold Ave,Bronx,416,4974.0,50.323641826923065,51.879999999999995,secondary feed descriptive coverage; no diversion attribution
4616247,2024-03-01,BE N Castle Hill Avenue - Griswold Ave,Bronx,717,8574.0,49.29499302649931,51.57,secondary feed descriptive coverage; no diversion attribution
4616247,2024-04-01,BE N Castle Hill Avenue - Griswold Ave,Bronx,720,8634.0,45.6172361111111,51.260000000000005,secondary feed descriptive coverage; no diversion attribution
4616247,2024-05-01,BE N Castle Hill Avenue - Griswold Ave,Bronx,744,8914.0,46.826202956989235,51.57,secondary feed descriptive coverage; no diversion attribution
4616247,2024-06-01,BE N Castle Hill Avenue - Griswold Ave,Bronx,720,8606.0,43.850451388888885,50.64,secondary feed descriptive coverage; no diversion attribution
4616247,2024-07-01,BE N Castle Hill Avenue - Griswold Ave,Bronx,729,8715.0,47.80902606310011,51.57,secondary feed descriptive coverage; no diversion attribution
4616247,2024-08-01,BE N Castle Hill Avenue - Griswold Ave,Bronx,701,8344.0,45.45135520684734,50.64,secondary feed descriptive coverage; no diversion attribution
4616247,2024-09-01,BE N Castle Hill Avenue - Griswold Ave,Bronx,720,8640.0,47.542729166666646,51.260000000000005,secondary feed descriptive coverage; no diversion attribution
4616247,2024-10-01,BE N Castle Hill Avenue - Griswold Ave,Bronx,744,8923.0,48.70081989247314,51.57,secondary feed descriptive coverage; no diversion attribution
4616247,2024-11-01,BE N Castle Hill Avenue - Griswold Ave,Bronx,719,8624.0,48.7929485396384,51.260000000000005,secondary feed descriptive coverage; no diversion attribution
4616247,2024-12-01,BE N Castle Hill Avenue - Griswold Ave,Bronx,606,7193.0,48.763448844884465,51.260000000000005,secondary feed descriptive coverage; no diversion attribution
4616247,2025-01-01,BE N Castle Hill Avenue - Griswold Ave,Bronx,744,8922.0,51.064301075268794,52.5,secondary feed descriptive coverage; no diversion attribution
4616247,2025-02-01,BE N Castle Hill Avenue - Griswold Ave,Bronx,672,8064.0,50.543541666666634,52.19,secondary feed descriptive coverage; no diversion attribution
4616247,2025-03-01,BE N Castle Hill Avenue - Griswold Ave,Bronx,743,8912.0,50.634831763122506,52.19,secondary feed descriptive coverage; no diversion attribution
4616247,2025-04-01,BE N Castle Hill Avenue - Griswold Ave,Bronx,720,8640.0,50.40508333333334,52.19,secondary feed descriptive coverage; no diversion attribution
4616247,2025-05-01,BE N Castle Hill Avenue - Griswold Ave,Bronx,744,8907.0,47.32069220430107,50.33,secondary feed descriptive coverage; no diversion attribution
4616247,2025-06-01,BE N Castle Hill Avenue - Griswold Ave,Bronx,700,8292.0,47.378499999999974,50.64,secondary feed descriptive coverage; no diversion attribution
4616247,2025-07-01,BE N Castle Hill Avenue - Griswold Ave,Bronx,744,8826.0,48.18022849462365,50.95,secondary feed descriptive coverage; no diversion attribution
4616247,2025-08-01,BE N Castle Hill Avenue - Griswold Ave,Bronx,744,8848.0,50.6751545698925,51.879999999999995,secondary feed descriptive coverage; no diversion attribution
4616247,2025-09-01,BE N Castle Hill Avenue - Griswold Ave,Bronx,720,8536.0,47.98572916666665,51.879999999999995,secondary feed descriptive coverage; no diversion attribution
4616247,2025-10-01,BE N Castle Hill Avenue - Griswold Ave,Bronx,734,8701.0,46.613058583106266,50.947500000000005,secondary feed descriptive coverage; no diversion attribution
4616247,2025-11-01,BE N Castle Hill Avenue - Griswold Ave,Bronx,718,8564.0,49.59120473537607,51.57,secondary feed descriptive coverage; no diversion attribution
4616247,2025-12-01,BE N Castle Hill Avenue - Griswold Ave,Bronx,740,8867.0,48.795608108108105,50.95,secondary feed descriptive coverage; no diversion attribution
4616247,2026-01-01,BE N Castle Hill Avenue - Griswold Ave,Bronx,743,8901.0,48.771749663526286,50.95,secondary feed descriptive coverage; no diversion attribution
4616247,2026-02-01,BE N Castle Hill Avenue - Griswold Ave,Bronx,672,8048.0,48.342566964285695,50.015,secondary feed descriptive coverage; no diversion attribution
4616247,2026-03-01,BE N Castle Hill Avenue - Griswold Ave,Bronx,743,8902.0,48.60234858681021,50.64,secondary feed descriptive coverage; no diversion attribution
4616247,2026-04-01,BE N Castle Hill Avenue - Griswold Ave,Bronx,477,5711.0,45.798637316561845,50.33,secondary feed descriptive coverage; no diversion attribution
4616247,2026-05-01,BE N Castle Hill Avenue - Griswold Ave,Bronx,736,8771.0,45.82672554347829,49.394999999999996,secondary feed descriptive coverage; no diversion attribution
4616247,2026-07-01,BE N Castle Hill Avenue - Griswold Ave,Bronx,695,8270.0,49.67471223021581,50.95,secondary feed descriptive coverage; no diversion attribution
4616250,2023-01-01,HRP N LAFAYETTE AVENUE - E TREMONT AVENUE,Bronx,557,6655.0,59.49587073608618,60.27,secondary feed descriptive coverage; no diversion attribution
4616250,2023-02-01,HRP N LAFAYETTE AVENUE - E TREMONT AVENUE,Bronx,661,7886.0,57.958767019667164,60.58,secondary feed descriptive coverage; no diversion attribution
4616250,2023-03-01,HRP N LAFAYETTE AVENUE - E TREMONT AVENUE,Bronx,743,8913.0,55.4825706594886,59.03,secondary feed descriptive coverage; no diversion attribution
4616250,2023-04-01,HRP N LAFAYETTE AVENUE - E TREMONT AVENUE,Bronx,720,8636.0,52.751520833333345,57.78,secondary feed descriptive coverage; no diversion attribution
4616250,2023-05-01,HRP N LAFAYETTE AVENUE - E TREMONT AVENUE,Bronx,468,5604.0,57.51764957264957,61.045,secondary feed descriptive coverage; no diversion attribution
4616250,2023-06-01,HRP N LAFAYETTE AVENUE - E TREMONT AVENUE,Bronx,541,6478.0,60.78433456561925,62.13,secondary feed descriptive coverage; no diversion attribution
4616250,2023-07-01,HRP N LAFAYETTE AVENUE - E TREMONT AVENUE,Bronx,629,7525.0,58.437019077901425,59.34,secondary feed descriptive coverage; no diversion attribution
4616250,2023-08-01,HRP N LAFAYETTE AVENUE - E TREMONT AVENUE,Bronx,741,8879.0,56.983616734143034,60.27,secondary feed descriptive coverage; no diversion attribution
4616250,2023-09-01,HRP N LAFAYETTE AVENUE - E TREMONT AVENUE,Bronx,708,8468.0,53.01543079096046,56.54,secondary feed descriptive coverage; no diversion attribution
4616250,2023-10-01,HRP N LAFAYETTE AVENUE - E TREMONT AVENUE,Bronx,744,8925.0,55.28298387096773,57.785,secondary feed descriptive coverage; no diversion attribution
4616250,2023-11-01,HRP N LAFAYETTE AVENUE - E TREMONT AVENUE,Bronx,706,8448.0,42.41177053824362,53.8975,secondary feed descriptive coverage; no diversion attribution
4616250,2023-12-01,HRP N LAFAYETTE AVENUE - E TREMONT AVENUE,Bronx,744,8928.0,56.68715053763444,57.9375,secondary feed descriptive coverage; no diversion attribution
4616250,2024-01-01,HRP N LAFAYETTE AVENUE - E TREMONT AVENUE,Bronx,682,8174.0,51.099838709677435,57.625,secondary feed descriptive coverage; no diversion attribution
4616250,2024-02-01,HRP N LAFAYETTE AVENUE - E TREMONT AVENUE,Bronx,416,4974.0,13.961923076923073,10.870000000000001,secondary feed descriptive coverage; no diversion attribution
4616250,2024-03-01,HRP N LAFAYETTE AVENUE - E TREMONT AVENUE,Bronx,717,8574.0,39.92069735006972,53.435,secondary feed descriptive coverage; no diversion attribution
4616250,2024-04-01,HRP N LAFAYETTE AVENUE - E TREMONT AVENUE,Bronx,720,8634.0,56.53351388888893,58.405,secondary feed descriptive coverage; no diversion attribution
4616250,2024-05-01,HRP N LAFAYETTE AVENUE - E TREMONT AVENUE,Bronx,744,8913.0,61.015268817204344,63.06,secondary feed descriptive coverage; no diversion attribution
4616250,2024-06-01,HRP N LAFAYETTE AVENUE - E TREMONT AVENUE,Bronx,720,8606.0,56.94318055555558,59.34,secondary feed descriptive coverage; no diversion attribution
4616250,2024-07-01,HRP N LAFAYETTE AVENUE - E TREMONT AVENUE,Bronx,729,8715.0,51.872537722908106,57.78,secondary feed descriptive coverage; no diversion attribution
4616250,2024-08-01,HRP N LAFAYETTE AVENUE - E TREMONT AVENUE,Bronx,701,8345.0,51.90052781740373,57.16,secondary feed descriptive coverage; no diversion attribution
4616250,2024-09-01,HRP N LAFAYETTE AVENUE - E TREMONT AVENUE,Bronx,720,8640.0,54.87826388888892,58.715,secondary feed descriptive coverage; no diversion attribution
4616250,2024-10-01,HRP N LAFAYETTE AVENUE - E TREMONT AVENUE,Bronx,744,8923.0,57.47735887096778,59.34,secondary feed descriptive coverage; no diversion attribution
4616250,2024-11-01,HRP N LAFAYETTE AVENUE - E TREMONT AVENUE,Bronx,719,8619.0,47.02486091794159,58.09,secondary feed descriptive coverage; no diversion attribution
4616250,2024-12-01,HRP N LAFAYETTE AVENUE - E TREMONT AVENUE,Bronx,606,7187.0,33.644298679868,31.839999999999996,secondary feed descriptive coverage; no diversion attribution
4616250,2025-01-01,HRP N LAFAYETTE AVENUE - E TREMONT AVENUE,Bronx,744,8918.0,41.81252016129032,56.230000000000004,secondary feed descriptive coverage; no diversion attribution
4616250,2025-02-01,HRP N LAFAYETTE AVENUE - E TREMONT AVENUE,Bronx,672,8064.0,57.822366071428576,59.025,secondary feed descriptive coverage; no diversion attribution
4616250,2025-03-01,HRP N LAFAYETTE AVENUE - E TREMONT AVENUE,Bronx,743,8912.0,57.11003364737553,59.025,secondary feed descriptive coverage; no diversion attribution
4616250,2025-04-01,HRP N LAFAYETTE AVENUE - E TREMONT AVENUE,Bronx,720,8640.0,57.3551527777778,58.4,secondary feed descriptive coverage; no diversion attribution
4616250,2025-05-01,HRP N LAFAYETTE AVENUE - E TREMONT AVENUE,Bronx,744,8906.0,53.52665322580643,56.849999999999994,secondary feed descriptive coverage; no diversion attribution
4616250,2025-06-01,HRP N LAFAYETTE AVENUE - E TREMONT AVENUE,Bronx,700,8292.0,54.516949999999966,57.78,secondary feed descriptive coverage; no diversion attribution
4616250,2025-07-01,HRP N LAFAYETTE AVENUE - E TREMONT AVENUE,Bronx,744,8826.0,57.55028225806454,58.4,secondary feed descriptive coverage; no diversion attribution
4616250,2025-08-01,HRP N LAFAYETTE AVENUE - E TREMONT AVENUE,Bronx,744,8848.0,53.8586491935484,57.78,secondary feed descriptive coverage; no diversion attribution
4616250,2025-09-01,HRP N LAFAYETTE AVENUE - E TREMONT AVENUE,Bronx,720,8535.0,29.222374999999996,29.6675,secondary feed descriptive coverage; no diversion attribution
4616250,2025-10-01,HRP N LAFAYETTE AVENUE - E TREMONT AVENUE,Bronx,734,8701.0,35.12207084468664,53.120000000000005,secondary feed descriptive coverage; no diversion attribution
4616250,2025-11-01,HRP N LAFAYETTE AVENUE - E TREMONT AVENUE,Bronx,718,8564.0,36.21920612813369,49.08,secondary feed descriptive coverage; no diversion attribution
4616250,2025-12-01,HRP N LAFAYETTE AVENUE - E TREMONT AVENUE,Bronx,740,8864.0,14.441898648648625,2.79,secondary feed descriptive coverage; no diversion attribution
4616250,2026-01-01,HRP N LAFAYETTE AVENUE - E TREMONT AVENUE,Bronx,743,8901.0,2.430915208613736,2.48,secondary feed descriptive coverage; no diversion attribution
4616250,2026-02-01,HRP N LAFAYETTE AVENUE - E TREMONT AVENUE,Bronx,672,8048.0,3.3618898809523845,3.1,secondary feed descriptive coverage; no diversion attribution
4616250,2026-03-01,HRP N LAFAYETTE AVENUE - E TREMONT AVENUE,Bronx,743,8902.0,3.490605652759089,2.79,secondary feed descriptive coverage; no diversion attribution
4616250,2026-04-01,HRP N LAFAYETTE AVENUE - E TREMONT AVENUE,Bronx,477,5711.0,5.3513626834381585,2.48,secondary feed descriptive coverage; no diversion attribution
4616250,2026-05-01,HRP N LAFAYETTE AVENUE - E TREMONT AVENUE,Bronx,736,8771.0,2.6030978260869633,2.48,secondary feed descriptive coverage; no diversion attribution
4616250,2026-07-01,HRP N LAFAYETTE AVENUE - E TREMONT AVENUE,Bronx,695,8266.0,35.49922302158272,38.52,secondary feed descriptive coverage; no diversion attribution
4616252,2023-01-01,BRP N WATSON AVENUE - FORDHAM ROAD,Bronx,557,6655.0,20.82019748653502,32.31,secondary feed descriptive coverage; no diversion attribution
4616252,2023-02-01,BRP N WATSON AVENUE - FORDHAM ROAD,Bronx,661,7887.0,35.08832072617246,36.345,secondary feed descriptive coverage; no diversion attribution
4616252,2023-03-01,BRP N WATSON AVENUE - FORDHAM ROAD,Bronx,743,8913.0,33.825935397039025,35.41,secondary feed descriptive coverage; no diversion attribution
4616252,2023-04-01,BRP N WATSON AVENUE - FORDHAM ROAD,Bronx,720,8636.0,34.392541666666666,35.254999999999995,secondary feed descriptive coverage; no diversion attribution
4616252,2023-05-01,BRP N WATSON AVENUE - FORDHAM ROAD,Bronx,468,5604.0,35.490555555555545,35.41,secondary feed descriptive coverage; no diversion attribution
4616252,2023-06-01,BRP N WATSON AVENUE - FORDHAM ROAD,Bronx,541,6478.0,35.912504621072074,36.03,secondary feed descriptive coverage; no diversion attribution
4616252,2023-07-01,BRP N WATSON AVENUE - FORDHAM ROAD,Bronx,629,7525.0,35.661383147853726,35.724999999999994,secondary feed descriptive coverage; no diversion attribution
4616252,2023-08-01,BRP N WATSON AVENUE - FORDHAM ROAD,Bronx,741,8879.0,35.882091767881235,35.72,secondary feed descriptive coverage; no diversion attribution
4616252,2023-09-01,BRP N WATSON AVENUE - FORDHAM ROAD,Bronx,708,8468.0,35.344456214689274,35.567499999999995,secondary feed descriptive coverage; no diversion attribution
4616252,2023-10-01,BRP N WATSON AVENUE - FORDHAM ROAD,Bronx,744,8925.0,35.46842069892473,35.72,secondary feed descriptive coverage; no diversion attribution
4616252,2023-11-01,BRP N WATSON AVENUE - FORDHAM ROAD,Bronx,706,8448.0,35.96978753541078,36.03,secondary feed descriptive coverage; no diversion attribution
4616252,2023-12-01,BRP N WATSON AVENUE - FORDHAM ROAD,Bronx,744,8928.0,35.57620295698927,35.41,secondary feed descriptive coverage; no diversion attribution
4616252,2024-01-01,BRP N WATSON AVENUE - FORDHAM ROAD,Bronx,682,8174.0,35.061576246334305,35.099999999999994,secondary feed descriptive coverage; no diversion attribution
4616252,2024-02-01,BRP N WATSON AVENUE - FORDHAM ROAD,Bronx,416,4974.0,35.296358173076925,35.41,secondary feed descriptive coverage; no diversion attribution
4616252,2024-03-01,BRP N WATSON AVENUE - FORDHAM ROAD,Bronx,717,8573.0,35.04675034867504,34.79,secondary feed descriptive coverage; no diversion attribution
4616252,2024-04-01,BRP N WATSON AVENUE - FORDHAM ROAD,Bronx,720,8634.0,35.20011111111111,35.1,secondary feed descriptive coverage; no diversion attribution
4616252,2024-05-01,BRP N WATSON AVENUE - FORDHAM ROAD,Bronx,744,8914.0,34.4832258064516,35.099999999999994,secondary feed descriptive coverage; no diversion attribution
4616252,2024-06-01,BRP N WATSON AVENUE - FORDHAM ROAD,Bronx,720,8606.0,34.82174999999999,35.41,secondary feed descriptive coverage; no diversion attribution
4616252,2024-07-01,BRP N WATSON AVENUE - FORDHAM ROAD,Bronx,729,8716.0,33.54266803840879,35.41,secondary feed descriptive coverage; no diversion attribution
4616252,2024-08-01,BRP N WATSON AVENUE - FORDHAM ROAD,Bronx,701,8346.0,34.33018544935805,34.480000000000004,secondary feed descriptive coverage; no diversion attribution
4616252,2024-09-01,BRP N WATSON AVENUE - FORDHAM ROAD,Bronx,720,8640.0,27.090479166666668,33.24,secondary feed descriptive coverage; no diversion attribution
4616252,2024-10-01,BRP N WATSON AVENUE - FORDHAM ROAD,Bronx,744,8923.0,33.33895833333333,34.480000000000004,secondary feed descriptive coverage; no diversion attribution
4616252,2024-11-01,BRP N WATSON AVENUE - FORDHAM ROAD,Bronx,719,8623.0,34.779881780250356,35.099999999999994,secondary feed descriptive coverage; no diversion attribution
4616252,2024-12-01,BRP N WATSON AVENUE - FORDHAM ROAD,Bronx,606,7193.0,34.580090759075915,34.79,secondary feed descriptive coverage; no diversion attribution
4616252,2025-01-01,BRP N WATSON AVENUE - FORDHAM ROAD,Bronx,744,8922.0,34.504442204301085,35.099999999999994,secondary feed descriptive coverage; no diversion attribution
4616252,2025-02-01,BRP N WATSON AVENUE - FORDHAM ROAD,Bronx,672,8064.0,32.822291666666686,34.17,secondary feed descriptive coverage; no diversion attribution
4616252,2025-03-01,BRP N WATSON AVENUE - FORDHAM ROAD,Bronx,743,8912.0,31.866170928667568,33.55,secondary feed descriptive coverage; no diversion attribution
4616252,2025-04-01,BRP N WATSON AVENUE - FORDHAM ROAD,Bronx,720,8640.0,30.251493055555542,33.2375,secondary feed descriptive coverage; no diversion attribution
4616252,2025-05-01,BRP N WATSON AVENUE - FORDHAM ROAD,Bronx,744,8907.0,34.93305107526878,41.01,secondary feed descriptive coverage; no diversion attribution
4616252,2025-06-01,BRP N WATSON AVENUE - FORDHAM ROAD,Bronx,700,8292.0,36.789249999999974,40.38,secondary feed descriptive coverage; no diversion attribution
4616252,2025-07-01,BRP N WATSON AVENUE - FORDHAM ROAD,Bronx,744,8826.0,37.908534946236536,40.695,secondary feed descriptive coverage; no diversion attribution
4616252,2025-08-01,BRP N WATSON AVENUE - FORDHAM ROAD,Bronx,744,8848.0,32.71057123655915,33.394999999999996,secondary feed descriptive coverage; no diversion attribution
4616252,2025-09-01,BRP N WATSON AVENUE - FORDHAM ROAD,Bronx,720,8536.0,34.168312499999985,37.9,secondary feed descriptive coverage; no diversion attribution
4616252,2025-10-01,BRP N WATSON AVENUE - FORDHAM ROAD,Bronx,734,8701.0,29.374359673024525,31.2175,secondary feed descriptive coverage; no diversion attribution
4616252,2025-11-01,BRP N WATSON AVENUE - FORDHAM ROAD,Bronx,718,8564.0,30.606552924791103,31.995,secondary feed descriptive coverage; no diversion attribution
4616252,2025-12-01,BRP N WATSON AVENUE - FORDHAM ROAD,Bronx,740,8867.0,31.506283783783786,31.685000000000002,secondary feed descriptive coverage; no diversion attribution
4616252,2026-01-01,BRP N WATSON AVENUE - FORDHAM ROAD,Bronx,743,8901.0,38.27729475100942,40.07,secondary feed descriptive coverage; no diversion attribution
4616252,2026-02-01,BRP N WATSON AVENUE - FORDHAM ROAD,Bronx,672,8048.0,36.875483630952374,39.14,secondary feed descriptive coverage; no diversion attribution
4616252,2026-03-01,BRP N WATSON AVENUE - FORDHAM ROAD,Bronx,743,8902.0,37.22477792732165,39.45,secondary feed descriptive coverage; no diversion attribution
4616252,2026-04-01,BRP N WATSON AVENUE - FORDHAM ROAD,Bronx,477,5711.0,34.68185534591195,39.14,secondary feed descriptive coverage; no diversion attribution
4616252,2026-05-01,BRP N WATSON AVENUE - FORDHAM ROAD,Bronx,736,8771.0,33.785516304347844,36.03,secondary feed descriptive coverage; no diversion attribution
4616252,2026-07-01,BRP N WATSON AVENUE - FORDHAM ROAD,Bronx,695,8267.0,33.118064748201455,33.55,secondary feed descriptive coverage; no diversion attribution
4616253,2023-01-01,CBE E TAYLOR AVENUE - CASTLE HILL AVENUE,Bronx,557,6655.0,50.99212746858171,51.260000000000005,secondary feed descriptive coverage; no diversion attribution
4616253,2023-02-01,CBE E TAYLOR AVENUE - CASTLE HILL AVENUE,Bronx,661,7887.0,50.79409984871405,51.260000000000005,secondary feed descriptive coverage; no diversion attribution
4616253,2023-03-01,CBE E TAYLOR AVENUE - CASTLE HILL AVENUE,Bronx,743,8913.0,49.95622476446835,50.33,secondary feed descriptive coverage; no diversion attribution
4616253,2023-04-01,CBE E TAYLOR AVENUE - CASTLE HILL AVENUE,Bronx,720,8635.0,49.485249999999986,50.33,secondary feed descriptive coverage; no diversion attribution
4616253,2023-05-01,CBE E TAYLOR AVENUE - CASTLE HILL AVENUE,Bronx,468,5604.0,48.198151709401714,49.545,secondary feed descriptive coverage; no diversion attribution
4616253,2023-06-01,CBE E TAYLOR AVENUE - CASTLE HILL AVENUE,Bronx,541,6478.0,48.21728280961182,49.08,secondary feed descriptive coverage; no diversion attribution
4616253,2023-07-01,CBE E TAYLOR AVENUE - CASTLE HILL AVENUE,Bronx,629,7525.0,48.64375993640698,49.705,secondary feed descriptive coverage; no diversion attribution
4616253,2023-08-01,CBE E TAYLOR AVENUE - CASTLE HILL AVENUE,Bronx,741,8879.0,47.76319163292847,48.77,secondary feed descriptive coverage; no diversion attribution
4616253,2023-09-01,CBE E TAYLOR AVENUE - CASTLE HILL AVENUE,Bronx,708,8468.0,47.902408192090384,49.08,secondary feed descriptive coverage; no diversion attribution
4616253,2023-10-01,CBE E TAYLOR AVENUE - CASTLE HILL AVENUE,Bronx,744,8924.0,47.498723118279585,49.39,secondary feed descriptive coverage; no diversion attribution
4616253,2023-11-01,CBE E TAYLOR AVENUE - CASTLE HILL AVENUE,Bronx,706,8448.0,48.62153682719548,49.7025,secondary feed descriptive coverage; no diversion attribution
4616253,2023-12-01,CBE E TAYLOR AVENUE - CASTLE HILL AVENUE,Bronx,416,4988.0,45.61004807692309,48.46,secondary feed descriptive coverage; no diversion attribution
4616253,2024-01-01,CBE E TAYLOR AVENUE - CASTLE HILL AVENUE,Bronx,640,7663.0,49.95509374999997,50.015,secondary feed descriptive coverage; no diversion attribution
4616253,2024-02-01,CBE E TAYLOR AVENUE - CASTLE HILL AVENUE,Bronx,416,4974.0,49.30657451923077,49.7,secondary feed descriptive coverage; no diversion attribution
4616253,2024-03-01,CBE E TAYLOR AVENUE - CASTLE HILL AVENUE,Bronx,717,8573.0,48.864707112970684,49.39,secondary feed descriptive coverage; no diversion attribution
4616253,2024-04-01,CBE E TAYLOR AVENUE - CASTLE HILL AVENUE,Bronx,720,8634.0,48.73083333333331,49.7,secondary feed descriptive coverage; no diversion attribution
4616253,2024-05-01,CBE E TAYLOR AVENUE - CASTLE HILL AVENUE,Bronx,744,8913.0,47.77106854838706,49.39,secondary feed descriptive coverage; no diversion attribution
4616253,2024-06-01,CBE E TAYLOR AVENUE - CASTLE HILL AVENUE,Bronx,720,8606.0,47.32758333333334,48.775000000000006,secondary feed descriptive coverage; no diversion attribution
4616253,2024-07-01,CBE E TAYLOR AVENUE - CASTLE HILL AVENUE,Bronx,729,8717.0,45.282942386831266,46.6,secondary feed descriptive coverage; no diversion attribution
4616253,2024-08-01,CBE E TAYLOR AVENUE - CASTLE HILL AVENUE,Bronx,701,8347.0,47.363687589158324,48.46,secondary feed descriptive coverage; no diversion attribution
4616253,2024-09-01,CBE E TAYLOR AVENUE - CASTLE HILL AVENUE,Bronx,720,8640.0,46.460562499999995,48.30500000000001,secondary feed descriptive coverage; no diversion attribution
4616253,2024-10-01,CBE E TAYLOR AVENUE - CASTLE HILL AVENUE,Bronx,744,8923.0,46.77522177419357,48.46,secondary feed descriptive coverage; no diversion attribution
4616253,2024-11-01,CBE E TAYLOR AVENUE - CASTLE HILL AVENUE,Bronx,719,8622.0,47.24301808066759,48.769999999999996,secondary feed descriptive coverage; no diversion attribution
4616253,2024-12-01,CBE E TAYLOR AVENUE - CASTLE HILL AVENUE,Bronx,606,7192.0,47.94707920792078,49.08,secondary feed descriptive coverage; no diversion attribution
4616253,2025-01-01,CBE E TAYLOR AVENUE - CASTLE HILL AVENUE,Bronx,744,8920.0,50.26254704301076,50.64,secondary feed descriptive coverage; no diversion attribution
4616253,2025-02-01,CBE E TAYLOR AVENUE - CASTLE HILL AVENUE,Bronx,672,8064.0,49.42046875000001,50.015,secondary feed descriptive coverage; no diversion attribution
4616253,2025-03-01,CBE E TAYLOR AVENUE - CASTLE HILL AVENUE,Bronx,743,8912.0,49.14109690444144,49.705,secondary feed descriptive coverage; no diversion attribution
4616253,2025-04-01,CBE E TAYLOR AVENUE - CASTLE HILL AVENUE,Bronx,720,8640.0,49.06525694444444,49.705,secondary feed descriptive coverage; no diversion attribution
4616253,2025-05-01,CBE E TAYLOR AVENUE - CASTLE HILL AVENUE,Bronx,744,8907.0,45.2538172043011,47.22,secondary feed descriptive coverage; no diversion attribution
4616253,2025-06-01,CBE E TAYLOR AVENUE - CASTLE HILL AVENUE,Bronx,700,8292.0,44.57054999999998,46.5975,secondary feed descriptive coverage; no diversion attribution
4616253,2025-07-01,CBE E TAYLOR AVENUE - CASTLE HILL AVENUE,Bronx,744,8826.0,42.304502688172036,46.287499999999994,secondary feed descriptive coverage; no diversion attribution
4616253,2025-08-01,CBE E TAYLOR AVENUE - CASTLE HILL AVENUE,Bronx,744,8848.0,44.51570564516127,45.980000000000004,secondary feed descriptive coverage; no diversion attribution
4616253,2025-09-01,CBE E TAYLOR AVENUE - CASTLE HILL AVENUE,Bronx,720,8536.0,42.73603472222222,44.735,secondary feed descriptive coverage; no diversion attribution
4616253,2025-10-01,CBE E TAYLOR AVENUE - CASTLE HILL AVENUE,Bronx,734,8701.0,39.18561307901905,41.004999999999995,secondary feed descriptive coverage; no diversion attribution
4616253,2025-11-01,CBE E TAYLOR AVENUE - CASTLE HILL AVENUE,Bronx,718,8564.0,46.82561281337046,47.84,secondary feed descriptive coverage; no diversion attribution
4616253,2025-12-01,CBE E TAYLOR AVENUE - CASTLE HILL AVENUE,Bronx,740,8865.0,45.651986486486486,46.6,secondary feed descriptive coverage; no diversion attribution
4616253,2026-01-01,CBE E TAYLOR AVENUE - CASTLE HILL AVENUE,Bronx,743,8901.0,46.36292732166889,47.84,secondary feed descriptive coverage; no diversion attribution
4616253,2026-02-01,CBE E TAYLOR AVENUE - CASTLE HILL AVENUE,Bronx,672,8048.0,46.032090773809514,46.91,secondary feed descriptive coverage; no diversion attribution
4616253,2026-03-01,CBE E TAYLOR AVENUE - CASTLE HILL AVENUE,Bronx,743,8902.0,46.654710632570655,46.91,secondary feed descriptive coverage; no diversion attribution
4616253,2026-04-01,CBE E TAYLOR AVENUE - CASTLE HILL AVENUE,Bronx,477,5711.0,38.84460167714883,45.98,secondary feed descriptive coverage; no diversion attribution
4616253,2026-05-01,CBE E TAYLOR AVENUE - CASTLE HILL AVENUE,Bronx,736,8771.0,45.1926222826087,47.22,secondary feed descriptive coverage; no diversion attribution
4616253,2026-07-01,CBE E TAYLOR AVENUE - CASTLE HILL AVENUE,Bronx,695,8267.0,42.284187050359726,43.495000000000005,secondary feed descriptive coverage; no diversion attribution
4616255,2023-01-01,MDE N RFK Bridge - 142nd St,Bronx,557,6655.0,0.0,0.0,secondary feed descriptive coverage; no diversion attribution
4616255,2023-02-01,MDE N RFK Bridge - 142nd St,Bronx,661,7886.0,0.0,0.0,secondary feed descriptive coverage; no diversion attribution
4616255,2023-03-01,MDE N RFK Bridge - 142nd St,Bronx,743,8912.0,0.0,0.0,secondary feed descriptive coverage; no diversion attribution
4616255,2023-04-01,MDE N RFK Bridge - 142nd St,Bronx,720,8636.0,0.0,0.0,secondary feed descriptive coverage; no diversion attribution
4616255,2023-05-01,MDE N RFK Bridge - 142nd St,Bronx,468,5604.0,0.0,0.0,secondary feed descriptive coverage; no diversion attribution
4616255,2023-06-01,MDE N RFK Bridge - 142nd St,Bronx,541,6478.0,0.0,0.0,secondary feed descriptive coverage; no diversion attribution
4616255,2023-07-01,MDE N RFK Bridge - 142nd St,Bronx,629,7526.0,0.0,0.0,secondary feed descriptive coverage; no diversion attribution
4616255,2023-08-01,MDE N RFK Bridge - 142nd St,Bronx,741,8879.0,0.0,0.0,secondary feed descriptive coverage; no diversion attribution
4616255,2023-09-01,MDE N RFK Bridge - 142nd St,Bronx,708,8468.0,0.0,0.0,secondary feed descriptive coverage; no diversion attribution
4616255,2023-10-01,MDE N RFK Bridge - 142nd St,Bronx,744,8925.0,0.0,0.0,secondary feed descriptive coverage; no diversion attribution
4616255,2023-11-01,MDE N RFK Bridge - 142nd St,Bronx,706,8448.0,0.0,0.0,secondary feed descriptive coverage; no diversion attribution
4616255,2023-12-01,MDE N RFK Bridge - 142nd St,Bronx,744,8928.0,0.0,0.0,secondary feed descriptive coverage; no diversion attribution
4616255,2024-01-01,MDE N RFK Bridge - 142nd St,Bronx,682,8174.0,0.0,0.0,secondary feed descriptive coverage; no diversion attribution
4616255,2024-02-01,MDE N RFK Bridge - 142nd St,Bronx,416,4974.0,0.0,0.0,secondary feed descriptive coverage; no diversion attribution
4616255,2024-03-01,MDE N RFK Bridge - 142nd St,Bronx,717,8574.0,0.0,0.0,secondary feed descriptive coverage; no diversion attribution
4616255,2024-04-01,MDE N RFK Bridge - 142nd St,Bronx,720,8634.0,0.0,0.0,secondary feed descriptive coverage; no diversion attribution
4616255,2024-05-01,MDE N RFK Bridge - 142nd St,Bronx,744,8913.0,0.0,0.0,secondary feed descriptive coverage; no diversion attribution
4616255,2024-06-01,MDE N RFK Bridge - 142nd St,Bronx,720,8606.0,0.0,0.0,secondary feed descriptive coverage; no diversion attribution
4616255,2024-07-01,MDE N RFK Bridge - 142nd St,Bronx,729,8715.0,0.0,0.0,secondary feed descriptive coverage; no diversion attribution
4616255,2024-08-01,MDE N RFK Bridge - 142nd St,Bronx,701,8345.0,0.0,0.0,secondary feed descriptive coverage; no diversion attribution
4616255,2024-09-01,MDE N RFK Bridge - 142nd St,Bronx,720,8640.0,0.0,0.0,secondary feed descriptive coverage; no diversion attribution
4616255,2024-10-01,MDE N RFK Bridge - 142nd St,Bronx,744,8923.0,0.0,0.0,secondary feed descriptive coverage; no diversion attribution
4616255,2024-11-01,MDE N RFK Bridge - 142nd St,Bronx,719,8619.0,0.0,0.0,secondary feed descriptive coverage; no diversion attribution
4616255,2024-12-01,MDE N RFK Bridge - 142nd St,Bronx,606,7184.0,0.0,0.0,secondary feed descriptive coverage; no diversion attribution
4616255,2025-01-01,MDE N RFK Bridge - 142nd St,Bronx,744,8918.0,0.0,0.0,secondary feed descriptive coverage; no diversion attribution
4616255,2025-02-01,MDE N RFK Bridge - 142nd St,Bronx,672,8064.0,0.0,0.0,secondary feed descriptive coverage; no diversion attribution
4616255,2025-03-01,MDE N RFK Bridge - 142nd St,Bronx,743,8912.0,0.0,0.0,secondary feed descriptive coverage; no diversion attribution
4616255,2025-04-01,MDE N RFK Bridge - 142nd St,Bronx,720,8640.0,0.0,0.0,secondary feed descriptive coverage; no diversion attribution
4616255,2025-05-01,MDE N RFK Bridge - 142nd St,Bronx,744,8906.0,0.0,0.0,secondary feed descriptive coverage; no diversion attribution
4616255,2025-06-01,MDE N RFK Bridge - 142nd St,Bronx,700,8292.0,0.0,0.0,secondary feed descriptive coverage; no diversion attribution
4616255,2025-07-01,MDE N RFK Bridge - 142nd St,Bronx,744,8826.0,0.0,0.0,secondary feed descriptive coverage; no diversion attribution
4616255,2025-08-01,MDE N RFK Bridge - 142nd St,Bronx,744,8848.0,0.0,0.0,secondary feed descriptive coverage; no diversion attribution
4616255,2025-09-01,MDE N RFK Bridge - 142nd St,Bronx,720,8535.0,0.0,0.0,secondary feed descriptive coverage; no diversion attribution
4616255,2025-10-01,MDE N RFK Bridge - 142nd St,Bronx,734,8701.0,0.0,0.0,secondary feed descriptive coverage; no diversion attribution
4616255,2025-11-01,MDE N RFK Bridge - 142nd St,Bronx,718,8564.0,0.0,0.0,secondary feed descriptive coverage; no diversion attribution
4616255,2025-12-01,MDE N RFK Bridge - 142nd St,Bronx,740,8862.0,0.0,0.0,secondary feed descriptive coverage; no diversion attribution
4616255,2026-01-01,MDE N RFK Bridge - 142nd St,Bronx,743,8901.0,0.0,0.0,secondary feed descriptive coverage; no diversion attribution
4616255,2026-02-01,MDE N RFK Bridge - 142nd St,Bronx,672,8048.0,0.0,0.0,secondary feed descriptive coverage; no diversion attribution
4616255,2026-03-01,MDE N RFK Bridge - 142nd St,Bronx,743,8902.0,0.0,0.0,secondary feed descriptive coverage; no diversion attribution
4616255,2026-04-01,MDE N RFK Bridge - 142nd St,Bronx,477,5711.0,0.0,0.0,secondary feed descriptive coverage; no diversion attribution
4616255,2026-05-01,MDE N RFK Bridge - 142nd St,Bronx,736,8772.0,0.0,0.0,secondary feed descriptive coverage; no diversion attribution
4616255,2026-07-01,MDE N RFK Bridge - 142nd St,Bronx,695,8267.0,0.0,0.0,secondary feed descriptive coverage; no diversion attribution
4616257,2023-01-01,BQE N ATLANTIC AVENUE - LEONARD STREET,Brooklyn,557,6655.0,0.005565529622980251,0.0,secondary feed descriptive coverage; no diversion attribution
4616257,2023-02-01,BQE N ATLANTIC AVENUE - LEONARD STREET,Brooklyn,661,7886.0,0.002344931921331316,0.0,secondary feed descriptive coverage; no diversion attribution
4616257,2023-03-01,BQE N ATLANTIC AVENUE - LEONARD STREET,Brooklyn,743,8912.0,0.025868102288021534,0.0,secondary feed descriptive coverage; no diversion attribution
4616257,2023-04-01,BQE N ATLANTIC AVENUE - LEONARD STREET,Brooklyn,720,8636.0,0.0012916666666666667,0.0,secondary feed descriptive coverage; no diversion attribution
4616257,2023-05-01,BQE N ATLANTIC AVENUE - LEONARD STREET,Brooklyn,468,5604.0,0.0,0.0,secondary feed descriptive coverage; no diversion attribution
4616257,2023-06-01,BQE N ATLANTIC AVENUE - LEONARD STREET,Brooklyn,541,6478.0,0.004584103512014787,0.0,secondary feed descriptive coverage; no diversion attribution
4616257,2023-07-01,BQE N ATLANTIC AVENUE - LEONARD STREET,Brooklyn,629,7526.0,0.0,0.0,secondary feed descriptive coverage; no diversion attribution
4616257,2023-08-01,BQE N ATLANTIC AVENUE - LEONARD STREET,Brooklyn,741,8879.0,0.0,0.0,secondary feed descriptive coverage; no diversion attribution
4616257,2023-09-01,BQE N ATLANTIC AVENUE - LEONARD STREET,Brooklyn,708,8468.0,0.0,0.0,secondary feed descriptive coverage; no diversion attribution
4616257,2023-10-01,BQE N ATLANTIC AVENUE - LEONARD STREET,Brooklyn,744,8925.0,0.0075,0.0,secondary feed descriptive coverage; no diversion attribution
4616257,2023-11-01,BQE N ATLANTIC AVENUE - LEONARD STREET,Brooklyn,706,8448.0,0.0021954674220963175,0.0,secondary feed descriptive coverage; no diversion attribution
4616257,2023-12-01,BQE N ATLANTIC AVENUE - LEONARD STREET,Brooklyn,744,8928.0,0.013333333333333332,0.0,secondary feed descriptive coverage; no diversion attribution
4616257,2024-01-01,BQE N ATLANTIC AVENUE - LEONARD STREET,Brooklyn,682,8174.0,0.008181818181818182,0.0,secondary feed descriptive coverage; no diversion attribution
4616257,2024-02-01,BQE N ATLANTIC AVENUE - LEONARD STREET,Brooklyn,416,4974.0,0.520420673076923,0.0,secondary feed descriptive coverage; no diversion attribution
4616257,2024-03-01,BQE N ATLANTIC AVENUE - LEONARD STREET,Brooklyn,717,8574.0,27.60902370990236,27.96,secondary feed descriptive coverage; no diversion attribution
4616257,2024-04-01,BQE N ATLANTIC AVENUE - LEONARD STREET,Brooklyn,720,8634.0,28.714979166666655,28.58,secondary feed descriptive coverage; no diversion attribution
4616257,2024-05-01,BQE N ATLANTIC AVENUE - LEONARD STREET,Brooklyn,744,8914.0,28.15233198924729,28.27,secondary feed descriptive coverage; no diversion attribution
4616257,2024-06-01,BQE N ATLANTIC AVENUE - LEONARD STREET,Brooklyn,720,8606.0,29.726534722222215,30.44,secondary feed descriptive coverage; no diversion attribution
4616257,2024-07-01,BQE N ATLANTIC AVENUE - LEONARD STREET,Brooklyn,729,8716.0,30.99364197530865,31.68,secondary feed descriptive coverage; no diversion attribution
4616257,2024-08-01,BQE N ATLANTIC AVENUE - LEONARD STREET,Brooklyn,701,8345.0,31.14990727532097,31.68,secondary feed descriptive coverage; no diversion attribution
4616257,2024-09-01,BQE N ATLANTIC AVENUE - LEONARD STREET,Brooklyn,720,8640.0,28.808993055555575,30.75,secondary feed descriptive coverage; no diversion attribution
4616257,2024-10-01,BQE N ATLANTIC AVENUE - LEONARD STREET,Brooklyn,744,8923.0,27.855436827957,29.82,secondary feed descriptive coverage; no diversion attribution
4616257,2024-11-01,BQE N ATLANTIC AVENUE - LEONARD STREET,Brooklyn,719,8624.0,30.699867872044507,32.31,secondary feed descriptive coverage; no diversion attribution
4616257,2024-12-01,BQE N ATLANTIC AVENUE - LEONARD STREET,Brooklyn,606,7193.0,29.76994224422443,31.68,secondary feed descriptive coverage; no diversion attribution
4616257,2025-01-01,BQE N ATLANTIC AVENUE - LEONARD STREET,Brooklyn,744,8922.0,33.7677688172043,33.239999999999995,secondary feed descriptive coverage; no diversion attribution
4616257,2025-02-01,BQE N ATLANTIC AVENUE - LEONARD STREET,Brooklyn,672,8064.0,24.90022321428571,25.78,secondary feed descriptive coverage; no diversion attribution
4616257,2025-03-01,BQE N ATLANTIC AVENUE - LEONARD STREET,Brooklyn,743,8912.0,23.9592866756393,22.674999999999997,secondary feed descriptive coverage; no diversion attribution
4616257,2025-04-01,BQE N ATLANTIC AVENUE - LEONARD STREET,Brooklyn,720,8640.0,3.7088888888888882,0.0,secondary feed descriptive coverage; no diversion attribution
4616257,2025-05-01,BQE N ATLANTIC AVENUE - LEONARD STREET,Brooklyn,744,8907.0,0.01794354838709677,0.0,secondary feed descriptive coverage; no diversion attribution
4616257,2025-06-01,BQE N ATLANTIC AVENUE - LEONARD STREET,Brooklyn,700,8292.0,0.0,0.0,secondary feed descriptive coverage; no diversion attribution
4616257,2025-07-01,BQE N ATLANTIC AVENUE - LEONARD STREET,Brooklyn,744,8826.0,25.880994623655894,27.025,secondary feed descriptive coverage; no diversion attribution
4616257,2025-08-01,BQE N ATLANTIC AVENUE - LEONARD STREET,Brooklyn,744,8848.0,30.152090053763455,31.06,secondary feed descriptive coverage; no diversion attribution
4616257,2025-09-01,BQE N ATLANTIC AVENUE - LEONARD STREET,Brooklyn,720,8536.0,29.179048611111114,30.75,secondary feed descriptive coverage; no diversion attribution
4616257,2025-10-01,BQE N ATLANTIC AVENUE - LEONARD STREET,Brooklyn,734,8701.0,31.017983651226153,31.68,secondary feed descriptive coverage; no diversion attribution
4616257,2025-11-01,BQE N ATLANTIC AVENUE - LEONARD STREET,Brooklyn,718,8564.0,30.052674094707527,31.060000000000002,secondary feed descriptive coverage; no diversion attribution
4616257,2025-12-01,BQE N ATLANTIC AVENUE - LEONARD STREET,Brooklyn,740,8867.0,27.579506756756746,28.89,secondary feed descriptive coverage; no diversion attribution
4616257,2026-01-01,BQE N ATLANTIC AVENUE - LEONARD STREET,Brooklyn,743,8901.0,32.20177658142665,31.68,secondary feed descriptive coverage; no diversion attribution
4616257,2026-02-01,BQE N ATLANTIC AVENUE - LEONARD STREET,Brooklyn,672,8048.0,31.226093750000008,31.68,secondary feed descriptive coverage; no diversion attribution
4616257,2026-03-01,BQE N ATLANTIC AVENUE - LEONARD STREET,Brooklyn,743,8902.0,27.462207267833115,28.58,secondary feed descriptive coverage; no diversion attribution
4616257,2026-04-01,BQE N ATLANTIC AVENUE - LEONARD STREET,Brooklyn,477,5711.0,26.24503144654088,26.09,secondary feed descriptive coverage; no diversion attribution
4616257,2026-05-01,BQE N ATLANTIC AVENUE - LEONARD STREET,Brooklyn,736,8772.0,30.64403532608695,31.68,secondary feed descriptive coverage; no diversion attribution
4616257,2026-07-01,BQE N ATLANTIC AVENUE - LEONARD STREET,Brooklyn,695,8268.0,28.683388489208635,30.44,secondary feed descriptive coverage; no diversion attribution
4616259,2023-01-01,VWE S MP6.39 (Exit 11 Jewel Ave) - MP4.63 (Exit 6 Jamaica Ave),Queens,557,6656.0,30.661481149012566,27.34,secondary feed descriptive coverage; no diversion attribution
4616259,2023-02-01,VWE S MP6.39 (Exit 11 Jewel Ave) - MP4.63 (Exit 6 Jamaica Ave),Queens,661,7887.0,26.91229954614221,21.12,secondary feed descriptive coverage; no diversion attribution
4616259,2023-03-01,VWE S MP6.39 (Exit 11 Jewel Ave) - MP4.63 (Exit 6 Jamaica Ave),Queens,743,8913.0,26.809979811574692,20.19,secondary feed descriptive coverage; no diversion attribution
4616259,2023-04-01,VWE S MP6.39 (Exit 11 Jewel Ave) - MP4.63 (Exit 6 Jamaica Ave),Queens,720,8635.0,26.42300694444445,22.049999999999997,secondary feed descriptive coverage; no diversion attribution
4616259,2023-05-01,VWE S MP6.39 (Exit 11 Jewel Ave) - MP4.63 (Exit 6 Jamaica Ave),Queens,468,5603.0,26.460213675213662,20.5,secondary feed descriptive coverage; no diversion attribution
4616259,2023-06-01,VWE S MP6.39 (Exit 11 Jewel Ave) - MP4.63 (Exit 6 Jamaica Ave),Queens,541,6478.0,24.756293900184847,19.26,secondary feed descriptive coverage; no diversion attribution
4616259,2023-07-01,VWE S MP6.39 (Exit 11 Jewel Ave) - MP4.63 (Exit 6 Jamaica Ave),Queens,629,7526.0,29.230874403815584,25.78,secondary feed descriptive coverage; no diversion attribution
4616259,2023-08-01,VWE S MP6.39 (Exit 11 Jewel Ave) - MP4.63 (Exit 6 Jamaica Ave),Queens,741,8879.0,26.316977058029696,23.61,secondary feed descriptive coverage; no diversion attribution
4616259,2023-09-01,VWE S MP6.39 (Exit 11 Jewel Ave) - MP4.63 (Exit 6 Jamaica Ave),Queens,708,8468.0,26.899209039548012,23.61,secondary feed descriptive coverage; no diversion attribution
4616259,2023-10-01,VWE S MP6.39 (Exit 11 Jewel Ave) - MP4.63 (Exit 6 Jamaica Ave),Queens,744,8925.0,25.292069892473112,21.74,secondary feed descriptive coverage; no diversion attribution
4616259,2023-11-01,VWE S MP6.39 (Exit 11 Jewel Ave) - MP4.63 (Exit 6 Jamaica Ave),Queens,706,8446.0,27.255375354107652,23.6075,secondary feed descriptive coverage; no diversion attribution
4616259,2023-12-01,VWE S MP6.39 (Exit 11 Jewel Ave) - MP4.63 (Exit 6 Jamaica Ave),Queens,744,8928.0,26.831935483870957,22.99,secondary feed descriptive coverage; no diversion attribution
4616259,2024-01-01,VWE S MP6.39 (Exit 11 Jewel Ave) - MP4.63 (Exit 6 Jamaica Ave),Queens,682,8174.0,29.381422287390027,27.34,secondary feed descriptive coverage; no diversion attribution
4616259,2024-02-01,VWE S MP6.39 (Exit 11 Jewel Ave) - MP4.63 (Exit 6 Jamaica Ave),Queens,416,4973.0,27.55180288461539,25.005000000000003,secondary feed descriptive coverage; no diversion attribution
4616259,2024-03-01,VWE S MP6.39 (Exit 11 Jewel Ave) - MP4.63 (Exit 6 Jamaica Ave),Queens,717,8573.0,24.279358437935848,20.810000000000002,secondary feed descriptive coverage; no diversion attribution
4616259,2024-04-01,VWE S MP6.39 (Exit 11 Jewel Ave) - MP4.63 (Exit 6 Jamaica Ave),Queens,720,8634.0,24.962451388888883,21.12,secondary feed descriptive coverage; no diversion attribution
4616259,2024-05-01,VWE S MP6.39 (Exit 11 Jewel Ave) - MP4.63 (Exit 6 Jamaica Ave),Queens,744,8912.0,24.42479166666666,20.5,secondary feed descriptive coverage; no diversion attribution
4616259,2024-06-01,VWE S MP6.39 (Exit 11 Jewel Ave) - MP4.63 (Exit 6 Jamaica Ave),Queens,720,8606.0,24.274798611111095,20.035,secondary feed descriptive coverage; no diversion attribution
4616259,2024-07-01,VWE S MP6.39 (Exit 11 Jewel Ave) - MP4.63 (Exit 6 Jamaica Ave),Queens,729,8713.0,28.034334705075437,24.85,secondary feed descriptive coverage; no diversion attribution
4616259,2024-08-01,VWE S MP6.39 (Exit 11 Jewel Ave) - MP4.63 (Exit 6 Jamaica Ave),Queens,701,8346.0,26.06253209700429,23.605,secondary feed descriptive coverage; no diversion attribution
4616259,2024-09-01,VWE S MP6.39 (Exit 11 Jewel Ave) - MP4.63 (Exit 6 Jamaica Ave),Queens,720,8640.0,27.644361111111095,23.765,secondary feed descriptive coverage; no diversion attribution
4616259,2024-10-01,VWE S MP6.39 (Exit 11 Jewel Ave) - MP4.63 (Exit 6 Jamaica Ave),Queens,744,8922.0,25.034354838709675,22.049999999999997,secondary feed descriptive coverage; no diversion attribution
4616259,2024-11-01,VWE S MP6.39 (Exit 11 Jewel Ave) - MP4.63 (Exit 6 Jamaica Ave),Queens,719,8614.0,26.78321279554938,24.23,secondary feed descriptive coverage; no diversion attribution
4616259,2024-12-01,VWE S MP6.39 (Exit 11 Jewel Ave) - MP4.63 (Exit 6 Jamaica Ave),Queens,606,7175.0,25.204595709570967,21.740000000000002,secondary feed descriptive coverage; no diversion attribution
4616259,2025-01-01,VWE S MP6.39 (Exit 11 Jewel Ave) - MP4.63 (Exit 6 Jamaica Ave),Queens,744,8912.0,28.375678763440852,27.3375,secondary feed descriptive coverage; no diversion attribution
4616259,2025-02-01,VWE S MP6.39 (Exit 11 Jewel Ave) - MP4.63 (Exit 6 Jamaica Ave),Queens,672,8064.0,28.570416666666656,26.5575,secondary feed descriptive coverage; no diversion attribution
4616259,2025-03-01,VWE S MP6.39 (Exit 11 Jewel Ave) - MP4.63 (Exit 6 Jamaica Ave),Queens,743,8912.0,26.363566621803496,23.61,secondary feed descriptive coverage; no diversion attribution
4616259,2025-04-01,VWE S MP6.39 (Exit 11 Jewel Ave) - MP4.63 (Exit 6 Jamaica Ave),Queens,720,8640.0,25.48765277777779,23.299999999999997,secondary feed descriptive coverage; no diversion attribution
4616259,2025-05-01,VWE S MP6.39 (Exit 11 Jewel Ave) - MP4.63 (Exit 6 Jamaica Ave),Queens,744,8906.0,24.380544354838708,20.965,secondary feed descriptive coverage; no diversion attribution
4616259,2025-06-01,VWE S MP6.39 (Exit 11 Jewel Ave) - MP4.63 (Exit 6 Jamaica Ave),Queens,700,8292.0,10.728678571428581,9.629999999999999,secondary feed descriptive coverage; no diversion attribution
4616259,2025-07-01,VWE S MP6.39 (Exit 11 Jewel Ave) - MP4.63 (Exit 6 Jamaica Ave),Queens,744,8826.0,9.103978494623664,8.69,secondary feed descriptive coverage; no diversion attribution
4616259,2025-08-01,VWE S MP6.39 (Exit 11 Jewel Ave) - MP4.63 (Exit 6 Jamaica Ave),Queens,744,8848.0,10.725967741935493,9.94,secondary feed descriptive coverage; no diversion attribution
4616259,2025-09-01,VWE S MP6.39 (Exit 11 Jewel Ave) - MP4.63 (Exit 6 Jamaica Ave),Queens,720,8534.0,9.94459722222223,9.315,secondary feed descriptive coverage; no diversion attribution
4616259,2025-10-01,VWE S MP6.39 (Exit 11 Jewel Ave) - MP4.63 (Exit 6 Jamaica Ave),Queens,734,8701.0,8.553201634877398,8.07,secondary feed descriptive coverage; no diversion attribution
4616259,2025-11-01,VWE S MP6.39 (Exit 11 Jewel Ave) - MP4.63 (Exit 6 Jamaica Ave),Queens,718,8564.0,9.110640668523681,9.004999999999999,secondary feed descriptive coverage; no diversion attribution
4616259,2025-12-01,VWE S MP6.39 (Exit 11 Jewel Ave) - MP4.63 (Exit 6 Jamaica Ave),Queens,740,8861.0,9.801189189189198,9.004999999999999,secondary feed descriptive coverage; no diversion attribution
4616259,2026-01-01,VWE S MP6.39 (Exit 11 Jewel Ave) - MP4.63 (Exit 6 Jamaica Ave),Queens,743,8901.0,10.15934051144012,9.629999999999999,secondary feed descriptive coverage; no diversion attribution
4616259,2026-02-01,VWE S MP6.39 (Exit 11 Jewel Ave) - MP4.63 (Exit 6 Jamaica Ave),Queens,672,8048.0,9.334032738095246,9.004999999999999,secondary feed descriptive coverage; no diversion attribution
4616259,2026-03-01,VWE S MP6.39 (Exit 11 Jewel Ave) - MP4.63 (Exit 6 Jamaica Ave),Queens,743,8902.0,9.97687079407806,9.625,secondary feed descriptive coverage; no diversion attribution
4616259,2026-04-01,VWE S MP6.39 (Exit 11 Jewel Ave) - MP4.63 (Exit 6 Jamaica Ave),Queens,477,5711.0,9.657327044025168,9.004999999999999,secondary feed descriptive coverage; no diversion attribution
4616259,2026-05-01,VWE S MP6.39 (Exit 11 Jewel Ave) - MP4.63 (Exit 6 Jamaica Ave),Queens,736,8770.0,8.123240489130444,7.76,secondary feed descriptive coverage; no diversion attribution
4616259,2026-07-01,VWE S MP6.39 (Exit 11 Jewel Ave) - MP4.63 (Exit 6 Jamaica Ave),Queens,695,8267.0,7.082273381294973,6.21,secondary feed descriptive coverage; no diversion attribution
4616260,2023-01-01,BE S CASTLE HILL AVENUE - STRATFORD AVENUE,Bronx,557,6655.0,37.53104129263914,47.22,secondary feed descriptive coverage; no diversion attribution
4616260,2023-02-01,BE S CASTLE HILL AVENUE - STRATFORD AVENUE,Bronx,661,7886.0,48.721883509833575,54.68,secondary feed descriptive coverage; no diversion attribution
4616260,2023-03-01,BE S CASTLE HILL AVENUE - STRATFORD AVENUE,Bronx,743,8912.0,46.022119784656795,53.739999999999995,secondary feed descriptive coverage; no diversion attribution
4616260,2023-04-01,BE S CASTLE HILL AVENUE - STRATFORD AVENUE,Bronx,720,8636.0,45.15189583333334,52.81,secondary feed descriptive coverage; no diversion attribution
4616260,2023-05-01,BE S CASTLE HILL AVENUE - STRATFORD AVENUE,Bronx,468,5604.0,39.12227564102564,50.947500000000005,secondary feed descriptive coverage; no diversion attribution
4616260,2023-06-01,BE S CASTLE HILL AVENUE - STRATFORD AVENUE,Bronx,541,6478.0,41.948484288354884,52.5,secondary feed descriptive coverage; no diversion attribution
4616260,2023-07-01,BE S CASTLE HILL AVENUE - STRATFORD AVENUE,Bronx,629,7525.0,42.65068362480127,50.95,secondary feed descriptive coverage; no diversion attribution
4616260,2023-08-01,BE S CASTLE HILL AVENUE - STRATFORD AVENUE,Bronx,741,8879.0,33.471167341430494,36.66,secondary feed descriptive coverage; no diversion attribution
4616260,2023-09-01,BE S CASTLE HILL AVENUE - STRATFORD AVENUE,Bronx,708,8468.0,37.53824858757061,47.22,secondary feed descriptive coverage; no diversion attribution
4616260,2023-10-01,BE S CASTLE HILL AVENUE - STRATFORD AVENUE,Bronx,744,8925.0,39.96888440860215,48.769999999999996,secondary feed descriptive coverage; no diversion attribution
4616260,2023-11-01,BE S CASTLE HILL AVENUE - STRATFORD AVENUE,Bronx,706,8448.0,40.2974150141643,49.39,secondary feed descriptive coverage; no diversion attribution
4616260,2023-12-01,BE S CASTLE HILL AVENUE - STRATFORD AVENUE,Bronx,744,8928.0,37.92067204301074,48.46,secondary feed descriptive coverage; no diversion attribution
4616260,2024-01-01,BE S CASTLE HILL AVENUE - STRATFORD AVENUE,Bronx,682,8174.0,44.82921554252195,50.015,secondary feed descriptive coverage; no diversion attribution
4616260,2024-02-01,BE S CASTLE HILL AVENUE - STRATFORD AVENUE,Bronx,416,4974.0,40.13093749999999,48.46,secondary feed descriptive coverage; no diversion attribution
4616260,2024-03-01,BE S CASTLE HILL AVENUE - STRATFORD AVENUE,Bronx,717,8574.0,39.65924686192468,47.22,secondary feed descriptive coverage; no diversion attribution
4616260,2024-04-01,BE S CASTLE HILL AVENUE - STRATFORD AVENUE,Bronx,720,8634.0,32.17313888888886,43.49,secondary feed descriptive coverage; no diversion attribution
4616260,2024-05-01,BE S CASTLE HILL AVENUE - STRATFORD AVENUE,Bronx,744,8913.0,29.492345430107537,31.3725,secondary feed descriptive coverage; no diversion attribution
4616260,2024-06-01,BE S CASTLE HILL AVENUE - STRATFORD AVENUE,Bronx,720,8606.0,31.71127777777777,40.695,secondary feed descriptive coverage; no diversion attribution
4616260,2024-07-01,BE S CASTLE HILL AVENUE - STRATFORD AVENUE,Bronx,729,8715.0,35.10334019204389,44.735,secondary feed descriptive coverage; no diversion attribution
4616260,2024-08-01,BE S CASTLE HILL AVENUE - STRATFORD AVENUE,Bronx,701,8344.0,34.95601283880171,45.665,secondary feed descriptive coverage; no diversion attribution
4616260,2024-09-01,BE S CASTLE HILL AVENUE - STRATFORD AVENUE,Bronx,720,8640.0,34.44714583333332,47.84,secondary feed descriptive coverage; no diversion attribution
4616260,2024-10-01,BE S CASTLE HILL AVENUE - STRATFORD AVENUE,Bronx,744,8923.0,35.21379704301076,47.685,secondary feed descriptive coverage; no diversion attribution
4616260,2024-11-01,BE S CASTLE HILL AVENUE - STRATFORD AVENUE,Bronx,719,8624.0,36.93208623087622,48.769999999999996,secondary feed descriptive coverage; no diversion attribution
4616260,2024-12-01,BE S CASTLE HILL AVENUE - STRATFORD AVENUE,Bronx,606,7193.0,42.31131188118812,52.19,secondary feed descriptive coverage; no diversion attribution
4616260,2025-01-01,BE S CASTLE HILL AVENUE - STRATFORD AVENUE,Bronx,744,8922.0,49.569899193548395,54.364999999999995,secondary feed descriptive coverage; no diversion attribution
4616260,2025-02-01,BE S CASTLE HILL AVENUE - STRATFORD AVENUE,Bronx,672,8064.0,45.22049107142855,48.150000000000006,secondary feed descriptive coverage; no diversion attribution
4616260,2025-03-01,BE S CASTLE HILL AVENUE - STRATFORD AVENUE,Bronx,743,8912.0,39.926076716016155,45.67,secondary feed descriptive coverage; no diversion attribution
4616260,2025-04-01,BE S CASTLE HILL AVENUE - STRATFORD AVENUE,Bronx,720,8640.0,42.26085416666668,45.980000000000004,secondary feed descriptive coverage; no diversion attribution
4616260,2025-05-01,BE S CASTLE HILL AVENUE - STRATFORD AVENUE,Bronx,744,8907.0,40.17339381720432,50.015,secondary feed descriptive coverage; no diversion attribution
4616260,2025-06-01,BE S CASTLE HILL AVENUE - STRATFORD AVENUE,Bronx,700,8292.0,41.11829285714285,50.33,secondary feed descriptive coverage; no diversion attribution
4616260,2025-07-01,BE S CASTLE HILL AVENUE - STRATFORD AVENUE,Bronx,744,8826.0,42.42157258064517,47.53,secondary feed descriptive coverage; no diversion attribution
4616260,2025-08-01,BE S CASTLE HILL AVENUE - STRATFORD AVENUE,Bronx,744,8848.0,43.40861559139784,45.67,secondary feed descriptive coverage; no diversion attribution
4616260,2025-09-01,BE S CASTLE HILL AVENUE - STRATFORD AVENUE,Bronx,720,8536.0,42.38167361111112,48.15,secondary feed descriptive coverage; no diversion attribution
4616260,2025-10-01,BE S CASTLE HILL AVENUE - STRATFORD AVENUE,Bronx,734,8701.0,42.650068119890996,51.724999999999994,secondary feed descriptive coverage; no diversion attribution
4616260,2025-11-01,BE S CASTLE HILL AVENUE - STRATFORD AVENUE,Bronx,718,8564.0,43.60447075208914,52.81,secondary feed descriptive coverage; no diversion attribution
4616260,2025-12-01,BE S CASTLE HILL AVENUE - STRATFORD AVENUE,Bronx,740,8867.0,43.03300675675677,52.5,secondary feed descriptive coverage; no diversion attribution
4616260,2026-01-01,BE S CASTLE HILL AVENUE - STRATFORD AVENUE,Bronx,743,8901.0,45.99958277254373,53.12,secondary feed descriptive coverage; no diversion attribution
4616260,2026-02-01,BE S CASTLE HILL AVENUE - STRATFORD AVENUE,Bronx,672,8048.0,45.04043154761904,52.345,secondary feed descriptive coverage; no diversion attribution
4616260,2026-03-01,BE S CASTLE HILL AVENUE - STRATFORD AVENUE,Bronx,743,8902.0,42.35141318977121,51.57,secondary feed descriptive coverage; no diversion attribution
4616260,2026-04-01,BE S CASTLE HILL AVENUE - STRATFORD AVENUE,Bronx,477,5711.0,42.903637316561856,51.57,secondary feed descriptive coverage; no diversion attribution
4616260,2026-05-01,BE S CASTLE HILL AVENUE - STRATFORD AVENUE,Bronx,736,8771.0,40.18012907608694,52.035,secondary feed descriptive coverage; no diversion attribution
4616260,2026-07-01,BE S CASTLE HILL AVENUE - STRATFORD AVENUE,Bronx,695,8269.0,43.410215827338135,51.879999999999995,secondary feed descriptive coverage; no diversion attribution
4616261,2023-01-01,BE S Griswold - Castle Hill Avenue,Bronx,557,6655.0,51.60122082585277,51.879999999999995,secondary feed descriptive coverage; no diversion attribution
4616261,2023-02-01,BE S Griswold - Castle Hill Avenue,Bronx,661,7886.0,51.50196671709529,51.879999999999995,secondary feed descriptive coverage; no diversion attribution
4616261,2023-03-01,BE S Griswold - Castle Hill Avenue,Bronx,743,8911.0,50.21930013458949,51.260000000000005,secondary feed descriptive coverage; no diversion attribution
4616261,2023-04-01,BE S Griswold - Castle Hill Avenue,Bronx,720,8636.0,50.861145833333325,51.260000000000005,secondary feed descriptive coverage; no diversion attribution
4616261,2023-05-01,BE S Griswold - Castle Hill Avenue,Bronx,468,5604.0,49.0121581196581,50.64,secondary feed descriptive coverage; no diversion attribution
4616261,2023-06-01,BE S Griswold - Castle Hill Avenue,Bronx,541,6478.0,50.31746765249538,50.95,secondary feed descriptive coverage; no diversion attribution
4616261,2023-07-01,BE S Griswold - Castle Hill Avenue,Bronx,629,7525.0,50.96212241653417,50.95,secondary feed descriptive coverage; no diversion attribution
4616261,2023-08-01,BE S Griswold - Castle Hill Avenue,Bronx,741,8879.0,50.89792172739541,51.260000000000005,secondary feed descriptive coverage; no diversion attribution
4616261,2023-09-01,BE S Griswold - Castle Hill Avenue,Bronx,708,8468.0,48.65631355932203,50.64,secondary feed descriptive coverage; no diversion attribution
4616261,2023-10-01,BE S Griswold - Castle Hill Avenue,Bronx,744,8924.0,48.84687500000002,50.33,secondary feed descriptive coverage; no diversion attribution
4616261,2023-11-01,BE S Griswold - Castle Hill Avenue,Bronx,706,8448.0,48.79301699716713,50.64,secondary feed descriptive coverage; no diversion attribution
4616261,2023-12-01,BE S Griswold - Castle Hill Avenue,Bronx,744,8928.0,48.2690456989247,50.33,secondary feed descriptive coverage; no diversion attribution
4616261,2024-01-01,BE S Griswold - Castle Hill Avenue,Bronx,682,8174.0,49.874186217008805,50.64,secondary feed descriptive coverage; no diversion attribution
4616261,2024-02-01,BE S Griswold - Castle Hill Avenue,Bronx,416,4974.0,49.314110576923085,50.64,secondary feed descriptive coverage; no diversion attribution
4616261,2024-03-01,BE S Griswold - Castle Hill Avenue,Bronx,717,8574.0,48.944553695955385,50.33,secondary feed descriptive coverage; no diversion attribution
4616261,2024-04-01,BE S Griswold - Castle Hill Avenue,Bronx,720,8634.0,48.48645833333333,50.95,secondary feed descriptive coverage; no diversion attribution
4616261,2024-05-01,BE S Griswold - Castle Hill Avenue,Bronx,744,8913.0,45.38889784946236,49.7,secondary feed descriptive coverage; no diversion attribution
4616261,2024-06-01,BE S Griswold - Castle Hill Avenue,Bronx,720,8606.0,46.6719375,48.927499999999995,secondary feed descriptive coverage; no diversion attribution
4616261,2024-07-01,BE S Griswold - Castle Hill Avenue,Bronx,729,8715.0,49.42538408779151,49.7,secondary feed descriptive coverage; no diversion attribution
4616261,2024-08-01,BE S Griswold - Castle Hill Avenue,Bronx,701,8345.0,48.79079885877321,49.7,secondary feed descriptive coverage; no diversion attribution
4616261,2024-09-01,BE S Griswold - Castle Hill Avenue,Bronx,720,8640.0,46.123145833333325,50.015,secondary feed descriptive coverage; no diversion attribution
4616261,2024-10-01,BE S Griswold - Castle Hill Avenue,Bronx,744,8923.0,47.61507392473117,49.705,secondary feed descriptive coverage; no diversion attribution
4616261,2024-11-01,BE S Griswold - Castle Hill Avenue,Bronx,719,8624.0,46.24543115438108,50.015,secondary feed descriptive coverage; no diversion attribution
4616261,2024-12-01,BE S Griswold - Castle Hill Avenue,Bronx,606,7193.0,48.20219471947196,49.39,secondary feed descriptive coverage; no diversion attribution
4616261,2025-01-01,BE S Griswold - Castle Hill Avenue,Bronx,744,8922.0,49.83116935483871,50.33,secondary feed descriptive coverage; no diversion attribution
4616261,2025-02-01,BE S Griswold - Castle Hill Avenue,Bronx,672,8064.0,45.21910714285712,48.150000000000006,secondary feed descriptive coverage; no diversion attribution
4616261,2025-03-01,BE S Griswold - Castle Hill Avenue,Bronx,743,8912.0,38.434165545087495,45.36,secondary feed descriptive coverage; no diversion attribution
4616261,2025-04-01,BE S Griswold - Castle Hill Avenue,Bronx,720,8640.0,42.260854166666704,45.980000000000004,secondary feed descriptive coverage; no diversion attribution
4616261,2025-05-01,BE S Griswold - Castle Hill Avenue,Bronx,744,8907.0,45.072110215053776,46.91,secondary feed descriptive coverage; no diversion attribution
4616261,2025-06-01,BE S Griswold - Castle Hill Avenue,Bronx,700,8292.0,46.49774285714285,47.84,secondary feed descriptive coverage; no diversion attribution
4616261,2025-07-01,BE S Griswold - Castle Hill Avenue,Bronx,744,8826.0,44.08065860215055,46.91,secondary feed descriptive coverage; no diversion attribution
4616261,2025-08-01,BE S Griswold - Castle Hill Avenue,Bronx,744,8848.0,43.532654569892465,45.67,secondary feed descriptive coverage; no diversion attribution
4616261,2025-09-01,BE S Griswold - Castle Hill Avenue,Bronx,720,8536.0,41.691381944444444,45.36,secondary feed descriptive coverage; no diversion attribution
4616261,2025-10-01,BE S Griswold - Castle Hill Avenue,Bronx,734,8701.0,43.057949591280654,45.665,secondary feed descriptive coverage; no diversion attribution
4616261,2025-11-01,BE S Griswold - Castle Hill Avenue,Bronx,718,8564.0,47.76408077994432,49.39,secondary feed descriptive coverage; no diversion attribution
4616261,2025-12-01,BE S Griswold - Castle Hill Avenue,Bronx,740,8867.0,47.017655405405435,48.769999999999996,secondary feed descriptive coverage; no diversion attribution
4616261,2026-01-01,BE S Griswold - Castle Hill Avenue,Bronx,743,8901.0,47.411924629878854,48.769999999999996,secondary feed descriptive coverage; no diversion attribution
4616261,2026-02-01,BE S Griswold - Castle Hill Avenue,Bronx,672,8048.0,46.55217261904758,48.150000000000006,secondary feed descriptive coverage; no diversion attribution
4616261,2026-03-01,BE S Griswold - Castle Hill Avenue,Bronx,743,8902.0,46.03234858681022,48.46,secondary feed descriptive coverage; no diversion attribution
4616261,2026-04-01,BE S Griswold - Castle Hill Avenue,Bronx,477,5711.0,47.14622641509436,49.08,secondary feed descriptive coverage; no diversion attribution
4616261,2026-05-01,BE S Griswold - Castle Hill Avenue,Bronx,736,8771.0,44.74521739130432,48.150000000000006,secondary feed descriptive coverage; no diversion attribution
4616261,2026-07-01,BE S Griswold - Castle Hill Avenue,Bronx,695,8269.0,48.37639568345326,49.08,secondary feed descriptive coverage; no diversion attribution
4616266,2023-01-01,BRP S FORDHAM ROAD - WATSON AVENUE,Bronx,557,6655.0,0.0,0.0,secondary feed descriptive coverage; no diversion attribution
4616266,2023-02-01,BRP S FORDHAM ROAD - WATSON AVENUE,Bronx,661,7887.0,0.0,0.0,secondary feed descriptive coverage; no diversion attribution
4616266,2023-03-01,BRP S FORDHAM ROAD - WATSON AVENUE,Bronx,743,8913.0,0.0,0.0,secondary feed descriptive coverage; no diversion attribution
4616266,2023-04-01,BRP S FORDHAM ROAD - WATSON AVENUE,Bronx,720,8636.0,0.0,0.0,secondary feed descriptive coverage; no diversion attribution
4616266,2023-05-01,BRP S FORDHAM ROAD - WATSON AVENUE,Bronx,468,5604.0,0.0,0.0,secondary feed descriptive coverage; no diversion attribution
4616266,2023-06-01,BRP S FORDHAM ROAD - WATSON AVENUE,Bronx,541,6478.0,0.0,0.0,secondary feed descriptive coverage; no diversion attribution
4616266,2023-07-01,BRP S FORDHAM ROAD - WATSON AVENUE,Bronx,629,7525.0,0.0,0.0,secondary feed descriptive coverage; no diversion attribution
4616266,2023-08-01,BRP S FORDHAM ROAD - WATSON AVENUE,Bronx,741,8879.0,0.0,0.0,secondary feed descriptive coverage; no diversion attribution
4616266,2023-09-01,BRP S FORDHAM ROAD - WATSON AVENUE,Bronx,708,8468.0,0.0,0.0,secondary feed descriptive coverage; no diversion attribution
4616266,2023-10-01,BRP S FORDHAM ROAD - WATSON AVENUE,Bronx,744,8925.0,0.0,0.0,secondary feed descriptive coverage; no diversion attribution
4616266,2023-11-01,BRP S FORDHAM ROAD - WATSON AVENUE,Bronx,706,8448.0,0.0,0.0,secondary feed descriptive coverage; no diversion attribution
4616266,2023-12-01,BRP S FORDHAM ROAD - WATSON AVENUE,Bronx,744,8928.0,0.0,0.0,secondary feed descriptive coverage; no diversion attribution
4616266,2024-01-01,BRP S FORDHAM ROAD - WATSON AVENUE,Bronx,682,8174.0,0.0,0.0,secondary feed descriptive coverage; no diversion attribution
4616266,2024-02-01,BRP S FORDHAM ROAD - WATSON AVENUE,Bronx,416,4974.0,0.0,0.0,secondary feed descriptive coverage; no diversion attribution
4616266,2024-03-01,BRP S FORDHAM ROAD - WATSON AVENUE,Bronx,717,8573.0,0.0,0.0,secondary feed descriptive coverage; no diversion attribution
4616266,2024-04-01,BRP S FORDHAM ROAD - WATSON AVENUE,Bronx,720,8634.0,0.0,0.0,secondary feed descriptive coverage; no diversion attribution
4616266,2024-05-01,BRP S FORDHAM ROAD - WATSON AVENUE,Bronx,744,8913.0,0.0,0.0,secondary feed descriptive coverage; no diversion attribution
4616266,2024-06-01,BRP S FORDHAM ROAD - WATSON AVENUE,Bronx,720,8606.0,0.0,0.0,secondary feed descriptive coverage; no diversion attribution
4616266,2024-07-01,BRP S FORDHAM ROAD - WATSON AVENUE,Bronx,729,8717.0,0.0,0.0,secondary feed descriptive coverage; no diversion attribution
4616266,2024-08-01,BRP S FORDHAM ROAD - WATSON AVENUE,Bronx,701,8347.0,0.0,0.0,secondary feed descriptive coverage; no diversion attribution
4616266,2024-09-01,BRP S FORDHAM ROAD - WATSON AVENUE,Bronx,720,8640.0,0.0,0.0,secondary feed descriptive coverage; no diversion attribution
4616266,2024-10-01,BRP S FORDHAM ROAD - WATSON AVENUE,Bronx,744,8923.0,0.0,0.0,secondary feed descriptive coverage; no diversion attribution
4616266,2024-11-01,BRP S FORDHAM ROAD - WATSON AVENUE,Bronx,719,8623.0,0.0,0.0,secondary feed descriptive coverage; no diversion attribution
4616266,2024-12-01,BRP S FORDHAM ROAD - WATSON AVENUE,Bronx,606,7193.0,0.0,0.0,secondary feed descriptive coverage; no diversion attribution
4616266,2025-01-01,BRP S FORDHAM ROAD - WATSON AVENUE,Bronx,744,8922.0,0.0,0.0,secondary feed descriptive coverage; no diversion attribution
4616266,2025-02-01,BRP S FORDHAM ROAD - WATSON AVENUE,Bronx,672,8064.0,0.0,0.0,secondary feed descriptive coverage; no diversion attribution
4616266,2025-03-01,BRP S FORDHAM ROAD - WATSON AVENUE,Bronx,743,8912.0,0.0,0.0,secondary feed descriptive coverage; no diversion attribution
4616266,2025-04-01,BRP S FORDHAM ROAD - WATSON AVENUE,Bronx,720,8640.0,6.120472222222224,0.0,secondary feed descriptive coverage; no diversion attribution
4616266,2025-05-01,BRP S FORDHAM ROAD - WATSON AVENUE,Bronx,744,8907.0,32.82653897849461,32.6175,secondary feed descriptive coverage; no diversion attribution
4616266,2025-06-01,BRP S FORDHAM ROAD - WATSON AVENUE,Bronx,700,8292.0,37.65045714285715,43.802499999999995,secondary feed descriptive coverage; no diversion attribution
4616266,2025-07-01,BRP S FORDHAM ROAD - WATSON AVENUE,Bronx,744,8826.0,37.744059139784916,44.73,secondary feed descriptive coverage; no diversion attribution
4616266,2025-08-01,BRP S FORDHAM ROAD - WATSON AVENUE,Bronx,744,8848.0,11.692231182795695,0.0,secondary feed descriptive coverage; no diversion attribution
4616266,2025-09-01,BRP S FORDHAM ROAD - WATSON AVENUE,Bronx,720,8536.0,25.27344444444444,25.314999999999998,secondary feed descriptive coverage; no diversion attribution
4616266,2025-10-01,BRP S FORDHAM ROAD - WATSON AVENUE,Bronx,734,8701.0,0.0,0.0,secondary feed descriptive coverage; no diversion attribution
4616266,2025-11-01,BRP S FORDHAM ROAD - WATSON AVENUE,Bronx,718,8564.0,0.0,0.0,secondary feed descriptive coverage; no diversion attribution
4616266,2025-12-01,BRP S FORDHAM ROAD - WATSON AVENUE,Bronx,740,8867.0,3.2638648648648654,0.0,secondary feed descriptive coverage; no diversion attribution
4616266,2026-01-01,BRP S FORDHAM ROAD - WATSON AVENUE,Bronx,743,8901.0,40.439327052489894,44.425,secondary feed descriptive coverage; no diversion attribution
4616266,2026-02-01,BRP S FORDHAM ROAD - WATSON AVENUE,Bronx,672,8048.0,38.57145089285713,44.11,secondary feed descriptive coverage; no diversion attribution
4616266,2026-03-01,BRP S FORDHAM ROAD - WATSON AVENUE,Bronx,743,8902.0,37.89260430686407,42.87,secondary feed descriptive coverage; no diversion attribution
4616266,2026-04-01,BRP S FORDHAM ROAD - WATSON AVENUE,Bronx,477,5711.0,36.81982180293501,42.870000000000005,secondary feed descriptive coverage; no diversion attribution
4616266,2026-05-01,BRP S FORDHAM ROAD - WATSON AVENUE,Bronx,736,8771.0,21.149463315217403,18.7925,secondary feed descriptive coverage; no diversion attribution
4616266,2026-07-01,BRP S FORDHAM ROAD - WATSON AVENUE,Bronx,695,8268.0,11.971676258992805,0.0,secondary feed descriptive coverage; no diversion attribution
4616267,2023-01-01,CBE W CASTLE HILL AVENUE - TAYLOR AVENUE,Bronx,557,6655.0,45.47403949730696,52.5,secondary feed descriptive coverage; no diversion attribution
4616267,2023-02-01,CBE W CASTLE HILL AVENUE - TAYLOR AVENUE,Bronx,661,7887.0,42.36133131618758,51.57,secondary feed descriptive coverage; no diversion attribution
4616267,2023-03-01,CBE W CASTLE HILL AVENUE - TAYLOR AVENUE,Bronx,743,8913.0,38.26726110363391,50.015,secondary feed descriptive coverage; no diversion attribution
4616267,2023-04-01,CBE W CASTLE HILL AVENUE - TAYLOR AVENUE,Bronx,720,8635.0,38.05073611111109,48.307500000000005,secondary feed descriptive coverage; no diversion attribution
4616267,2023-05-01,CBE W CASTLE HILL AVENUE - TAYLOR AVENUE,Bronx,468,5604.0,33.04405982905982,41.785,secondary feed descriptive coverage; no diversion attribution
4616267,2023-06-01,CBE W CASTLE HILL AVENUE - TAYLOR AVENUE,Bronx,541,6478.0,33.89012014787432,41.625,secondary feed descriptive coverage; no diversion attribution
4616267,2023-07-01,CBE W CASTLE HILL AVENUE - TAYLOR AVENUE,Bronx,629,7525.0,37.138521462639126,48.46,secondary feed descriptive coverage; no diversion attribution
4616267,2023-08-01,CBE W CASTLE HILL AVENUE - TAYLOR AVENUE,Bronx,741,8879.0,36.020033738191636,44.735,secondary feed descriptive coverage; no diversion attribution
4616267,2023-09-01,CBE W CASTLE HILL AVENUE - TAYLOR AVENUE,Bronx,708,8468.0,36.73993644067799,47.22,secondary feed descriptive coverage; no diversion attribution
4616267,2023-10-01,CBE W CASTLE HILL AVENUE - TAYLOR AVENUE,Bronx,744,8924.0,37.64028225806451,49.2375,secondary feed descriptive coverage; no diversion attribution
4616267,2023-11-01,CBE W CASTLE HILL AVENUE - TAYLOR AVENUE,Bronx,706,8448.0,36.84374645892351,48.772499999999994,secondary feed descriptive coverage; no diversion attribution
4616267,2023-12-01,CBE W CASTLE HILL AVENUE - TAYLOR AVENUE,Bronx,744,8928.0,37.125416666666666,48.150000000000006,secondary feed descriptive coverage; no diversion attribution
4616267,2024-01-01,CBE W CASTLE HILL AVENUE - TAYLOR AVENUE,Bronx,682,8174.0,43.04744868035192,50.95,secondary feed descriptive coverage; no diversion attribution
4616267,2024-02-01,CBE W CASTLE HILL AVENUE - TAYLOR AVENUE,Bronx,416,4974.0,36.66421874999999,47.375,secondary feed descriptive coverage; no diversion attribution
4616267,2024-03-01,CBE W CASTLE HILL AVENUE - TAYLOR AVENUE,Bronx,717,8573.0,36.26721757322177,46.91,secondary feed descriptive coverage; no diversion attribution
4616267,2024-04-01,CBE W CASTLE HILL AVENUE - TAYLOR AVENUE,Bronx,720,8634.0,33.8338125,43.8,secondary feed descriptive coverage; no diversion attribution
4616267,2024-05-01,CBE W CASTLE HILL AVENUE - TAYLOR AVENUE,Bronx,744,8914.0,30.272627688172026,26.715,secondary feed descriptive coverage; no diversion attribution
4616267,2024-06-01,CBE W CASTLE HILL AVENUE - TAYLOR AVENUE,Bronx,720,8606.0,30.572652777777776,25.005000000000003,secondary feed descriptive coverage; no diversion attribution
4616267,2024-07-01,CBE W CASTLE HILL AVENUE - TAYLOR AVENUE,Bronx,729,8717.0,32.58911522633745,31.994999999999997,secondary feed descriptive coverage; no diversion attribution
4616267,2024-08-01,CBE W CASTLE HILL AVENUE - TAYLOR AVENUE,Bronx,701,8347.0,33.719814550641935,40.695,secondary feed descriptive coverage; no diversion attribution
4616267,2024-09-01,CBE W CASTLE HILL AVENUE - TAYLOR AVENUE,Bronx,720,8640.0,34.5300763888889,47.84,secondary feed descriptive coverage; no diversion attribution
4616267,2024-10-01,CBE W CASTLE HILL AVENUE - TAYLOR AVENUE,Bronx,744,8923.0,34.80000000000002,47.84,secondary feed descriptive coverage; no diversion attribution
4616267,2024-11-01,CBE W CASTLE HILL AVENUE - TAYLOR AVENUE,Bronx,719,8622.0,36.17050764951319,48.46,secondary feed descriptive coverage; no diversion attribution
4616267,2024-12-01,CBE W CASTLE HILL AVENUE - TAYLOR AVENUE,Bronx,606,7192.0,35.20629537953796,46.6,secondary feed descriptive coverage; no diversion attribution
4616267,2025-01-01,CBE W CASTLE HILL AVENUE - TAYLOR AVENUE,Bronx,744,8920.0,43.68807123655915,51.260000000000005,secondary feed descriptive coverage; no diversion attribution
4616267,2025-02-01,CBE W CASTLE HILL AVENUE - TAYLOR AVENUE,Bronx,672,8064.0,41.45989583333335,50.33,secondary feed descriptive coverage; no diversion attribution
4616267,2025-03-01,CBE W CASTLE HILL AVENUE - TAYLOR AVENUE,Bronx,743,8912.0,37.588041722745636,49.08,secondary feed descriptive coverage; no diversion attribution
4616267,2025-04-01,CBE W CASTLE HILL AVENUE - TAYLOR AVENUE,Bronx,720,8640.0,35.78216666666667,47.995000000000005,secondary feed descriptive coverage; no diversion attribution
4616267,2025-05-01,CBE W CASTLE HILL AVENUE - TAYLOR AVENUE,Bronx,744,8907.0,32.61793682795701,44.4225,secondary feed descriptive coverage; no diversion attribution
4616267,2025-06-01,CBE W CASTLE HILL AVENUE - TAYLOR AVENUE,Bronx,700,8292.0,34.57103571428572,46.442499999999995,secondary feed descriptive coverage; no diversion attribution
4616267,2025-07-01,CBE W CASTLE HILL AVENUE - TAYLOR AVENUE,Bronx,744,8826.0,35.91216397849462,46.754999999999995,secondary feed descriptive coverage; no diversion attribution
4616267,2025-08-01,CBE W CASTLE HILL AVENUE - TAYLOR AVENUE,Bronx,744,8848.0,38.04478494623657,47.2175,secondary feed descriptive coverage; no diversion attribution
4616267,2025-09-01,CBE W CASTLE HILL AVENUE - TAYLOR AVENUE,Bronx,720,8536.0,35.82352777777777,47.84,secondary feed descriptive coverage; no diversion attribution
4616267,2025-10-01,CBE W CASTLE HILL AVENUE - TAYLOR AVENUE,Bronx,734,8701.0,38.55480245231607,49.7,secondary feed descriptive coverage; no diversion attribution
4616267,2025-11-01,CBE W CASTLE HILL AVENUE - TAYLOR AVENUE,Bronx,718,8564.0,41.31762534818942,50.795,secondary feed descriptive coverage; no diversion attribution
4616267,2025-12-01,CBE W CASTLE HILL AVENUE - TAYLOR AVENUE,Bronx,740,8865.0,39.355054054054044,48.769999999999996,secondary feed descriptive coverage; no diversion attribution
4616267,2026-01-01,CBE W CASTLE HILL AVENUE - TAYLOR AVENUE,Bronx,743,8901.0,43.77990578734859,51.260000000000005,secondary feed descriptive coverage; no diversion attribution
4616267,2026-02-01,CBE W CASTLE HILL AVENUE - TAYLOR AVENUE,Bronx,672,8048.0,40.37743303571429,49.7,secondary feed descriptive coverage; no diversion attribution
4616267,2026-03-01,CBE W CASTLE HILL AVENUE - TAYLOR AVENUE,Bronx,743,8902.0,38.99020188425302,49.39,secondary feed descriptive coverage; no diversion attribution
4616267,2026-04-01,CBE W CASTLE HILL AVENUE - TAYLOR AVENUE,Bronx,477,5711.0,37.81660377358491,48.46,secondary feed descriptive coverage; no diversion attribution
4616267,2026-05-01,CBE W CASTLE HILL AVENUE - TAYLOR AVENUE,Bronx,736,8771.0,33.098743206521725,44.575,secondary feed descriptive coverage; no diversion attribution
4616267,2026-07-01,CBE W CASTLE HILL AVENUE - TAYLOR AVENUE,Bronx,695,8267.0,30.983985611510796,32.305,secondary feed descriptive coverage; no diversion attribution
4616271,2023-01-01,BQE S LEONARD STREET - ATLANTIC AVENUE,Brooklyn,557,6655.0,26.101445242369834,23.61,secondary feed descriptive coverage; no diversion attribution
4616271,2023-02-01,BQE S LEONARD STREET - ATLANTIC AVENUE,Brooklyn,661,7886.0,24.83070347957638,21.74,secondary feed descriptive coverage; no diversion attribution
4616271,2023-03-01,BQE S LEONARD STREET - ATLANTIC AVENUE,Brooklyn,743,8912.0,23.513479138627186,19.26,secondary feed descriptive coverage; no diversion attribution
4616271,2023-04-01,BQE S LEONARD STREET - ATLANTIC AVENUE,Brooklyn,720,8636.0,25.217416666666658,22.36,secondary feed descriptive coverage; no diversion attribution
4616271,2023-05-01,BQE S LEONARD STREET - ATLANTIC AVENUE,Brooklyn,468,5604.0,22.66507478632478,17.545,secondary feed descriptive coverage; no diversion attribution
4616271,2023-06-01,BQE S LEONARD STREET - ATLANTIC AVENUE,Brooklyn,541,6478.0,22.331155268022183,17.39,secondary feed descriptive coverage; no diversion attribution
4616271,2023-07-01,BQE S LEONARD STREET - ATLANTIC AVENUE,Brooklyn,629,7526.0,22.408346581875993,18.64,secondary feed descriptive coverage; no diversion attribution
4616271,2023-08-01,BQE S LEONARD STREET - ATLANTIC AVENUE,Brooklyn,741,8879.0,23.210161943319832,18.325000000000003,secondary feed descriptive coverage; no diversion attribution
4616271,2023-09-01,BQE S LEONARD STREET - ATLANTIC AVENUE,Brooklyn,708,8468.0,21.582358757062142,18.325000000000003,secondary feed descriptive coverage; no diversion attribution
4616271,2023-10-01,BQE S LEONARD STREET - ATLANTIC AVENUE,Brooklyn,744,8925.0,21.01711021505376,18.01,secondary feed descriptive coverage; no diversion attribution
4616271,2023-11-01,BQE S LEONARD STREET - ATLANTIC AVENUE,Brooklyn,706,8448.0,23.62876062322946,19.259999999999998,secondary feed descriptive coverage; no diversion attribution
4616271,2023-12-01,BQE S LEONARD STREET - ATLANTIC AVENUE,Brooklyn,222,2661.0,23.24481981981982,19.26,secondary feed descriptive coverage; no diversion attribution
4616271,2024-02-01,BQE S LEONARD STREET - ATLANTIC AVENUE,Brooklyn,10,115.0,13.728,8.23,secondary feed descriptive coverage; no diversion attribution
4616271,2024-03-01,BQE S LEONARD STREET - ATLANTIC AVENUE,Brooklyn,717,8574.0,24.20144351464435,20.5,secondary feed descriptive coverage; no diversion attribution
4616271,2024-04-01,BQE S LEONARD STREET - ATLANTIC AVENUE,Brooklyn,720,8634.0,24.467555555555535,21.43,secondary feed descriptive coverage; no diversion attribution
4616271,2024-05-01,BQE S LEONARD STREET - ATLANTIC AVENUE,Brooklyn,744,8914.0,22.807728494623653,18.64,secondary feed descriptive coverage; no diversion attribution
4616271,2024-06-01,BQE S LEONARD STREET - ATLANTIC AVENUE,Brooklyn,720,8606.0,23.34596527777777,18.64,secondary feed descriptive coverage; no diversion attribution
4616271,2024-07-01,BQE S LEONARD STREET - ATLANTIC AVENUE,Brooklyn,729,8715.0,24.564307270233172,20.5,secondary feed descriptive coverage; no diversion attribution
4616271,2024-08-01,BQE S LEONARD STREET - ATLANTIC AVENUE,Brooklyn,701,8345.0,23.874436519258186,19.88,secondary feed descriptive coverage; no diversion attribution
4616271,2024-09-01,BQE S LEONARD STREET - ATLANTIC AVENUE,Brooklyn,720,8640.0,21.313131944444446,17.08,secondary feed descriptive coverage; no diversion attribution
4616271,2024-10-01,BQE S LEONARD STREET - ATLANTIC AVENUE,Brooklyn,744,8923.0,22.738931451612917,19.26,secondary feed descriptive coverage; no diversion attribution
4616271,2024-11-01,BQE S LEONARD STREET - ATLANTIC AVENUE,Brooklyn,719,8623.0,23.08431849791376,18.64,secondary feed descriptive coverage; no diversion attribution
4616271,2024-12-01,BQE S LEONARD STREET - ATLANTIC AVENUE,Brooklyn,606,7193.0,22.309075907590746,17.39,secondary feed descriptive coverage; no diversion attribution
4616271,2025-01-01,BQE S LEONARD STREET - ATLANTIC AVENUE,Brooklyn,744,8922.0,26.53898521505377,24.54,secondary feed descriptive coverage; no diversion attribution
4616271,2025-02-01,BQE S LEONARD STREET - ATLANTIC AVENUE,Brooklyn,672,8064.0,20.083273809523792,18.01,secondary feed descriptive coverage; no diversion attribution
4616271,2025-03-01,BQE S LEONARD STREET - ATLANTIC AVENUE,Brooklyn,743,8912.0,21.581440107671586,18.325000000000003,secondary feed descriptive coverage; no diversion attribution
4616271,2025-04-01,BQE S LEONARD STREET - ATLANTIC AVENUE,Brooklyn,720,8640.0,22.171541666666656,20.5,secondary feed descriptive coverage; no diversion attribution
4616271,2025-05-01,BQE S LEONARD STREET - ATLANTIC AVENUE,Brooklyn,744,8906.0,19.69423387096775,17.39,secondary feed descriptive coverage; no diversion attribution
4616271,2025-06-01,BQE S LEONARD STREET - ATLANTIC AVENUE,Brooklyn,700,8292.0,18.42270714285714,15.84,secondary feed descriptive coverage; no diversion attribution
4616271,2025-07-01,BQE S LEONARD STREET - ATLANTIC AVENUE,Brooklyn,744,8826.0,18.597788978494624,16.15,secondary feed descriptive coverage; no diversion attribution
4616271,2025-08-01,BQE S LEONARD STREET - ATLANTIC AVENUE,Brooklyn,744,8848.0,20.7035819892473,17.08,secondary feed descriptive coverage; no diversion attribution
4616271,2025-09-01,BQE S LEONARD STREET - ATLANTIC AVENUE,Brooklyn,720,8536.0,21.934590277777772,17.855000000000004,secondary feed descriptive coverage; no diversion attribution
4616271,2025-10-01,BQE S LEONARD STREET - ATLANTIC AVENUE,Brooklyn,734,8701.0,24.381335149863762,21.43,secondary feed descriptive coverage; no diversion attribution
4616271,2025-11-01,BQE S LEONARD STREET - ATLANTIC AVENUE,Brooklyn,718,8564.0,24.36756963788301,19.725,secondary feed descriptive coverage; no diversion attribution
4616271,2025-12-01,BQE S LEONARD STREET - ATLANTIC AVENUE,Brooklyn,740,8867.0,20.32527702702702,18.01,secondary feed descriptive coverage; no diversion attribution
4616271,2026-01-01,BQE S LEONARD STREET - ATLANTIC AVENUE,Brooklyn,743,8901.0,26.504973082099585,25.16,secondary feed descriptive coverage; no diversion attribution
4616271,2026-02-01,BQE S LEONARD STREET - ATLANTIC AVENUE,Brooklyn,672,8048.0,25.86604166666667,22.99,secondary feed descriptive coverage; no diversion attribution
4616271,2026-03-01,BQE S LEONARD STREET - ATLANTIC AVENUE,Brooklyn,743,8902.0,21.307166890982497,18.325000000000003,secondary feed descriptive coverage; no diversion attribution
4616271,2026-04-01,BQE S LEONARD STREET - ATLANTIC AVENUE,Brooklyn,477,5711.0,19.615649895178205,17.39,secondary feed descriptive coverage; no diversion attribution
4616271,2026-05-01,BQE S LEONARD STREET - ATLANTIC AVENUE,Brooklyn,736,8772.0,21.7668546195652,17.39,secondary feed descriptive coverage; no diversion attribution
4616271,2026-07-01,BQE S LEONARD STREET - ATLANTIC AVENUE,Brooklyn,695,8267.0,22.98181294964028,20.189999999999998,secondary feed descriptive coverage; no diversion attribution
4616272,2023-01-01,VWE S MP4.63 (Exit 6 Jamaica Ave) - MP2.66 (Exit 2 Roackaway Blvd),Queens,557,6656.0,38.32710951526034,36.345,secondary feed descriptive coverage; no diversion attribution
4616272,2023-02-01,VWE S MP4.63 (Exit 6 Jamaica Ave) - MP2.66 (Exit 2 Roackaway Blvd),Queens,661,7887.0,35.67100605143721,35.41,secondary feed descriptive coverage; no diversion attribution
4616272,2023-03-01,VWE S MP4.63 (Exit 6 Jamaica Ave) - MP2.66 (Exit 2 Roackaway Blvd),Queens,743,8913.0,34.071917900403776,34.17,secondary feed descriptive coverage; no diversion attribution
4616272,2023-04-01,VWE S MP4.63 (Exit 6 Jamaica Ave) - MP2.66 (Exit 2 Roackaway Blvd),Queens,720,8635.0,29.789159722222216,30.44,secondary feed descriptive coverage; no diversion attribution
4616272,2023-05-01,VWE S MP4.63 (Exit 6 Jamaica Ave) - MP2.66 (Exit 2 Roackaway Blvd),Queens,468,5603.0,35.17536324786324,34.79,secondary feed descriptive coverage; no diversion attribution
4616272,2023-06-01,VWE S MP4.63 (Exit 6 Jamaica Ave) - MP2.66 (Exit 2 Roackaway Blvd),Queens,541,6478.0,32.7219685767098,33.545,secondary feed descriptive coverage; no diversion attribution
4616272,2023-07-01,VWE S MP4.63 (Exit 6 Jamaica Ave) - MP2.66 (Exit 2 Roackaway Blvd),Queens,629,7526.0,31.62952305246423,32.614999999999995,secondary feed descriptive coverage; no diversion attribution
4616272,2023-08-01,VWE S MP4.63 (Exit 6 Jamaica Ave) - MP2.66 (Exit 2 Roackaway Blvd),Queens,741,8879.0,23.26371794871794,18.64,secondary feed descriptive coverage; no diversion attribution
4616272,2023-09-01,VWE S MP4.63 (Exit 6 Jamaica Ave) - MP2.66 (Exit 2 Roackaway Blvd),Queens,708,8468.0,24.365903954802256,18.950000000000003,secondary feed descriptive coverage; no diversion attribution
4616272,2023-10-01,VWE S MP4.63 (Exit 6 Jamaica Ave) - MP2.66 (Exit 2 Roackaway Blvd),Queens,744,8925.0,22.599502688172038,18.01,secondary feed descriptive coverage; no diversion attribution
4616272,2023-11-01,VWE S MP4.63 (Exit 6 Jamaica Ave) - MP2.66 (Exit 2 Roackaway Blvd),Queens,706,8446.0,24.628980169971673,19.2575,secondary feed descriptive coverage; no diversion attribution
4616272,2023-12-01,VWE S MP4.63 (Exit 6 Jamaica Ave) - MP2.66 (Exit 2 Roackaway Blvd),Queens,744,8928.0,26.195994623655913,22.2075,secondary feed descriptive coverage; no diversion attribution
4616272,2024-01-01,VWE S MP4.63 (Exit 6 Jamaica Ave) - MP2.66 (Exit 2 Roackaway Blvd),Queens,682,8174.0,29.257485337243395,27.3375,secondary feed descriptive coverage; no diversion attribution
4616272,2024-02-01,VWE S MP4.63 (Exit 6 Jamaica Ave) - MP2.66 (Exit 2 Roackaway Blvd),Queens,416,4973.0,25.28070913461537,20.965,secondary feed descriptive coverage; no diversion attribution
4616272,2024-03-01,VWE S MP4.63 (Exit 6 Jamaica Ave) - MP2.66 (Exit 2 Roackaway Blvd),Queens,717,8573.0,21.35714086471409,17.39,secondary feed descriptive coverage; no diversion attribution
4616272,2024-04-01,VWE S MP4.63 (Exit 6 Jamaica Ave) - MP2.66 (Exit 2 Roackaway Blvd),Queens,720,8634.0,21.831152777777767,17.08,secondary feed descriptive coverage; no diversion attribution
4616272,2024-05-01,VWE S MP4.63 (Exit 6 Jamaica Ave) - MP2.66 (Exit 2 Roackaway Blvd),Queens,744,8912.0,21.96478494623655,16.77,secondary feed descriptive coverage; no diversion attribution
4616272,2024-06-01,VWE S MP4.63 (Exit 6 Jamaica Ave) - MP2.66 (Exit 2 Roackaway Blvd),Queens,720,8606.0,21.79496527777776,16.46,secondary feed descriptive coverage; no diversion attribution
4616272,2024-07-01,VWE S MP4.63 (Exit 6 Jamaica Ave) - MP2.66 (Exit 2 Roackaway Blvd),Queens,729,8713.0,25.23200960219478,19.88,secondary feed descriptive coverage; no diversion attribution
4616272,2024-08-01,VWE S MP4.63 (Exit 6 Jamaica Ave) - MP2.66 (Exit 2 Roackaway Blvd),Queens,701,8346.0,23.261854493580596,18.950000000000003,secondary feed descriptive coverage; no diversion attribution
4616272,2024-09-01,VWE S MP4.63 (Exit 6 Jamaica Ave) - MP2.66 (Exit 2 Roackaway Blvd),Queens,720,8640.0,25.346187500000006,19.26,secondary feed descriptive coverage; no diversion attribution
4616272,2024-10-01,VWE S MP4.63 (Exit 6 Jamaica Ave) - MP2.66 (Exit 2 Roackaway Blvd),Queens,744,8922.0,23.20616935483871,19.26,secondary feed descriptive coverage; no diversion attribution
4616272,2024-11-01,VWE S MP4.63 (Exit 6 Jamaica Ave) - MP2.66 (Exit 2 Roackaway Blvd),Queens,719,8614.0,24.765152990264266,20.814999999999998,secondary feed descriptive coverage; no diversion attribution
4616272,2024-12-01,VWE S MP4.63 (Exit 6 Jamaica Ave) - MP2.66 (Exit 2 Roackaway Blvd),Queens,606,7175.0,23.889166666666675,19.57,secondary feed descriptive coverage; no diversion attribution
4616272,2025-01-01,VWE S MP4.63 (Exit 6 Jamaica Ave) - MP2.66 (Exit 2 Roackaway Blvd),Queens,744,8912.0,26.330423387096765,23.92,secondary feed descriptive coverage; no diversion attribution
4616272,2025-02-01,VWE S MP4.63 (Exit 6 Jamaica Ave) - MP2.66 (Exit 2 Roackaway Blvd),Queens,672,8064.0,26.698705357142867,23.6075,secondary feed descriptive coverage; no diversion attribution
4616272,2025-03-01,VWE S MP4.63 (Exit 6 Jamaica Ave) - MP2.66 (Exit 2 Roackaway Blvd),Queens,743,8912.0,24.283721399730837,19.880000000000003,secondary feed descriptive coverage; no diversion attribution
4616272,2025-04-01,VWE S MP4.63 (Exit 6 Jamaica Ave) - MP2.66 (Exit 2 Roackaway Blvd),Queens,720,8640.0,23.32277083333333,19.88,secondary feed descriptive coverage; no diversion attribution
4616272,2025-05-01,VWE S MP4.63 (Exit 6 Jamaica Ave) - MP2.66 (Exit 2 Roackaway Blvd),Queens,744,8906.0,22.648743279569885,18.480000000000004,secondary feed descriptive coverage; no diversion attribution
4616272,2025-06-01,VWE S MP4.63 (Exit 6 Jamaica Ave) - MP2.66 (Exit 2 Roackaway Blvd),Queens,700,8292.0,10.724692857142863,9.94,secondary feed descriptive coverage; no diversion attribution
4616272,2025-07-01,VWE S MP4.63 (Exit 6 Jamaica Ave) - MP2.66 (Exit 2 Roackaway Blvd),Queens,744,8826.0,9.027399193548398,8.379999999999999,secondary feed descriptive coverage; no diversion attribution
4616272,2025-08-01,VWE S MP4.63 (Exit 6 Jamaica Ave) - MP2.66 (Exit 2 Roackaway Blvd),Queens,744,8848.0,10.139670698924746,9.32,secondary feed descriptive coverage; no diversion attribution
4616272,2025-09-01,VWE S MP4.63 (Exit 6 Jamaica Ave) - MP2.66 (Exit 2 Roackaway Blvd),Queens,720,8534.0,9.96213194444446,9.004999999999999,secondary feed descriptive coverage; no diversion attribution
4616272,2025-10-01,VWE S MP4.63 (Exit 6 Jamaica Ave) - MP2.66 (Exit 2 Roackaway Blvd),Queens,734,8701.0,8.905326975476854,8.69,secondary feed descriptive coverage; no diversion attribution
4616272,2025-11-01,VWE S MP4.63 (Exit 6 Jamaica Ave) - MP2.66 (Exit 2 Roackaway Blvd),Queens,718,8564.0,10.153509749303637,9.629999999999999,secondary feed descriptive coverage; no diversion attribution
4616272,2025-12-01,VWE S MP4.63 (Exit 6 Jamaica Ave) - MP2.66 (Exit 2 Roackaway Blvd),Queens,740,8861.0,10.322790540540552,9.32,secondary feed descriptive coverage; no diversion attribution
4616272,2026-01-01,VWE S MP4.63 (Exit 6 Jamaica Ave) - MP2.66 (Exit 2 Roackaway Blvd),Queens,743,8901.0,11.273021534320337,10.25,secondary feed descriptive coverage; no diversion attribution
4616272,2026-02-01,VWE S MP4.63 (Exit 6 Jamaica Ave) - MP2.66 (Exit 2 Roackaway Blvd),Queens,672,8048.0,10.748519345238108,9.94,secondary feed descriptive coverage; no diversion attribution
4616272,2026-03-01,VWE S MP4.63 (Exit 6 Jamaica Ave) - MP2.66 (Exit 2 Roackaway Blvd),Queens,743,8902.0,10.882954239569328,9.940000000000001,secondary feed descriptive coverage; no diversion attribution
4616272,2026-04-01,VWE S MP4.63 (Exit 6 Jamaica Ave) - MP2.66 (Exit 2 Roackaway Blvd),Queens,477,5711.0,9.576886792452848,8.695,secondary feed descriptive coverage; no diversion attribution
4616272,2026-05-01,VWE S MP4.63 (Exit 6 Jamaica Ave) - MP2.66 (Exit 2 Roackaway Blvd),Queens,736,8770.0,8.128573369565224,7.76,secondary feed descriptive coverage; no diversion attribution
4616272,2026-07-01,VWE S MP4.63 (Exit 6 Jamaica Ave) - MP2.66 (Exit 2 Roackaway Blvd),Queens,695,8267.0,6.703474820143886,6.21,secondary feed descriptive coverage; no diversion attribution
4616276,2023-01-01,VWE S MP2.66 (Exit 2 Rockaway Blvd) - Belt Pkwy E 182nd St,Queens,557,6655.0,32.002818671454214,32.305,secondary feed descriptive coverage; no diversion attribution
4616276,2023-02-01,VWE S MP2.66 (Exit 2 Rockaway Blvd) - Belt Pkwy E 182nd St,Queens,661,7887.0,29.32003782148261,28.27,secondary feed descriptive coverage; no diversion attribution
4616276,2023-03-01,VWE S MP2.66 (Exit 2 Rockaway Blvd) - Belt Pkwy E 182nd St,Queens,743,8913.0,28.65495962314939,28.884999999999998,secondary feed descriptive coverage; no diversion attribution
4616276,2023-04-01,VWE S MP2.66 (Exit 2 Rockaway Blvd) - Belt Pkwy E 182nd St,Queens,720,8635.0,24.081576388888873,23.299999999999997,secondary feed descriptive coverage; no diversion attribution
4616276,2023-05-01,VWE S MP2.66 (Exit 2 Rockaway Blvd) - Belt Pkwy E 182nd St,Queens,468,5604.0,20.799690170940178,19.57,secondary feed descriptive coverage; no diversion attribution
4616276,2023-06-01,VWE S MP2.66 (Exit 2 Rockaway Blvd) - Belt Pkwy E 182nd St,Queens,541,6478.0,21.114306839186693,19.564999999999998,secondary feed descriptive coverage; no diversion attribution
4616276,2023-07-01,VWE S MP2.66 (Exit 2 Rockaway Blvd) - Belt Pkwy E 182nd St,Queens,629,7526.0,18.155230524642295,17.08,secondary feed descriptive coverage; no diversion attribution
4616276,2023-08-01,VWE S MP2.66 (Exit 2 Rockaway Blvd) - Belt Pkwy E 182nd St,Queens,741,8879.0,24.401066126855593,23.92,secondary feed descriptive coverage; no diversion attribution
4616276,2023-09-01,VWE S MP2.66 (Exit 2 Rockaway Blvd) - Belt Pkwy E 182nd St,Queens,708,8468.0,23.822895480226,22.987499999999997,secondary feed descriptive coverage; no diversion attribution
4616276,2023-10-01,VWE S MP2.66 (Exit 2 Rockaway Blvd) - Belt Pkwy E 182nd St,Queens,744,8924.0,23.821216397849454,22.519999999999996,secondary feed descriptive coverage; no diversion attribution
4616276,2023-11-01,VWE S MP2.66 (Exit 2 Rockaway Blvd) - Belt Pkwy E 182nd St,Queens,706,8448.0,22.92747875354107,22.674999999999997,secondary feed descriptive coverage; no diversion attribution
4616276,2023-12-01,VWE S MP2.66 (Exit 2 Rockaway Blvd) - Belt Pkwy E 182nd St,Queens,744,8928.0,24.011095430107524,22.99,secondary feed descriptive coverage; no diversion attribution
4616276,2024-01-01,VWE S MP2.66 (Exit 2 Rockaway Blvd) - Belt Pkwy E 182nd St,Queens,682,8174.0,27.462558651026388,27.18,secondary feed descriptive coverage; no diversion attribution
4616276,2024-02-01,VWE S MP2.66 (Exit 2 Rockaway Blvd) - Belt Pkwy E 182nd St,Queens,416,4974.0,23.948473557692303,23.295,secondary feed descriptive coverage; no diversion attribution
4616276,2024-03-01,VWE S MP2.66 (Exit 2 Rockaway Blvd) - Belt Pkwy E 182nd St,Queens,717,8573.0,23.163884239888432,22.985,secondary feed descriptive coverage; no diversion attribution
4616276,2024-04-01,VWE S MP2.66 (Exit 2 Rockaway Blvd) - Belt Pkwy E 182nd St,Queens,720,8634.0,23.155458333333335,22.674999999999997,secondary feed descriptive coverage; no diversion attribution
4616276,2024-05-01,VWE S MP2.66 (Exit 2 Rockaway Blvd) - Belt Pkwy E 182nd St,Queens,744,8914.0,19.058474462365584,18.950000000000003,secondary feed descriptive coverage; no diversion attribution
4616276,2024-06-01,VWE S MP2.66 (Exit 2 Rockaway Blvd) - Belt Pkwy E 182nd St,Queens,720,8606.0,14.522868055555566,10.870000000000001,secondary feed descriptive coverage; no diversion attribution
4616276,2024-07-01,VWE S MP2.66 (Exit 2 Rockaway Blvd) - Belt Pkwy E 182nd St,Queens,729,8715.0,18.97412894375858,18.64,secondary feed descriptive coverage; no diversion attribution
4616276,2024-08-01,VWE S MP2.66 (Exit 2 Rockaway Blvd) - Belt Pkwy E 182nd St,Queens,701,8345.0,19.042261055634803,18.325000000000003,secondary feed descriptive coverage; no diversion attribution
4616276,2024-09-01,VWE S MP2.66 (Exit 2 Rockaway Blvd) - Belt Pkwy E 182nd St,Queens,720,8640.0,12.695326388888905,8.379999999999999,secondary feed descriptive coverage; no diversion attribution
4616276,2024-10-01,VWE S MP2.66 (Exit 2 Rockaway Blvd) - Belt Pkwy E 182nd St,Queens,744,8922.0,9.847997311827967,8.692499999999999,secondary feed descriptive coverage; no diversion attribution
4616276,2024-11-01,VWE S MP2.66 (Exit 2 Rockaway Blvd) - Belt Pkwy E 182nd St,Queens,719,8614.0,11.095194714881792,10.25,secondary feed descriptive coverage; no diversion attribution
4616276,2024-12-01,VWE S MP2.66 (Exit 2 Rockaway Blvd) - Belt Pkwy E 182nd St,Queens,606,7175.0,10.865552805280537,9.94,secondary feed descriptive coverage; no diversion attribution
4616276,2025-01-01,VWE S MP2.66 (Exit 2 Rockaway Blvd) - Belt Pkwy E 182nd St,Queens,744,8912.0,12.66275537634409,11.8,secondary feed descriptive coverage; no diversion attribution
4616276,2025-02-01,VWE S MP2.66 (Exit 2 Rockaway Blvd) - Belt Pkwy E 182nd St,Queens,672,8064.0,13.049918154761908,12.1125,secondary feed descriptive coverage; no diversion attribution
4616276,2025-03-01,VWE S MP2.66 (Exit 2 Rockaway Blvd) - Belt Pkwy E 182nd St,Queens,743,8912.0,11.161244952893687,9.94,secondary feed descriptive coverage; no diversion attribution
4616276,2025-04-01,VWE S MP2.66 (Exit 2 Rockaway Blvd) - Belt Pkwy E 182nd St,Queens,720,8640.0,9.973500000000008,9.004999999999999,secondary feed descriptive coverage; no diversion attribution
4616276,2025-05-01,VWE S MP2.66 (Exit 2 Rockaway Blvd) - Belt Pkwy E 182nd St,Queens,744,8906.0,9.808958333333345,9.315,secondary feed descriptive coverage; no diversion attribution
4616276,2025-06-01,VWE S MP2.66 (Exit 2 Rockaway Blvd) - Belt Pkwy E 182nd St,Queens,700,8292.0,8.648878571428583,7.45,secondary feed descriptive coverage; no diversion attribution
4616276,2025-07-01,VWE S MP2.66 (Exit 2 Rockaway Blvd) - Belt Pkwy E 182nd St,Queens,744,8826.0,8.716720430107536,8.07,secondary feed descriptive coverage; no diversion attribution
4616276,2025-08-01,VWE S MP2.66 (Exit 2 Rockaway Blvd) - Belt Pkwy E 182nd St,Queens,744,8848.0,8.480235215053778,7.76,secondary feed descriptive coverage; no diversion attribution
4616276,2025-09-01,VWE S MP2.66 (Exit 2 Rockaway Blvd) - Belt Pkwy E 182nd St,Queens,720,8534.0,9.130423611111123,8.69,secondary feed descriptive coverage; no diversion attribution
4616276,2025-10-01,VWE S MP2.66 (Exit 2 Rockaway Blvd) - Belt Pkwy E 182nd St,Queens,734,8701.0,8.590456403269767,8.2275,secondary feed descriptive coverage; no diversion attribution
4616276,2025-11-01,VWE S MP2.66 (Exit 2 Rockaway Blvd) - Belt Pkwy E 182nd St,Queens,718,8564.0,8.061901114206135,7.45,secondary feed descriptive coverage; no diversion attribution
4616276,2025-12-01,VWE S MP2.66 (Exit 2 Rockaway Blvd) - Belt Pkwy E 182nd St,Queens,740,8861.0,8.08852027027028,7.140000000000001,secondary feed descriptive coverage; no diversion attribution
4616276,2026-01-01,VWE S MP2.66 (Exit 2 Rockaway Blvd) - Belt Pkwy E 182nd St,Queens,743,8901.0,10.300908479138643,9.625,secondary feed descriptive coverage; no diversion attribution
4616276,2026-02-01,VWE S MP2.66 (Exit 2 Rockaway Blvd) - Belt Pkwy E 182nd St,Queens,672,8048.0,10.748519345238105,9.94,secondary feed descriptive coverage; no diversion attribution
4616276,2026-03-01,VWE S MP2.66 (Exit 2 Rockaway Blvd) - Belt Pkwy E 182nd St,Queens,743,8902.0,9.458196500672951,8.695,secondary feed descriptive coverage; no diversion attribution
4616276,2026-04-01,VWE S MP2.66 (Exit 2 Rockaway Blvd) - Belt Pkwy E 182nd St,Queens,477,5711.0,8.877442348008394,8.07,secondary feed descriptive coverage; no diversion attribution
4616276,2026-05-01,VWE S MP2.66 (Exit 2 Rockaway Blvd) - Belt Pkwy E 182nd St,Queens,736,8770.0,7.885468750000005,7.45,secondary feed descriptive coverage; no diversion attribution
4616276,2026-07-01,VWE S MP2.66 (Exit 2 Rockaway Blvd) - Belt Pkwy E 182nd St,Queens,695,8267.0,6.763798561151084,6.21,secondary feed descriptive coverage; no diversion attribution
4616281,2023-07-01,440 N FRANCIS STREET - WSE N TYRELLAN AVE,Staten Island,350,4180.0,0.0,0.0,secondary feed descriptive coverage; no diversion attribution
4616281,2023-08-01,440 N FRANCIS STREET - WSE N TYRELLAN AVE,Staten Island,741,8879.0,0.0,0.0,secondary feed descriptive coverage; no diversion attribution
4616281,2023-09-01,440 N FRANCIS STREET - WSE N TYRELLAN AVE,Staten Island,708,8468.0,0.0,0.0,secondary feed descriptive coverage; no diversion attribution
4616281,2023-10-01,440 N FRANCIS STREET - WSE N TYRELLAN AVE,Staten Island,744,8925.0,0.0,0.0,secondary feed descriptive coverage; no diversion attribution
4616281,2023-11-01,440 N FRANCIS STREET - WSE N TYRELLAN AVE,Staten Island,130,1540.0,0.0,0.0,secondary feed descriptive coverage; no diversion attribution
4616282,2023-01-01,ROUTE 169 S - MLK WALKER STREET,Staten Island,557,6656.0,44.33195691202871,44.73,secondary feed descriptive coverage; no diversion attribution
4616282,2023-02-01,ROUTE 169 S - MLK WALKER STREET,Staten Island,661,7888.0,43.871611195158835,44.11,secondary feed descriptive coverage; no diversion attribution
4616282,2023-03-01,ROUTE 169 S - MLK WALKER STREET,Staten Island,743,8913.0,43.67748317631222,44.11,secondary feed descriptive coverage; no diversion attribution
4616282,2023-04-01,ROUTE 169 S - MLK WALKER STREET,Staten Island,720,8636.0,44.33641666666666,44.73,secondary feed descriptive coverage; no diversion attribution
4616282,2023-05-01,ROUTE 169 S - MLK WALKER STREET,Staten Island,468,5604.0,31.778803418803378,44.11,secondary feed descriptive coverage; no diversion attribution
4616282,2023-06-01,ROUTE 169 S - MLK WALKER STREET,Staten Island,541,6478.0,20.58658040665433,0.0,secondary feed descriptive coverage; no diversion attribution
4616282,2023-07-01,ROUTE 169 S - MLK WALKER STREET,Staten Island,629,7527.0,0.0,0.0,secondary feed descriptive coverage; no diversion attribution
4616282,2023-08-01,ROUTE 169 S - MLK WALKER STREET,Staten Island,741,8879.0,0.0,0.0,secondary feed descriptive coverage; no diversion attribution
4616282,2023-09-01,ROUTE 169 S - MLK WALKER STREET,Staten Island,708,8468.0,0.0,0.0,secondary feed descriptive coverage; no diversion attribution
4616282,2023-10-01,ROUTE 169 S - MLK WALKER STREET,Staten Island,744,8925.0,0.0,0.0,secondary feed descriptive coverage; no diversion attribution
4616282,2023-11-01,ROUTE 169 S - MLK WALKER STREET,Staten Island,706,8448.0,0.0,0.0,secondary feed descriptive coverage; no diversion attribution
4616282,2023-12-01,ROUTE 169 S - MLK WALKER STREET,Staten Island,744,8928.0,0.0,0.0,secondary feed descriptive coverage; no diversion attribution
4616282,2024-01-01,ROUTE 169 S - MLK WALKER STREET,Staten Island,682,8174.0,27.418753665689124,42.56,secondary feed descriptive coverage; no diversion attribution
4616282,2024-02-01,ROUTE 169 S - MLK WALKER STREET,Staten Island,416,4974.0,43.711899038461524,44.11,secondary feed descriptive coverage; no diversion attribution
4616282,2024-03-01,ROUTE 169 S - MLK WALKER STREET,Staten Island,717,8574.0,42.53827754532772,44.73,secondary feed descriptive coverage; no diversion attribution
4616282,2024-04-01,ROUTE 169 S - MLK WALKER STREET,Staten Island,720,8634.0,36.04661805555553,44.42,secondary feed descriptive coverage; no diversion attribution
4616282,2024-05-01,ROUTE 169 S - MLK WALKER STREET,Staten Island,744,8911.0,25.057251344085994,43.18,secondary feed descriptive coverage; no diversion attribution
4616282,2024-06-01,ROUTE 169 S - MLK WALKER STREET,Staten Island,720,8605.0,10.80996527777778,0.0,secondary feed descriptive coverage; no diversion attribution
4616282,2024-07-01,ROUTE 169 S - MLK WALKER STREET,Staten Island,729,8713.0,1.3909533607681757,0.0,secondary feed descriptive coverage; no diversion attribution
4616282,2024-08-01,ROUTE 169 S - MLK WALKER STREET,Staten Island,701,8349.0,5.746997146932953,0.0,secondary feed descriptive coverage; no diversion attribution
4616282,2024-09-01,ROUTE 169 S - MLK WALKER STREET,Staten Island,720,8640.0,13.30842361111111,0.0,secondary feed descriptive coverage; no diversion attribution
4616282,2024-10-01,ROUTE 169 S - MLK WALKER STREET,Staten Island,744,8923.0,2.2969556451612902,0.0,secondary feed descriptive coverage; no diversion attribution
4616282,2024-11-01,ROUTE 169 S - MLK WALKER STREET,Staten Island,719,8618.0,0.0,0.0,secondary feed descriptive coverage; no diversion attribution
4616282,2024-12-01,ROUTE 169 S - MLK WALKER STREET,Staten Island,606,7182.0,0.0,0.0,secondary feed descriptive coverage; no diversion attribution
4616282,2025-01-01,ROUTE 169 S - MLK WALKER STREET,Staten Island,744,8918.0,3.248877688172043,0.0,secondary feed descriptive coverage; no diversion attribution
4616282,2025-02-01,ROUTE 169 S - MLK WALKER STREET,Staten Island,672,8064.0,17.13328124999999,0.0,secondary feed descriptive coverage; no diversion attribution
4616282,2025-03-01,ROUTE 169 S - MLK WALKER STREET,Staten Island,743,8912.0,2.259851951547779,0.0,secondary feed descriptive coverage; no diversion attribution
4616282,2025-04-01,ROUTE 169 S - MLK WALKER STREET,Staten Island,720,8640.0,31.75337499999998,43.8,secondary feed descriptive coverage; no diversion attribution
4616282,2025-05-01,ROUTE 169 S - MLK WALKER STREET,Staten Island,744,8906.0,5.905705645161289,0.0,secondary feed descriptive coverage; no diversion attribution
4616282,2025-06-01,ROUTE 169 S - MLK WALKER STREET,Staten Island,700,8292.0,3.5499571428571426,0.0,secondary feed descriptive coverage; no diversion attribution
4616282,2025-07-01,ROUTE 169 S - MLK WALKER STREET,Staten Island,744,8826.0,0.0,0.0,secondary feed descriptive coverage; no diversion attribution
4616282,2025-08-01,ROUTE 169 S - MLK WALKER STREET,Staten Island,744,8848.0,21.91909274193546,0.0,secondary feed descriptive coverage; no diversion attribution
4616282,2025-09-01,ROUTE 169 S - MLK WALKER STREET,Staten Island,720,8535.0,32.73236805555553,44.7325,secondary feed descriptive coverage; no diversion attribution
4616282,2025-10-01,ROUTE 169 S - MLK WALKER STREET,Staten Island,734,8701.0,37.39419618528608,45.045,secondary feed descriptive coverage; no diversion attribution
4616282,2025-11-01,ROUTE 169 S - MLK WALKER STREET,Staten Island,718,8564.0,29.54953342618383,44.11,secondary feed descriptive coverage; no diversion attribution
4616282,2025-12-01,ROUTE 169 S - MLK WALKER STREET,Staten Island,740,8861.0,0.0,0.0,secondary feed descriptive coverage; no diversion attribution
4616282,2026-01-01,ROUTE 169 S - MLK WALKER STREET,Staten Island,743,8901.0,0.0,0.0,secondary feed descriptive coverage; no diversion attribution
4616282,2026-02-01,ROUTE 169 S - MLK WALKER STREET,Staten Island,672,8048.0,0.0,0.0,secondary feed descriptive coverage; no diversion attribution
4616282,2026-03-01,ROUTE 169 S - MLK WALKER STREET,Staten Island,743,8902.0,0.0,0.0,secondary feed descriptive coverage; no diversion attribution
4616282,2026-04-01,ROUTE 169 S - MLK WALKER STREET,Staten Island,477,5711.0,0.0,0.0,secondary feed descriptive coverage; no diversion attribution
4616282,2026-05-01,ROUTE 169 S - MLK WALKER STREET,Staten Island,736,8771.0,0.0,0.0,secondary feed descriptive coverage; no diversion attribution
4616282,2026-07-01,ROUTE 169 S - MLK WALKER STREET,Staten Island,695,8269.0,0.0,0.0,secondary feed descriptive coverage; no diversion attribution
4616297,2023-01-01,CBE E CASTLE HILL AVE - BE N WATERBURY AVE,Bronx,557,6655.0,51.21088868940754,52.19,secondary feed descriptive coverage; no diversion attribution
4616297,2023-02-01,CBE E CASTLE HILL AVE - BE N WATERBURY AVE,Bronx,661,7887.0,50.806301059001505,51.879999999999995,secondary feed descriptive coverage; no diversion attribution
4616297,2023-03-01,CBE E CASTLE HILL AVE - BE N WATERBURY AVE,Bronx,743,8913.0,49.9445289367429,51.260000000000005,secondary feed descriptive coverage; no diversion attribution
4616297,2023-04-01,CBE E CASTLE HILL AVE - BE N WATERBURY AVE,Bronx,720,8636.0,49.22624305555554,51.26,secondary feed descriptive coverage; no diversion attribution
4616297,2023-05-01,CBE E CASTLE HILL AVE - BE N WATERBURY AVE,Bronx,468,5604.0,45.69389957264956,50.015,secondary feed descriptive coverage; no diversion attribution
4616297,2023-06-01,CBE E CASTLE HILL AVE - BE N WATERBURY AVE,Bronx,541,6478.0,47.79374306839187,50.64,secondary feed descriptive coverage; no diversion attribution
4616297,2023-07-01,CBE E CASTLE HILL AVE - BE N WATERBURY AVE,Bronx,629,7525.0,47.6449920508744,50.33,secondary feed descriptive coverage; no diversion attribution
4616297,2023-08-01,CBE E CASTLE HILL AVE - BE N WATERBURY AVE,Bronx,741,8878.0,47.1970715249663,50.015,secondary feed descriptive coverage; no diversion attribution
4616297,2023-09-01,CBE E CASTLE HILL AVE - BE N WATERBURY AVE,Bronx,708,8468.0,45.040932203389815,49.08,secondary feed descriptive coverage; no diversion attribution
4616297,2023-10-01,CBE E CASTLE HILL AVE - BE N WATERBURY AVE,Bronx,744,8924.0,43.909919354838706,48.769999999999996,secondary feed descriptive coverage; no diversion attribution
4616297,2023-11-01,CBE E CASTLE HILL AVE - BE N WATERBURY AVE,Bronx,706,8448.0,42.8687464589235,48.150000000000006,secondary feed descriptive coverage; no diversion attribution
4616297,2023-12-01,CBE E CASTLE HILL AVE - BE N WATERBURY AVE,Bronx,744,8928.0,47.0812567204301,50.33,secondary feed descriptive coverage; no diversion attribution
4616297,2024-01-01,CBE E CASTLE HILL AVE - BE N WATERBURY AVE,Bronx,682,8174.0,50.37090909090909,50.95,secondary feed descriptive coverage; no diversion attribution
4616297,2024-02-01,CBE E CASTLE HILL AVE - BE N WATERBURY AVE,Bronx,416,4974.0,49.723593750000006,50.64,secondary feed descriptive coverage; no diversion attribution
4616297,2024-03-01,CBE E CASTLE HILL AVE - BE N WATERBURY AVE,Bronx,717,8573.0,48.41854951185495,50.33,secondary feed descriptive coverage; no diversion attribution
4616297,2024-04-01,CBE E CASTLE HILL AVE - BE N WATERBURY AVE,Bronx,720,8634.0,44.67795138888886,49.39,secondary feed descriptive coverage; no diversion attribution
4616297,2024-05-01,CBE E CASTLE HILL AVE - BE N WATERBURY AVE,Bronx,744,8913.0,45.71459677419355,49.08,secondary feed descriptive coverage; no diversion attribution
4616297,2024-06-01,CBE E CASTLE HILL AVE - BE N WATERBURY AVE,Bronx,720,8606.0,42.90029861111112,47.84,secondary feed descriptive coverage; no diversion attribution
4616297,2024-07-01,CBE E CASTLE HILL AVE - BE N WATERBURY AVE,Bronx,729,8717.0,43.29566529492451,48.150000000000006,secondary feed descriptive coverage; no diversion attribution
4616297,2024-08-01,CBE E CASTLE HILL AVE - BE N WATERBURY AVE,Bronx,701,8347.0,44.62686875891583,48.46,secondary feed descriptive coverage; no diversion attribution
4616297,2024-09-01,CBE E CASTLE HILL AVE - BE N WATERBURY AVE,Bronx,720,8640.0,46.14873611111113,49.08,secondary feed descriptive coverage; no diversion attribution
4616297,2024-10-01,CBE E CASTLE HILL AVE - BE N WATERBURY AVE,Bronx,744,8923.0,47.776754032258026,49.394999999999996,secondary feed descriptive coverage; no diversion attribution
4616297,2024-11-01,CBE E CASTLE HILL AVE - BE N WATERBURY AVE,Bronx,719,8622.0,47.365445062586915,49.39,secondary feed descriptive coverage; no diversion attribution
4616297,2024-12-01,CBE E CASTLE HILL AVE - BE N WATERBURY AVE,Bronx,606,7192.0,47.79648514851481,49.39,secondary feed descriptive coverage; no diversion attribution
4616297,2025-01-01,CBE E CASTLE HILL AVE - BE N WATERBURY AVE,Bronx,744,8921.0,50.05364919354842,50.95,secondary feed descriptive coverage; no diversion attribution
4616297,2025-02-01,CBE E CASTLE HILL AVE - BE N WATERBURY AVE,Bronx,672,8064.0,47.98470238095234,49.545,secondary feed descriptive coverage; no diversion attribution
4616297,2025-03-01,CBE E CASTLE HILL AVE - BE N WATERBURY AVE,Bronx,743,8912.0,47.95341857335127,49.7,secondary feed descriptive coverage; no diversion attribution
4616297,2025-04-01,CBE E CASTLE HILL AVE - BE N WATERBURY AVE,Bronx,720,8640.0,47.56365972222219,49.08,secondary feed descriptive coverage; no diversion attribution
4616297,2025-05-01,CBE E CASTLE HILL AVE - BE N WATERBURY AVE,Bronx,744,8907.0,46.22557795698923,48.46,secondary feed descriptive coverage; no diversion attribution
4616297,2025-06-01,CBE E CASTLE HILL AVE - BE N WATERBURY AVE,Bronx,700,8292.0,45.948328571428554,48.46,secondary feed descriptive coverage; no diversion attribution
4616297,2025-07-01,CBE E CASTLE HILL AVE - BE N WATERBURY AVE,Bronx,744,8826.0,45.11557123655914,48.46,secondary feed descriptive coverage; no diversion attribution
4616297,2025-08-01,CBE E CASTLE HILL AVE - BE N WATERBURY AVE,Bronx,744,8848.0,47.95540994623657,48.769999999999996,secondary feed descriptive coverage; no diversion attribution
4616297,2025-09-01,CBE E CASTLE HILL AVE - BE N WATERBURY AVE,Bronx,720,8536.0,44.5450972222222,48.46,secondary feed descriptive coverage; no diversion attribution
4616297,2025-10-01,CBE E CASTLE HILL AVE - BE N WATERBURY AVE,Bronx,734,8701.0,42.62658038147136,47.22,secondary feed descriptive coverage; no diversion attribution
4616297,2025-11-01,CBE E CASTLE HILL AVE - BE N WATERBURY AVE,Bronx,718,8564.0,48.55390668523676,50.17,secondary feed descriptive coverage; no diversion attribution
4616297,2025-12-01,CBE E CASTLE HILL AVE - BE N WATERBURY AVE,Bronx,740,8866.0,47.616533783783765,49.08,secondary feed descriptive coverage; no diversion attribution
4616297,2026-01-01,CBE E CASTLE HILL AVE - BE N WATERBURY AVE,Bronx,743,8901.0,47.87737550471061,49.39,secondary feed descriptive coverage; no diversion attribution
4616297,2026-02-01,CBE E CASTLE HILL AVE - BE N WATERBURY AVE,Bronx,672,8048.0,47.30815476190475,49.08,secondary feed descriptive coverage; no diversion attribution
4616297,2026-03-01,CBE E CASTLE HILL AVE - BE N WATERBURY AVE,Bronx,743,8902.0,47.82532301480484,49.08,secondary feed descriptive coverage; no diversion attribution
4616297,2026-04-01,CBE E CASTLE HILL AVE - BE N WATERBURY AVE,Bronx,477,5711.0,39.18593291404614,48.15,secondary feed descriptive coverage; no diversion attribution
4616297,2026-05-01,CBE E CASTLE HILL AVE - BE N WATERBURY AVE,Bronx,736,8770.0,44.84456521739131,47.53,secondary feed descriptive coverage; no diversion attribution
4616297,2026-07-01,CBE E CASTLE HILL AVE - BE N WATERBURY AVE,Bronx,695,8268.0,48.19784892086335,49.08,secondary feed descriptive coverage; no diversion attribution
4616298,2023-01-01,VWE N MP4.63 (Exit 6 - Jamaica Ave) - MP6.39 (Exit 11 Jewel Ave),Queens,557,6656.0,47.946660682226174,48.46,secondary feed descriptive coverage; no diversion attribution
4616298,2023-02-01,VWE N MP4.63 (Exit 6 - Jamaica Ave) - MP6.39 (Exit 11 Jewel Ave),Queens,661,7887.0,46.90155068078668,47.84,secondary feed descriptive coverage; no diversion attribution
4616298,2023-03-01,VWE N MP4.63 (Exit 6 - Jamaica Ave) - MP6.39 (Exit 11 Jewel Ave),Queens,743,8913.0,45.52120457604308,46.6,secondary feed descriptive coverage; no diversion attribution
4616298,2023-04-01,VWE N MP4.63 (Exit 6 - Jamaica Ave) - MP6.39 (Exit 11 Jewel Ave),Queens,720,8635.0,38.66922916666666,44.73,secondary feed descriptive coverage; no diversion attribution
4616298,2023-05-01,VWE N MP4.63 (Exit 6 - Jamaica Ave) - MP6.39 (Exit 11 Jewel Ave),Queens,468,5603.0,46.41071581196577,46.91,secondary feed descriptive coverage; no diversion attribution
4616298,2023-06-01,VWE N MP4.63 (Exit 6 - Jamaica Ave) - MP6.39 (Exit 11 Jewel Ave),Queens,541,6478.0,45.86053604436229,46.6,secondary feed descriptive coverage; no diversion attribution
4616298,2023-07-01,VWE N MP4.63 (Exit 6 - Jamaica Ave) - MP6.39 (Exit 11 Jewel Ave),Queens,629,7526.0,39.05682034976152,45.355000000000004,secondary feed descriptive coverage; no diversion attribution
4616298,2023-08-01,VWE N MP4.63 (Exit 6 - Jamaica Ave) - MP6.39 (Exit 11 Jewel Ave),Queens,741,8879.0,28.07505398110661,24.54,secondary feed descriptive coverage; no diversion attribution
4616298,2023-09-01,VWE N MP4.63 (Exit 6 - Jamaica Ave) - MP6.39 (Exit 11 Jewel Ave),Queens,708,8468.0,27.243552259887007,24.54,secondary feed descriptive coverage; no diversion attribution
4616298,2023-10-01,VWE N MP4.63 (Exit 6 - Jamaica Ave) - MP6.39 (Exit 11 Jewel Ave),Queens,744,8925.0,25.69430107526883,22.985,secondary feed descriptive coverage; no diversion attribution
4616298,2023-11-01,VWE N MP4.63 (Exit 6 - Jamaica Ave) - MP6.39 (Exit 11 Jewel Ave),Queens,706,8446.0,21.38948300283287,19.415,secondary feed descriptive coverage; no diversion attribution
4616298,2023-12-01,VWE N MP4.63 (Exit 6 - Jamaica Ave) - MP6.39 (Exit 11 Jewel Ave),Queens,744,8928.0,27.50479166666665,24.075000000000003,secondary feed descriptive coverage; no diversion attribution
4616298,2024-01-01,VWE N MP4.63 (Exit 6 - Jamaica Ave) - MP6.39 (Exit 11 Jewel Ave),Queens,682,8174.0,30.387741935483863,27.96,secondary feed descriptive coverage; no diversion attribution
4616298,2024-02-01,VWE N MP4.63 (Exit 6 - Jamaica Ave) - MP6.39 (Exit 11 Jewel Ave),Queens,416,4973.0,25.151718749999993,21.7425,secondary feed descriptive coverage; no diversion attribution
4616298,2024-03-01,VWE N MP4.63 (Exit 6 - Jamaica Ave) - MP6.39 (Exit 11 Jewel Ave),Queens,717,8573.0,24.170083682008375,21.43,secondary feed descriptive coverage; no diversion attribution
4616298,2024-04-01,VWE N MP4.63 (Exit 6 - Jamaica Ave) - MP6.39 (Exit 11 Jewel Ave),Queens,720,8634.0,25.263256944444443,22.2075,secondary feed descriptive coverage; no diversion attribution
4616298,2024-05-01,VWE N MP4.63 (Exit 6 - Jamaica Ave) - MP6.39 (Exit 11 Jewel Ave),Queens,744,8912.0,24.939966397849457,21.43,secondary feed descriptive coverage; no diversion attribution
4616298,2024-06-01,VWE N MP4.63 (Exit 6 - Jamaica Ave) - MP6.39 (Exit 11 Jewel Ave),Queens,720,8606.0,25.60624305555556,22.0525,secondary feed descriptive coverage; no diversion attribution
4616298,2024-07-01,VWE N MP4.63 (Exit 6 - Jamaica Ave) - MP6.39 (Exit 11 Jewel Ave),Queens,729,8713.0,26.41561042524005,23.61,secondary feed descriptive coverage; no diversion attribution
4616298,2024-08-01,VWE N MP4.63 (Exit 6 - Jamaica Ave) - MP6.39 (Exit 11 Jewel Ave),Queens,701,8346.0,25.529843081312407,22.985,secondary feed descriptive coverage; no diversion attribution
4616298,2024-09-01,VWE N MP4.63 (Exit 6 - Jamaica Ave) - MP6.39 (Exit 11 Jewel Ave),Queens,720,8640.0,27.25688194444445,23.61,secondary feed descriptive coverage; no diversion attribution
4616298,2024-10-01,VWE N MP4.63 (Exit 6 - Jamaica Ave) - MP6.39 (Exit 11 Jewel Ave),Queens,744,8922.0,29.649334677419343,27.65,secondary feed descriptive coverage; no diversion attribution
4616298,2024-11-01,VWE N MP4.63 (Exit 6 - Jamaica Ave) - MP6.39 (Exit 11 Jewel Ave),Queens,719,8615.0,27.217239221140478,24.23,secondary feed descriptive coverage; no diversion attribution
4616298,2024-12-01,VWE N MP4.63 (Exit 6 - Jamaica Ave) - MP6.39 (Exit 11 Jewel Ave),Queens,606,7176.0,25.000618811881196,22.674999999999997,secondary feed descriptive coverage; no diversion attribution
4616298,2025-01-01,VWE N MP4.63 (Exit 6 - Jamaica Ave) - MP6.39 (Exit 11 Jewel Ave),Queens,744,8913.0,26.979623655913972,25.78,secondary feed descriptive coverage; no diversion attribution
4616298,2025-02-01,VWE N MP4.63 (Exit 6 - Jamaica Ave) - MP6.39 (Exit 11 Jewel Ave),Queens,672,8064.0,25.97058779761905,23.299999999999997,secondary feed descriptive coverage; no diversion attribution
4616298,2025-03-01,VWE N MP4.63 (Exit 6 - Jamaica Ave) - MP6.39 (Exit 11 Jewel Ave),Queens,743,8912.0,23.564199192462993,20.810000000000002,secondary feed descriptive coverage; no diversion attribution
4616298,2025-04-01,VWE N MP4.63 (Exit 6 - Jamaica Ave) - MP6.39 (Exit 11 Jewel Ave),Queens,720,8640.0,23.247729166666655,19.880000000000003,secondary feed descriptive coverage; no diversion attribution
4616298,2025-05-01,VWE N MP4.63 (Exit 6 - Jamaica Ave) - MP6.39 (Exit 11 Jewel Ave),Queens,744,8906.0,22.135053763440858,18.945,secondary feed descriptive coverage; no diversion attribution
4616298,2025-06-01,VWE N MP4.63 (Exit 6 - Jamaica Ave) - MP6.39 (Exit 11 Jewel Ave),Queens,700,8292.0,21.508335714285714,17.5475,secondary feed descriptive coverage; no diversion attribution
4616298,2025-07-01,VWE N MP4.63 (Exit 6 - Jamaica Ave) - MP6.39 (Exit 11 Jewel Ave),Queens,744,8826.0,20.101619623655907,16.77,secondary feed descriptive coverage; no diversion attribution
4616298,2025-08-01,VWE N MP4.63 (Exit 6 - Jamaica Ave) - MP6.39 (Exit 11 Jewel Ave),Queens,744,8848.0,22.938615591397852,20.189999999999998,secondary feed descriptive coverage; no diversion attribution
4616298,2025-09-01,VWE N MP4.63 (Exit 6 - Jamaica Ave) - MP6.39 (Exit 11 Jewel Ave),Queens,720,8534.0,22.626798611111095,19.880000000000003,secondary feed descriptive coverage; no diversion attribution
4616298,2025-10-01,VWE N MP4.63 (Exit 6 - Jamaica Ave) - MP6.39 (Exit 11 Jewel Ave),Queens,734,8701.0,22.053337874659395,19.57,secondary feed descriptive coverage; no diversion attribution
4616298,2025-11-01,VWE N MP4.63 (Exit 6 - Jamaica Ave) - MP6.39 (Exit 11 Jewel Ave),Queens,718,8564.0,24.06089136490251,21.43,secondary feed descriptive coverage; no diversion attribution
4616298,2025-12-01,VWE N MP4.63 (Exit 6 - Jamaica Ave) - MP6.39 (Exit 11 Jewel Ave),Queens,740,8861.0,23.895344594594594,21.585,secondary feed descriptive coverage; no diversion attribution
4616298,2026-01-01,VWE N MP4.63 (Exit 6 - Jamaica Ave) - MP6.39 (Exit 11 Jewel Ave),Queens,743,8901.0,26.764683714670255,25.47,secondary feed descriptive coverage; no diversion attribution
4616298,2026-02-01,VWE N MP4.63 (Exit 6 - Jamaica Ave) - MP6.39 (Exit 11 Jewel Ave),Queens,672,8048.0,25.931473214285706,23.299999999999997,secondary feed descriptive coverage; no diversion attribution
4616298,2026-03-01,VWE N MP4.63 (Exit 6 - Jamaica Ave) - MP6.39 (Exit 11 Jewel Ave),Queens,743,8902.0,25.905006729475097,24.54,secondary feed descriptive coverage; no diversion attribution
4616298,2026-04-01,VWE N MP4.63 (Exit 6 - Jamaica Ave) - MP6.39 (Exit 11 Jewel Ave),Queens,477,5711.0,28.453186582809213,27.025,secondary feed descriptive coverage; no diversion attribution
4616298,2026-05-01,VWE N MP4.63 (Exit 6 - Jamaica Ave) - MP6.39 (Exit 11 Jewel Ave),Queens,736,8771.0,24.67470788043478,21.585,secondary feed descriptive coverage; no diversion attribution
4616298,2026-07-01,VWE N MP4.63 (Exit 6 - Jamaica Ave) - MP6.39 (Exit 11 Jewel Ave),Queens,695,8267.0,25.937935251798553,22.674999999999997,secondary feed descriptive coverage; no diversion attribution
4616299,2023-01-01,VWE N MP6.39 (Exit 11 Jewel Ave) - MP8.65 (Exit 13 Northern Blvd),Queens,557,6656.0,48.7720197486535,50.33,secondary feed descriptive coverage; no diversion attribution
4616299,2023-02-01,VWE N MP6.39 (Exit 11 Jewel Ave) - MP8.65 (Exit 13 Northern Blvd),Queens,661,7887.0,48.73316187594555,50.64,secondary feed descriptive coverage; no diversion attribution
4616299,2023-03-01,VWE N MP6.39 (Exit 11 Jewel Ave) - MP8.65 (Exit 13 Northern Blvd),Queens,743,8913.0,48.10742261103634,50.95,secondary feed descriptive coverage; no diversion attribution
4616299,2023-04-01,VWE N MP6.39 (Exit 11 Jewel Ave) - MP8.65 (Exit 13 Northern Blvd),Queens,720,8635.0,49.21890277777777,51.57,secondary feed descriptive coverage; no diversion attribution
4616299,2023-05-01,VWE N MP6.39 (Exit 11 Jewel Ave) - MP8.65 (Exit 13 Northern Blvd),Queens,468,5603.0,46.30502136752135,50.64,secondary feed descriptive coverage; no diversion attribution
4616299,2023-06-01,VWE N MP6.39 (Exit 11 Jewel Ave) - MP8.65 (Exit 13 Northern Blvd),Queens,541,6478.0,48.00942698706101,50.325,secondary feed descriptive coverage; no diversion attribution
4616299,2023-07-01,VWE N MP6.39 (Exit 11 Jewel Ave) - MP8.65 (Exit 13 Northern Blvd),Queens,629,7526.0,48.08426073131956,50.635,secondary feed descriptive coverage; no diversion attribution
4616299,2023-08-01,VWE N MP6.39 (Exit 11 Jewel Ave) - MP8.65 (Exit 13 Northern Blvd),Queens,741,8879.0,48.71211201079618,50.95,secondary feed descriptive coverage; no diversion attribution
4616299,2023-09-01,VWE N MP6.39 (Exit 11 Jewel Ave) - MP8.65 (Exit 13 Northern Blvd),Queens,708,8468.0,47.558121468926544,50.64,secondary feed descriptive coverage; no diversion attribution
4616299,2023-10-01,VWE N MP6.39 (Exit 11 Jewel Ave) - MP8.65 (Exit 13 Northern Blvd),Queens,744,8925.0,45.721370967741954,49.39,secondary feed descriptive coverage; no diversion attribution
4616299,2023-11-01,VWE N MP6.39 (Exit 11 Jewel Ave) - MP8.65 (Exit 13 Northern Blvd),Queens,706,8446.0,46.09434135977337,50.33,secondary feed descriptive coverage; no diversion attribution
4616299,2023-12-01,VWE N MP6.39 (Exit 11 Jewel Ave) - MP8.65 (Exit 13 Northern Blvd),Queens,744,8928.0,47.58479166666665,50.33,secondary feed descriptive coverage; no diversion attribution
4616299,2024-01-01,VWE N MP6.39 (Exit 11 Jewel Ave) - MP8.65 (Exit 13 Northern Blvd),Queens,682,8174.0,48.2506524926686,50.33,secondary feed descriptive coverage; no diversion attribution
4616299,2024-02-01,VWE N MP6.39 (Exit 11 Jewel Ave) - MP8.65 (Exit 13 Northern Blvd),Queens,416,4974.0,48.51046874999999,50.95,secondary feed descriptive coverage; no diversion attribution
4616299,2024-03-01,VWE N MP6.39 (Exit 11 Jewel Ave) - MP8.65 (Exit 13 Northern Blvd),Queens,717,8573.0,46.06928870292888,49.7,secondary feed descriptive coverage; no diversion attribution
4616299,2024-04-01,VWE N MP6.39 (Exit 11 Jewel Ave) - MP8.65 (Exit 13 Northern Blvd),Queens,720,8634.0,47.18272916666665,49.7,secondary feed descriptive coverage; no diversion attribution
4616299,2024-05-01,VWE N MP6.39 (Exit 11 Jewel Ave) - MP8.65 (Exit 13 Northern Blvd),Queens,744,8913.0,44.48186827956989,48.150000000000006,secondary feed descriptive coverage; no diversion attribution
4616299,2024-06-01,VWE N MP6.39 (Exit 11 Jewel Ave) - MP8.65 (Exit 13 Northern Blvd),Queens,720,8606.0,45.84247916666666,49.08,secondary feed descriptive coverage; no diversion attribution
4616299,2024-07-01,VWE N MP6.39 (Exit 11 Jewel Ave) - MP8.65 (Exit 13 Northern Blvd),Queens,729,8714.0,49.11558299039782,49.7,secondary feed descriptive coverage; no diversion attribution
4616299,2024-08-01,VWE N MP6.39 (Exit 11 Jewel Ave) - MP8.65 (Exit 13 Northern Blvd),Queens,701,8346.0,47.2534736091298,48.46,secondary feed descriptive coverage; no diversion attribution
4616299,2024-09-01,VWE N MP6.39 (Exit 11 Jewel Ave) - MP8.65 (Exit 13 Northern Blvd),Queens,720,8640.0,45.49503472222224,48.769999999999996,secondary feed descriptive coverage; no diversion attribution
4616299,2024-10-01,VWE N MP6.39 (Exit 11 Jewel Ave) - MP8.65 (Exit 13 Northern Blvd),Queens,744,8922.0,45.77891129032258,49.08,secondary feed descriptive coverage; no diversion attribution
4616299,2024-11-01,VWE N MP6.39 (Exit 11 Jewel Ave) - MP8.65 (Exit 13 Northern Blvd),Queens,719,8614.0,45.87156467315714,48.769999999999996,secondary feed descriptive coverage; no diversion attribution
4616299,2024-12-01,VWE N MP6.39 (Exit 11 Jewel Ave) - MP8.65 (Exit 13 Northern Blvd),Queens,606,7175.0,44.45424917491749,47.53,secondary feed descriptive coverage; no diversion attribution
4616299,2025-01-01,VWE N MP6.39 (Exit 11 Jewel Ave) - MP8.65 (Exit 13 Northern Blvd),Queens,744,8912.0,47.75887768817205,48.46,secondary feed descriptive coverage; no diversion attribution
4616299,2025-02-01,VWE N MP6.39 (Exit 11 Jewel Ave) - MP8.65 (Exit 13 Northern Blvd),Queens,672,8064.0,47.731577380952345,49.08,secondary feed descriptive coverage; no diversion attribution
4616299,2025-03-01,VWE N MP6.39 (Exit 11 Jewel Ave) - MP8.65 (Exit 13 Northern Blvd),Queens,743,8912.0,47.90788021534321,49.39,secondary feed descriptive coverage; no diversion attribution
4616299,2025-04-01,VWE N MP6.39 (Exit 11 Jewel Ave) - MP8.65 (Exit 13 Northern Blvd),Queens,720,8640.0,46.72993055555557,48.769999999999996,secondary feed descriptive coverage; no diversion attribution
4616299,2025-05-01,VWE N MP6.39 (Exit 11 Jewel Ave) - MP8.65 (Exit 13 Northern Blvd),Queens,744,8907.0,44.841491935483845,49.08,secondary feed descriptive coverage; no diversion attribution
4616299,2025-06-01,VWE N MP6.39 (Exit 11 Jewel Ave) - MP8.65 (Exit 13 Northern Blvd),Queens,700,8292.0,45.25280714285713,49.08,secondary feed descriptive coverage; no diversion attribution
4616299,2025-07-01,VWE N MP6.39 (Exit 11 Jewel Ave) - MP8.65 (Exit 13 Northern Blvd),Queens,744,8826.0,47.29821908602155,51.57,secondary feed descriptive coverage; no diversion attribution
4616299,2025-08-01,VWE N MP6.39 (Exit 11 Jewel Ave) - MP8.65 (Exit 13 Northern Blvd),Queens,744,8848.0,50.144616935483874,51.57,secondary feed descriptive coverage; no diversion attribution
4616299,2025-09-01,VWE N MP6.39 (Exit 11 Jewel Ave) - MP8.65 (Exit 13 Northern Blvd),Queens,720,8534.0,48.5017916666667,50.95,secondary feed descriptive coverage; no diversion attribution
4616299,2025-10-01,VWE N MP6.39 (Exit 11 Jewel Ave) - MP8.65 (Exit 13 Northern Blvd),Queens,734,8701.0,48.265088555858306,51.105000000000004,secondary feed descriptive coverage; no diversion attribution
4616299,2025-11-01,VWE N MP6.39 (Exit 11 Jewel Ave) - MP8.65 (Exit 13 Northern Blvd),Queens,718,8564.0,49.510132311977706,52.19,secondary feed descriptive coverage; no diversion attribution
4616299,2025-12-01,VWE N MP6.39 (Exit 11 Jewel Ave) - MP8.65 (Exit 13 Northern Blvd),Queens,740,8861.0,48.78266216216218,51.260000000000005,secondary feed descriptive coverage; no diversion attribution
4616299,2026-01-01,VWE N MP6.39 (Exit 11 Jewel Ave) - MP8.65 (Exit 13 Northern Blvd),Queens,743,8901.0,48.98611036339169,50.95,secondary feed descriptive coverage; no diversion attribution
4616299,2026-02-01,VWE N MP6.39 (Exit 11 Jewel Ave) - MP8.65 (Exit 13 Northern Blvd),Queens,672,8048.0,48.76049851190473,50.64,secondary feed descriptive coverage; no diversion attribution
4616299,2026-03-01,VWE N MP6.39 (Exit 11 Jewel Ave) - MP8.65 (Exit 13 Northern Blvd),Queens,743,8902.0,44.37471736204574,50.64,secondary feed descriptive coverage; no diversion attribution
4616299,2026-04-01,VWE N MP6.39 (Exit 11 Jewel Ave) - MP8.65 (Exit 13 Northern Blvd),Queens,477,5711.0,48.69212788259957,51.57,secondary feed descriptive coverage; no diversion attribution
4616299,2026-05-01,VWE N MP6.39 (Exit 11 Jewel Ave) - MP8.65 (Exit 13 Northern Blvd),Queens,736,8770.0,47.400346467391365,51.260000000000005,secondary feed descriptive coverage; no diversion attribution
4616299,2026-07-01,VWE N MP6.39 (Exit 11 Jewel Ave) - MP8.65 (Exit 13 Northern Blvd),Queens,695,8267.0,46.908575539568325,48.769999999999996,secondary feed descriptive coverage; no diversion attribution
4616300,2023-01-01,VWE N MP8.64 (Exit 13 Northern Blvd) - Whitestone Expwy Exit 14 (Linden Pl),Queens,557,6656.0,47.633680430879686,49.08,secondary feed descriptive coverage; no diversion attribution
4616300,2023-02-01,VWE N MP8.64 (Exit 13 Northern Blvd) - Whitestone Expwy Exit 14 (Linden Pl),Queens,661,7887.0,46.2004841149773,49.08,secondary feed descriptive coverage; no diversion attribution
4616300,2023-03-01,VWE N MP8.64 (Exit 13 Northern Blvd) - Whitestone Expwy Exit 14 (Linden Pl),Queens,743,8913.0,45.05368775235534,48.46,secondary feed descriptive coverage; no diversion attribution
4616300,2023-04-01,VWE N MP8.64 (Exit 13 Northern Blvd) - Whitestone Expwy Exit 14 (Linden Pl),Queens,720,8635.0,46.28538888888888,49.08,secondary feed descriptive coverage; no diversion attribution
4616300,2023-05-01,VWE N MP8.64 (Exit 13 Northern Blvd) - Whitestone Expwy Exit 14 (Linden Pl),Queens,468,5604.0,42.99169871794872,48.46,secondary feed descriptive coverage; no diversion attribution
4616300,2023-06-01,VWE N MP8.64 (Exit 13 Northern Blvd) - Whitestone Expwy Exit 14 (Linden Pl),Queens,541,6478.0,44.940286506469505,48.150000000000006,secondary feed descriptive coverage; no diversion attribution
4616300,2023-07-01,VWE N MP8.64 (Exit 13 Northern Blvd) - Whitestone Expwy Exit 14 (Linden Pl),Queens,629,7526.0,45.778378378378356,48.769999999999996,secondary feed descriptive coverage; no diversion attribution
4616300,2023-08-01,VWE N MP8.64 (Exit 13 Northern Blvd) - Whitestone Expwy Exit 14 (Linden Pl),Queens,741,8879.0,44.91111336032389,47.53,secondary feed descriptive coverage; no diversion attribution
4616300,2023-09-01,VWE N MP8.64 (Exit 13 Northern Blvd) - Whitestone Expwy Exit 14 (Linden Pl),Queens,708,8468.0,43.86069915254235,47.53,secondary feed descriptive coverage; no diversion attribution
4616300,2023-10-01,VWE N MP8.64 (Exit 13 Northern Blvd) - Whitestone Expwy Exit 14 (Linden Pl),Queens,744,8925.0,42.90623655913977,46.91,secondary feed descriptive coverage; no diversion attribution
4616300,2023-11-01,VWE N MP8.64 (Exit 13 Northern Blvd) - Whitestone Expwy Exit 14 (Linden Pl),Queens,706,8447.0,42.8332152974504,47.22,secondary feed descriptive coverage; no diversion attribution
4616300,2023-12-01,VWE N MP8.64 (Exit 13 Northern Blvd) - Whitestone Expwy Exit 14 (Linden Pl),Queens,744,8928.0,47.09238575268815,49.7,secondary feed descriptive coverage; no diversion attribution
4616300,2024-01-01,VWE N MP8.64 (Exit 13 Northern Blvd) - Whitestone Expwy Exit 14 (Linden Pl),Queens,682,8174.0,48.24928885630497,50.33,secondary feed descriptive coverage; no diversion attribution
4616300,2024-02-01,VWE N MP8.64 (Exit 13 Northern Blvd) - Whitestone Expwy Exit 14 (Linden Pl),Queens,416,4974.0,48.50971153846154,50.95,secondary feed descriptive coverage; no diversion attribution
4616300,2024-03-01,VWE N MP8.64 (Exit 13 Northern Blvd) - Whitestone Expwy Exit 14 (Linden Pl),Queens,717,8573.0,46.06972105997208,49.7,secondary feed descriptive coverage; no diversion attribution
4616300,2024-04-01,VWE N MP8.64 (Exit 13 Northern Blvd) - Whitestone Expwy Exit 14 (Linden Pl),Queens,720,8634.0,47.183159722222264,49.7,secondary feed descriptive coverage; no diversion attribution
4616300,2024-05-01,VWE N MP8.64 (Exit 13 Northern Blvd) - Whitestone Expwy Exit 14 (Linden Pl),Queens,744,8913.0,42.42403897849463,45.98,secondary feed descriptive coverage; no diversion attribution
4616300,2024-06-01,VWE N MP8.64 (Exit 13 Northern Blvd) - Whitestone Expwy Exit 14 (Linden Pl),Queens,720,8606.0,37.81417361111107,42.25,secondary feed descriptive coverage; no diversion attribution
4616300,2024-07-01,VWE N MP8.64 (Exit 13 Northern Blvd) - Whitestone Expwy Exit 14 (Linden Pl),Queens,729,8715.0,43.739595336076775,45.36,secondary feed descriptive coverage; no diversion attribution
4616300,2024-08-01,VWE N MP8.64 (Exit 13 Northern Blvd) - Whitestone Expwy Exit 14 (Linden Pl),Queens,701,8346.0,42.76384450784594,44.73,secondary feed descriptive coverage; no diversion attribution
4616300,2024-09-01,VWE N MP8.64 (Exit 13 Northern Blvd) - Whitestone Expwy Exit 14 (Linden Pl),Queens,720,8640.0,41.57514583333332,45.045,secondary feed descriptive coverage; no diversion attribution
4616300,2024-10-01,VWE N MP8.64 (Exit 13 Northern Blvd) - Whitestone Expwy Exit 14 (Linden Pl),Queens,744,8922.0,44.703770161290315,48.46,secondary feed descriptive coverage; no diversion attribution
4616300,2024-11-01,VWE N MP8.64 (Exit 13 Northern Blvd) - Whitestone Expwy Exit 14 (Linden Pl),Queens,719,8614.0,42.770208623087626,45.36,secondary feed descriptive coverage; no diversion attribution
4616300,2024-12-01,VWE N MP8.64 (Exit 13 Northern Blvd) - Whitestone Expwy Exit 14 (Linden Pl),Queens,606,7175.0,42.0760808580858,44.73,secondary feed descriptive coverage; no diversion attribution
4616300,2025-01-01,VWE N MP8.64 (Exit 13 Northern Blvd) - Whitestone Expwy Exit 14 (Linden Pl),Queens,744,8912.0,45.026639784946234,45.98,secondary feed descriptive coverage; no diversion attribution
4616300,2025-02-01,VWE N MP8.64 (Exit 13 Northern Blvd) - Whitestone Expwy Exit 14 (Linden Pl),Queens,672,8064.0,44.64655505952382,45.98,secondary feed descriptive coverage; no diversion attribution
4616300,2025-03-01,VWE N MP8.64 (Exit 13 Northern Blvd) - Whitestone Expwy Exit 14 (Linden Pl),Queens,743,8912.0,44.61329071332435,46.29,secondary feed descriptive coverage; no diversion attribution
4616300,2025-04-01,VWE N MP8.64 (Exit 13 Northern Blvd) - Whitestone Expwy Exit 14 (Linden Pl),Queens,720,8640.0,44.112854166666644,46.135,secondary feed descriptive coverage; no diversion attribution
4616300,2025-05-01,VWE N MP8.64 (Exit 13 Northern Blvd) - Whitestone Expwy Exit 14 (Linden Pl),Queens,744,8907.0,42.712184139784945,46.754999999999995,secondary feed descriptive coverage; no diversion attribution
4616300,2025-06-01,VWE N MP8.64 (Exit 13 Northern Blvd) - Whitestone Expwy Exit 14 (Linden Pl),Queens,700,8292.0,43.53132142857141,47.84,secondary feed descriptive coverage; no diversion attribution
4616300,2025-07-01,VWE N MP8.64 (Exit 13 Northern Blvd) - Whitestone Expwy Exit 14 (Linden Pl),Queens,744,8826.0,42.6593884408602,47.22,secondary feed descriptive coverage; no diversion attribution
4616300,2025-08-01,VWE N MP8.64 (Exit 13 Northern Blvd) - Whitestone Expwy Exit 14 (Linden Pl),Queens,744,8848.0,44.66401209677418,47.22,secondary feed descriptive coverage; no diversion attribution
4616300,2025-09-01,VWE N MP8.64 (Exit 13 Northern Blvd) - Whitestone Expwy Exit 14 (Linden Pl),Queens,720,8534.0,43.49485416666664,46.91,secondary feed descriptive coverage; no diversion attribution
4616300,2025-10-01,VWE N MP8.64 (Exit 13 Northern Blvd) - Whitestone Expwy Exit 14 (Linden Pl),Queens,734,8701.0,43.47948228882832,47.22,secondary feed descriptive coverage; no diversion attribution
4616300,2025-11-01,VWE N MP8.64 (Exit 13 Northern Blvd) - Whitestone Expwy Exit 14 (Linden Pl),Queens,718,8564.0,44.62917130919218,47.84,secondary feed descriptive coverage; no diversion attribution
4616300,2025-12-01,VWE N MP8.64 (Exit 13 Northern Blvd) - Whitestone Expwy Exit 14 (Linden Pl),Queens,740,8861.0,44.387162162162156,46.91,secondary feed descriptive coverage; no diversion attribution
4616300,2026-01-01,VWE N MP8.64 (Exit 13 Northern Blvd) - Whitestone Expwy Exit 14 (Linden Pl),Queens,743,8901.0,44.62249663526243,46.91,secondary feed descriptive coverage; no diversion attribution
4616300,2026-02-01,VWE N MP8.64 (Exit 13 Northern Blvd) - Whitestone Expwy Exit 14 (Linden Pl),Queens,672,8048.0,44.34427827380951,46.6,secondary feed descriptive coverage; no diversion attribution
4616300,2026-03-01,VWE N MP8.64 (Exit 13 Northern Blvd) - Whitestone Expwy Exit 14 (Linden Pl),Queens,743,8902.0,44.47744952893676,47.22,secondary feed descriptive coverage; no diversion attribution
4616300,2026-04-01,VWE N MP8.64 (Exit 13 Northern Blvd) - Whitestone Expwy Exit 14 (Linden Pl),Queens,477,5711.0,45.68841719077567,47.84,secondary feed descriptive coverage; no diversion attribution
4616300,2026-05-01,VWE N MP8.64 (Exit 13 Northern Blvd) - Whitestone Expwy Exit 14 (Linden Pl),Queens,736,8770.0,41.72738451086954,47.22,secondary feed descriptive coverage; no diversion attribution
4616300,2026-07-01,VWE N MP8.64 (Exit 13 Northern Blvd) - Whitestone Expwy Exit 14 (Linden Pl),Queens,695,8267.0,43.42181294964025,48.150000000000006,secondary feed descriptive coverage; no diversion attribution
4616305,2023-01-01,BWB N Toll Plaza - HRP N Lafayatte Ave,Bronx,557,6655.0,57.30335727109515,58.4,secondary feed descriptive coverage; no diversion attribution
4616305,2023-02-01,BWB N Toll Plaza - HRP N Lafayatte Ave,Bronx,661,7888.0,56.70487897125565,58.09,secondary feed descriptive coverage; no diversion attribution
4616305,2023-03-01,BWB N Toll Plaza - HRP N Lafayatte Ave,Bronx,743,8912.0,51.75952220726785,56.54,secondary feed descriptive coverage; no diversion attribution
4616305,2023-04-01,BWB N Toll Plaza - HRP N Lafayatte Ave,Bronx,720,8636.0,53.20970833333333,57.16,secondary feed descriptive coverage; no diversion attribution
4616305,2023-05-01,BWB N Toll Plaza - HRP N Lafayatte Ave,Bronx,468,5605.0,55.2809188034188,56.69499999999999,secondary feed descriptive coverage; no diversion attribution
4616305,2023-06-01,BWB N Toll Plaza - HRP N Lafayatte Ave,Bronx,541,6477.0,56.47282809611835,57.16,secondary feed descriptive coverage; no diversion attribution
4616305,2023-07-01,BWB N Toll Plaza - HRP N Lafayatte Ave,Bronx,629,7527.0,57.91348966613671,59.025,secondary feed descriptive coverage; no diversion attribution
4616305,2023-08-01,BWB N Toll Plaza - HRP N Lafayatte Ave,Bronx,741,8878.0,52.92827260458838,56.54,secondary feed descriptive coverage; no diversion attribution
4616305,2023-09-01,BWB N Toll Plaza - HRP N Lafayatte Ave,Bronx,708,8465.0,53.03214689265536,56.54,secondary feed descriptive coverage; no diversion attribution
4616305,2023-10-01,BWB N Toll Plaza - HRP N Lafayatte Ave,Bronx,744,8924.0,55.24708333333336,57.78,secondary feed descriptive coverage; no diversion attribution
4616305,2023-11-01,BWB N Toll Plaza - HRP N Lafayatte Ave,Bronx,706,8448.0,42.42850566572238,54.05,secondary feed descriptive coverage; no diversion attribution
4616305,2023-12-01,BWB N Toll Plaza - HRP N Lafayatte Ave,Bronx,744,8928.0,56.73760752688172,57.9375,secondary feed descriptive coverage; no diversion attribution
4616305,2024-01-01,BWB N Toll Plaza - HRP N Lafayatte Ave,Bronx,682,8174.0,51.06057184750736,57.625,secondary feed descriptive coverage; no diversion attribution
4616305,2024-02-01,BWB N Toll Plaza - HRP N Lafayatte Ave,Bronx,416,4974.0,13.817055288461539,11.025,secondary feed descriptive coverage; no diversion attribution
4616305,2024-03-01,BWB N Toll Plaza - HRP N Lafayatte Ave,Bronx,717,8573.0,39.9444979079498,53.43,secondary feed descriptive coverage; no diversion attribution
4616305,2024-04-01,BWB N Toll Plaza - HRP N Lafayatte Ave,Bronx,720,8634.0,54.697076388888874,57.78,secondary feed descriptive coverage; no diversion attribution
4616305,2024-05-01,BWB N Toll Plaza - HRP N Lafayatte Ave,Bronx,744,8912.0,49.713313172043016,57.78,secondary feed descriptive coverage; no diversion attribution
4616305,2024-06-01,BWB N Toll Plaza - HRP N Lafayatte Ave,Bronx,720,8604.0,56.95267361111114,59.34,secondary feed descriptive coverage; no diversion attribution
4616305,2024-07-01,BWB N Toll Plaza - HRP N Lafayatte Ave,Bronx,729,8712.0,51.91855281207137,57.78,secondary feed descriptive coverage; no diversion attribution
4616305,2024-08-01,BWB N Toll Plaza - HRP N Lafayatte Ave,Bronx,701,8349.0,51.891661911554934,57.16,secondary feed descriptive coverage; no diversion attribution
4616305,2024-09-01,BWB N Toll Plaza - HRP N Lafayatte Ave,Bronx,720,8640.0,54.877840277777764,58.715,secondary feed descriptive coverage; no diversion attribution
4616305,2024-10-01,BWB N Toll Plaza - HRP N Lafayatte Ave,Bronx,744,8923.0,57.47903225806458,59.34,secondary feed descriptive coverage; no diversion attribution
4616305,2024-11-01,BWB N Toll Plaza - HRP N Lafayatte Ave,Bronx,719,8622.0,47.018796940194726,58.09,secondary feed descriptive coverage; no diversion attribution
4616305,2024-12-01,BWB N Toll Plaza - HRP N Lafayatte Ave,Bronx,606,7192.0,33.650445544554444,31.839999999999996,secondary feed descriptive coverage; no diversion attribution
4616305,2025-01-01,BWB N Toll Plaza - HRP N Lafayatte Ave,Bronx,744,8921.0,41.812103494623656,56.230000000000004,secondary feed descriptive coverage; no diversion attribution
4616305,2025-02-01,BWB N Toll Plaza - HRP N Lafayatte Ave,Bronx,672,8064.0,57.8223660714286,59.025,secondary feed descriptive coverage; no diversion attribution
4616305,2025-03-01,BWB N Toll Plaza - HRP N Lafayatte Ave,Bronx,743,8912.0,57.1100336473755,59.025,secondary feed descriptive coverage; no diversion attribution
4616305,2025-04-01,BWB N Toll Plaza - HRP N Lafayatte Ave,Bronx,720,8640.0,57.35429166666666,58.4,secondary feed descriptive coverage; no diversion attribution
4616305,2025-05-01,BWB N Toll Plaza - HRP N Lafayatte Ave,Bronx,744,8907.0,53.51956317204304,56.849999999999994,secondary feed descriptive coverage; no diversion attribution
4616305,2025-06-01,BWB N Toll Plaza - HRP N Lafayatte Ave,Bronx,700,8292.0,54.51740714285716,57.78,secondary feed descriptive coverage; no diversion attribution
4616305,2025-07-01,BWB N Toll Plaza - HRP N Lafayatte Ave,Bronx,744,8826.0,57.54985887096779,58.4,secondary feed descriptive coverage; no diversion attribution
4616305,2025-08-01,BWB N Toll Plaza - HRP N Lafayatte Ave,Bronx,744,8848.0,53.8503024193549,57.78,secondary feed descriptive coverage; no diversion attribution
4616305,2025-09-01,BWB N Toll Plaza - HRP N Lafayatte Ave,Bronx,720,8536.0,36.56931944444445,50.95,secondary feed descriptive coverage; no diversion attribution
4616305,2025-10-01,BWB N Toll Plaza - HRP N Lafayatte Ave,Bronx,734,8701.0,48.39687329700271,54.9875,secondary feed descriptive coverage; no diversion attribution
4616305,2025-11-01,BWB N Toll Plaza - HRP N Lafayatte Ave,Bronx,718,8564.0,37.79843314763231,50.015,secondary feed descriptive coverage; no diversion attribution
4616305,2025-12-01,BWB N Toll Plaza - HRP N Lafayatte Ave,Bronx,740,8866.0,13.952020270270259,0.9299999999999999,secondary feed descriptive coverage; no diversion attribution
4616305,2026-01-01,BWB N Toll Plaza - HRP N Lafayatte Ave,Bronx,743,8901.0,0.46273216689098334,0.0,secondary feed descriptive coverage; no diversion attribution
4616305,2026-02-01,BWB N Toll Plaza - HRP N Lafayatte Ave,Bronx,672,8048.0,0.36261904761904795,0.0,secondary feed descriptive coverage; no diversion attribution
4616305,2026-03-01,BWB N Toll Plaza - HRP N Lafayatte Ave,Bronx,743,8902.0,0.5209219380888296,0.0,secondary feed descriptive coverage; no diversion attribution
4616305,2026-04-01,BWB N Toll Plaza - HRP N Lafayatte Ave,Bronx,477,5711.0,3.280524109014673,0.0,secondary feed descriptive coverage; no diversion attribution
4616305,2026-05-01,BWB N Toll Plaza - HRP N Lafayatte Ave,Bronx,736,8771.0,0.0686548913043478,0.0,secondary feed descriptive coverage; no diversion attribution
4616305,2026-07-01,BWB N Toll Plaza - HRP N Lafayatte Ave,Bronx,695,8266.0,35.48222302158271,38.52,secondary feed descriptive coverage; no diversion attribution
4616309,2023-01-01,CBE E AMSTERDAM AVE(U/LVL) - MORRIS AVE,Bronx,557,6656.0,34.40412028725313,41.625,secondary feed descriptive coverage; no diversion attribution
4616309,2023-02-01,CBE E AMSTERDAM AVE(U/LVL) - MORRIS AVE,Bronx,661,7888.0,32.37328290468986,36.655,secondary feed descriptive coverage; no diversion attribution
4616309,2023-03-01,CBE E AMSTERDAM AVE(U/LVL) - MORRIS AVE,Bronx,743,8913.0,29.43029609690443,29.82,secondary feed descriptive coverage; no diversion attribution
4616309,2023-04-01,CBE E AMSTERDAM AVE(U/LVL) - MORRIS AVE,Bronx,720,8636.0,29.23883333333333,29.509999999999998,secondary feed descriptive coverage; no diversion attribution
4616309,2023-05-01,CBE E AMSTERDAM AVE(U/LVL) - MORRIS AVE,Bronx,468,5603.0,26.09869658119657,21.740000000000002,secondary feed descriptive coverage; no diversion attribution
4616309,2023-06-01,CBE E AMSTERDAM AVE(U/LVL) - MORRIS AVE,Bronx,541,6478.0,26.80499999999999,21.74,secondary feed descriptive coverage; no diversion attribution
4616309,2023-07-01,CBE E AMSTERDAM AVE(U/LVL) - MORRIS AVE,Bronx,629,7527.0,28.285755166931615,24.54,secondary feed descriptive coverage; no diversion attribution
4616309,2023-08-01,CBE E AMSTERDAM AVE(U/LVL) - MORRIS AVE,Bronx,741,8879.0,28.939493927125493,30.13,secondary feed descriptive coverage; no diversion attribution
4616309,2023-09-01,CBE E AMSTERDAM AVE(U/LVL) - MORRIS AVE,Bronx,708,8468.0,28.47772598870056,28.735,secondary feed descriptive coverage; no diversion attribution
4616309,2023-10-01,CBE E AMSTERDAM AVE(U/LVL) - MORRIS AVE,Bronx,744,8925.0,29.278850806451597,29.665,secondary feed descriptive coverage; no diversion attribution
4616309,2023-11-01,CBE E AMSTERDAM AVE(U/LVL) - MORRIS AVE,Bronx,706,8448.0,21.963314447592055,14.29,secondary feed descriptive coverage; no diversion attribution
4616309,2023-12-01,CBE E AMSTERDAM AVE(U/LVL) - MORRIS AVE,Bronx,744,8928.0,29.830120967741937,30.1325,secondary feed descriptive coverage; no diversion attribution
4616309,2024-01-01,CBE E AMSTERDAM AVE(U/LVL) - MORRIS AVE,Bronx,682,8174.0,32.367302052785924,38.055,secondary feed descriptive coverage; no diversion attribution
4616309,2024-02-01,CBE E AMSTERDAM AVE(U/LVL) - MORRIS AVE,Bronx,416,4974.0,28.84850961538461,28.2675,secondary feed descriptive coverage; no diversion attribution
4616309,2024-03-01,CBE E AMSTERDAM AVE(U/LVL) - MORRIS AVE,Bronx,717,8574.0,26.34304044630402,19.564999999999998,secondary feed descriptive coverage; no diversion attribution
4616309,2024-04-01,CBE E AMSTERDAM AVE(U/LVL) - MORRIS AVE,Bronx,720,8634.0,27.31668055555553,25.005000000000003,secondary feed descriptive coverage; no diversion attribution
4616309,2024-05-01,CBE E AMSTERDAM AVE(U/LVL) - MORRIS AVE,Bronx,744,8913.0,28.060658602150536,25.47,secondary feed descriptive coverage; no diversion attribution
4616309,2024-06-01,CBE E AMSTERDAM AVE(U/LVL) - MORRIS AVE,Bronx,720,8605.0,27.689937499999996,22.365000000000002,secondary feed descriptive coverage; no diversion attribution
4616309,2024-07-01,CBE E AMSTERDAM AVE(U/LVL) - MORRIS AVE,Bronx,729,8713.0,29.756310013717417,30.135,secondary feed descriptive coverage; no diversion attribution
4616309,2024-08-01,CBE E AMSTERDAM AVE(U/LVL) - MORRIS AVE,Bronx,701,8349.0,29.37852353780314,30.13,secondary feed descriptive coverage; no diversion attribution
4616309,2024-09-01,CBE E AMSTERDAM AVE(U/LVL) - MORRIS AVE,Bronx,720,8640.0,27.28341666666665,22.83,secondary feed descriptive coverage; no diversion attribution
4616309,2024-10-01,CBE E AMSTERDAM AVE(U/LVL) - MORRIS AVE,Bronx,744,8923.0,29.40825268817203,29.045,secondary feed descriptive coverage; no diversion attribution
4616309,2024-11-01,CBE E AMSTERDAM AVE(U/LVL) - MORRIS AVE,Bronx,719,8622.0,30.82213490959666,32.305,secondary feed descriptive coverage; no diversion attribution
4616309,2024-12-01,CBE E AMSTERDAM AVE(U/LVL) - MORRIS AVE,Bronx,606,7192.0,28.760330033003275,27.6475,secondary feed descriptive coverage; no diversion attribution
4616309,2025-01-01,CBE E AMSTERDAM AVE(U/LVL) - MORRIS AVE,Bronx,744,8921.0,34.560470430107536,41.4725,secondary feed descriptive coverage; no diversion attribution
4616309,2025-02-01,CBE E AMSTERDAM AVE(U/LVL) - MORRIS AVE,Bronx,672,8064.0,31.02013392857141,33.239999999999995,secondary feed descriptive coverage; no diversion attribution
4616309,2025-03-01,CBE E AMSTERDAM AVE(U/LVL) - MORRIS AVE,Bronx,743,8912.0,26.954596231493944,23.299999999999997,secondary feed descriptive coverage; no diversion attribution
4616309,2025-04-01,CBE E AMSTERDAM AVE(U/LVL) - MORRIS AVE,Bronx,720,8640.0,27.854215277777772,24.85,secondary feed descriptive coverage; no diversion attribution
4616309,2025-05-01,CBE E AMSTERDAM AVE(U/LVL) - MORRIS AVE,Bronx,744,8907.0,27.2568951612903,22.365000000000002,secondary feed descriptive coverage; no diversion attribution
4616309,2025-06-01,CBE E AMSTERDAM AVE(U/LVL) - MORRIS AVE,Bronx,700,8292.0,28.166749999999986,27.96,secondary feed descriptive coverage; no diversion attribution
4616309,2025-07-01,CBE E AMSTERDAM AVE(U/LVL) - MORRIS AVE,Bronx,744,8826.0,29.446081989247332,30.130000000000003,secondary feed descriptive coverage; no diversion attribution
4616309,2025-08-01,CBE E AMSTERDAM AVE(U/LVL) - MORRIS AVE,Bronx,744,8848.0,29.842459677419356,27.8025,secondary feed descriptive coverage; no diversion attribution
4616309,2025-09-01,CBE E AMSTERDAM AVE(U/LVL) - MORRIS AVE,Bronx,720,8536.0,26.131145833333292,26.09,secondary feed descriptive coverage; no diversion attribution
4616309,2025-10-01,CBE E AMSTERDAM AVE(U/LVL) - MORRIS AVE,Bronx,734,8701.0,16.083746594005397,1.86,secondary feed descriptive coverage; no diversion attribution
4616309,2025-11-01,CBE E AMSTERDAM AVE(U/LVL) - MORRIS AVE,Bronx,718,8564.0,30.847876044568245,32.93,secondary feed descriptive coverage; no diversion attribution
4616309,2025-12-01,CBE E AMSTERDAM AVE(U/LVL) - MORRIS AVE,Bronx,740,8866.0,30.257493243243232,33.55,secondary feed descriptive coverage; no diversion attribution
4616309,2026-01-01,CBE E AMSTERDAM AVE(U/LVL) - MORRIS AVE,Bronx,743,8901.0,31.79246971736205,36.66,secondary feed descriptive coverage; no diversion attribution
4616309,2026-02-01,CBE E AMSTERDAM AVE(U/LVL) - MORRIS AVE,Bronx,672,8048.0,30.763125,33.084999999999994,secondary feed descriptive coverage; no diversion attribution
4616309,2026-03-01,CBE E AMSTERDAM AVE(U/LVL) - MORRIS AVE,Bronx,743,8902.0,27.06598923283985,25.16,secondary feed descriptive coverage; no diversion attribution
4616309,2026-04-01,CBE E AMSTERDAM AVE(U/LVL) - MORRIS AVE,Bronx,477,5711.0,28.7880607966457,26.095,secondary feed descriptive coverage; no diversion attribution
4616309,2026-05-01,CBE E AMSTERDAM AVE(U/LVL) - MORRIS AVE,Bronx,736,8772.0,30.89099864130435,23.9175,secondary feed descriptive coverage; no diversion attribution
4616309,2026-07-01,CBE E AMSTERDAM AVE(U/LVL) - MORRIS AVE,Bronx,695,8266.0,36.91620143884892,29.2,secondary feed descriptive coverage; no diversion attribution
4616310,2023-01-01,CBE AMSTERDAM AVE (L/LVL) - MORRIS AVE,Bronx,557,6656.0,33.574622980251334,40.38,secondary feed descriptive coverage; no diversion attribution
4616310,2023-02-01,CBE AMSTERDAM AVE (L/LVL) - MORRIS AVE,Bronx,661,7888.0,31.270892586989422,35.72,secondary feed descriptive coverage; no diversion attribution
4616310,2023-03-01,CBE AMSTERDAM AVE (L/LVL) - MORRIS AVE,Bronx,743,8913.0,28.84104306864064,30.130000000000003,secondary feed descriptive coverage; no diversion attribution
4616310,2023-04-01,CBE AMSTERDAM AVE (L/LVL) - MORRIS AVE,Bronx,720,8636.0,28.88207638888888,28.58,secondary feed descriptive coverage; no diversion attribution
4616310,2023-05-01,CBE AMSTERDAM AVE (L/LVL) - MORRIS AVE,Bronx,468,5603.0,25.893397435897437,20.5,secondary feed descriptive coverage; no diversion attribution
4616310,2023-06-01,CBE AMSTERDAM AVE (L/LVL) - MORRIS AVE,Bronx,541,6478.0,26.93750462107208,22.055,secondary feed descriptive coverage; no diversion attribution
4616310,2023-07-01,CBE AMSTERDAM AVE (L/LVL) - MORRIS AVE,Bronx,629,7527.0,26.711852146263908,21.744999999999997,secondary feed descriptive coverage; no diversion attribution
4616310,2023-08-01,CBE AMSTERDAM AVE (L/LVL) - MORRIS AVE,Bronx,741,8878.0,29.168245614035065,29.509999999999998,secondary feed descriptive coverage; no diversion attribution
4616310,2023-09-01,CBE AMSTERDAM AVE (L/LVL) - MORRIS AVE,Bronx,708,8468.0,27.29069209039549,24.54,secondary feed descriptive coverage; no diversion attribution
4616310,2023-10-01,CBE AMSTERDAM AVE (L/LVL) - MORRIS AVE,Bronx,744,8924.0,28.99491263440859,29.045,secondary feed descriptive coverage; no diversion attribution
4616310,2023-11-01,CBE AMSTERDAM AVE (L/LVL) - MORRIS AVE,Bronx,706,8448.0,21.82737252124646,13.98,secondary feed descriptive coverage; no diversion attribution
4616310,2023-12-01,CBE AMSTERDAM AVE (L/LVL) - MORRIS AVE,Bronx,744,8928.0,29.359106182795717,30.75,secondary feed descriptive coverage; no diversion attribution
4616310,2024-01-01,CBE AMSTERDAM AVE (L/LVL) - MORRIS AVE,Bronx,682,8174.0,31.377111436950162,36.345,secondary feed descriptive coverage; no diversion attribution
4616310,2024-02-01,CBE AMSTERDAM AVE (L/LVL) - MORRIS AVE,Bronx,416,4974.0,28.00076923076921,27.335,secondary feed descriptive coverage; no diversion attribution
4616310,2024-03-01,CBE AMSTERDAM AVE (L/LVL) - MORRIS AVE,Bronx,717,8574.0,26.198891213389107,18.945,secondary feed descriptive coverage; no diversion attribution
4616310,2024-04-01,CBE AMSTERDAM AVE (L/LVL) - MORRIS AVE,Bronx,720,8634.0,27.04739583333331,23.450000000000003,secondary feed descriptive coverage; no diversion attribution
4616310,2024-05-01,CBE AMSTERDAM AVE (L/LVL) - MORRIS AVE,Bronx,744,8913.0,27.83764112903223,23.919999999999998,secondary feed descriptive coverage; no diversion attribution
4616310,2024-06-01,CBE AMSTERDAM AVE (L/LVL) - MORRIS AVE,Bronx,720,8605.0,27.438541666666666,21.7425,secondary feed descriptive coverage; no diversion attribution
4616310,2024-07-01,CBE AMSTERDAM AVE (L/LVL) - MORRIS AVE,Bronx,729,8713.0,29.462956104252385,27.955,secondary feed descriptive coverage; no diversion attribution
4616310,2024-08-01,CBE AMSTERDAM AVE (L/LVL) - MORRIS AVE,Bronx,701,8349.0,29.14551355206847,28.89,secondary feed descriptive coverage; no diversion attribution
4616310,2024-09-01,CBE AMSTERDAM AVE (L/LVL) - MORRIS AVE,Bronx,720,8640.0,27.336347222222216,22.365000000000002,secondary feed descriptive coverage; no diversion attribution
4616310,2024-10-01,CBE AMSTERDAM AVE (L/LVL) - MORRIS AVE,Bronx,744,8923.0,29.331055107526883,27.18,secondary feed descriptive coverage; no diversion attribution
4616310,2024-11-01,CBE AMSTERDAM AVE (L/LVL) - MORRIS AVE,Bronx,719,8622.0,29.74068845618915,29.82,secondary feed descriptive coverage; no diversion attribution
4616310,2024-12-01,CBE AMSTERDAM AVE (L/LVL) - MORRIS AVE,Bronx,606,7192.0,28.468366336633643,26.244999999999997,secondary feed descriptive coverage; no diversion attribution
4616310,2025-01-01,CBE AMSTERDAM AVE (L/LVL) - MORRIS AVE,Bronx,744,8921.0,33.694831989247284,40.07,secondary feed descriptive coverage; no diversion attribution
4616310,2025-02-01,CBE AMSTERDAM AVE (L/LVL) - MORRIS AVE,Bronx,672,8064.0,30.491257440476197,33.235,secondary feed descriptive coverage; no diversion attribution
4616310,2025-03-01,CBE AMSTERDAM AVE (L/LVL) - MORRIS AVE,Bronx,743,8912.0,26.612658142664866,22.674999999999997,secondary feed descriptive coverage; no diversion attribution
4616310,2025-04-01,CBE AMSTERDAM AVE (L/LVL) - MORRIS AVE,Bronx,720,8640.0,27.41270138888888,24.23,secondary feed descriptive coverage; no diversion attribution
4616310,2025-05-01,CBE AMSTERDAM AVE (L/LVL) - MORRIS AVE,Bronx,744,8907.0,26.572748655913983,22.205,secondary feed descriptive coverage; no diversion attribution
4616310,2025-06-01,CBE AMSTERDAM AVE (L/LVL) - MORRIS AVE,Bronx,700,8292.0,28.00709285714285,26.560000000000002,secondary feed descriptive coverage; no diversion attribution
4616310,2025-07-01,CBE AMSTERDAM AVE (L/LVL) - MORRIS AVE,Bronx,744,8826.0,28.657916666666658,26.7125,secondary feed descriptive coverage; no diversion attribution
4616310,2025-08-01,CBE AMSTERDAM AVE (L/LVL) - MORRIS AVE,Bronx,744,8848.0,29.52217741935483,27.9575,secondary feed descriptive coverage; no diversion attribution
4616310,2025-09-01,CBE AMSTERDAM AVE (L/LVL) - MORRIS AVE,Bronx,720,8536.0,25.858722222222195,24.85,secondary feed descriptive coverage; no diversion attribution
4616310,2025-10-01,CBE AMSTERDAM AVE (L/LVL) - MORRIS AVE,Bronx,734,8701.0,15.787077656675716,3.5650000000000004,secondary feed descriptive coverage; no diversion attribution
4616310,2025-11-01,CBE AMSTERDAM AVE (L/LVL) - MORRIS AVE,Bronx,718,8564.0,30.098488857938715,31.5275,secondary feed descriptive coverage; no diversion attribution
4616310,2025-12-01,CBE AMSTERDAM AVE (L/LVL) - MORRIS AVE,Bronx,740,8866.0,29.475891891891898,31.84,secondary feed descriptive coverage; no diversion attribution
4616310,2026-01-01,CBE AMSTERDAM AVE (L/LVL) - MORRIS AVE,Bronx,743,8901.0,31.2714199192463,36.03,secondary feed descriptive coverage; no diversion attribution
4616310,2026-02-01,CBE AMSTERDAM AVE (L/LVL) - MORRIS AVE,Bronx,672,8048.0,30.642336309523813,32.620000000000005,secondary feed descriptive coverage; no diversion attribution
4616310,2026-03-01,CBE AMSTERDAM AVE (L/LVL) - MORRIS AVE,Bronx,743,8902.0,27.223707940780596,23.605,secondary feed descriptive coverage; no diversion attribution
4616310,2026-04-01,CBE AMSTERDAM AVE (L/LVL) - MORRIS AVE,Bronx,477,5711.0,28.454549266247373,24.54,secondary feed descriptive coverage; no diversion attribution
4616310,2026-05-01,CBE AMSTERDAM AVE (L/LVL) - MORRIS AVE,Bronx,736,8772.0,30.116820652173928,23.1425,secondary feed descriptive coverage; no diversion attribution
4616310,2026-07-01,CBE AMSTERDAM AVE (L/LVL) - MORRIS AVE,Bronx,695,8266.0,34.8535035971223,27.96,secondary feed descriptive coverage; no diversion attribution
4616312,2023-01-01,BWB S Queens Anchorage - WSE S Exit 14 (Linden Pl),Queens,557,6655.0,44.08110412926391,47.22,secondary feed descriptive coverage; no diversion attribution
4616312,2023-02-01,BWB S Queens Anchorage - WSE S Exit 14 (Linden Pl),Queens,661,7888.0,42.22810136157339,45.355,secondary feed descriptive coverage; no diversion attribution
4616312,2023-03-01,BWB S Queens Anchorage - WSE S Exit 14 (Linden Pl),Queens,743,8912.0,42.80574024226109,47.22,secondary feed descriptive coverage; no diversion attribution
4616312,2023-04-01,BWB S Queens Anchorage - WSE S Exit 14 (Linden Pl),Queens,720,8636.0,48.906319444444456,51.879999999999995,secondary feed descriptive coverage; no diversion attribution
4616312,2023-05-01,BWB S Queens Anchorage - WSE S Exit 14 (Linden Pl),Queens,468,5605.0,47.28676282051283,51.57,secondary feed descriptive coverage; no diversion attribution
4616312,2023-06-01,BWB S Queens Anchorage - WSE S Exit 14 (Linden Pl),Queens,541,6477.0,44.61659889094268,50.95,secondary feed descriptive coverage; no diversion attribution
4616312,2023-07-01,BWB S Queens Anchorage - WSE S Exit 14 (Linden Pl),Queens,629,7527.0,47.22568362480128,51.57,secondary feed descriptive coverage; no diversion attribution
4616312,2023-08-01,BWB S Queens Anchorage - WSE S Exit 14 (Linden Pl),Queens,741,8878.0,46.45904858299593,50.64,secondary feed descriptive coverage; no diversion attribution
4616312,2023-09-01,BWB S Queens Anchorage - WSE S Exit 14 (Linden Pl),Queens,708,8466.0,46.30825564971753,50.33,secondary feed descriptive coverage; no diversion attribution
4616312,2023-10-01,BWB S Queens Anchorage - WSE S Exit 14 (Linden Pl),Queens,744,8924.0,47.0736357526882,51.105000000000004,secondary feed descriptive coverage; no diversion attribution
4616312,2023-11-01,BWB S Queens Anchorage - WSE S Exit 14 (Linden Pl),Queens,706,8448.0,36.95512747875354,49.39,secondary feed descriptive coverage; no diversion attribution
4616312,2023-12-01,BWB S Queens Anchorage - WSE S Exit 14 (Linden Pl),Queens,744,8928.0,47.9678629032258,51.57,secondary feed descriptive coverage; no diversion attribution
4616312,2024-01-01,BWB S Queens Anchorage - WSE S Exit 14 (Linden Pl),Queens,682,8174.0,49.782719941348944,51.724999999999994,secondary feed descriptive coverage; no diversion attribution
4616312,2024-02-01,BWB S Queens Anchorage - WSE S Exit 14 (Linden Pl),Queens,416,4974.0,49.412752403846156,51.879999999999995,secondary feed descriptive coverage; no diversion attribution
4616312,2024-03-01,BWB S Queens Anchorage - WSE S Exit 14 (Linden Pl),Queens,717,8573.0,47.24748953974895,50.95,secondary feed descriptive coverage; no diversion attribution
4616312,2024-04-01,BWB S Queens Anchorage - WSE S Exit 14 (Linden Pl),Queens,720,8634.0,44.673347222222226,49.39,secondary feed descriptive coverage; no diversion attribution
4616312,2024-05-01,BWB S Queens Anchorage - WSE S Exit 14 (Linden Pl),Queens,744,8913.0,41.374643817204294,46.6,secondary feed descriptive coverage; no diversion attribution
4616312,2024-06-01,BWB S Queens Anchorage - WSE S Exit 14 (Linden Pl),Queens,720,8603.0,47.60543749999998,50.795,secondary feed descriptive coverage; no diversion attribution
4616312,2024-07-01,BWB S Queens Anchorage - WSE S Exit 14 (Linden Pl),Queens,729,8713.0,47.36419753086421,50.015,secondary feed descriptive coverage; no diversion attribution
4616312,2024-08-01,BWB S Queens Anchorage - WSE S Exit 14 (Linden Pl),Queens,701,8349.0,48.074564907275324,50.64,secondary feed descriptive coverage; no diversion attribution
4616312,2024-09-01,BWB S Queens Anchorage - WSE S Exit 14 (Linden Pl),Queens,720,8640.0,47.65536805555556,51.724999999999994,secondary feed descriptive coverage; no diversion attribution
4616312,2024-10-01,BWB S Queens Anchorage - WSE S Exit 14 (Linden Pl),Queens,744,8923.0,47.76164650537635,51.57,secondary feed descriptive coverage; no diversion attribution
4616312,2024-11-01,BWB S Queens Anchorage - WSE S Exit 14 (Linden Pl),Queens,719,8622.0,47.86513908205842,52.19,secondary feed descriptive coverage; no diversion attribution
4616312,2024-12-01,BWB S Queens Anchorage - WSE S Exit 14 (Linden Pl),Queens,606,7192.0,45.30019801980199,50.015,secondary feed descriptive coverage; no diversion attribution
4616312,2025-01-01,BWB S Queens Anchorage - WSE S Exit 14 (Linden Pl),Queens,744,8921.0,50.79010080645166,52.19,secondary feed descriptive coverage; no diversion attribution
4616312,2025-02-01,BWB S Queens Anchorage - WSE S Exit 14 (Linden Pl),Queens,672,8064.0,50.46470982142858,51.879999999999995,secondary feed descriptive coverage; no diversion attribution
4616312,2025-03-01,BWB S Queens Anchorage - WSE S Exit 14 (Linden Pl),Queens,743,8912.0,49.45979811574698,51.57,secondary feed descriptive coverage; no diversion attribution
4616312,2025-04-01,BWB S Queens Anchorage - WSE S Exit 14 (Linden Pl),Queens,720,8640.0,47.12734722222223,50.33,secondary feed descriptive coverage; no diversion attribution
4616312,2025-05-01,BWB S Queens Anchorage - WSE S Exit 14 (Linden Pl),Queens,744,8907.0,45.12333333333333,49.08,secondary feed descriptive coverage; no diversion attribution
4616312,2025-06-01,BWB S Queens Anchorage - WSE S Exit 14 (Linden Pl),Queens,700,8292.0,47.756285714285696,50.33,secondary feed descriptive coverage; no diversion attribution
4616312,2025-07-01,BWB S Queens Anchorage - WSE S Exit 14 (Linden Pl),Queens,744,8826.0,47.90477822580643,50.33,secondary feed descriptive coverage; no diversion attribution
4616312,2025-08-01,BWB S Queens Anchorage - WSE S Exit 14 (Linden Pl),Queens,744,8848.0,47.40907930107525,50.015,secondary feed descriptive coverage; no diversion attribution
4616312,2025-09-01,BWB S Queens Anchorage - WSE S Exit 14 (Linden Pl),Queens,720,8536.0,46.082013888888895,50.015,secondary feed descriptive coverage; no diversion attribution
4616312,2025-10-01,BWB S Queens Anchorage - WSE S Exit 14 (Linden Pl),Queens,734,8701.0,46.302997275204355,50.3275,secondary feed descriptive coverage; no diversion attribution
4616312,2025-11-01,BWB S Queens Anchorage - WSE S Exit 14 (Linden Pl),Queens,718,8564.0,47.54953342618385,50.95,secondary feed descriptive coverage; no diversion attribution
4616312,2025-12-01,BWB S Queens Anchorage - WSE S Exit 14 (Linden Pl),Queens,740,8866.0,45.622074324324295,50.015,secondary feed descriptive coverage; no diversion attribution
4616312,2026-01-01,BWB S Queens Anchorage - WSE S Exit 14 (Linden Pl),Queens,743,8901.0,47.2795895020188,50.95,secondary feed descriptive coverage; no diversion attribution
4616312,2026-02-01,BWB S Queens Anchorage - WSE S Exit 14 (Linden Pl),Queens,672,8048.0,48.037656249999955,50.95,secondary feed descriptive coverage; no diversion attribution
4616312,2026-03-01,BWB S Queens Anchorage - WSE S Exit 14 (Linden Pl),Queens,743,8902.0,21.615982503364734,0.0,secondary feed descriptive coverage; no diversion attribution
4616312,2026-04-01,BWB S Queens Anchorage - WSE S Exit 14 (Linden Pl),Queens,477,5711.0,47.093710691823894,50.015,secondary feed descriptive coverage; no diversion attribution
4616312,2026-05-01,BWB S Queens Anchorage - WSE S Exit 14 (Linden Pl),Queens,736,8771.0,10.487907608695652,0.0,secondary feed descriptive coverage; no diversion attribution
4616312,2026-07-01,BWB S Queens Anchorage - WSE S Exit 14 (Linden Pl),Queens,695,8269.0,32.024043165467596,31.06,secondary feed descriptive coverage; no diversion attribution
4616318,2023-07-01,GOW N 7TH AVENUE - 9TH STREET,Brooklyn,1,1.0,0.0,0.0,secondary feed descriptive coverage; no diversion attribution
4616318,2023-08-01,GOW N 7TH AVENUE - 9TH STREET,Brooklyn,524,6266.0,32.765219465648855,34.480000000000004,secondary feed descriptive coverage; no diversion attribution
4616318,2023-09-01,GOW N 7TH AVENUE - 9TH STREET,Brooklyn,708,8468.0,33.55864406779661,38.83,secondary feed descriptive coverage; no diversion attribution
4616318,2023-10-01,GOW N 7TH AVENUE - 9TH STREET,Brooklyn,744,8926.0,36.73845430107525,42.870000000000005,secondary feed descriptive coverage; no diversion attribution
4616318,2023-11-01,GOW N 7TH AVENUE - 9TH STREET,Brooklyn,205,2435.0,4.834853658536583,5.59,secondary feed descriptive coverage; no diversion attribution
4616318,2024-05-01,GOW N 7TH AVENUE - 9TH STREET,Brooklyn,1,1.0,0.0,0.0,secondary feed descriptive coverage; no diversion attribution
4616318,2025-06-01,GOW N 7TH AVENUE - 9TH STREET,Brooklyn,495,5859.0,33.87307070707069,37.28,secondary feed descriptive coverage; no diversion attribution
4616318,2025-07-01,GOW N 7TH AVENUE - 9TH STREET,Brooklyn,744,8826.0,35.69467069892471,39.14,secondary feed descriptive coverage; no diversion attribution
4616318,2025-08-01,GOW N 7TH AVENUE - 9TH STREET,Brooklyn,744,8848.0,36.20509408602149,38.675,secondary feed descriptive coverage; no diversion attribution
4616318,2025-09-01,GOW N 7TH AVENUE - 9TH STREET,Brooklyn,720,8535.0,33.566548611111095,35.41,secondary feed descriptive coverage; no diversion attribution
4616318,2025-10-01,GOW N 7TH AVENUE - 9TH STREET,Brooklyn,734,8701.0,36.17809264305177,41.01,secondary feed descriptive coverage; no diversion attribution
4616318,2025-11-01,GOW N 7TH AVENUE - 9TH STREET,Brooklyn,718,8564.0,35.71901810584958,41.94,secondary feed descriptive coverage; no diversion attribution
4616318,2025-12-01,GOW N 7TH AVENUE - 9TH STREET,Brooklyn,740,8864.0,35.003986486486475,40.849999999999994,secondary feed descriptive coverage; no diversion attribution
4616318,2026-01-01,GOW N 7TH AVENUE - 9TH STREET,Brooklyn,743,8901.0,38.34339838492597,42.56,secondary feed descriptive coverage; no diversion attribution
4616318,2026-02-01,GOW N 7TH AVENUE - 9TH STREET,Brooklyn,672,8048.0,37.53200892857143,42.87,secondary feed descriptive coverage; no diversion attribution
4616318,2026-03-01,GOW N 7TH AVENUE - 9TH STREET,Brooklyn,743,8902.0,29.50139973082098,27.96,secondary feed descriptive coverage; no diversion attribution
4616318,2026-04-01,GOW N 7TH AVENUE - 9TH STREET,Brooklyn,477,5711.0,36.92305031446542,43.18,secondary feed descriptive coverage; no diversion attribution
4616318,2026-05-01,GOW N 7TH AVENUE - 9TH STREET,Brooklyn,736,8772.0,34.0616644021739,39.14,secondary feed descriptive coverage; no diversion attribution
4616318,2026-07-01,GOW N 7TH AVENUE - 9TH STREET,Brooklyn,695,8267.0,34.51697841726618,39.76,secondary feed descriptive coverage; no diversion attribution
4616319,2023-07-01,GOW S 9TH STREET - 7TH AVENUE,Brooklyn,1,1.0,0.0,0.0,secondary feed descriptive coverage; no diversion attribution
4616319,2023-10-01,GOW S 9TH STREET - 7TH AVENUE,Brooklyn,1,1.0,0.0,0.0,secondary feed descriptive coverage; no diversion attribution
4616319,2025-06-01,GOW S 9TH STREET - 7TH AVENUE,Brooklyn,495,5859.0,40.350090909090895,43.18,secondary feed descriptive coverage; no diversion attribution
4616319,2025-07-01,GOW S 9TH STREET - 7TH AVENUE,Brooklyn,744,8826.0,40.97624999999999,43.49,secondary feed descriptive coverage; no diversion attribution
4616319,2025-08-01,GOW S 9TH STREET - 7TH AVENUE,Brooklyn,744,8848.0,42.66665994623653,43.49,secondary feed descriptive coverage; no diversion attribution
4616319,2025-09-01,GOW S 9TH STREET - 7TH AVENUE,Brooklyn,720,8535.0,41.80979166666666,43.49,secondary feed descriptive coverage; no diversion attribution
4616319,2025-10-01,GOW S 9TH STREET - 7TH AVENUE,Brooklyn,734,8701.0,41.04963215258853,42.870000000000005,secondary feed descriptive coverage; no diversion attribution
4616319,2025-11-01,GOW S 9TH STREET - 7TH AVENUE,Brooklyn,718,8564.0,41.85749303621169,44.11,secondary feed descriptive coverage; no diversion attribution
4616319,2025-12-01,GOW S 9TH STREET - 7TH AVENUE,Brooklyn,740,8864.0,40.23095945945948,41.32,secondary feed descriptive coverage; no diversion attribution
4616319,2026-01-01,GOW S 9TH STREET - 7TH AVENUE,Brooklyn,743,8901.0,39.90660161507402,41.63,secondary feed descriptive coverage; no diversion attribution
4616319,2026-02-01,GOW S 9TH STREET - 7TH AVENUE,Brooklyn,672,8048.0,40.11426339285714,42.25,secondary feed descriptive coverage; no diversion attribution
4616319,2026-03-01,GOW S 9TH STREET - 7TH AVENUE,Brooklyn,743,8902.0,39.06582772543741,41.004999999999995,secondary feed descriptive coverage; no diversion attribution
4616319,2026-04-01,GOW S 9TH STREET - 7TH AVENUE,Brooklyn,477,5711.0,42.23183438155137,43.8,secondary feed descriptive coverage; no diversion attribution
4616319,2026-05-01,GOW S 9TH STREET - 7TH AVENUE,Brooklyn,736,8772.0,39.883464673913046,42.4025,secondary feed descriptive coverage; no diversion attribution
4616319,2026-07-01,GOW S 9TH STREET - 7TH AVENUE,Brooklyn,695,8267.0,42.815115107913684,44.11,secondary feed descriptive coverage; no diversion attribution
4616320,2023-01-01,CIP N TNB - Whitestone Expwy S Exit 14 (Linden Pl),Queens,557,6656.0,51.28272890484739,52.81,secondary feed descriptive coverage; no diversion attribution
4616320,2023-02-01,CIP N TNB - Whitestone Expwy S Exit 14 (Linden Pl),Queens,661,7887.0,49.88145234493192,52.19,secondary feed descriptive coverage; no diversion attribution
4616320,2023-03-01,CIP N TNB - Whitestone Expwy S Exit 14 (Linden Pl),Queens,743,8912.0,51.26059892328397,52.81,secondary feed descriptive coverage; no diversion attribution
4616320,2023-04-01,CIP N TNB - Whitestone Expwy S Exit 14 (Linden Pl),Queens,720,8636.0,50.64801388888889,51.879999999999995,secondary feed descriptive coverage; no diversion attribution
4616320,2023-05-01,CIP N TNB - Whitestone Expwy S Exit 14 (Linden Pl),Queens,468,5605.0,49.92983974358972,51.260000000000005,secondary feed descriptive coverage; no diversion attribution
4616320,2023-06-01,CIP N TNB - Whitestone Expwy S Exit 14 (Linden Pl),Queens,541,6477.0,46.67382624768947,50.64,secondary feed descriptive coverage; no diversion attribution
4616320,2023-07-01,CIP N TNB - Whitestone Expwy S Exit 14 (Linden Pl),Queens,629,7527.0,47.714205087440384,50.945,secondary feed descriptive coverage; no diversion attribution
4616320,2023-08-01,CIP N TNB - Whitestone Expwy S Exit 14 (Linden Pl),Queens,741,8879.0,45.094777327935226,49.39,secondary feed descriptive coverage; no diversion attribution
4616320,2023-09-01,CIP N TNB - Whitestone Expwy S Exit 14 (Linden Pl),Queens,708,8468.0,47.222846045197734,49.705,secondary feed descriptive coverage; no diversion attribution
4616320,2023-10-01,CIP N TNB - Whitestone Expwy S Exit 14 (Linden Pl),Queens,744,8925.0,38.7412298387097,40.072500000000005,secondary feed descriptive coverage; no diversion attribution
4616320,2023-11-01,CIP N TNB - Whitestone Expwy S Exit 14 (Linden Pl),Queens,706,8448.0,37.77859773371103,39.45,secondary feed descriptive coverage; no diversion attribution
4616320,2023-12-01,CIP N TNB - Whitestone Expwy S Exit 14 (Linden Pl),Queens,744,8928.0,38.89663306451614,40.38,secondary feed descriptive coverage; no diversion attribution
4616320,2024-01-01,CIP N TNB - Whitestone Expwy S Exit 14 (Linden Pl),Queens,682,8174.0,37.930997067448665,39.765,secondary feed descriptive coverage; no diversion attribution
4616320,2024-02-01,CIP N TNB - Whitestone Expwy S Exit 14 (Linden Pl),Queens,416,4974.0,38.867596153846144,40.849999999999994,secondary feed descriptive coverage; no diversion attribution
4616320,2024-03-01,CIP N TNB - Whitestone Expwy S Exit 14 (Linden Pl),Queens,717,8574.0,42.15934449093443,43.8,secondary feed descriptive coverage; no diversion attribution
4616320,2024-04-01,CIP N TNB - Whitestone Expwy S Exit 14 (Linden Pl),Queens,720,8634.0,49.93996527777777,51.57,secondary feed descriptive coverage; no diversion attribution
4616320,2024-05-01,CIP N TNB - Whitestone Expwy S Exit 14 (Linden Pl),Queens,744,8913.0,44.78427419354837,48.769999999999996,secondary feed descriptive coverage; no diversion attribution
4616320,2024-06-01,CIP N TNB - Whitestone Expwy S Exit 14 (Linden Pl),Queens,720,8604.0,49.88979166666666,51.260000000000005,secondary feed descriptive coverage; no diversion attribution
4616320,2024-07-01,CIP N TNB - Whitestone Expwy S Exit 14 (Linden Pl),Queens,729,8716.0,49.682620027434865,52.19,secondary feed descriptive coverage; no diversion attribution
4616320,2024-08-01,CIP N TNB - Whitestone Expwy S Exit 14 (Linden Pl),Queens,701,8345.0,50.551305278174056,51.879999999999995,secondary feed descriptive coverage; no diversion attribution
4616320,2024-09-01,CIP N TNB - Whitestone Expwy S Exit 14 (Linden Pl),Queens,720,8640.0,50.045354166666655,51.879999999999995,secondary feed descriptive coverage; no diversion attribution
4616320,2024-10-01,CIP N TNB - Whitestone Expwy S Exit 14 (Linden Pl),Queens,744,8923.0,50.52690860215054,52.81,secondary feed descriptive coverage; no diversion attribution
4616320,2024-11-01,CIP N TNB - Whitestone Expwy S Exit 14 (Linden Pl),Queens,719,8622.0,48.916842837274004,51.57,secondary feed descriptive coverage; no diversion attribution
4616320,2024-12-01,CIP N TNB - Whitestone Expwy S Exit 14 (Linden Pl),Queens,606,7189.0,46.67582508250825,49.2375,secondary feed descriptive coverage; no diversion attribution
4616320,2025-01-01,CIP N TNB - Whitestone Expwy S Exit 14 (Linden Pl),Queens,744,8920.0,48.93594086021505,50.64,secondary feed descriptive coverage; no diversion attribution
4616320,2025-02-01,CIP N TNB - Whitestone Expwy S Exit 14 (Linden Pl),Queens,672,8064.0,46.422693452380955,49.705,secondary feed descriptive coverage; no diversion attribution
4616320,2025-03-01,CIP N TNB - Whitestone Expwy S Exit 14 (Linden Pl),Queens,743,8912.0,48.01165545087483,51.57,secondary feed descriptive coverage; no diversion attribution
4616320,2025-04-01,CIP N TNB - Whitestone Expwy S Exit 14 (Linden Pl),Queens,720,8640.0,51.13102777777773,52.5,secondary feed descriptive coverage; no diversion attribution
4616320,2025-05-01,CIP N TNB - Whitestone Expwy S Exit 14 (Linden Pl),Queens,744,8907.0,47.88043682795698,51.260000000000005,secondary feed descriptive coverage; no diversion attribution
4616320,2025-06-01,CIP N TNB - Whitestone Expwy S Exit 14 (Linden Pl),Queens,700,8292.0,49.98695000000001,51.879999999999995,secondary feed descriptive coverage; no diversion attribution
4616320,2025-07-01,CIP N TNB - Whitestone Expwy S Exit 14 (Linden Pl),Queens,744,8826.0,50.97874327956986,52.035,secondary feed descriptive coverage; no diversion attribution
4616320,2025-08-01,CIP N TNB - Whitestone Expwy S Exit 14 (Linden Pl),Queens,744,8848.0,50.506478494623664,51.879999999999995,secondary feed descriptive coverage; no diversion attribution
4616320,2025-09-01,CIP N TNB - Whitestone Expwy S Exit 14 (Linden Pl),Queens,720,8535.0,49.33420138888887,51.260000000000005,secondary feed descriptive coverage; no diversion attribution
4616320,2025-10-01,CIP N TNB - Whitestone Expwy S Exit 14 (Linden Pl),Queens,734,8701.0,48.71029972752041,51.260000000000005,secondary feed descriptive coverage; no diversion attribution
4616320,2025-11-01,CIP N TNB - Whitestone Expwy S Exit 14 (Linden Pl),Queens,718,8564.0,50.500334261838425,52.19,secondary feed descriptive coverage; no diversion attribution
4616320,2025-12-01,CIP N TNB - Whitestone Expwy S Exit 14 (Linden Pl),Queens,740,8865.0,49.52493243243239,51.57,secondary feed descriptive coverage; no diversion attribution
4616320,2026-01-01,CIP N TNB - Whitestone Expwy S Exit 14 (Linden Pl),Queens,743,8901.0,49.59251009421267,51.57,secondary feed descriptive coverage; no diversion attribution
4616320,2026-02-01,CIP N TNB - Whitestone Expwy S Exit 14 (Linden Pl),Queens,672,8048.0,49.55852678571428,51.57,secondary feed descriptive coverage; no diversion attribution
4616320,2026-03-01,CIP N TNB - Whitestone Expwy S Exit 14 (Linden Pl),Queens,743,8902.0,49.89872139973084,52.19,secondary feed descriptive coverage; no diversion attribution
4616320,2026-04-01,CIP N TNB - Whitestone Expwy S Exit 14 (Linden Pl),Queens,477,5711.0,50.00208595387843,52.81,secondary feed descriptive coverage; no diversion attribution
4616320,2026-05-01,CIP N TNB - Whitestone Expwy S Exit 14 (Linden Pl),Queens,736,8771.0,49.52404211956521,52.19,secondary feed descriptive coverage; no diversion attribution
4616320,2026-07-01,CIP N TNB - Whitestone Expwy S Exit 14 (Linden Pl),Queens,695,8268.0,63.13630215827335,60.89,secondary feed descriptive coverage; no diversion attribution
4616323,2023-01-01,12th Ave S 57th St - 45th St,Manhattan,557,6656.0,34.259730700179524,38.21,secondary feed descriptive coverage; no diversion attribution
4616323,2023-02-01,12th Ave S 57th St - 45th St,Manhattan,661,7887.0,35.76111951588501,39.14,secondary feed descriptive coverage; no diversion attribution
4616323,2023-03-01,12th Ave S 57th St - 45th St,Manhattan,743,8913.0,36.72491924629877,39.45,secondary feed descriptive coverage; no diversion attribution
4616323,2023-04-01,12th Ave S 57th St - 45th St,Manhattan,720,8635.0,35.668673611111124,38.83,secondary feed descriptive coverage; no diversion attribution
4616323,2023-05-01,12th Ave S 57th St - 45th St,Manhattan,468,5603.0,34.832724358974374,36.655,secondary feed descriptive coverage; no diversion attribution
4616323,2023-06-01,12th Ave S 57th St - 45th St,Manhattan,541,6478.0,36.68396487985212,37.900000000000006,secondary feed descriptive coverage; no diversion attribution
4616323,2023-07-01,12th Ave S 57th St - 45th St,Manhattan,629,7526.0,29.236351351351345,32.925,secondary feed descriptive coverage; no diversion attribution
4616323,2023-08-01,12th Ave S 57th St - 45th St,Manhattan,741,8879.0,36.80237516869093,39.76,secondary feed descriptive coverage; no diversion attribution
4616323,2023-09-01,12th Ave S 57th St - 45th St,Manhattan,708,8468.0,35.199731638418065,37.59,secondary feed descriptive coverage; no diversion attribution
4616323,2023-10-01,12th Ave S 57th St - 45th St,Manhattan,744,8925.0,32.09414650537633,35.102500000000006,secondary feed descriptive coverage; no diversion attribution
4616323,2023-11-01,12th Ave S 57th St - 45th St,Manhattan,706,8447.0,23.867223796034004,29.2,secondary feed descriptive coverage; no diversion attribution
4616323,2023-12-01,12th Ave S 57th St - 45th St,Manhattan,744,8928.0,21.768245967741922,22.674999999999997,secondary feed descriptive coverage; no diversion attribution
4616323,2024-01-01,12th Ave S 57th St - 45th St,Manhattan,682,8174.0,24.095857771260988,25.315,secondary feed descriptive coverage; no diversion attribution
4616323,2024-02-01,12th Ave S 57th St - 45th St,Manhattan,416,4973.0,31.089194711538468,35.567499999999995,secondary feed descriptive coverage; no diversion attribution
4616323,2024-03-01,12th Ave S 57th St - 45th St,Manhattan,717,8574.0,27.459121338912126,31.065,secondary feed descriptive coverage; no diversion attribution
4616323,2024-04-01,12th Ave S 57th St - 45th St,Manhattan,720,8634.0,15.206500000000005,12.11,secondary feed descriptive coverage; no diversion attribution
4616323,2024-05-01,12th Ave S 57th St - 45th St,Manhattan,744,8912.0,0.0,0.0,secondary feed descriptive coverage; no diversion attribution
4616323,2024-06-01,12th Ave S 57th St - 45th St,Manhattan,720,8606.0,0.0,0.0,secondary feed descriptive coverage; no diversion attribution
4616323,2024-07-01,12th Ave S 57th St - 45th St,Manhattan,729,8716.0,0.0,0.0,secondary feed descriptive coverage; no diversion attribution
4616323,2024-08-01,12th Ave S 57th St - 45th St,Manhattan,701,8348.0,0.0,0.0,secondary feed descriptive coverage; no diversion attribution
4616323,2024-09-01,12th Ave S 57th St - 45th St,Manhattan,720,8640.0,0.0,0.0,secondary feed descriptive coverage; no diversion attribution
4616323,2024-10-01,12th Ave S 57th St - 45th St,Manhattan,744,8923.0,0.0,0.0,secondary feed descriptive coverage; no diversion attribution
4616323,2024-11-01,12th Ave S 57th St - 45th St,Manhattan,719,8624.0,0.0,0.0,secondary feed descriptive coverage; no diversion attribution
4616323,2024-12-01,12th Ave S 57th St - 45th St,Manhattan,606,7196.0,0.0,0.0,secondary feed descriptive coverage; no diversion attribution
4616323,2025-01-01,12th Ave S 57th St - 45th St,Manhattan,744,8923.0,0.0,0.0,secondary feed descriptive coverage; no diversion attribution
4616323,2025-02-01,12th Ave S 57th St - 45th St,Manhattan,672,8064.0,0.0,0.0,secondary feed descriptive coverage; no diversion attribution
4616323,2025-03-01,12th Ave S 57th St - 45th St,Manhattan,743,8912.0,0.0,0.0,secondary feed descriptive coverage; no diversion attribution
4616323,2025-04-01,12th Ave S 57th St - 45th St,Manhattan,720,8640.0,0.0,0.0,secondary feed descriptive coverage; no diversion attribution
4616323,2025-05-01,12th Ave S 57th St - 45th St,Manhattan,744,8908.0,0.0,0.0,secondary feed descriptive coverage; no diversion attribution
4616323,2025-06-01,12th Ave S 57th St - 45th St,Manhattan,700,8292.0,0.0,0.0,secondary feed descriptive coverage; no diversion attribution
4616323,2025-07-01,12th Ave S 57th St - 45th St,Manhattan,744,8826.0,0.0,0.0,secondary feed descriptive coverage; no diversion attribution
4616323,2025-08-01,12th Ave S 57th St - 45th St,Manhattan,744,8848.0,0.0,0.0,secondary feed descriptive coverage; no diversion attribution
4616323,2025-09-01,12th Ave S 57th St - 45th St,Manhattan,720,8536.0,0.0,0.0,secondary feed descriptive coverage; no diversion attribution
4616323,2025-10-01,12th Ave S 57th St - 45th St,Manhattan,734,8701.0,0.0,0.0,secondary feed descriptive coverage; no diversion attribution
4616323,2025-11-01,12th Ave S 57th St - 45th St,Manhattan,718,8564.0,0.0,0.0,secondary feed descriptive coverage; no diversion attribution
4616323,2025-12-01,12th Ave S 57th St - 45th St,Manhattan,740,8868.0,0.0,0.0,secondary feed descriptive coverage; no diversion attribution
4616323,2026-01-01,12th Ave S 57th St - 45th St,Manhattan,743,8901.0,0.0,0.0,secondary feed descriptive coverage; no diversion attribution
4616323,2026-02-01,12th Ave S 57th St - 45th St,Manhattan,672,8048.0,0.0,0.0,secondary feed descriptive coverage; no diversion attribution
4616323,2026-03-01,12th Ave S 57th St - 45th St,Manhattan,743,8902.0,0.0,0.0,secondary feed descriptive coverage; no diversion attribution
4616323,2026-04-01,12th Ave S 57th St - 45th St,Manhattan,477,5711.0,0.0,0.0,secondary feed descriptive coverage; no diversion attribution
4616323,2026-05-01,12th Ave S 57th St - 45th St,Manhattan,736,8771.0,0.0,0.0,secondary feed descriptive coverage; no diversion attribution
4616323,2026-07-01,12th Ave S 57th St - 45th St,Manhattan,695,8268.0,0.0,0.0,secondary feed descriptive coverage; no diversion attribution
4616324,2023-01-01,12th ave @ 45th - 11 ave ganservoort st,Manhattan,557,6656.0,17.29075403949731,16.77,secondary feed descriptive coverage; no diversion attribution
4616324,2023-02-01,12th ave @ 45th - 11 ave ganservoort st,Manhattan,661,7887.0,16.100537065052947,15.84,secondary feed descriptive coverage; no diversion attribution
4616324,2023-03-01,12th ave @ 45th - 11 ave ganservoort st,Manhattan,743,8913.0,16.412617765814264,15.84,secondary feed descriptive coverage; no diversion attribution
4616324,2023-04-01,12th ave @ 45th - 11 ave ganservoort st,Manhattan,720,8635.0,15.81761111111111,15.53,secondary feed descriptive coverage; no diversion attribution
4616324,2023-05-01,12th ave @ 45th - 11 ave ganservoort st,Manhattan,468,5603.0,15.462970085470086,14.91,secondary feed descriptive coverage; no diversion attribution
4616324,2023-06-01,12th ave @ 45th - 11 ave ganservoort st,Manhattan,541,6478.0,15.679510166358591,15.219999999999999,secondary feed descriptive coverage; no diversion attribution
4616324,2023-07-01,12th ave @ 45th - 11 ave ganservoort st,Manhattan,629,7526.0,17.07530206677265,16.77,secondary feed descriptive coverage; no diversion attribution
4616324,2023-08-01,12th ave @ 45th - 11 ave ganservoort st,Manhattan,741,8879.0,16.727914979757077,16.15,secondary feed descriptive coverage; no diversion attribution
4616324,2023-09-01,12th ave @ 45th - 11 ave ganservoort st,Manhattan,708,8468.0,14.780840395480215,14.29,secondary feed descriptive coverage; no diversion attribution
4616324,2023-10-01,12th ave @ 45th - 11 ave ganservoort st,Manhattan,744,8925.0,14.502372311827942,14.1325,secondary feed descriptive coverage; no diversion attribution
4616324,2023-11-01,12th ave @ 45th - 11 ave ganservoort st,Manhattan,706,8447.0,13.55784702549575,13.975,secondary feed descriptive coverage; no diversion attribution
4616324,2023-12-01,12th ave @ 45th - 11 ave ganservoort st,Manhattan,744,8928.0,16.789455645161283,15.53,secondary feed descriptive coverage; no diversion attribution
4616324,2024-01-01,12th ave @ 45th - 11 ave ganservoort st,Manhattan,682,8174.0,18.320241935483857,17.545,secondary feed descriptive coverage; no diversion attribution
4616324,2024-02-01,12th ave @ 45th - 11 ave ganservoort st,Manhattan,416,4973.0,14.555709134615396,14.6,secondary feed descriptive coverage; no diversion attribution
4616324,2024-03-01,12th ave @ 45th - 11 ave ganservoort st,Manhattan,717,8574.0,13.90910041841004,14.6,secondary feed descriptive coverage; no diversion attribution
4616324,2024-04-01,12th ave @ 45th - 11 ave ganservoort st,Manhattan,720,8634.0,9.646756944444451,11.8,secondary feed descriptive coverage; no diversion attribution
4616324,2024-05-01,12th ave @ 45th - 11 ave ganservoort st,Manhattan,744,8912.0,0.0,0.0,secondary feed descriptive coverage; no diversion attribution
4616324,2024-06-01,12th ave @ 45th - 11 ave ganservoort st,Manhattan,720,8606.0,0.0,0.0,secondary feed descriptive coverage; no diversion attribution
4616324,2024-07-01,12th ave @ 45th - 11 ave ganservoort st,Manhattan,729,8716.0,0.0,0.0,secondary feed descriptive coverage; no diversion attribution
4616324,2024-08-01,12th ave @ 45th - 11 ave ganservoort st,Manhattan,701,8348.0,0.0,0.0,secondary feed descriptive coverage; no diversion attribution
4616324,2024-09-01,12th ave @ 45th - 11 ave ganservoort st,Manhattan,720,8640.0,0.0,0.0,secondary feed descriptive coverage; no diversion attribution
4616324,2024-10-01,12th ave @ 45th - 11 ave ganservoort st,Manhattan,744,8923.0,0.0,0.0,secondary feed descriptive coverage; no diversion attribution
4616324,2024-11-01,12th ave @ 45th - 11 ave ganservoort st,Manhattan,719,8619.0,0.0,0.0,secondary feed descriptive coverage; no diversion attribution
4616324,2024-12-01,12th ave @ 45th - 11 ave ganservoort st,Manhattan,606,7187.0,0.0,0.0,secondary feed descriptive coverage; no diversion attribution
4616324,2025-01-01,12th ave @ 45th - 11 ave ganservoort st,Manhattan,744,8918.0,0.0,0.0,secondary feed descriptive coverage; no diversion attribution
4616324,2025-02-01,12th ave @ 45th - 11 ave ganservoort st,Manhattan,672,8064.0,0.0,0.0,secondary feed descriptive coverage; no diversion attribution
4616324,2025-03-01,12th ave @ 45th - 11 ave ganservoort st,Manhattan,743,8912.0,0.0,0.0,secondary feed descriptive coverage; no diversion attribution
4616324,2025-04-01,12th ave @ 45th - 11 ave ganservoort st,Manhattan,720,8640.0,0.0,0.0,secondary feed descriptive coverage; no diversion attribution
4616324,2025-05-01,12th ave @ 45th - 11 ave ganservoort st,Manhattan,744,8907.0,0.0,0.0,secondary feed descriptive coverage; no diversion attribution
4616324,2025-06-01,12th ave @ 45th - 11 ave ganservoort st,Manhattan,700,8292.0,0.0,0.0,secondary feed descriptive coverage; no diversion attribution
4616324,2025-07-01,12th ave @ 45th - 11 ave ganservoort st,Manhattan,744,8826.0,0.0,0.0,secondary feed descriptive coverage; no diversion attribution
4616324,2025-08-01,12th ave @ 45th - 11 ave ganservoort st,Manhattan,744,8848.0,0.0,0.0,secondary feed descriptive coverage; no diversion attribution
4616324,2025-09-01,12th ave @ 45th - 11 ave ganservoort st,Manhattan,720,8535.0,0.0,0.0,secondary feed descriptive coverage; no diversion attribution
4616324,2025-10-01,12th ave @ 45th - 11 ave ganservoort st,Manhattan,734,8701.0,0.0,0.0,secondary feed descriptive coverage; no diversion attribution
4616324,2025-11-01,12th ave @ 45th - 11 ave ganservoort st,Manhattan,718,8564.0,0.0,0.0,secondary feed descriptive coverage; no diversion attribution
4616324,2025-12-01,12th ave @ 45th - 11 ave ganservoort st,Manhattan,740,8864.0,0.0,0.0,secondary feed descriptive coverage; no diversion attribution
4616324,2026-01-01,12th ave @ 45th - 11 ave ganservoort st,Manhattan,743,8901.0,0.0,0.0,secondary feed descriptive coverage; no diversion attribution
4616324,2026-02-01,12th ave @ 45th - 11 ave ganservoort st,Manhattan,672,8048.0,0.0,0.0,secondary feed descriptive coverage; no diversion attribution
4616324,2026-03-01,12th ave @ 45th - 11 ave ganservoort st,Manhattan,743,8902.0,0.0,0.0,secondary feed descriptive coverage; no diversion attribution
4616324,2026-04-01,12th ave @ 45th - 11 ave ganservoort st,Manhattan,477,5711.0,0.0,0.0,secondary feed descriptive coverage; no diversion attribution
4616324,2026-05-01,12th ave @ 45th - 11 ave ganservoort st,Manhattan,736,8771.0,0.0,0.0,secondary feed descriptive coverage; no diversion attribution
4616324,2026-07-01,12th ave @ 45th - 11 ave ganservoort st,Manhattan,695,8267.0,0.0,0.0,secondary feed descriptive coverage; no diversion attribution
4616325,2023-01-01,11th ave s ganservoort - west st @ spring st,Manhattan,557,6656.0,0.0,0.0,secondary feed descriptive coverage; no diversion attribution
4616325,2023-02-01,11th ave s ganservoort - west st @ spring st,Manhattan,661,7887.0,0.0,0.0,secondary feed descriptive coverage; no diversion attribution
4616325,2023-03-01,11th ave s ganservoort - west st @ spring st,Manhattan,743,8913.0,0.0,0.0,secondary feed descriptive coverage; no diversion attribution
4616325,2023-04-01,11th ave s ganservoort - west st @ spring st,Manhattan,720,8636.0,0.0,0.0,secondary feed descriptive coverage; no diversion attribution
4616325,2023-05-01,11th ave s ganservoort - west st @ spring st,Manhattan,468,5604.0,0.0,0.0,secondary feed descriptive coverage; no diversion attribution
4616325,2023-06-01,11th ave s ganservoort - west st @ spring st,Manhattan,541,6478.0,0.0,0.0,secondary feed descriptive coverage; no diversion attribution
4616325,2023-07-01,11th ave s ganservoort - west st @ spring st,Manhattan,629,7526.0,0.0,0.0,secondary feed descriptive coverage; no diversion attribution
4616325,2023-08-01,11th ave s ganservoort - west st @ spring st,Manhattan,741,8879.0,0.0,0.0,secondary feed descriptive coverage; no diversion attribution
4616325,2023-09-01,11th ave s ganservoort - west st @ spring st,Manhattan,708,8468.0,0.0,0.0,secondary feed descriptive coverage; no diversion attribution
4616325,2023-10-01,11th ave s ganservoort - west st @ spring st,Manhattan,744,8925.0,0.0,0.0,secondary feed descriptive coverage; no diversion attribution
4616325,2023-11-01,11th ave s ganservoort - west st @ spring st,Manhattan,706,8447.0,0.0,0.0,secondary feed descriptive coverage; no diversion attribution
4616325,2023-12-01,11th ave s ganservoort - west st @ spring st,Manhattan,744,8928.0,0.0,0.0,secondary feed descriptive coverage; no diversion attribution
4616325,2024-01-01,11th ave s ganservoort - west st @ spring st,Manhattan,682,8174.0,0.0,0.0,secondary feed descriptive coverage; no diversion attribution
4616325,2024-02-01,11th ave s ganservoort - west st @ spring st,Manhattan,416,4973.0,0.0,0.0,secondary feed descriptive coverage; no diversion attribution
4616325,2024-03-01,11th ave s ganservoort - west st @ spring st,Manhattan,717,8574.0,0.0,0.0,secondary feed descriptive coverage; no diversion attribution
4616325,2024-04-01,11th ave s ganservoort - west st @ spring st,Manhattan,720,8634.0,0.0,0.0,secondary feed descriptive coverage; no diversion attribution
4616325,2024-05-01,11th ave s ganservoort - west st @ spring st,Manhattan,744,8912.0,0.0,0.0,secondary feed descriptive coverage; no diversion attribution
4616325,2024-06-01,11th ave s ganservoort - west st @ spring st,Manhattan,720,8606.0,0.0,0.0,secondary feed descriptive coverage; no diversion attribution
4616325,2024-07-01,11th ave s ganservoort - west st @ spring st,Manhattan,729,8717.0,0.0,0.0,secondary feed descriptive coverage; no diversion attribution
4616325,2024-08-01,11th ave s ganservoort - west st @ spring st,Manhattan,701,8349.0,0.0,0.0,secondary feed descriptive coverage; no diversion attribution
4616325,2024-09-01,11th ave s ganservoort - west st @ spring st,Manhattan,720,8640.0,0.0,0.0,secondary feed descriptive coverage; no diversion attribution
4616325,2024-10-01,11th ave s ganservoort - west st @ spring st,Manhattan,744,8923.0,0.0,0.0,secondary feed descriptive coverage; no diversion attribution
4616325,2024-11-01,11th ave s ganservoort - west st @ spring st,Manhattan,719,8622.0,0.0,0.0,secondary feed descriptive coverage; no diversion attribution
4616325,2024-12-01,11th ave s ganservoort - west st @ spring st,Manhattan,606,7192.0,0.0,0.0,secondary feed descriptive coverage; no diversion attribution
4616325,2025-01-01,11th ave s ganservoort - west st @ spring st,Manhattan,744,8920.0,0.0,0.0,secondary feed descriptive coverage; no diversion attribution
4616325,2025-02-01,11th ave s ganservoort - west st @ spring st,Manhattan,672,8064.0,0.0,0.0,secondary feed descriptive coverage; no diversion attribution
4616325,2025-03-01,11th ave s ganservoort - west st @ spring st,Manhattan,743,8912.0,0.0,0.0,secondary feed descriptive coverage; no diversion attribution
4616325,2025-04-01,11th ave s ganservoort - west st @ spring st,Manhattan,720,8640.0,0.0,0.0,secondary feed descriptive coverage; no diversion attribution
4616325,2025-05-01,11th ave s ganservoort - west st @ spring st,Manhattan,744,8907.0,0.0,0.0,secondary feed descriptive coverage; no diversion attribution
4616325,2025-06-01,11th ave s ganservoort - west st @ spring st,Manhattan,700,8292.0,0.0,0.0,secondary feed descriptive coverage; no diversion attribution
4616325,2025-07-01,11th ave s ganservoort - west st @ spring st,Manhattan,744,8826.0,0.0,0.0,secondary feed descriptive coverage; no diversion attribution
4616325,2025-08-01,11th ave s ganservoort - west st @ spring st,Manhattan,744,8848.0,0.0,0.0,secondary feed descriptive coverage; no diversion attribution
4616325,2025-09-01,11th ave s ganservoort - west st @ spring st,Manhattan,720,8536.0,0.0,0.0,secondary feed descriptive coverage; no diversion attribution
4616325,2025-10-01,11th ave s ganservoort - west st @ spring st,Manhattan,734,8701.0,0.0,0.0,secondary feed descriptive coverage; no diversion attribution
4616325,2025-11-01,11th ave s ganservoort - west st @ spring st,Manhattan,718,8564.0,0.0,0.0,secondary feed descriptive coverage; no diversion attribution
4616325,2025-12-01,11th ave s ganservoort - west st @ spring st,Manhattan,740,8865.0,0.0,0.0,secondary feed descriptive coverage; no diversion attribution
4616325,2026-01-01,11th ave s ganservoort - west st @ spring st,Manhattan,743,8901.0,0.0,0.0,secondary feed descriptive coverage; no diversion attribution
4616325,2026-02-01,11th ave s ganservoort - west st @ spring st,Manhattan,672,8048.0,0.0,0.0,secondary feed descriptive coverage; no diversion attribution
4616325,2026-03-01,11th ave s ganservoort - west st @ spring st,Manhattan,743,8902.0,0.0,0.0,secondary feed descriptive coverage; no diversion attribution
4616325,2026-04-01,11th ave s ganservoort - west st @ spring st,Manhattan,477,5711.0,0.0,0.0,secondary feed descriptive coverage; no diversion attribution
4616325,2026-05-01,11th ave s ganservoort - west st @ spring st,Manhattan,736,8772.0,0.0,0.0,secondary feed descriptive coverage; no diversion attribution
4616325,2026-07-01,11th ave s ganservoort - west st @ spring st,Manhattan,695,8268.0,0.0,0.0,secondary feed descriptive coverage; no diversion attribution
4616328,2023-01-01,FDR N Catherine Slip - 25th St,Manhattan,557,6656.0,37.86290843806101,42.25,secondary feed descriptive coverage; no diversion attribution
4616328,2023-02-01,FDR N Catherine Slip - 25th St,Manhattan,661,7888.0,37.53310892586989,41.63,secondary feed descriptive coverage; no diversion attribution
4616328,2023-03-01,FDR N Catherine Slip - 25th St,Manhattan,743,8913.0,37.688458950201884,42.25,secondary feed descriptive coverage; no diversion attribution
4616328,2023-04-01,FDR N Catherine Slip - 25th St,Manhattan,720,8636.0,36.9075625,42.25,secondary feed descriptive coverage; no diversion attribution
4616328,2023-05-01,FDR N Catherine Slip - 25th St,Manhattan,468,5603.0,36.75307692307692,41.63,secondary feed descriptive coverage; no diversion attribution
4616328,2023-06-01,FDR N Catherine Slip - 25th St,Manhattan,541,6478.0,39.079639556377074,42.25,secondary feed descriptive coverage; no diversion attribution
4616328,2023-07-01,FDR N Catherine Slip - 25th St,Manhattan,629,7526.0,40.65760731319553,42.87,secondary feed descriptive coverage; no diversion attribution
4616328,2023-08-01,FDR N Catherine Slip - 25th St,Manhattan,741,8879.0,40.19826585695006,42.25,secondary feed descriptive coverage; no diversion attribution
4616328,2023-09-01,FDR N Catherine Slip - 25th St,Manhattan,708,8468.0,37.276490112994345,40.695,secondary feed descriptive coverage; no diversion attribution
4616328,2023-10-01,FDR N Catherine Slip - 25th St,Manhattan,744,8924.0,35.24537634408601,40.07,secondary feed descriptive coverage; no diversion attribution
4616328,2023-11-01,FDR N Catherine Slip - 25th St,Manhattan,706,8448.0,37.377485835694024,41.32,secondary feed descriptive coverage; no diversion attribution
4616328,2023-12-01,FDR N Catherine Slip - 25th St,Manhattan,744,8928.0,37.95391801075267,41.32,secondary feed descriptive coverage; no diversion attribution
4616328,2024-01-01,FDR N Catherine Slip - 25th St,Manhattan,682,8174.0,39.763885630498535,42.25,secondary feed descriptive coverage; no diversion attribution
4616328,2024-02-01,FDR N Catherine Slip - 25th St,Manhattan,416,4973.0,39.38579326923077,42.25,secondary feed descriptive coverage; no diversion attribution
4616328,2024-03-01,FDR N Catherine Slip - 25th St,Manhattan,717,8574.0,34.30755230125523,37.28,secondary feed descriptive coverage; no diversion attribution
4616328,2024-04-01,FDR N Catherine Slip - 25th St,Manhattan,720,8634.0,27.198305555555542,27.025,secondary feed descriptive coverage; no diversion attribution
4616328,2024-05-01,FDR N Catherine Slip - 25th St,Manhattan,744,8912.0,24.026344086021492,22.674999999999997,secondary feed descriptive coverage; no diversion attribution
4616328,2024-06-01,FDR N Catherine Slip - 25th St,Manhattan,720,8606.0,25.7137361111111,24.54,secondary feed descriptive coverage; no diversion attribution
4616328,2024-07-01,FDR N Catherine Slip - 25th St,Manhattan,729,8715.0,27.98067901234567,28.27,secondary feed descriptive coverage; no diversion attribution
4616328,2024-08-01,FDR N Catherine Slip - 25th St,Manhattan,701,8349.0,29.484843081312412,30.13,secondary feed descriptive coverage; no diversion attribution
4616328,2024-09-01,FDR N Catherine Slip - 25th St,Manhattan,720,8640.0,22.975444444444445,20.5,secondary feed descriptive coverage; no diversion attribution
4616328,2024-10-01,FDR N Catherine Slip - 25th St,Manhattan,744,8923.0,23.299267473118277,21.2775,secondary feed descriptive coverage; no diversion attribution
4616328,2024-11-01,FDR N Catherine Slip - 25th St,Manhattan,719,8621.0,23.83575799721836,21.74,secondary feed descriptive coverage; no diversion attribution
4616328,2024-12-01,FDR N Catherine Slip - 25th St,Manhattan,606,7189.0,25.003399339933985,22.055,secondary feed descriptive coverage; no diversion attribution
4616328,2025-01-01,FDR N Catherine Slip - 25th St,Manhattan,744,8919.0,32.03531586021504,36.66,secondary feed descriptive coverage; no diversion attribution
4616328,2025-02-01,FDR N Catherine Slip - 25th St,Manhattan,672,8064.0,30.183177083333323,32.614999999999995,secondary feed descriptive coverage; no diversion attribution
4616328,2025-03-01,FDR N Catherine Slip - 25th St,Manhattan,743,8912.0,23.638842530282634,25.16,secondary feed descriptive coverage; no diversion attribution
4616328,2025-04-01,FDR N Catherine Slip - 25th St,Manhattan,720,8640.0,27.316729166666654,29.2,secondary feed descriptive coverage; no diversion attribution
4616328,2025-05-01,FDR N Catherine Slip - 25th St,Manhattan,744,8907.0,27.507385752688176,27.490000000000002,secondary feed descriptive coverage; no diversion attribution
4616328,2025-06-01,FDR N Catherine Slip - 25th St,Manhattan,700,8292.0,29.794428571428547,32.620000000000005,secondary feed descriptive coverage; no diversion attribution
4616328,2025-07-01,FDR N Catherine Slip - 25th St,Manhattan,744,8826.0,34.10320564516127,39.76,secondary feed descriptive coverage; no diversion attribution
4616328,2025-08-01,FDR N Catherine Slip - 25th St,Manhattan,744,8848.0,31.959569892473095,37.59,secondary feed descriptive coverage; no diversion attribution
4616328,2025-09-01,FDR N Catherine Slip - 25th St,Manhattan,720,8535.0,19.178423611111118,13.98,secondary feed descriptive coverage; no diversion attribution
4616328,2025-10-01,FDR N Catherine Slip - 25th St,Manhattan,734,8701.0,25.508331062670315,24.23,secondary feed descriptive coverage; no diversion attribution
4616328,2025-11-01,FDR N Catherine Slip - 25th St,Manhattan,718,8564.0,28.676462395543187,29.975,secondary feed descriptive coverage; no diversion attribution
4616328,2025-12-01,FDR N Catherine Slip - 25th St,Manhattan,740,8865.0,27.911878378378386,30.905,secondary feed descriptive coverage; no diversion attribution
4616328,2026-01-01,FDR N Catherine Slip - 25th St,Manhattan,743,8901.0,11.539825033647372,6.83,secondary feed descriptive coverage; no diversion attribution
4616328,2026-02-01,FDR N Catherine Slip - 25th St,Manhattan,672,8048.0,11.099799107142852,6.21,secondary feed descriptive coverage; no diversion attribution
4616328,2026-03-01,FDR N Catherine Slip - 25th St,Manhattan,743,8902.0,17.017678331090178,16.15,secondary feed descriptive coverage; no diversion attribution
4616328,2026-04-01,FDR N Catherine Slip - 25th St,Manhattan,477,5711.0,19.516761006289308,18.634999999999998,secondary feed descriptive coverage; no diversion attribution
4616328,2026-05-01,FDR N Catherine Slip - 25th St,Manhattan,736,8772.0,17.96413722826087,14.91,secondary feed descriptive coverage; no diversion attribution
4616328,2026-07-01,FDR N Catherine Slip - 25th St,Manhattan,695,8267.0,23.36513669064749,22.055,secondary feed descriptive coverage; no diversion attribution
4616329,2023-01-01,FDR N 25th - 63rd St,Manhattan,557,6656.0,31.177298025134647,30.75,secondary feed descriptive coverage; no diversion attribution
4616329,2023-02-01,FDR N 25th - 63rd St,Manhattan,661,7888.0,29.013282904689863,27.955,secondary feed descriptive coverage; no diversion attribution
4616329,2023-03-01,FDR N 25th - 63rd St,Manhattan,743,8913.0,28.436117092866763,27.65,secondary feed descriptive coverage; no diversion attribution
4616329,2023-04-01,FDR N 25th - 63rd St,Manhattan,720,8636.0,29.866604166666665,30.439999999999998,secondary feed descriptive coverage; no diversion attribution
4616329,2023-05-01,FDR N 25th - 63rd St,Manhattan,468,5603.0,27.58575854700855,27.34,secondary feed descriptive coverage; no diversion attribution
4616329,2023-06-01,FDR N 25th - 63rd St,Manhattan,541,6478.0,31.501210720887272,34.480000000000004,secondary feed descriptive coverage; no diversion attribution
4616329,2023-07-01,FDR N 25th - 63rd St,Manhattan,629,7526.0,32.07075516693165,36.345,secondary feed descriptive coverage; no diversion attribution
4616329,2023-08-01,FDR N 25th - 63rd St,Manhattan,741,8879.0,32.30198380566798,36.03,secondary feed descriptive coverage; no diversion attribution
4616329,2023-09-01,FDR N 25th - 63rd St,Manhattan,708,8468.0,28.917358757062143,31.84,secondary feed descriptive coverage; no diversion attribution
4616329,2023-10-01,FDR N 25th - 63rd St,Manhattan,744,8925.0,26.620268817204277,23.6075,secondary feed descriptive coverage; no diversion attribution
4616329,2023-11-01,FDR N 25th - 63rd St,Manhattan,706,8448.0,28.472641643059482,29.2,secondary feed descriptive coverage; no diversion attribution
4616329,2023-12-01,FDR N 25th - 63rd St,Manhattan,744,8928.0,28.46618279569891,29.665,secondary feed descriptive coverage; no diversion attribution
4616329,2024-01-01,FDR N 25th - 63rd St,Manhattan,682,8174.0,32.64071114369502,36.655,secondary feed descriptive coverage; no diversion attribution
4616329,2024-02-01,FDR N 25th - 63rd St,Manhattan,416,4973.0,31.63568509615383,36.1875,secondary feed descriptive coverage; no diversion attribution
4616329,2024-03-01,FDR N 25th - 63rd St,Manhattan,717,8574.0,29.86938633193863,31.369999999999997,secondary feed descriptive coverage; no diversion attribution
4616329,2024-04-01,FDR N 25th - 63rd St,Manhattan,720,8634.0,26.82204166666666,26.4,secondary feed descriptive coverage; no diversion attribution
4616329,2024-05-01,FDR N 25th - 63rd St,Manhattan,744,8912.0,22.76897849462366,20.810000000000002,secondary feed descriptive coverage; no diversion attribution
4616329,2024-06-01,FDR N 25th - 63rd St,Manhattan,720,8606.0,25.793499999999998,24.85,secondary feed descriptive coverage; no diversion attribution
4616329,2024-07-01,FDR N 25th - 63rd St,Manhattan,729,8715.0,27.627407407407404,27.96,secondary feed descriptive coverage; no diversion attribution
4616329,2024-08-01,FDR N 25th - 63rd St,Manhattan,701,8349.0,28.987097004279594,29.82,secondary feed descriptive coverage; no diversion attribution
4616329,2024-09-01,FDR N 25th - 63rd St,Manhattan,720,8640.0,21.979124999999996,19.26,secondary feed descriptive coverage; no diversion attribution
4616329,2024-10-01,FDR N 25th - 63rd St,Manhattan,744,8923.0,22.677056451612902,20.810000000000002,secondary feed descriptive coverage; no diversion attribution
4616329,2024-11-01,FDR N 25th - 63rd St,Manhattan,719,8621.0,23.93194019471488,21.43,secondary feed descriptive coverage; no diversion attribution
4616329,2024-12-01,FDR N 25th - 63rd St,Manhattan,606,7189.0,22.829612211221125,18.64,secondary feed descriptive coverage; no diversion attribution
4616329,2025-01-01,FDR N 25th - 63rd St,Manhattan,744,8919.0,29.836942204301064,32.615,secondary feed descriptive coverage; no diversion attribution
4616329,2025-02-01,FDR N 25th - 63rd St,Manhattan,672,8064.0,26.742358630952378,28.27,secondary feed descriptive coverage; no diversion attribution
4616329,2025-03-01,FDR N 25th - 63rd St,Manhattan,743,8912.0,23.390686406460294,25.16,secondary feed descriptive coverage; no diversion attribution
4616329,2025-04-01,FDR N 25th - 63rd St,Manhattan,720,8640.0,19.692166666666658,20.655,secondary feed descriptive coverage; no diversion attribution
4616329,2025-05-01,FDR N 25th - 63rd St,Manhattan,744,8907.0,6.3081653225806456,0.0,secondary feed descriptive coverage; no diversion attribution
4616329,2025-06-01,FDR N 25th - 63rd St,Manhattan,700,8292.0,24.672242857142862,26.0925,secondary feed descriptive coverage; no diversion attribution
4616329,2025-07-01,FDR N 25th - 63rd St,Manhattan,744,8826.0,30.348205645161283,33.55,secondary feed descriptive coverage; no diversion attribution
4616329,2025-08-01,FDR N 25th - 63rd St,Manhattan,744,8848.0,31.875362903225792,33.239999999999995,secondary feed descriptive coverage; no diversion attribution
4616329,2025-09-01,FDR N 25th - 63rd St,Manhattan,720,8535.0,27.20211805555556,27.3375,secondary feed descriptive coverage; no diversion attribution
4616329,2025-10-01,FDR N 25th - 63rd St,Manhattan,734,8701.0,26.0042370572207,25.9375,secondary feed descriptive coverage; no diversion attribution
4616329,2025-11-01,FDR N 25th - 63rd St,Manhattan,718,8564.0,26.74309888579387,25.47,secondary feed descriptive coverage; no diversion attribution
4616329,2025-12-01,FDR N 25th - 63rd St,Manhattan,740,8865.0,27.146695945945957,27.025,secondary feed descriptive coverage; no diversion attribution
4616329,2026-01-01,FDR N 25th - 63rd St,Manhattan,743,8901.0,26.281534320323,27.025,secondary feed descriptive coverage; no diversion attribution
4616329,2026-02-01,FDR N 25th - 63rd St,Manhattan,672,8048.0,20.06328124999999,17.39,secondary feed descriptive coverage; no diversion attribution
4616329,2026-03-01,FDR N 25th - 63rd St,Manhattan,743,8902.0,23.766164199192442,21.740000000000002,secondary feed descriptive coverage; no diversion attribution
4616329,2026-04-01,FDR N 25th - 63rd St,Manhattan,477,5711.0,19.30188679245283,18.015,secondary feed descriptive coverage; no diversion attribution
4616329,2026-05-01,FDR N 25th - 63rd St,Manhattan,736,8772.0,17.904612771739117,14.6,secondary feed descriptive coverage; no diversion attribution
4616329,2026-07-01,FDR N 25th - 63rd St,Manhattan,695,8268.0,32.00110071942446,35.41,secondary feed descriptive coverage; no diversion attribution
4616332,2023-01-01,FDR S 63rd - 25th St,Manhattan,557,6656.0,32.380017953321364,30.75,secondary feed descriptive coverage; no diversion attribution
4616332,2023-02-01,FDR S 63rd - 25th St,Manhattan,661,7888.0,33.16324508320725,32.614999999999995,secondary feed descriptive coverage; no diversion attribution
4616332,2023-03-01,FDR S 63rd - 25th St,Manhattan,743,8913.0,34.46145356662179,33.86,secondary feed descriptive coverage; no diversion attribution
4616332,2023-04-01,FDR S 63rd - 25th St,Manhattan,720,8636.0,32.383861111111095,30.75,secondary feed descriptive coverage; no diversion attribution
4616332,2023-05-01,FDR S 63rd - 25th St,Manhattan,468,5603.0,34.751420940170966,38.519999999999996,secondary feed descriptive coverage; no diversion attribution
4616332,2023-06-01,FDR S 63rd - 25th St,Manhattan,541,6478.0,36.45635859519408,39.14,secondary feed descriptive coverage; no diversion attribution
4616332,2023-07-01,FDR S 63rd - 25th St,Manhattan,629,7526.0,37.79702702702702,39.76,secondary feed descriptive coverage; no diversion attribution
4616332,2023-08-01,FDR S 63rd - 25th St,Manhattan,741,8879.0,37.92553306342782,39.76,secondary feed descriptive coverage; no diversion attribution
4616332,2023-09-01,FDR S 63rd - 25th St,Manhattan,708,8468.0,35.76995762711864,37.28,secondary feed descriptive coverage; no diversion attribution
4616332,2023-10-01,FDR S 63rd - 25th St,Manhattan,744,8925.0,35.691317204301065,37.587500000000006,secondary feed descriptive coverage; no diversion attribution
4616332,2023-11-01,FDR S 63rd - 25th St,Manhattan,706,8448.0,36.08625354107648,38.21,secondary feed descriptive coverage; no diversion attribution
4616332,2023-12-01,FDR S 63rd - 25th St,Manhattan,744,8928.0,36.35946236559139,39.14,secondary feed descriptive coverage; no diversion attribution
4616332,2024-01-01,FDR S 63rd - 25th St,Manhattan,682,8174.0,40.47036656891497,41.63,secondary feed descriptive coverage; no diversion attribution
4616332,2024-02-01,FDR S 63rd - 25th St,Manhattan,416,4973.0,39.318377403846135,41.005,secondary feed descriptive coverage; no diversion attribution
4616332,2024-03-01,FDR S 63rd - 25th St,Manhattan,717,8574.0,36.92805439330543,39.14,secondary feed descriptive coverage; no diversion attribution
4616332,2024-04-01,FDR S 63rd - 25th St,Manhattan,720,8634.0,30.63018749999998,36.345,secondary feed descriptive coverage; no diversion attribution
4616332,2024-05-01,FDR S 63rd - 25th St,Manhattan,744,8913.0,29.984159946236556,33.082499999999996,secondary feed descriptive coverage; no diversion attribution
4616332,2024-06-01,FDR S 63rd - 25th St,Manhattan,720,8606.0,36.01061111111109,38.52,secondary feed descriptive coverage; no diversion attribution
4616332,2024-07-01,FDR S 63rd - 25th St,Manhattan,729,8715.0,26.11123456790125,29.2,secondary feed descriptive coverage; no diversion attribution
4616332,2024-08-01,FDR S 63rd - 25th St,Manhattan,701,8349.0,23.53332382310984,24.23,secondary feed descriptive coverage; no diversion attribution
4616332,2024-09-01,FDR S 63rd - 25th St,Manhattan,720,8640.0,21.631854166666677,21.12,secondary feed descriptive coverage; no diversion attribution
4616332,2024-10-01,FDR S 63rd - 25th St,Manhattan,744,8923.0,20.842600806451614,20.810000000000002,secondary feed descriptive coverage; no diversion attribution
4616332,2024-11-01,FDR S 63rd - 25th St,Manhattan,719,8621.0,23.412614742698185,23.61,secondary feed descriptive coverage; no diversion attribution
4616332,2024-12-01,FDR S 63rd - 25th St,Manhattan,606,7189.0,24.53068481848185,24.695,secondary feed descriptive coverage; no diversion attribution
4616332,2025-01-01,FDR S 63rd - 25th St,Manhattan,744,8919.0,26.34053763440862,29.200000000000003,secondary feed descriptive coverage; no diversion attribution
4616332,2025-02-01,FDR S 63rd - 25th St,Manhattan,672,8064.0,24.80616071428572,28.58,secondary feed descriptive coverage; no diversion attribution
4616332,2025-03-01,FDR S 63rd - 25th St,Manhattan,743,8912.0,24.87026244952893,27.645,secondary feed descriptive coverage; no diversion attribution
4616332,2025-04-01,FDR S 63rd - 25th St,Manhattan,720,8640.0,27.143493055555552,30.445,secondary feed descriptive coverage; no diversion attribution
4616332,2025-05-01,FDR S 63rd - 25th St,Manhattan,744,8907.0,29.18155913978493,30.439999999999998,secondary feed descriptive coverage; no diversion attribution
4616332,2025-06-01,FDR S 63rd - 25th St,Manhattan,700,8292.0,28.823592857142867,30.130000000000003,secondary feed descriptive coverage; no diversion attribution
4616332,2025-07-01,FDR S 63rd - 25th St,Manhattan,744,8826.0,34.57771505376344,38.52,secondary feed descriptive coverage; no diversion attribution
4616332,2025-08-01,FDR S 63rd - 25th St,Manhattan,744,8848.0,37.84854166666665,39.76,secondary feed descriptive coverage; no diversion attribution
4616332,2025-09-01,FDR S 63rd - 25th St,Manhattan,720,8535.0,34.73792361111109,38.52,secondary feed descriptive coverage; no diversion attribution
4616332,2025-10-01,FDR S 63rd - 25th St,Manhattan,734,8701.0,31.560013623978204,36.345,secondary feed descriptive coverage; no diversion attribution
4616332,2025-11-01,FDR S 63rd - 25th St,Manhattan,718,8564.0,34.527792479108626,38.52,secondary feed descriptive coverage; no diversion attribution
4616332,2025-12-01,FDR S 63rd - 25th St,Manhattan,740,8865.0,36.319777027027,39.14,secondary feed descriptive coverage; no diversion attribution
4616332,2026-01-01,FDR S 63rd - 25th St,Manhattan,743,8901.0,36.70750336473755,39.76,secondary feed descriptive coverage; no diversion attribution
4616332,2026-02-01,FDR S 63rd - 25th St,Manhattan,672,8048.0,34.11874255952381,37.900000000000006,secondary feed descriptive coverage; no diversion attribution
4616332,2026-03-01,FDR S 63rd - 25th St,Manhattan,743,8902.0,37.55913862718706,39.76,secondary feed descriptive coverage; no diversion attribution
4616332,2026-04-01,FDR S 63rd - 25th St,Manhattan,477,5711.0,11.912756813417191,10.870000000000001,secondary feed descriptive coverage; no diversion attribution
4616332,2026-05-01,FDR S 63rd - 25th St,Manhattan,736,8772.0,30.251847826086948,30.595,secondary feed descriptive coverage; no diversion attribution
4616332,2026-07-01,FDR S 63rd - 25th St,Manhattan,695,8269.0,38.08973381294963,40.07,secondary feed descriptive coverage; no diversion attribution
4616333,2023-01-01,FDR S 25th St - Catherine Slip,Manhattan,557,6656.0,41.164524236983816,44.42,secondary feed descriptive coverage; no diversion attribution
4616333,2023-02-01,FDR S 25th St - Catherine Slip,Manhattan,661,7888.0,41.949780635400906,44.42,secondary feed descriptive coverage; no diversion attribution
4616333,2023-03-01,FDR S 25th St - Catherine Slip,Manhattan,743,8913.0,41.654179004037644,44.11,secondary feed descriptive coverage; no diversion attribution
4616333,2023-04-01,FDR S 25th St - Catherine Slip,Manhattan,720,8636.0,42.79406249999999,44.73,secondary feed descriptive coverage; no diversion attribution
4616333,2023-05-01,FDR S 25th St - Catherine Slip,Manhattan,468,5603.0,41.56835470085465,43.8,secondary feed descriptive coverage; no diversion attribution
4616333,2023-06-01,FDR S 25th St - Catherine Slip,Manhattan,541,6478.0,42.78185767097967,44.11,secondary feed descriptive coverage; no diversion attribution
4616333,2023-07-01,FDR S 25th St - Catherine Slip,Manhattan,629,7526.0,42.49321144674082,44.42,secondary feed descriptive coverage; no diversion attribution
4616333,2023-08-01,FDR S 25th St - Catherine Slip,Manhattan,741,8879.0,42.8200337381916,44.11,secondary feed descriptive coverage; no diversion attribution
4616333,2023-09-01,FDR S 25th St - Catherine Slip,Manhattan,708,8468.0,40.92257768361579,43.8,secondary feed descriptive coverage; no diversion attribution
4616333,2023-10-01,FDR S 25th St - Catherine Slip,Manhattan,744,8924.0,40.98247311827956,44.11,secondary feed descriptive coverage; no diversion attribution
4616333,2023-11-01,FDR S 25th St - Catherine Slip,Manhattan,706,8448.0,41.29368271954674,44.42,secondary feed descriptive coverage; no diversion attribution
4616333,2023-12-01,FDR S 25th St - Catherine Slip,Manhattan,744,8928.0,42.14974462365589,44.11,secondary feed descriptive coverage; no diversion attribution
4616333,2024-01-01,FDR S 25th St - Catherine Slip,Manhattan,682,8174.0,40.17704545454543,43.955,secondary feed descriptive coverage; no diversion attribution
4616333,2024-02-01,FDR S 25th St - Catherine Slip,Manhattan,416,4973.0,42.6304567307692,44.265,secondary feed descriptive coverage; no diversion attribution
4616333,2024-03-01,FDR S 25th St - Catherine Slip,Manhattan,717,8574.0,39.470634588563456,43.18,secondary feed descriptive coverage; no diversion attribution
4616333,2024-04-01,FDR S 25th St - Catherine Slip,Manhattan,720,8634.0,32.85789583333333,38.519999999999996,secondary feed descriptive coverage; no diversion attribution
4616333,2024-05-01,FDR S 25th St - Catherine Slip,Manhattan,744,8913.0,33.705120967741905,38.519999999999996,secondary feed descriptive coverage; no diversion attribution
4616333,2024-06-01,FDR S 25th St - Catherine Slip,Manhattan,720,8606.0,37.27156944444447,41.94,secondary feed descriptive coverage; no diversion attribution
4616333,2024-07-01,FDR S 25th St - Catherine Slip,Manhattan,729,8715.0,37.38051440329219,41.63,secondary feed descriptive coverage; no diversion attribution
4616333,2024-08-01,FDR S 25th St - Catherine Slip,Manhattan,701,8349.0,38.01237517831669,42.25,secondary feed descriptive coverage; no diversion attribution
4616333,2024-09-01,FDR S 25th St - Catherine Slip,Manhattan,720,8640.0,27.41372222222223,26.71,secondary feed descriptive coverage; no diversion attribution
4616333,2024-10-01,FDR S 25th St - Catherine Slip,Manhattan,744,8923.0,32.983897849462345,37.275000000000006,secondary feed descriptive coverage; no diversion attribution
4616333,2024-11-01,FDR S 25th St - Catherine Slip,Manhattan,719,8621.0,35.259172461752435,39.760000000000005,secondary feed descriptive coverage; no diversion attribution
4616333,2024-12-01,FDR S 25th St - Catherine Slip,Manhattan,606,7189.0,34.440726072607255,39.14,secondary feed descriptive coverage; no diversion attribution
4616333,2025-01-01,FDR S 25th St - Catherine Slip,Manhattan,744,8919.0,40.28288978494624,43.18,secondary feed descriptive coverage; no diversion attribution
4616333,2025-02-01,FDR S 25th St - Catherine Slip,Manhattan,672,8064.0,38.5715401785714,42.25,secondary feed descriptive coverage; no diversion attribution
4616333,2025-03-01,FDR S 25th St - Catherine Slip,Manhattan,743,8912.0,37.56518169582773,42.56,secondary feed descriptive coverage; no diversion attribution
4616333,2025-04-01,FDR S 25th St - Catherine Slip,Manhattan,720,8640.0,38.46852777777777,42.25,secondary feed descriptive coverage; no diversion attribution
4616333,2025-05-01,FDR S 25th St - Catherine Slip,Manhattan,744,8907.0,38.61125672043009,41.32,secondary feed descriptive coverage; no diversion attribution
4616333,2025-06-01,FDR S 25th St - Catherine Slip,Manhattan,700,8292.0,37.751264285714285,41.63,secondary feed descriptive coverage; no diversion attribution
4616333,2025-07-01,FDR S 25th St - Catherine Slip,Manhattan,744,8826.0,38.87709005376343,42.25,secondary feed descriptive coverage; no diversion attribution
4616333,2025-08-01,FDR S 25th St - Catherine Slip,Manhattan,744,8848.0,40.218965053763434,42.87,secondary feed descriptive coverage; no diversion attribution
4616333,2025-09-01,FDR S 25th St - Catherine Slip,Manhattan,720,8535.0,32.248548611111104,31.685000000000002,secondary feed descriptive coverage; no diversion attribution
4616333,2025-10-01,FDR S 25th St - Catherine Slip,Manhattan,734,8701.0,35.14111716621254,38.52,secondary feed descriptive coverage; no diversion attribution
4616333,2025-11-01,FDR S 25th St - Catherine Slip,Manhattan,718,8564.0,38.6459818941504,42.56,secondary feed descriptive coverage; no diversion attribution
4616333,2025-12-01,FDR S 25th St - Catherine Slip,Manhattan,740,8865.0,37.18799999999997,40.38,secondary feed descriptive coverage; no diversion attribution
4616333,2026-01-01,FDR S 25th St - Catherine Slip,Manhattan,743,8901.0,29.349939434724064,29.82,secondary feed descriptive coverage; no diversion attribution
4616333,2026-02-01,FDR S 25th St - Catherine Slip,Manhattan,672,8048.0,24.773950892857133,26.09,secondary feed descriptive coverage; no diversion attribution
4616333,2026-03-01,FDR S 25th St - Catherine Slip,Manhattan,743,8902.0,6.705020188425303,0.0,secondary feed descriptive coverage; no diversion attribution
4616333,2026-04-01,FDR S 25th St - Catherine Slip,Manhattan,477,5711.0,8.10264150943396,6.52,secondary feed descriptive coverage; no diversion attribution
4616333,2026-05-01,FDR S 25th St - Catherine Slip,Manhattan,736,8772.0,30.241677989130444,30.595,secondary feed descriptive coverage; no diversion attribution
4616333,2026-07-01,FDR S 25th St - Catherine Slip,Manhattan,695,8268.0,34.03080575539569,37.900000000000006,secondary feed descriptive coverage; no diversion attribution
4616337,2023-01-01,11th ave n ganservoort - 12th ave @ 40th st,Manhattan,557,6656.0,11.492154398563734,11.18,secondary feed descriptive coverage; no diversion attribution
4616337,2023-02-01,11th ave n ganservoort - 12th ave @ 40th st,Manhattan,661,7887.0,12.612987897125574,11.8,secondary feed descriptive coverage; no diversion attribution
4616337,2023-03-01,11th ave n ganservoort - 12th ave @ 40th st,Manhattan,743,8913.0,12.41137281292059,11.49,secondary feed descriptive coverage; no diversion attribution
4616337,2023-04-01,11th ave n ganservoort - 12th ave @ 40th st,Manhattan,720,8636.0,7.1038333333333314,4.032500000000001,secondary feed descriptive coverage; no diversion attribution
4616337,2023-05-01,11th ave n ganservoort - 12th ave @ 40th st,Manhattan,468,5604.0,2.575064102564111,1.86,secondary feed descriptive coverage; no diversion attribution
4616337,2023-06-01,11th ave n ganservoort - 12th ave @ 40th st,Manhattan,541,6478.0,2.2138447319778267,1.86,secondary feed descriptive coverage; no diversion attribution
4616337,2023-07-01,11th ave n ganservoort - 12th ave @ 40th st,Manhattan,629,7526.0,3.0008267090620073,2.17,secondary feed descriptive coverage; no diversion attribution
4616337,2023-08-01,11th ave n ganservoort - 12th ave @ 40th st,Manhattan,741,8879.0,2.7930769230769275,2.17,secondary feed descriptive coverage; no diversion attribution
4616337,2023-09-01,11th ave n ganservoort - 12th ave @ 40th st,Manhattan,708,8468.0,2.5567372881355985,1.86,secondary feed descriptive coverage; no diversion attribution
4616337,2023-10-01,11th ave n ganservoort - 12th ave @ 40th st,Manhattan,744,8925.0,3.1024731182795726,2.17,secondary feed descriptive coverage; no diversion attribution
4616337,2023-11-01,11th ave n ganservoort - 12th ave @ 40th st,Manhattan,706,8447.0,2.4776416430594947,1.86,secondary feed descriptive coverage; no diversion attribution
4616337,2023-12-01,11th ave n ganservoort - 12th ave @ 40th st,Manhattan,744,8928.0,7.309764784946235,6.21,secondary feed descriptive coverage; no diversion attribution
4616337,2024-01-01,11th ave n ganservoort - 12th ave @ 40th st,Manhattan,682,8174.0,5.721818181818174,2.48,secondary feed descriptive coverage; no diversion attribution
4616337,2024-02-01,11th ave n ganservoort - 12th ave @ 40th st,Manhattan,416,4973.0,5.79139423076923,2.48,secondary feed descriptive coverage; no diversion attribution
4616337,2024-03-01,11th ave n ganservoort - 12th ave @ 40th st,Manhattan,717,8574.0,3.352524407252441,2.17,secondary feed descriptive coverage; no diversion attribution
4616337,2024-04-01,11th ave n ganservoort - 12th ave @ 40th st,Manhattan,720,8634.0,2.48591666666667,1.86,secondary feed descriptive coverage; no diversion attribution
4616337,2024-05-01,11th ave n ganservoort - 12th ave @ 40th st,Manhattan,744,8913.0,0.0,0.0,secondary feed descriptive coverage; no diversion attribution
4616337,2024-06-01,11th ave n ganservoort - 12th ave @ 40th st,Manhattan,720,8606.0,0.0,0.0,secondary feed descriptive coverage; no diversion attribution
4616337,2024-07-01,11th ave n ganservoort - 12th ave @ 40th st,Manhattan,729,8717.0,0.0,0.0,secondary feed descriptive coverage; no diversion attribution
4616337,2024-08-01,11th ave n ganservoort - 12th ave @ 40th st,Manhattan,701,8349.0,0.0,0.0,secondary feed descriptive coverage; no diversion attribution
4616337,2024-09-01,11th ave n ganservoort - 12th ave @ 40th st,Manhattan,720,8640.0,0.0,0.0,secondary feed descriptive coverage; no diversion attribution
4616337,2024-10-01,11th ave n ganservoort - 12th ave @ 40th st,Manhattan,744,8923.0,0.0,0.0,secondary feed descriptive coverage; no diversion attribution
4616337,2024-11-01,11th ave n ganservoort - 12th ave @ 40th st,Manhattan,719,8624.0,0.0,0.0,secondary feed descriptive coverage; no diversion attribution
4616337,2024-12-01,11th ave n ganservoort - 12th ave @ 40th st,Manhattan,606,7196.0,0.0,0.0,secondary feed descriptive coverage; no diversion attribution
4616337,2025-01-01,11th ave n ganservoort - 12th ave @ 40th st,Manhattan,744,8923.0,0.0,0.0,secondary feed descriptive coverage; no diversion attribution
4616337,2025-02-01,11th ave n ganservoort - 12th ave @ 40th st,Manhattan,672,8064.0,0.0,0.0,secondary feed descriptive coverage; no diversion attribution
4616337,2025-03-01,11th ave n ganservoort - 12th ave @ 40th st,Manhattan,743,8912.0,0.0,0.0,secondary feed descriptive coverage; no diversion attribution
4616337,2025-04-01,11th ave n ganservoort - 12th ave @ 40th st,Manhattan,720,8640.0,0.0,0.0,secondary feed descriptive coverage; no diversion attribution
4616337,2025-05-01,11th ave n ganservoort - 12th ave @ 40th st,Manhattan,744,8908.0,0.0,0.0,secondary feed descriptive coverage; no diversion attribution
4616337,2025-06-01,11th ave n ganservoort - 12th ave @ 40th st,Manhattan,700,8292.0,0.0,0.0,secondary feed descriptive coverage; no diversion attribution
4616337,2025-07-01,11th ave n ganservoort - 12th ave @ 40th st,Manhattan,744,8826.0,0.0,0.0,secondary feed descriptive coverage; no diversion attribution
4616337,2025-08-01,11th ave n ganservoort - 12th ave @ 40th st,Manhattan,744,8848.0,0.0,0.0,secondary feed descriptive coverage; no diversion attribution
4616337,2025-09-01,11th ave n ganservoort - 12th ave @ 40th st,Manhattan,720,8536.0,0.0,0.0,secondary feed descriptive coverage; no diversion attribution
4616337,2025-10-01,11th ave n ganservoort - 12th ave @ 40th st,Manhattan,734,8701.0,0.0,0.0,secondary feed descriptive coverage; no diversion attribution
4616337,2025-11-01,11th ave n ganservoort - 12th ave @ 40th st,Manhattan,718,8564.0,0.0,0.0,secondary feed descriptive coverage; no diversion attribution
4616337,2025-12-01,11th ave n ganservoort - 12th ave @ 40th st,Manhattan,740,8868.0,0.0,0.0,secondary feed descriptive coverage; no diversion attribution
4616337,2026-01-01,11th ave n ganservoort - 12th ave @ 40th st,Manhattan,743,8901.0,0.0,0.0,secondary feed descriptive coverage; no diversion attribution
4616337,2026-02-01,11th ave n ganservoort - 12th ave @ 40th st,Manhattan,672,8048.0,0.0,0.0,secondary feed descriptive coverage; no diversion attribution
4616337,2026-03-01,11th ave n ganservoort - 12th ave @ 40th st,Manhattan,743,8902.0,0.0,0.0,secondary feed descriptive coverage; no diversion attribution
4616337,2026-04-01,11th ave n ganservoort - 12th ave @ 40th st,Manhattan,477,5711.0,0.0,0.0,secondary feed descriptive coverage; no diversion attribution
4616337,2026-05-01,11th ave n ganservoort - 12th ave @ 40th st,Manhattan,736,8772.0,0.0,0.0,secondary feed descriptive coverage; no diversion attribution
4616337,2026-07-01,11th ave n ganservoort - 12th ave @ 40th st,Manhattan,695,8267.0,0.0,0.0,secondary feed descriptive coverage; no diversion attribution
4616338,2023-01-01,12th Ave N 40th - 57th St,Manhattan,557,6656.0,16.471247755834824,17.08,secondary feed descriptive coverage; no diversion attribution
4616338,2023-02-01,12th Ave N 40th - 57th St,Manhattan,661,7887.0,15.238608169440234,14.905,secondary feed descriptive coverage; no diversion attribution
4616338,2023-03-01,12th Ave N 40th - 57th St,Manhattan,743,8913.0,15.210430686406458,14.29,secondary feed descriptive coverage; no diversion attribution
4616338,2023-04-01,12th Ave N 40th - 57th St,Manhattan,720,8636.0,8.555187499999995,3.41,secondary feed descriptive coverage; no diversion attribution
4616338,2023-05-01,12th Ave N 40th - 57th St,Manhattan,468,5603.0,2.2357585470085537,1.86,secondary feed descriptive coverage; no diversion attribution
4616338,2023-06-01,12th Ave N 40th - 57th St,Manhattan,541,6478.0,2.2040018484288426,1.86,secondary feed descriptive coverage; no diversion attribution
4616338,2023-07-01,12th Ave N 40th - 57th St,Manhattan,629,7526.0,2.2925357710651886,1.86,secondary feed descriptive coverage; no diversion attribution
4616338,2023-08-01,12th Ave N 40th - 57th St,Manhattan,741,8879.0,2.2606207827260514,1.86,secondary feed descriptive coverage; no diversion attribution
4616338,2023-09-01,12th Ave N 40th - 57th St,Manhattan,708,8468.0,2.2547387005649773,1.86,secondary feed descriptive coverage; no diversion attribution
4616338,2023-10-01,12th Ave N 40th - 57th St,Manhattan,744,8925.0,3.2254368279569885,2.48,secondary feed descriptive coverage; no diversion attribution
4616338,2023-11-01,12th Ave N 40th - 57th St,Manhattan,706,8447.0,2.4072096317280516,1.86,secondary feed descriptive coverage; no diversion attribution
4616338,2023-12-01,12th Ave N 40th - 57th St,Manhattan,744,8928.0,9.215577956989245,3.41,secondary feed descriptive coverage; no diversion attribution
4616338,2024-01-01,12th Ave N 40th - 57th St,Manhattan,682,8174.0,6.518423753665682,2.48,secondary feed descriptive coverage; no diversion attribution
4616338,2024-02-01,12th Ave N 40th - 57th St,Manhattan,416,4973.0,6.74496394230769,2.48,secondary feed descriptive coverage; no diversion attribution
4616338,2024-03-01,12th Ave N 40th - 57th St,Manhattan,717,8574.0,3.331136680613667,2.17,secondary feed descriptive coverage; no diversion attribution
4616338,2024-04-01,12th Ave N 40th - 57th St,Manhattan,720,8634.0,2.4366597222222257,1.86,secondary feed descriptive coverage; no diversion attribution
4616338,2024-05-01,12th Ave N 40th - 57th St,Manhattan,744,8913.0,0.0,0.0,secondary feed descriptive coverage; no diversion attribution
4616338,2024-06-01,12th Ave N 40th - 57th St,Manhattan,720,8606.0,0.0,0.0,secondary feed descriptive coverage; no diversion attribution
4616338,2024-07-01,12th Ave N 40th - 57th St,Manhattan,729,8716.0,0.0,0.0,secondary feed descriptive coverage; no diversion attribution
4616338,2024-08-01,12th Ave N 40th - 57th St,Manhattan,701,8347.0,0.0,0.0,secondary feed descriptive coverage; no diversion attribution
4616338,2024-09-01,12th Ave N 40th - 57th St,Manhattan,720,8640.0,0.0,0.0,secondary feed descriptive coverage; no diversion attribution
4616338,2024-10-01,12th Ave N 40th - 57th St,Manhattan,744,8922.0,0.0,0.0,secondary feed descriptive coverage; no diversion attribution
4616338,2024-11-01,12th Ave N 40th - 57th St,Manhattan,719,8615.0,0.0,0.0,secondary feed descriptive coverage; no diversion attribution
4616338,2024-12-01,12th Ave N 40th - 57th St,Manhattan,606,7179.0,0.0,0.0,secondary feed descriptive coverage; no diversion attribution
4616338,2025-01-01,12th Ave N 40th - 57th St,Manhattan,744,8914.0,0.0,0.0,secondary feed descriptive coverage; no diversion attribution
4616338,2025-02-01,12th Ave N 40th - 57th St,Manhattan,672,8064.0,0.0,0.0,secondary feed descriptive coverage; no diversion attribution
4616338,2025-03-01,12th Ave N 40th - 57th St,Manhattan,743,8912.0,0.0,0.0,secondary feed descriptive coverage; no diversion attribution
4616338,2025-04-01,12th Ave N 40th - 57th St,Manhattan,720,8640.0,0.0,0.0,secondary feed descriptive coverage; no diversion attribution
4616338,2025-05-01,12th Ave N 40th - 57th St,Manhattan,744,8907.0,0.0,0.0,secondary feed descriptive coverage; no diversion attribution
4616338,2025-06-01,12th Ave N 40th - 57th St,Manhattan,700,8292.0,0.0,0.0,secondary feed descriptive coverage; no diversion attribution
4616338,2025-07-01,12th Ave N 40th - 57th St,Manhattan,744,8826.0,0.0,0.0,secondary feed descriptive coverage; no diversion attribution
4616338,2025-08-01,12th Ave N 40th - 57th St,Manhattan,744,8848.0,0.0,0.0,secondary feed descriptive coverage; no diversion attribution
4616338,2025-09-01,12th Ave N 40th - 57th St,Manhattan,720,8535.0,0.0,0.0,secondary feed descriptive coverage; no diversion attribution
4616338,2025-10-01,12th Ave N 40th - 57th St,Manhattan,734,8701.0,0.0,0.0,secondary feed descriptive coverage; no diversion attribution
4616338,2025-11-01,12th Ave N 40th - 57th St,Manhattan,718,8564.0,0.0,0.0,secondary feed descriptive coverage; no diversion attribution
4616338,2025-12-01,12th Ave N 40th - 57th St,Manhattan,740,8861.0,0.0,0.0,secondary feed descriptive coverage; no diversion attribution
4616338,2026-01-01,12th Ave N 40th - 57th St,Manhattan,743,8901.0,0.0,0.0,secondary feed descriptive coverage; no diversion attribution
4616338,2026-02-01,12th Ave N 40th - 57th St,Manhattan,672,8048.0,0.0,0.0,secondary feed descriptive coverage; no diversion attribution
4616338,2026-03-01,12th Ave N 40th - 57th St,Manhattan,743,8902.0,0.0,0.0,secondary feed descriptive coverage; no diversion attribution
4616338,2026-04-01,12th Ave N 40th - 57th St,Manhattan,477,5711.0,0.0,0.0,secondary feed descriptive coverage; no diversion attribution
4616338,2026-05-01,12th Ave N 40th - 57th St,Manhattan,736,8771.0,0.0,0.0,secondary feed descriptive coverage; no diversion attribution
4616338,2026-07-01,12th Ave N 40th - 57th St,Manhattan,695,8268.0,0.0,0.0,secondary feed descriptive coverage; no diversion attribution
4616339,2023-01-01,BQE N Atlantic Ave - BKN Bridge Manhattan Side,Manhattan,557,6655.0,26.95994614003589,23.61,secondary feed descriptive coverage; no diversion attribution
4616339,2023-02-01,BQE N Atlantic Ave - BKN Bridge Manhattan Side,Manhattan,661,7886.0,26.248714069591507,23.61,secondary feed descriptive coverage; no diversion attribution
4616339,2023-03-01,BQE N Atlantic Ave - BKN Bridge Manhattan Side,Manhattan,743,8912.0,25.284481830417207,23.299999999999997,secondary feed descriptive coverage; no diversion attribution
4616339,2023-04-01,BQE N Atlantic Ave - BKN Bridge Manhattan Side,Manhattan,720,8636.0,24.957944444444436,23.299999999999997,secondary feed descriptive coverage; no diversion attribution
4616339,2023-05-01,BQE N Atlantic Ave - BKN Bridge Manhattan Side,Manhattan,468,5604.0,25.26279914529914,22.99,secondary feed descriptive coverage; no diversion attribution
4616339,2023-06-01,BQE N Atlantic Ave - BKN Bridge Manhattan Side,Manhattan,541,6478.0,24.3105268022181,22.36,secondary feed descriptive coverage; no diversion attribution
4616339,2023-07-01,BQE N Atlantic Ave - BKN Bridge Manhattan Side,Manhattan,629,7526.0,23.572408585055626,22.36,secondary feed descriptive coverage; no diversion attribution
4616339,2023-08-01,BQE N Atlantic Ave - BKN Bridge Manhattan Side,Manhattan,741,8879.0,23.46345479082321,21.12,secondary feed descriptive coverage; no diversion attribution
4616339,2023-09-01,BQE N Atlantic Ave - BKN Bridge Manhattan Side,Manhattan,708,8468.0,19.28326271186442,18.01,secondary feed descriptive coverage; no diversion attribution
4616339,2023-10-01,BQE N Atlantic Ave - BKN Bridge Manhattan Side,Manhattan,744,8925.0,20.04764784946239,18.64,secondary feed descriptive coverage; no diversion attribution
4616339,2023-11-01,BQE N Atlantic Ave - BKN Bridge Manhattan Side,Manhattan,706,8448.0,22.43364022662889,21.74,secondary feed descriptive coverage; no diversion attribution
4616339,2023-12-01,BQE N Atlantic Ave - BKN Bridge Manhattan Side,Manhattan,744,8928.0,23.72056451612903,22.36,secondary feed descriptive coverage; no diversion attribution
4616339,2024-01-01,BQE N Atlantic Ave - BKN Bridge Manhattan Side,Manhattan,682,8174.0,26.253387096774183,22.99,secondary feed descriptive coverage; no diversion attribution
4616339,2024-02-01,BQE N Atlantic Ave - BKN Bridge Manhattan Side,Manhattan,416,4974.0,25.74268028846153,23.299999999999997,secondary feed descriptive coverage; no diversion attribution
4616339,2024-03-01,BQE N Atlantic Ave - BKN Bridge Manhattan Side,Manhattan,717,8574.0,19.575892608089294,18.635,secondary feed descriptive coverage; no diversion attribution
4616339,2024-04-01,BQE N Atlantic Ave - BKN Bridge Manhattan Side,Manhattan,720,8634.0,20.78700694444446,19.26,secondary feed descriptive coverage; no diversion attribution
4616339,2024-05-01,BQE N Atlantic Ave - BKN Bridge Manhattan Side,Manhattan,744,8914.0,20.922049731182806,19.26,secondary feed descriptive coverage; no diversion attribution
4616339,2024-06-01,BQE N Atlantic Ave - BKN Bridge Manhattan Side,Manhattan,720,8606.0,22.506173611111105,21.12,secondary feed descriptive coverage; no diversion attribution
4616339,2024-07-01,BQE N Atlantic Ave - BKN Bridge Manhattan Side,Manhattan,729,8715.0,24.494492455418378,22.36,secondary feed descriptive coverage; no diversion attribution
4616339,2024-08-01,BQE N Atlantic Ave - BKN Bridge Manhattan Side,Manhattan,701,8345.0,24.67059914407988,22.36,secondary feed descriptive coverage; no diversion attribution
4616339,2024-09-01,BQE N Atlantic Ave - BKN Bridge Manhattan Side,Manhattan,720,8640.0,22.189930555555538,21.43,secondary feed descriptive coverage; no diversion attribution
4616339,2024-10-01,BQE N Atlantic Ave - BKN Bridge Manhattan Side,Manhattan,744,8923.0,21.679280913978474,21.12,secondary feed descriptive coverage; no diversion attribution
4616339,2024-11-01,BQE N Atlantic Ave - BKN Bridge Manhattan Side,Manhattan,719,8623.0,26.22251738525727,23.61,secondary feed descriptive coverage; no diversion attribution
4616339,2024-12-01,BQE N Atlantic Ave - BKN Bridge Manhattan Side,Manhattan,606,7193.0,25.31761551155113,22.99,secondary feed descriptive coverage; no diversion attribution
4616339,2025-01-01,BQE N Atlantic Ave - BKN Bridge Manhattan Side,Manhattan,744,8922.0,27.79192876344084,23.92,secondary feed descriptive coverage; no diversion attribution
4616339,2025-02-01,BQE N Atlantic Ave - BKN Bridge Manhattan Side,Manhattan,672,8064.0,24.786912202380933,23.61,secondary feed descriptive coverage; no diversion attribution
4616339,2025-03-01,BQE N Atlantic Ave - BKN Bridge Manhattan Side,Manhattan,743,8912.0,19.915881561238212,18.945,secondary feed descriptive coverage; no diversion attribution
4616339,2025-04-01,BQE N Atlantic Ave - BKN Bridge Manhattan Side,Manhattan,720,8640.0,2.967375,0.0,secondary feed descriptive coverage; no diversion attribution
4616339,2025-05-01,BQE N Atlantic Ave - BKN Bridge Manhattan Side,Manhattan,744,8907.0,0.019623655913978494,0.0,secondary feed descriptive coverage; no diversion attribution
4616339,2025-06-01,BQE N Atlantic Ave - BKN Bridge Manhattan Side,Manhattan,700,8292.0,0.0,0.0,secondary feed descriptive coverage; no diversion attribution
4616339,2025-07-01,BQE N Atlantic Ave - BKN Bridge Manhattan Side,Manhattan,744,8826.0,23.732654569892446,22.674999999999997,secondary feed descriptive coverage; no diversion attribution
4616339,2025-08-01,BQE N Atlantic Ave - BKN Bridge Manhattan Side,Manhattan,744,8848.0,25.31143817204298,22.674999999999997,secondary feed descriptive coverage; no diversion attribution
4616339,2025-09-01,BQE N Atlantic Ave - BKN Bridge Manhattan Side,Manhattan,720,8536.0,24.421993055555536,22.36,secondary feed descriptive coverage; no diversion attribution
4616339,2025-10-01,BQE N Atlantic Ave - BKN Bridge Manhattan Side,Manhattan,734,8701.0,25.976621253405973,22.36,secondary feed descriptive coverage; no diversion attribution
4616339,2025-11-01,BQE N Atlantic Ave - BKN Bridge Manhattan Side,Manhattan,718,8564.0,26.596532033426172,22.99,secondary feed descriptive coverage; no diversion attribution
4616339,2025-12-01,BQE N Atlantic Ave - BKN Bridge Manhattan Side,Manhattan,740,8867.0,25.27378378378377,22.36,secondary feed descriptive coverage; no diversion attribution
4616339,2026-01-01,BQE N Atlantic Ave - BKN Bridge Manhattan Side,Manhattan,743,8901.0,27.133613728129188,23.61,secondary feed descriptive coverage; no diversion attribution
4616339,2026-02-01,BQE N Atlantic Ave - BKN Bridge Manhattan Side,Manhattan,672,8048.0,23.87334821428568,22.674999999999997,secondary feed descriptive coverage; no diversion attribution
4616339,2026-03-01,BQE N Atlantic Ave - BKN Bridge Manhattan Side,Manhattan,743,8902.0,16.934313593539695,17.08,secondary feed descriptive coverage; no diversion attribution
4616339,2026-04-01,BQE N Atlantic Ave - BKN Bridge Manhattan Side,Manhattan,477,5711.0,19.634035639412993,18.635,secondary feed descriptive coverage; no diversion attribution
4616339,2026-05-01,BQE N Atlantic Ave - BKN Bridge Manhattan Side,Manhattan,736,8772.0,25.779347826086926,22.99,secondary feed descriptive coverage; no diversion attribution
4616339,2026-07-01,BQE N Atlantic Ave - BKN Bridge Manhattan Side,Manhattan,695,8268.0,24.47872661870502,22.674999999999997,secondary feed descriptive coverage; no diversion attribution
4616340,2023-01-01,BQE N Atlantic Ave - MAN Bridge Manhattan Side,Manhattan,557,6655.0,25.131669658886878,24.54,secondary feed descriptive coverage; no diversion attribution
4616340,2023-02-01,BQE N Atlantic Ave - MAN Bridge Manhattan Side,Manhattan,661,7886.0,24.762049924357033,24.54,secondary feed descriptive coverage; no diversion attribution
4616340,2023-03-01,BQE N Atlantic Ave - MAN Bridge Manhattan Side,Manhattan,743,8912.0,16.584623149394343,20.189999999999998,secondary feed descriptive coverage; no diversion attribution
4616340,2023-04-01,BQE N Atlantic Ave - MAN Bridge Manhattan Side,Manhattan,720,8636.0,4.564236111111111,4.34,secondary feed descriptive coverage; no diversion attribution
4616340,2023-05-01,BQE N Atlantic Ave - MAN Bridge Manhattan Side,Manhattan,468,5604.0,4.3791452991453,3.72,secondary feed descriptive coverage; no diversion attribution
4616340,2023-06-01,BQE N Atlantic Ave - MAN Bridge Manhattan Side,Manhattan,541,6478.0,4.524426987060998,4.035,secondary feed descriptive coverage; no diversion attribution
4616340,2023-07-01,BQE N Atlantic Ave - MAN Bridge Manhattan Side,Manhattan,629,7526.0,4.887670906200316,4.345,secondary feed descriptive coverage; no diversion attribution
4616340,2023-08-01,BQE N Atlantic Ave - MAN Bridge Manhattan Side,Manhattan,741,8879.0,4.859676113360323,4.345,secondary feed descriptive coverage; no diversion attribution
4616340,2023-09-01,BQE N Atlantic Ave - MAN Bridge Manhattan Side,Manhattan,708,8468.0,4.9812641242937845,4.345,secondary feed descriptive coverage; no diversion attribution
4616340,2023-10-01,BQE N Atlantic Ave - MAN Bridge Manhattan Side,Manhattan,744,8925.0,2.3913037634408605,0.0,secondary feed descriptive coverage; no diversion attribution
4616340,2023-11-01,BQE N Atlantic Ave - MAN Bridge Manhattan Side,Manhattan,706,8448.0,3.702223796033994,3.565,secondary feed descriptive coverage; no diversion attribution
4616340,2023-12-01,BQE N Atlantic Ave - MAN Bridge Manhattan Side,Manhattan,744,8928.0,4.9839180107526895,4.654999999999999,secondary feed descriptive coverage; no diversion attribution
4616340,2024-01-01,BQE N Atlantic Ave - MAN Bridge Manhattan Side,Manhattan,682,8174.0,5.677236070381233,5.279999999999999,secondary feed descriptive coverage; no diversion attribution
4616340,2024-02-01,BQE N Atlantic Ave - MAN Bridge Manhattan Side,Manhattan,416,4974.0,5.227331730769232,4.654999999999999,secondary feed descriptive coverage; no diversion attribution
4616340,2024-03-01,BQE N Atlantic Ave - MAN Bridge Manhattan Side,Manhattan,717,8574.0,4.785076708507668,4.345,secondary feed descriptive coverage; no diversion attribution
4616340,2024-04-01,BQE N Atlantic Ave - MAN Bridge Manhattan Side,Manhattan,720,8634.0,4.666055555555558,4.34,secondary feed descriptive coverage; no diversion attribution
4616340,2024-05-01,BQE N Atlantic Ave - MAN Bridge Manhattan Side,Manhattan,744,8914.0,4.748534946236559,4.03,secondary feed descriptive coverage; no diversion attribution
4616340,2024-06-01,BQE N Atlantic Ave - MAN Bridge Manhattan Side,Manhattan,720,8606.0,4.6103194444444435,4.03,secondary feed descriptive coverage; no diversion attribution
4616340,2024-07-01,BQE N Atlantic Ave - MAN Bridge Manhattan Side,Manhattan,729,8715.0,5.098655692729765,4.34,secondary feed descriptive coverage; no diversion attribution
4616340,2024-08-01,BQE N Atlantic Ave - MAN Bridge Manhattan Side,Manhattan,701,8345.0,4.644386590584877,4.34,secondary feed descriptive coverage; no diversion attribution
4616340,2024-09-01,BQE N Atlantic Ave - MAN Bridge Manhattan Side,Manhattan,720,8640.0,5.075124999999998,4.34,secondary feed descriptive coverage; no diversion attribution
4616340,2024-10-01,BQE N Atlantic Ave - MAN Bridge Manhattan Side,Manhattan,744,8923.0,4.794038978494622,4.1875,secondary feed descriptive coverage; no diversion attribution
4616340,2024-11-01,BQE N Atlantic Ave - MAN Bridge Manhattan Side,Manhattan,719,8623.0,5.11636995827538,4.34,secondary feed descriptive coverage; no diversion attribution
4616340,2024-12-01,BQE N Atlantic Ave - MAN Bridge Manhattan Side,Manhattan,606,7193.0,4.665767326732675,4.34,secondary feed descriptive coverage; no diversion attribution
4616340,2025-01-01,BQE N Atlantic Ave - MAN Bridge Manhattan Side,Manhattan,744,8922.0,4.61899193548387,4.035,secondary feed descriptive coverage; no diversion attribution
4616340,2025-02-01,BQE N Atlantic Ave - MAN Bridge Manhattan Side,Manhattan,672,8064.0,4.102879464285714,3.72,secondary feed descriptive coverage; no diversion attribution
4616340,2025-03-01,BQE N Atlantic Ave - MAN Bridge Manhattan Side,Manhattan,743,8912.0,4.9514333781965005,4.03,secondary feed descriptive coverage; no diversion attribution
4616340,2025-04-01,BQE N Atlantic Ave - MAN Bridge Manhattan Side,Manhattan,720,8640.0,0.7780347222222221,0.0,secondary feed descriptive coverage; no diversion attribution
4616340,2025-05-01,BQE N Atlantic Ave - MAN Bridge Manhattan Side,Manhattan,744,8907.0,0.012943548387096772,0.0,secondary feed descriptive coverage; no diversion attribution
4616340,2025-06-01,BQE N Atlantic Ave - MAN Bridge Manhattan Side,Manhattan,700,8292.0,0.0,0.0,secondary feed descriptive coverage; no diversion attribution
4616340,2025-07-01,BQE N Atlantic Ave - MAN Bridge Manhattan Side,Manhattan,744,8826.0,4.030974462365591,3.72,secondary feed descriptive coverage; no diversion attribution
4616340,2025-08-01,BQE N Atlantic Ave - MAN Bridge Manhattan Side,Manhattan,744,8848.0,4.106075268817201,3.72,secondary feed descriptive coverage; no diversion attribution
4616340,2025-09-01,BQE N Atlantic Ave - MAN Bridge Manhattan Side,Manhattan,720,8536.0,4.110208333333332,3.72,secondary feed descriptive coverage; no diversion attribution
4616340,2025-10-01,BQE N Atlantic Ave - MAN Bridge Manhattan Side,Manhattan,734,8701.0,3.856886920980924,3.41,secondary feed descriptive coverage; no diversion attribution
4616340,2025-11-01,BQE N Atlantic Ave - MAN Bridge Manhattan Side,Manhattan,718,8564.0,3.8923537604456824,3.41,secondary feed descriptive coverage; no diversion attribution
4616340,2025-12-01,BQE N Atlantic Ave - MAN Bridge Manhattan Side,Manhattan,740,8867.0,3.749945945945946,3.41,secondary feed descriptive coverage; no diversion attribution
4616340,2026-01-01,BQE N Atlantic Ave - MAN Bridge Manhattan Side,Manhattan,743,8901.0,3.984811574697173,3.72,secondary feed descriptive coverage; no diversion attribution
4616340,2026-02-01,BQE N Atlantic Ave - MAN Bridge Manhattan Side,Manhattan,672,8048.0,3.9437053571428557,3.7199999999999998,secondary feed descriptive coverage; no diversion attribution
4616340,2026-03-01,BQE N Atlantic Ave - MAN Bridge Manhattan Side,Manhattan,743,8902.0,3.9625033647375507,3.7199999999999998,secondary feed descriptive coverage; no diversion attribution
4616340,2026-04-01,BQE N Atlantic Ave - MAN Bridge Manhattan Side,Manhattan,477,5711.0,3.840199161425579,3.7199999999999998,secondary feed descriptive coverage; no diversion attribution
4616340,2026-05-01,BQE N Atlantic Ave - MAN Bridge Manhattan Side,Manhattan,736,8772.0,3.7287703804347814,3.41,secondary feed descriptive coverage; no diversion attribution
4616340,2026-07-01,BQE N Atlantic Ave - MAN Bridge Manhattan Side,Manhattan,695,8266.0,3.980856115107913,3.41,secondary feed descriptive coverage; no diversion attribution
4616341,2023-01-01,FDR S Catherine Slip - BKN Bridge Manhattan Side,Manhattan,557,6656.0,26.6852064631957,28.89,secondary feed descriptive coverage; no diversion attribution
4616341,2023-02-01,FDR S Catherine Slip - BKN Bridge Manhattan Side,Manhattan,661,7888.0,25.792428139183052,28.58,secondary feed descriptive coverage; no diversion attribution
4616341,2023-03-01,FDR S Catherine Slip - BKN Bridge Manhattan Side,Manhattan,743,8913.0,25.384522207267814,28.27,secondary feed descriptive coverage; no diversion attribution
4616341,2023-04-01,FDR S Catherine Slip - BKN Bridge Manhattan Side,Manhattan,720,8636.0,25.091388888888897,28.27,secondary feed descriptive coverage; no diversion attribution
4616341,2023-05-01,FDR S Catherine Slip - BKN Bridge Manhattan Side,Manhattan,468,5603.0,25.882938034188033,28.27,secondary feed descriptive coverage; no diversion attribution
4616341,2023-06-01,FDR S Catherine Slip - BKN Bridge Manhattan Side,Manhattan,541,6478.0,24.299112754158973,27.645,secondary feed descriptive coverage; no diversion attribution
4616341,2023-07-01,FDR S Catherine Slip - BKN Bridge Manhattan Side,Manhattan,629,7526.0,24.14961049284579,27.65,secondary feed descriptive coverage; no diversion attribution
4616341,2023-08-01,FDR S Catherine Slip - BKN Bridge Manhattan Side,Manhattan,741,8879.0,24.53186234817813,27.65,secondary feed descriptive coverage; no diversion attribution
4616341,2023-09-01,FDR S Catherine Slip - BKN Bridge Manhattan Side,Manhattan,708,8468.0,23.81870762711865,27.025,secondary feed descriptive coverage; no diversion attribution
4616341,2023-10-01,FDR S Catherine Slip - BKN Bridge Manhattan Side,Manhattan,744,8924.0,23.868165322580655,27.335,secondary feed descriptive coverage; no diversion attribution
4616341,2023-11-01,FDR S Catherine Slip - BKN Bridge Manhattan Side,Manhattan,706,8448.0,23.546558073654378,27.34,secondary feed descriptive coverage; no diversion attribution
4616341,2023-12-01,FDR S Catherine Slip - BKN Bridge Manhattan Side,Manhattan,744,8928.0,24.564227150537633,27.65,secondary feed descriptive coverage; no diversion attribution
4616341,2024-01-01,FDR S Catherine Slip - BKN Bridge Manhattan Side,Manhattan,682,8174.0,24.78453079178886,27.96,secondary feed descriptive coverage; no diversion attribution
4616341,2024-02-01,FDR S Catherine Slip - BKN Bridge Manhattan Side,Manhattan,416,4973.0,25.18990384615385,27.96,secondary feed descriptive coverage; no diversion attribution
4616341,2024-03-01,FDR S Catherine Slip - BKN Bridge Manhattan Side,Manhattan,717,8574.0,25.087803347280328,27.96,secondary feed descriptive coverage; no diversion attribution
4616341,2024-04-01,FDR S Catherine Slip - BKN Bridge Manhattan Side,Manhattan,720,8634.0,24.64314583333333,27.96,secondary feed descriptive coverage; no diversion attribution
4616341,2024-05-01,FDR S Catherine Slip - BKN Bridge Manhattan Side,Manhattan,744,8913.0,25.218534946236563,27.96,secondary feed descriptive coverage; no diversion attribution
4616341,2024-06-01,FDR S Catherine Slip - BKN Bridge Manhattan Side,Manhattan,720,8606.0,24.562215277777785,27.65,secondary feed descriptive coverage; no diversion attribution
4616341,2024-07-01,FDR S Catherine Slip - BKN Bridge Manhattan Side,Manhattan,729,8716.0,24.177441700960205,27.96,secondary feed descriptive coverage; no diversion attribution
4616341,2024-08-01,FDR S Catherine Slip - BKN Bridge Manhattan Side,Manhattan,701,8349.0,22.91281027104137,27.025,secondary feed descriptive coverage; no diversion attribution
4616341,2024-09-01,FDR S Catherine Slip - BKN Bridge Manhattan Side,Manhattan,720,8640.0,22.5089513888889,26.71,secondary feed descriptive coverage; no diversion attribution
4616341,2024-10-01,FDR S Catherine Slip - BKN Bridge Manhattan Side,Manhattan,744,8923.0,23.129401881720433,27.025,secondary feed descriptive coverage; no diversion attribution
4616341,2024-11-01,FDR S Catherine Slip - BKN Bridge Manhattan Side,Manhattan,719,8621.0,25.390465924895704,27.96,secondary feed descriptive coverage; no diversion attribution
4616341,2024-12-01,FDR S Catherine Slip - BKN Bridge Manhattan Side,Manhattan,606,7189.0,25.01008250825082,27.4925,secondary feed descriptive coverage; no diversion attribution
4616341,2025-01-01,FDR S Catherine Slip - BKN Bridge Manhattan Side,Manhattan,744,8919.0,26.729946236559122,28.58,secondary feed descriptive coverage; no diversion attribution
4616341,2025-02-01,FDR S Catherine Slip - BKN Bridge Manhattan Side,Manhattan,672,8064.0,25.563653273809514,27.96,secondary feed descriptive coverage; no diversion attribution
4616341,2025-03-01,FDR S Catherine Slip - BKN Bridge Manhattan Side,Manhattan,743,8912.0,24.702314939434725,27.96,secondary feed descriptive coverage; no diversion attribution
4616341,2025-04-01,FDR S Catherine Slip - BKN Bridge Manhattan Side,Manhattan,720,8640.0,25.343708333333314,27.96,secondary feed descriptive coverage; no diversion attribution
4616341,2025-05-01,FDR S Catherine Slip - BKN Bridge Manhattan Side,Manhattan,744,8907.0,25.548965053763443,27.34,secondary feed descriptive coverage; no diversion attribution
4616341,2025-06-01,FDR S Catherine Slip - BKN Bridge Manhattan Side,Manhattan,700,8292.0,24.287964285714303,27.18,secondary feed descriptive coverage; no diversion attribution
4616341,2025-07-01,FDR S Catherine Slip - BKN Bridge Manhattan Side,Manhattan,744,8826.0,24.62512096774192,27.65,secondary feed descriptive coverage; no diversion attribution
4616341,2025-08-01,FDR S Catherine Slip - BKN Bridge Manhattan Side,Manhattan,744,8848.0,22.012721774193547,27.025,secondary feed descriptive coverage; no diversion attribution
4616341,2025-09-01,FDR S Catherine Slip - BKN Bridge Manhattan Side,Manhattan,720,8535.0,26.149256944444428,27.34,secondary feed descriptive coverage; no diversion attribution
4616341,2025-10-01,FDR S Catherine Slip - BKN Bridge Manhattan Side,Manhattan,734,8701.0,24.775374659400555,27.335,secondary feed descriptive coverage; no diversion attribution
4616341,2025-11-01,FDR S Catherine Slip - BKN Bridge Manhattan Side,Manhattan,718,8564.0,25.16485376044567,27.96,secondary feed descriptive coverage; no diversion attribution
4616341,2025-12-01,FDR S Catherine Slip - BKN Bridge Manhattan Side,Manhattan,740,8865.0,26.048797297297277,27.65,secondary feed descriptive coverage; no diversion attribution
4616341,2026-01-01,FDR S Catherine Slip - BKN Bridge Manhattan Side,Manhattan,743,8901.0,29.346601615074036,29.82,secondary feed descriptive coverage; no diversion attribution
4616341,2026-02-01,FDR S Catherine Slip - BKN Bridge Manhattan Side,Manhattan,672,8048.0,21.997879464285727,25.16,secondary feed descriptive coverage; no diversion attribution
4616341,2026-03-01,FDR S Catherine Slip - BKN Bridge Manhattan Side,Manhattan,743,8902.0,0.0,0.0,secondary feed descriptive coverage; no diversion attribution
4616341,2026-04-01,FDR S Catherine Slip - BKN Bridge Manhattan Side,Manhattan,477,5711.0,0.5450314465408805,0.0,secondary feed descriptive coverage; no diversion attribution
4616341,2026-05-01,FDR S Catherine Slip - BKN Bridge Manhattan Side,Manhattan,736,8771.0,24.062975543478277,26.5575,secondary feed descriptive coverage; no diversion attribution
4616341,2026-07-01,FDR S Catherine Slip - BKN Bridge Manhattan Side,Manhattan,695,8267.0,24.607812949640294,27.65,secondary feed descriptive coverage; no diversion attribution
4616342,2023-01-01,BKN Bridge Manhattan Side - FDR N Catherine Slip,Manhattan,557,6656.0,19.123114901256734,17.08,secondary feed descriptive coverage; no diversion attribution
4616342,2023-02-01,BKN Bridge Manhattan Side - FDR N Catherine Slip,Manhattan,661,7888.0,18.735605143721628,16.77,secondary feed descriptive coverage; no diversion attribution
4616342,2023-03-01,BKN Bridge Manhattan Side - FDR N Catherine Slip,Manhattan,743,8913.0,17.253896366083435,15.219999999999999,secondary feed descriptive coverage; no diversion attribution
4616342,2023-04-01,BKN Bridge Manhattan Side - FDR N Catherine Slip,Manhattan,720,8636.0,15.292388888888894,12.42,secondary feed descriptive coverage; no diversion attribution
4616342,2023-05-01,BKN Bridge Manhattan Side - FDR N Catherine Slip,Manhattan,468,5603.0,14.132820512820512,11.8,secondary feed descriptive coverage; no diversion attribution
4616342,2023-06-01,BKN Bridge Manhattan Side - FDR N Catherine Slip,Manhattan,541,6478.0,15.325129390018486,12.425,secondary feed descriptive coverage; no diversion attribution
4616342,2023-07-01,BKN Bridge Manhattan Side - FDR N Catherine Slip,Manhattan,629,7526.0,13.867384737678869,11.49,secondary feed descriptive coverage; no diversion attribution
4616342,2023-08-01,BKN Bridge Manhattan Side - FDR N Catherine Slip,Manhattan,741,8879.0,15.060641025641033,12.42,secondary feed descriptive coverage; no diversion attribution
4616342,2023-09-01,BKN Bridge Manhattan Side - FDR N Catherine Slip,Manhattan,708,8468.0,13.367725988700577,10.25,secondary feed descriptive coverage; no diversion attribution
4616342,2023-10-01,BKN Bridge Manhattan Side - FDR N Catherine Slip,Manhattan,744,8924.0,13.295295698924736,10.712499999999999,secondary feed descriptive coverage; no diversion attribution
4616342,2023-11-01,BKN Bridge Manhattan Side - FDR N Catherine Slip,Manhattan,706,8448.0,13.171968838526912,10.56,secondary feed descriptive coverage; no diversion attribution
4616342,2023-12-01,BKN Bridge Manhattan Side - FDR N Catherine Slip,Manhattan,744,8928.0,13.85182795698925,11.489999999999998,secondary feed descriptive coverage; no diversion attribution
4616342,2024-01-01,BKN Bridge Manhattan Side - FDR N Catherine Slip,Manhattan,682,8174.0,14.804296187683283,12.2675,secondary feed descriptive coverage; no diversion attribution
4616342,2024-02-01,BKN Bridge Manhattan Side - FDR N Catherine Slip,Manhattan,416,4973.0,14.613786057692314,11.8,secondary feed descriptive coverage; no diversion attribution
4616342,2024-03-01,BKN Bridge Manhattan Side - FDR N Catherine Slip,Manhattan,717,8574.0,14.363403068340306,11.8,secondary feed descriptive coverage; no diversion attribution
4616342,2024-04-01,BKN Bridge Manhattan Side - FDR N Catherine Slip,Manhattan,720,8634.0,14.33072916666667,11.8,secondary feed descriptive coverage; no diversion attribution
4616342,2024-05-01,BKN Bridge Manhattan Side - FDR N Catherine Slip,Manhattan,744,8913.0,13.473723118279564,11.18,secondary feed descriptive coverage; no diversion attribution
4616342,2024-06-01,BKN Bridge Manhattan Side - FDR N Catherine Slip,Manhattan,720,8606.0,13.685305555555564,11.49,secondary feed descriptive coverage; no diversion attribution
4616342,2024-07-01,BKN Bridge Manhattan Side - FDR N Catherine Slip,Manhattan,729,8715.0,14.623004115226337,11.8,secondary feed descriptive coverage; no diversion attribution
4616342,2024-08-01,BKN Bridge Manhattan Side - FDR N Catherine Slip,Manhattan,701,8348.0,14.845977175463622,12.11,secondary feed descriptive coverage; no diversion attribution
4616342,2024-09-01,BKN Bridge Manhattan Side - FDR N Catherine Slip,Manhattan,720,8640.0,13.873833333333339,11.49,secondary feed descriptive coverage; no diversion attribution
4616342,2024-10-01,BKN Bridge Manhattan Side - FDR N Catherine Slip,Manhattan,744,8923.0,13.365235215053767,11.025,secondary feed descriptive coverage; no diversion attribution
4616342,2024-11-01,BKN Bridge Manhattan Side - FDR N Catherine Slip,Manhattan,719,8624.0,13.494714881780247,11.49,secondary feed descriptive coverage; no diversion attribution
4616342,2024-12-01,BKN Bridge Manhattan Side - FDR N Catherine Slip,Manhattan,606,7193.0,13.203300330033011,10.870000000000001,secondary feed descriptive coverage; no diversion attribution
4616342,2025-01-01,BKN Bridge Manhattan Side - FDR N Catherine Slip,Manhattan,744,8922.0,15.467836021505395,13.67,secondary feed descriptive coverage; no diversion attribution
4616342,2025-02-01,BKN Bridge Manhattan Side - FDR N Catherine Slip,Manhattan,672,8064.0,15.924047619047629,14.285,secondary feed descriptive coverage; no diversion attribution
4616342,2025-03-01,BKN Bridge Manhattan Side - FDR N Catherine Slip,Manhattan,743,8912.0,15.817523553162856,14.91,secondary feed descriptive coverage; no diversion attribution
4616342,2025-04-01,BKN Bridge Manhattan Side - FDR N Catherine Slip,Manhattan,720,8640.0,16.09784027777778,13.98,secondary feed descriptive coverage; no diversion attribution
4616342,2025-05-01,BKN Bridge Manhattan Side - FDR N Catherine Slip,Manhattan,744,8907.0,16.095739247311823,14.285,secondary feed descriptive coverage; no diversion attribution
4616342,2025-06-01,BKN Bridge Manhattan Side - FDR N Catherine Slip,Manhattan,700,8292.0,16.493650000000002,14.6,secondary feed descriptive coverage; no diversion attribution
4616342,2025-07-01,BKN Bridge Manhattan Side - FDR N Catherine Slip,Manhattan,744,8826.0,14.910201612903219,12.7325,secondary feed descriptive coverage; no diversion attribution
4616342,2025-08-01,BKN Bridge Manhattan Side - FDR N Catherine Slip,Manhattan,744,8848.0,16.83079301075269,15.219999999999999,secondary feed descriptive coverage; no diversion attribution
4616342,2025-09-01,BKN Bridge Manhattan Side - FDR N Catherine Slip,Manhattan,720,8536.0,13.959173611111114,10.870000000000001,secondary feed descriptive coverage; no diversion attribution
4616342,2025-10-01,BKN Bridge Manhattan Side - FDR N Catherine Slip,Manhattan,734,8701.0,13.463862397820161,10.870000000000001,secondary feed descriptive coverage; no diversion attribution
4616342,2025-11-01,BKN Bridge Manhattan Side - FDR N Catherine Slip,Manhattan,718,8564.0,13.966316155988862,12.11,secondary feed descriptive coverage; no diversion attribution
4616342,2025-12-01,BKN Bridge Manhattan Side - FDR N Catherine Slip,Manhattan,740,8867.0,13.773756756756764,11.8,secondary feed descriptive coverage; no diversion attribution
4616342,2026-01-01,BKN Bridge Manhattan Side - FDR N Catherine Slip,Manhattan,743,8901.0,10.473997308209963,6.21,secondary feed descriptive coverage; no diversion attribution
4616342,2026-02-01,BKN Bridge Manhattan Side - FDR N Catherine Slip,Manhattan,672,8048.0,10.657202380952382,6.21,secondary feed descriptive coverage; no diversion attribution
4616342,2026-03-01,BKN Bridge Manhattan Side - FDR N Catherine Slip,Manhattan,743,8902.0,16.934313593539695,17.08,secondary feed descriptive coverage; no diversion attribution
4616342,2026-04-01,BKN Bridge Manhattan Side - FDR N Catherine Slip,Manhattan,477,5711.0,19.44971698113208,18.325000000000003,secondary feed descriptive coverage; no diversion attribution
4616342,2026-05-01,BKN Bridge Manhattan Side - FDR N Catherine Slip,Manhattan,736,8772.0,13.590244565217397,10.870000000000001,secondary feed descriptive coverage; no diversion attribution
4616342,2026-07-01,BKN Bridge Manhattan Side - FDR N Catherine Slip,Manhattan,695,8269.0,13.024489208633103,9.940000000000001,secondary feed descriptive coverage; no diversion attribution
4616346,2023-01-01,Westside Hwy S GWB - 57th St,Manhattan,557,6656.0,0.0,0.0,secondary feed descriptive coverage; no diversion attribution
4616346,2023-02-01,Westside Hwy S GWB - 57th St,Manhattan,661,7888.0,0.0,0.0,secondary feed descriptive coverage; no diversion attribution
4616346,2023-03-01,Westside Hwy S GWB - 57th St,Manhattan,743,8913.0,0.0,0.0,secondary feed descriptive coverage; no diversion attribution
4616346,2023-04-01,Westside Hwy S GWB - 57th St,Manhattan,720,8636.0,0.0,0.0,secondary feed descriptive coverage; no diversion attribution
4616346,2023-05-01,Westside Hwy S GWB - 57th St,Manhattan,468,5603.0,0.0,0.0,secondary feed descriptive coverage; no diversion attribution
4616346,2023-06-01,Westside Hwy S GWB - 57th St,Manhattan,541,6478.0,0.0,0.0,secondary feed descriptive coverage; no diversion attribution
4616346,2023-07-01,Westside Hwy S GWB - 57th St,Manhattan,629,7527.0,0.0,0.0,secondary feed descriptive coverage; no diversion attribution
4616346,2023-08-01,Westside Hwy S GWB - 57th St,Manhattan,741,8879.0,0.0,0.0,secondary feed descriptive coverage; no diversion attribution
4616346,2023-09-01,Westside Hwy S GWB - 57th St,Manhattan,708,8468.0,0.0,0.0,secondary feed descriptive coverage; no diversion attribution
4616346,2023-10-01,Westside Hwy S GWB - 57th St,Manhattan,744,8925.0,0.0,0.0,secondary feed descriptive coverage; no diversion attribution
4616346,2023-11-01,Westside Hwy S GWB - 57th St,Manhattan,706,8448.0,0.0,0.0,secondary feed descriptive coverage; no diversion attribution
4616346,2023-12-01,Westside Hwy S GWB - 57th St,Manhattan,744,8928.0,0.0,0.0,secondary feed descriptive coverage; no diversion attribution
4616346,2024-01-01,Westside Hwy S GWB - 57th St,Manhattan,682,8174.0,0.0,0.0,secondary feed descriptive coverage; no diversion attribution
4616346,2024-02-01,Westside Hwy S GWB - 57th St,Manhattan,416,4974.0,0.0,0.0,secondary feed descriptive coverage; no diversion attribution
4616346,2024-03-01,Westside Hwy S GWB - 57th St,Manhattan,717,8574.0,0.0,0.0,secondary feed descriptive coverage; no diversion attribution
4616346,2024-04-01,Westside Hwy S GWB - 57th St,Manhattan,720,8634.0,0.0,0.0,secondary feed descriptive coverage; no diversion attribution
4616346,2024-05-01,Westside Hwy S GWB - 57th St,Manhattan,744,8911.0,0.0,0.0,secondary feed descriptive coverage; no diversion attribution
4616346,2024-06-01,Westside Hwy S GWB - 57th St,Manhattan,720,8606.0,0.0,0.0,secondary feed descriptive coverage; no diversion attribution
4616346,2024-07-01,Westside Hwy S GWB - 57th St,Manhattan,729,8712.0,0.0,0.0,secondary feed descriptive coverage; no diversion attribution
4616346,2024-08-01,Westside Hwy S GWB - 57th St,Manhattan,701,8347.0,0.0,0.0,secondary feed descriptive coverage; no diversion attribution
4616346,2024-09-01,Westside Hwy S GWB - 57th St,Manhattan,720,8640.0,0.0,0.0,secondary feed descriptive coverage; no diversion attribution
4616346,2024-10-01,Westside Hwy S GWB - 57th St,Manhattan,744,8922.0,0.0,0.0,secondary feed descriptive coverage; no diversion attribution
4616346,2024-11-01,Westside Hwy S GWB - 57th St,Manhattan,719,8614.0,0.0,0.0,secondary feed descriptive coverage; no diversion attribution
4616346,2024-12-01,Westside Hwy S GWB - 57th St,Manhattan,606,7172.0,0.0,0.0,secondary feed descriptive coverage; no diversion attribution
4616346,2025-01-01,Westside Hwy S GWB - 57th St,Manhattan,744,8910.0,0.0,0.0,secondary feed descriptive coverage; no diversion attribution
4616346,2025-02-01,Westside Hwy S GWB - 57th St,Manhattan,672,8064.0,0.0,0.0,secondary feed descriptive coverage; no diversion attribution
4616346,2025-03-01,Westside Hwy S GWB - 57th St,Manhattan,743,8912.0,0.0,0.0,secondary feed descriptive coverage; no diversion attribution
4616346,2025-04-01,Westside Hwy S GWB - 57th St,Manhattan,720,8640.0,0.0,0.0,secondary feed descriptive coverage; no diversion attribution
4616346,2025-05-01,Westside Hwy S GWB - 57th St,Manhattan,744,8906.0,0.0,0.0,secondary feed descriptive coverage; no diversion attribution
4616346,2025-06-01,Westside Hwy S GWB - 57th St,Manhattan,700,8292.0,0.0,0.0,secondary feed descriptive coverage; no diversion attribution
4616346,2025-07-01,Westside Hwy S GWB - 57th St,Manhattan,744,8826.0,0.0,0.0,secondary feed descriptive coverage; no diversion attribution
4616346,2025-08-01,Westside Hwy S GWB - 57th St,Manhattan,744,8848.0,0.0,0.0,secondary feed descriptive coverage; no diversion attribution
4616346,2025-09-01,Westside Hwy S GWB - 57th St,Manhattan,720,8534.0,0.0,0.0,secondary feed descriptive coverage; no diversion attribution
4616346,2025-10-01,Westside Hwy S GWB - 57th St,Manhattan,734,8701.0,0.0,0.0,secondary feed descriptive coverage; no diversion attribution
4616346,2025-11-01,Westside Hwy S GWB - 57th St,Manhattan,718,8564.0,0.0,0.0,secondary feed descriptive coverage; no diversion attribution
4616346,2025-12-01,Westside Hwy S GWB - 57th St,Manhattan,740,8861.0,0.0,0.0,secondary feed descriptive coverage; no diversion attribution
4616346,2026-01-01,Westside Hwy S GWB - 57th St,Manhattan,743,8901.0,0.0,0.0,secondary feed descriptive coverage; no diversion attribution
4616346,2026-02-01,Westside Hwy S GWB - 57th St,Manhattan,672,8048.0,0.0,0.0,secondary feed descriptive coverage; no diversion attribution
4616346,2026-03-01,Westside Hwy S GWB - 57th St,Manhattan,743,8902.0,0.0,0.0,secondary feed descriptive coverage; no diversion attribution
4616346,2026-04-01,Westside Hwy S GWB - 57th St,Manhattan,477,5711.0,0.0,0.0,secondary feed descriptive coverage; no diversion attribution
4616346,2026-05-01,Westside Hwy S GWB - 57th St,Manhattan,736,8769.0,0.0,0.0,secondary feed descriptive coverage; no diversion attribution
4616346,2026-07-01,Westside Hwy S GWB - 57th St,Manhattan,695,8269.0,0.0,0.0,secondary feed descriptive coverage; no diversion attribution
4616350,2023-01-01,CIP S LIE - Hempstead Tpk,Queens,557,6656.0,48.91947037701972,54.68,secondary feed descriptive coverage; no diversion attribution
4616350,2023-02-01,CIP S LIE - Hempstead Tpk,Queens,661,7887.0,49.33498487140695,54.675,secondary feed descriptive coverage; no diversion attribution
4616350,2023-03-01,CIP S LIE - Hempstead Tpk,Queens,743,8913.0,48.89817631224765,53.43,secondary feed descriptive coverage; no diversion attribution
4616350,2023-04-01,CIP S LIE - Hempstead Tpk,Queens,720,8635.0,49.51621527777778,53.739999999999995,secondary feed descriptive coverage; no diversion attribution
4616350,2023-05-01,CIP S LIE - Hempstead Tpk,Queens,468,5603.0,48.9106517094017,53.120000000000005,secondary feed descriptive coverage; no diversion attribution
4616350,2023-06-01,CIP S LIE - Hempstead Tpk,Queens,541,6478.0,48.14248613678372,53.120000000000005,secondary feed descriptive coverage; no diversion attribution
4616350,2023-07-01,CIP S LIE - Hempstead Tpk,Queens,629,7526.0,49.2424562798092,53.739999999999995,secondary feed descriptive coverage; no diversion attribution
4616350,2023-08-01,CIP S LIE - Hempstead Tpk,Queens,741,8879.0,48.02323211875843,52.19,secondary feed descriptive coverage; no diversion attribution
4616350,2023-09-01,CIP S LIE - Hempstead Tpk,Queens,708,8468.0,46.60808615819207,50.325,secondary feed descriptive coverage; no diversion attribution
4616350,2023-10-01,CIP S LIE - Hempstead Tpk,Queens,744,8925.0,46.23344086021503,50.015,secondary feed descriptive coverage; no diversion attribution
4616350,2023-11-01,CIP S LIE - Hempstead Tpk,Queens,706,8447.0,49.336437677053816,53.739999999999995,secondary feed descriptive coverage; no diversion attribution
4616350,2023-12-01,CIP S LIE - Hempstead Tpk,Queens,744,8928.0,48.73160618279567,53.43,secondary feed descriptive coverage; no diversion attribution
4616350,2024-01-01,CIP S LIE - Hempstead Tpk,Queens,682,8174.0,48.8575513196481,52.81,secondary feed descriptive coverage; no diversion attribution
4616350,2024-02-01,CIP S LIE - Hempstead Tpk,Queens,416,4973.0,48.34108173076923,52.81,secondary feed descriptive coverage; no diversion attribution
4616350,2024-03-01,CIP S LIE - Hempstead Tpk,Queens,717,8574.0,48.52170153417014,53.120000000000005,secondary feed descriptive coverage; no diversion attribution
4616350,2024-04-01,CIP S LIE - Hempstead Tpk,Queens,720,8634.0,49.05539583333333,53.120000000000005,secondary feed descriptive coverage; no diversion attribution
4616350,2024-05-01,CIP S LIE - Hempstead Tpk,Queens,744,8913.0,49.25047715053763,53.120000000000005,secondary feed descriptive coverage; no diversion attribution
4616350,2024-06-01,CIP S LIE - Hempstead Tpk,Queens,720,8606.0,48.370097222222185,52.81,secondary feed descriptive coverage; no diversion attribution
4616350,2024-07-01,CIP S LIE - Hempstead Tpk,Queens,729,8715.0,49.71895747599451,53.43,secondary feed descriptive coverage; no diversion attribution
4616350,2024-08-01,CIP S LIE - Hempstead Tpk,Queens,701,8348.0,49.380534950071336,52.81,secondary feed descriptive coverage; no diversion attribution
4616350,2024-09-01,CIP S LIE - Hempstead Tpk,Queens,720,8640.0,43.889180555555555,52.035,secondary feed descriptive coverage; no diversion attribution
4616350,2024-10-01,CIP S LIE - Hempstead Tpk,Queens,744,8923.0,48.5451948924731,53.739999999999995,secondary feed descriptive coverage; no diversion attribution
4616350,2024-11-01,CIP S LIE - Hempstead Tpk,Queens,719,8622.0,49.16972878998605,53.43,secondary feed descriptive coverage; no diversion attribution
4616350,2024-12-01,CIP S LIE - Hempstead Tpk,Queens,606,7189.0,45.898118811881204,51.57,secondary feed descriptive coverage; no diversion attribution
4616350,2025-01-01,CIP S LIE - Hempstead Tpk,Queens,744,8920.0,48.88784946236561,53.43,secondary feed descriptive coverage; no diversion attribution
4616350,2025-02-01,CIP S LIE - Hempstead Tpk,Queens,672,8064.0,48.29005208333332,52.81,secondary feed descriptive coverage; no diversion attribution
4616350,2025-03-01,CIP S LIE - Hempstead Tpk,Queens,743,8912.0,48.347920592193816,53.120000000000005,secondary feed descriptive coverage; no diversion attribution
4616350,2025-04-01,CIP S LIE - Hempstead Tpk,Queens,720,8640.0,48.894347222222216,53.43,secondary feed descriptive coverage; no diversion attribution
4616350,2025-05-01,CIP S LIE - Hempstead Tpk,Queens,744,8907.0,47.710181451612904,52.19,secondary feed descriptive coverage; no diversion attribution
4616350,2025-06-01,CIP S LIE - Hempstead Tpk,Queens,700,8292.0,45.13316428571428,50.95,secondary feed descriptive coverage; no diversion attribution
4616350,2025-07-01,CIP S LIE - Hempstead Tpk,Queens,744,8826.0,48.87806451612903,53.43,secondary feed descriptive coverage; no diversion attribution
4616350,2025-08-01,CIP S LIE - Hempstead Tpk,Queens,744,8848.0,47.83039650537633,52.5,secondary feed descriptive coverage; no diversion attribution
4616350,2025-09-01,CIP S LIE - Hempstead Tpk,Queens,720,8535.0,49.27145833333336,52.81,secondary feed descriptive coverage; no diversion attribution
4616350,2025-10-01,CIP S LIE - Hempstead Tpk,Queens,734,8701.0,46.59275204359673,52.19,secondary feed descriptive coverage; no diversion attribution
4616350,2025-11-01,CIP S LIE - Hempstead Tpk,Queens,718,8564.0,47.90755571030638,52.5,secondary feed descriptive coverage; no diversion attribution
4616350,2025-12-01,CIP S LIE - Hempstead Tpk,Queens,740,8865.0,46.13390540540542,51.57,secondary feed descriptive coverage; no diversion attribution
4616350,2026-01-01,CIP S LIE - Hempstead Tpk,Queens,743,8901.0,47.11442126514133,52.19,secondary feed descriptive coverage; no diversion attribution
4616350,2026-02-01,CIP S LIE - Hempstead Tpk,Queens,672,8048.0,45.99588541666666,51.57,secondary feed descriptive coverage; no diversion attribution
4616350,2026-03-01,CIP S LIE - Hempstead Tpk,Queens,743,8902.0,46.089724091520864,51.57,secondary feed descriptive coverage; no diversion attribution
4616350,2026-04-01,CIP S LIE - Hempstead Tpk,Queens,477,5711.0,42.09617400419288,46.29,secondary feed descriptive coverage; no diversion attribution
4616350,2026-05-01,CIP S LIE - Hempstead Tpk,Queens,735,8771.0,47.00886394557823,51.57,secondary feed descriptive coverage; no diversion attribution
4616350,2026-07-01,CIP S LIE - Hempstead Tpk,Queens,695,8269.0,48.28377697841725,52.81,secondary feed descriptive coverage; no diversion attribution
4616351,2023-01-01,CIP N Hempstead Tpk - LIE,Queens,557,6656.0,48.414542190305234,52.19,secondary feed descriptive coverage; no diversion attribution
4616351,2023-02-01,CIP N Hempstead Tpk - LIE,Queens,661,7887.0,49.63254160363086,52.5,secondary feed descriptive coverage; no diversion attribution
4616351,2023-03-01,CIP N Hempstead Tpk - LIE,Queens,743,8913.0,45.02873485868102,49.08,secondary feed descriptive coverage; no diversion attribution
4616351,2023-04-01,CIP N Hempstead Tpk - LIE,Queens,720,8635.0,47.12761805555555,50.015,secondary feed descriptive coverage; no diversion attribution
4616351,2023-05-01,CIP N Hempstead Tpk - LIE,Queens,468,5603.0,44.40369658119658,48.30500000000001,secondary feed descriptive coverage; no diversion attribution
4616351,2023-06-01,CIP N Hempstead Tpk - LIE,Queens,541,6478.0,45.727292051756,48.46,secondary feed descriptive coverage; no diversion attribution
4616351,2023-07-01,CIP N Hempstead Tpk - LIE,Queens,629,7526.0,48.45412559618445,50.64,secondary feed descriptive coverage; no diversion attribution
4616351,2023-08-01,CIP N Hempstead Tpk - LIE,Queens,741,8879.0,45.50605263157897,49.08,secondary feed descriptive coverage; no diversion attribution
4616351,2023-09-01,CIP N Hempstead Tpk - LIE,Queens,708,8468.0,25.798594632768374,19.259999999999998,secondary feed descriptive coverage; no diversion attribution
4616351,2023-10-01,CIP N Hempstead Tpk - LIE,Queens,744,8925.0,24.119448924731177,19.259999999999998,secondary feed descriptive coverage; no diversion attribution
4616351,2023-11-01,CIP N Hempstead Tpk - LIE,Queens,706,8447.0,45.92496458923514,49.235,secondary feed descriptive coverage; no diversion attribution
4616351,2023-12-01,CIP N Hempstead Tpk - LIE,Queens,744,8928.0,46.704327956989246,49.7,secondary feed descriptive coverage; no diversion attribution
4616351,2024-01-01,CIP N Hempstead Tpk - LIE,Queens,682,8174.0,48.75989002932552,51.260000000000005,secondary feed descriptive coverage; no diversion attribution
4616351,2024-02-01,CIP N Hempstead Tpk - LIE,Queens,416,4973.0,48.55763221153844,50.64,secondary feed descriptive coverage; no diversion attribution
4616351,2024-03-01,CIP N Hempstead Tpk - LIE,Queens,717,8573.0,46.851408647140865,49.705,secondary feed descriptive coverage; no diversion attribution
4616351,2024-04-01,CIP N Hempstead Tpk - LIE,Queens,720,8634.0,47.19552083333333,50.33,secondary feed descriptive coverage; no diversion attribution
4616351,2024-05-01,CIP N Hempstead Tpk - LIE,Queens,744,8913.0,45.37419354838705,48.614999999999995,secondary feed descriptive coverage; no diversion attribution
4616351,2024-06-01,CIP N Hempstead Tpk - LIE,Queens,720,8606.0,43.88277777777777,46.599999999999994,secondary feed descriptive coverage; no diversion attribution
4616351,2024-07-01,CIP N Hempstead Tpk - LIE,Queens,729,8715.0,47.442640603566524,49.08,secondary feed descriptive coverage; no diversion attribution
4616351,2024-08-01,CIP N Hempstead Tpk - LIE,Queens,701,8348.0,46.18871611982884,48.15,secondary feed descriptive coverage; no diversion attribution
4616351,2024-09-01,CIP N Hempstead Tpk - LIE,Queens,720,8640.0,43.06813194444444,46.6,secondary feed descriptive coverage; no diversion attribution
4616351,2024-10-01,CIP N Hempstead Tpk - LIE,Queens,744,8923.0,46.640020161290316,49.08,secondary feed descriptive coverage; no diversion attribution
4616351,2024-11-01,CIP N Hempstead Tpk - LIE,Queens,719,8622.0,46.46695410292073,49.394999999999996,secondary feed descriptive coverage; no diversion attribution
4616351,2024-12-01,CIP N Hempstead Tpk - LIE,Queens,606,7192.0,45.19980198019802,48.769999999999996,secondary feed descriptive coverage; no diversion attribution
4616351,2025-01-01,CIP N Hempstead Tpk - LIE,Queens,744,8920.0,48.40308467741933,50.95,secondary feed descriptive coverage; no diversion attribution
4616351,2025-02-01,CIP N Hempstead Tpk - LIE,Queens,672,8064.0,47.94017113095239,50.33,secondary feed descriptive coverage; no diversion attribution
4616351,2025-03-01,CIP N Hempstead Tpk - LIE,Queens,743,8912.0,46.09718707940782,49.39,secondary feed descriptive coverage; no diversion attribution
4616351,2025-04-01,CIP N Hempstead Tpk - LIE,Queens,720,8640.0,46.044041666666665,49.7,secondary feed descriptive coverage; no diversion attribution
4616351,2025-05-01,CIP N Hempstead Tpk - LIE,Queens,744,8907.0,42.69350806451612,46.29,secondary feed descriptive coverage; no diversion attribution
4616351,2025-06-01,CIP N Hempstead Tpk - LIE,Queens,700,8292.0,42.481371428571435,43.334999999999994,secondary feed descriptive coverage; no diversion attribution
4616351,2025-07-01,CIP N Hempstead Tpk - LIE,Queens,744,8826.0,45.282493279569906,48.150000000000006,secondary feed descriptive coverage; no diversion attribution
4616351,2025-08-01,CIP N Hempstead Tpk - LIE,Queens,744,8848.0,46.252311827957,47.53,secondary feed descriptive coverage; no diversion attribution
4616351,2025-09-01,CIP N Hempstead Tpk - LIE,Queens,720,8536.0,45.129305555555575,47.995000000000005,secondary feed descriptive coverage; no diversion attribution
4616351,2025-10-01,CIP N Hempstead Tpk - LIE,Queens,734,8701.0,44.588950953678484,47.685,secondary feed descriptive coverage; no diversion attribution
4616351,2025-11-01,CIP N Hempstead Tpk - LIE,Queens,718,8564.0,46.85043871866296,49.7,secondary feed descriptive coverage; no diversion attribution
4616351,2025-12-01,CIP N Hempstead Tpk - LIE,Queens,740,8865.0,44.736378378378376,47.8425,secondary feed descriptive coverage; no diversion attribution
4616351,2026-01-01,CIP N Hempstead Tpk - LIE,Queens,743,8901.0,43.39950874831761,49.08,secondary feed descriptive coverage; no diversion attribution
4616351,2026-02-01,CIP N Hempstead Tpk - LIE,Queens,672,8048.0,41.67831101190473,47.84,secondary feed descriptive coverage; no diversion attribution
4616351,2026-03-01,CIP N Hempstead Tpk - LIE,Queens,743,8902.0,42.04852624495288,47.53,secondary feed descriptive coverage; no diversion attribution
4616351,2026-04-01,CIP N Hempstead Tpk - LIE,Queens,477,5711.0,39.4846750524109,41.629999999999995,secondary feed descriptive coverage; no diversion attribution
4616351,2026-05-01,CIP N Hempstead Tpk - LIE,Queens,735,8770.0,36.438190476190464,44.735,secondary feed descriptive coverage; no diversion attribution
4616351,2026-07-01,CIP N Hempstead Tpk - LIE,Queens,695,8269.0,46.503978417266204,48.46,secondary feed descriptive coverage; no diversion attribution
4616352,2023-01-01,CIP S Hempstead Tpk - Laurelton Pkwy @ SSP,Queens,557,6656.0,49.4353500897666,51.260000000000005,secondary feed descriptive coverage; no diversion attribution
4616352,2023-02-01,CIP S Hempstead Tpk - Laurelton Pkwy @ SSP,Queens,661,7887.0,49.10605143721632,50.95,secondary feed descriptive coverage; no diversion attribution
4616352,2023-03-01,CIP S Hempstead Tpk - Laurelton Pkwy @ SSP,Queens,743,8913.0,48.821594885598955,50.325,secondary feed descriptive coverage; no diversion attribution
4616352,2023-04-01,CIP S Hempstead Tpk - Laurelton Pkwy @ SSP,Queens,720,8635.0,48.96078472222223,50.015,secondary feed descriptive coverage; no diversion attribution
4616352,2023-05-01,CIP S Hempstead Tpk - Laurelton Pkwy @ SSP,Queens,468,5603.0,48.97053418803417,49.7,secondary feed descriptive coverage; no diversion attribution
4616352,2023-06-01,CIP S Hempstead Tpk - Laurelton Pkwy @ SSP,Queens,541,6478.0,48.954639556377074,50.015,secondary feed descriptive coverage; no diversion attribution
4616352,2023-07-01,CIP S Hempstead Tpk - Laurelton Pkwy @ SSP,Queens,629,7526.0,44.09810810810809,47.22,secondary feed descriptive coverage; no diversion attribution
4616352,2023-08-01,CIP S Hempstead Tpk - Laurelton Pkwy @ SSP,Queens,741,8879.0,48.45803643724696,49.705,secondary feed descriptive coverage; no diversion attribution
4616352,2023-09-01,CIP S Hempstead Tpk - Laurelton Pkwy @ SSP,Queens,708,8468.0,46.24852401129941,49.39,secondary feed descriptive coverage; no diversion attribution
4616352,2023-10-01,CIP S Hempstead Tpk - Laurelton Pkwy @ SSP,Queens,744,8925.0,45.966720430107515,49.5475,secondary feed descriptive coverage; no diversion attribution
4616352,2023-11-01,CIP S Hempstead Tpk - Laurelton Pkwy @ SSP,Queens,706,8446.0,41.60914305949007,45.98,secondary feed descriptive coverage; no diversion attribution
4616352,2023-12-01,CIP S Hempstead Tpk - Laurelton Pkwy @ SSP,Queens,744,8928.0,48.63491935483876,49.86,secondary feed descriptive coverage; no diversion attribution
4616352,2024-01-01,CIP S Hempstead Tpk - Laurelton Pkwy @ SSP,Queens,682,8174.0,48.706282991202364,50.015,secondary feed descriptive coverage; no diversion attribution
4616352,2024-02-01,CIP S Hempstead Tpk - Laurelton Pkwy @ SSP,Queens,416,4973.0,48.621658653846154,49.39,secondary feed descriptive coverage; no diversion attribution
4616352,2024-03-01,CIP S Hempstead Tpk - Laurelton Pkwy @ SSP,Queens,717,8573.0,48.782252440725216,50.015,secondary feed descriptive coverage; no diversion attribution
4616352,2024-04-01,CIP S Hempstead Tpk - Laurelton Pkwy @ SSP,Queens,720,8634.0,49.40125694444446,50.015,secondary feed descriptive coverage; no diversion attribution
4616352,2024-05-01,CIP S Hempstead Tpk - Laurelton Pkwy @ SSP,Queens,744,8913.0,42.74417338709678,46.7525,secondary feed descriptive coverage; no diversion attribution
4616352,2024-06-01,CIP S Hempstead Tpk - Laurelton Pkwy @ SSP,Queens,720,8606.0,40.661236111111094,41.005,secondary feed descriptive coverage; no diversion attribution
4616352,2024-07-01,CIP S Hempstead Tpk - Laurelton Pkwy @ SSP,Queens,729,8715.0,47.765925925925906,49.39,secondary feed descriptive coverage; no diversion attribution
4616352,2024-08-01,CIP S Hempstead Tpk - Laurelton Pkwy @ SSP,Queens,701,8348.0,43.11819543509274,43.8,secondary feed descriptive coverage; no diversion attribution
4616352,2024-09-01,CIP S Hempstead Tpk - Laurelton Pkwy @ SSP,Queens,720,8640.0,34.35938888888888,36.345,secondary feed descriptive coverage; no diversion attribution
4616352,2024-10-01,CIP S Hempstead Tpk - Laurelton Pkwy @ SSP,Queens,744,8923.0,26.115315860215052,29.509999999999998,secondary feed descriptive coverage; no diversion attribution
4616352,2024-11-01,CIP S Hempstead Tpk - Laurelton Pkwy @ SSP,Queens,719,8622.0,39.591453407510414,40.695,secondary feed descriptive coverage; no diversion attribution
4616352,2024-12-01,CIP S Hempstead Tpk - Laurelton Pkwy @ SSP,Queens,606,7189.0,38.13938118811882,38.83,secondary feed descriptive coverage; no diversion attribution
4616352,2025-01-01,CIP S Hempstead Tpk - Laurelton Pkwy @ SSP,Queens,744,8920.0,45.18719086021504,45.98,secondary feed descriptive coverage; no diversion attribution
4616352,2025-02-01,CIP S Hempstead Tpk - Laurelton Pkwy @ SSP,Queens,672,8064.0,48.030081845238115,49.39,secondary feed descriptive coverage; no diversion attribution
4616352,2025-03-01,CIP S Hempstead Tpk - Laurelton Pkwy @ SSP,Queens,743,8912.0,48.367954239569286,49.39,secondary feed descriptive coverage; no diversion attribution
4616352,2025-04-01,CIP S Hempstead Tpk - Laurelton Pkwy @ SSP,Queens,720,8640.0,47.783194444444455,49.08,secondary feed descriptive coverage; no diversion attribution
4616352,2025-05-01,CIP S Hempstead Tpk - Laurelton Pkwy @ SSP,Queens,744,8907.0,39.34919354838711,39.76,secondary feed descriptive coverage; no diversion attribution
4616352,2025-06-01,CIP S Hempstead Tpk - Laurelton Pkwy @ SSP,Queens,700,8292.0,39.54102142857143,40.07,secondary feed descriptive coverage; no diversion attribution
4616352,2025-07-01,CIP S Hempstead Tpk - Laurelton Pkwy @ SSP,Queens,744,8826.0,47.81551747311826,49.08,secondary feed descriptive coverage; no diversion attribution
4616352,2025-08-01,CIP S Hempstead Tpk - Laurelton Pkwy @ SSP,Queens,744,8848.0,48.05182123655916,48.769999999999996,secondary feed descriptive coverage; no diversion attribution
4616352,2025-09-01,CIP S Hempstead Tpk - Laurelton Pkwy @ SSP,Queens,720,8535.0,48.22418749999999,49.08,secondary feed descriptive coverage; no diversion attribution
4616352,2025-10-01,CIP S Hempstead Tpk - Laurelton Pkwy @ SSP,Queens,734,8701.0,46.65246594005447,48.769999999999996,secondary feed descriptive coverage; no diversion attribution
4616352,2025-11-01,CIP S Hempstead Tpk - Laurelton Pkwy @ SSP,Queens,718,8564.0,36.63236768802227,37.900000000000006,secondary feed descriptive coverage; no diversion attribution
4616352,2025-12-01,CIP S Hempstead Tpk - Laurelton Pkwy @ SSP,Queens,740,8865.0,33.0402972972973,35.41,secondary feed descriptive coverage; no diversion attribution
4616352,2026-01-01,CIP S Hempstead Tpk - Laurelton Pkwy @ SSP,Queens,743,8901.0,37.593458950201885,38.52,secondary feed descriptive coverage; no diversion attribution
4616352,2026-02-01,CIP S Hempstead Tpk - Laurelton Pkwy @ SSP,Queens,672,8048.0,37.90101934523808,38.675,secondary feed descriptive coverage; no diversion attribution
4616352,2026-03-01,CIP S Hempstead Tpk - Laurelton Pkwy @ SSP,Queens,743,8902.0,36.689576043068655,37.59,secondary feed descriptive coverage; no diversion attribution
4616352,2026-04-01,CIP S Hempstead Tpk - Laurelton Pkwy @ SSP,Queens,477,5711.0,37.90523060796645,38.83,secondary feed descriptive coverage; no diversion attribution
4616352,2026-05-01,CIP S Hempstead Tpk - Laurelton Pkwy @ SSP,Queens,736,8772.0,36.024572010869576,36.97,secondary feed descriptive coverage; no diversion attribution
4616352,2026-07-01,CIP S Hempstead Tpk - Laurelton Pkwy @ SSP,Queens,695,8266.0,26.909431654676258,25.785,secondary feed descriptive coverage; no diversion attribution
4616353,2023-01-01,Laurelton Pkwy N @ SSP - CIP N Hempstead Tpk,Queens,557,6656.0,38.3794434470377,41.63,secondary feed descriptive coverage; no diversion attribution
4616353,2023-02-01,Laurelton Pkwy N @ SSP - CIP N Hempstead Tpk,Queens,661,7887.0,37.70122541603631,40.385,secondary feed descriptive coverage; no diversion attribution
4616353,2023-03-01,Laurelton Pkwy N @ SSP - CIP N Hempstead Tpk,Queens,743,8913.0,36.9270726783311,40.385000000000005,secondary feed descriptive coverage; no diversion attribution
4616353,2023-04-01,Laurelton Pkwy N @ SSP - CIP N Hempstead Tpk,Queens,720,8635.0,34.82502083333331,36.035,secondary feed descriptive coverage; no diversion attribution
4616353,2023-05-01,Laurelton Pkwy N @ SSP - CIP N Hempstead Tpk,Queens,468,5603.0,35.14707264957263,37.745000000000005,secondary feed descriptive coverage; no diversion attribution
4616353,2023-06-01,Laurelton Pkwy N @ SSP - CIP N Hempstead Tpk,Queens,541,6478.0,36.51516635859518,38.519999999999996,secondary feed descriptive coverage; no diversion attribution
4616353,2023-07-01,Laurelton Pkwy N @ SSP - CIP N Hempstead Tpk,Queens,629,7526.0,28.057957074721784,30.439999999999998,secondary feed descriptive coverage; no diversion attribution
4616353,2023-08-01,Laurelton Pkwy N @ SSP - CIP N Hempstead Tpk,Queens,741,8879.0,27.327368421052633,26.095,secondary feed descriptive coverage; no diversion attribution
4616353,2023-09-01,Laurelton Pkwy N @ SSP - CIP N Hempstead Tpk,Queens,708,8468.0,20.565211864406784,17.08,secondary feed descriptive coverage; no diversion attribution
4616353,2023-10-01,Laurelton Pkwy N @ SSP - CIP N Hempstead Tpk,Queens,744,8925.0,20.604610215053782,17.395,secondary feed descriptive coverage; no diversion attribution
4616353,2023-11-01,Laurelton Pkwy N @ SSP - CIP N Hempstead Tpk,Queens,706,8447.0,25.285977337110474,23.61,secondary feed descriptive coverage; no diversion attribution
4616353,2023-12-01,Laurelton Pkwy N @ SSP - CIP N Hempstead Tpk,Queens,744,8928.0,29.64917338709678,30.134999999999998,secondary feed descriptive coverage; no diversion attribution
4616353,2024-01-01,Laurelton Pkwy N @ SSP - CIP N Hempstead Tpk,Queens,682,8174.0,32.6383357771261,33.55,secondary feed descriptive coverage; no diversion attribution
4616353,2024-02-01,Laurelton Pkwy N @ SSP - CIP N Hempstead Tpk,Queens,416,4973.0,31.51028846153845,31.064999999999998,secondary feed descriptive coverage; no diversion attribution
4616353,2024-03-01,Laurelton Pkwy N @ SSP - CIP N Hempstead Tpk,Queens,717,8574.0,30.53224546722453,30.439999999999998,secondary feed descriptive coverage; no diversion attribution
4616353,2024-04-01,Laurelton Pkwy N @ SSP - CIP N Hempstead Tpk,Queens,720,8634.0,31.02245833333331,31.2175,secondary feed descriptive coverage; no diversion attribution
4616353,2024-05-01,Laurelton Pkwy N @ SSP - CIP N Hempstead Tpk,Queens,744,8913.0,24.699986559139777,23.61,secondary feed descriptive coverage; no diversion attribution
4616353,2024-06-01,Laurelton Pkwy N @ SSP - CIP N Hempstead Tpk,Queens,720,8606.0,18.548333333333332,11.645,secondary feed descriptive coverage; no diversion attribution
4616353,2024-07-01,Laurelton Pkwy N @ SSP - CIP N Hempstead Tpk,Queens,729,8715.0,28.648347050754452,28.58,secondary feed descriptive coverage; no diversion attribution
4616353,2024-08-01,Laurelton Pkwy N @ SSP - CIP N Hempstead Tpk,Queens,701,8348.0,26.715556348074163,26.715,secondary feed descriptive coverage; no diversion attribution
4616353,2024-09-01,Laurelton Pkwy N @ SSP - CIP N Hempstead Tpk,Queens,720,8640.0,16.454506944444447,9.32,secondary feed descriptive coverage; no diversion attribution
4616353,2024-10-01,Laurelton Pkwy N @ SSP - CIP N Hempstead Tpk,Queens,744,8923.0,23.442520161290314,22.049999999999997,secondary feed descriptive coverage; no diversion attribution
4616353,2024-11-01,Laurelton Pkwy N @ SSP - CIP N Hempstead Tpk,Queens,719,8619.0,28.548463143254516,28.89,secondary feed descriptive coverage; no diversion attribution
4616353,2024-12-01,Laurelton Pkwy N @ SSP - CIP N Hempstead Tpk,Queens,606,7184.0,29.596691419141923,30.285,secondary feed descriptive coverage; no diversion attribution
4616353,2025-01-01,Laurelton Pkwy N @ SSP - CIP N Hempstead Tpk,Queens,744,8918.0,35.042372311827954,36.66,secondary feed descriptive coverage; no diversion attribution
4616353,2025-02-01,Laurelton Pkwy N @ SSP - CIP N Hempstead Tpk,Queens,672,8064.0,32.66142857142857,33.7025,secondary feed descriptive coverage; no diversion attribution
4616353,2025-03-01,Laurelton Pkwy N @ SSP - CIP N Hempstead Tpk,Queens,743,8912.0,31.974851951547762,32.615,secondary feed descriptive coverage; no diversion attribution
4616353,2025-04-01,Laurelton Pkwy N @ SSP - CIP N Hempstead Tpk,Queens,720,8640.0,30.83661805555557,31.060000000000002,secondary feed descriptive coverage; no diversion attribution
4616353,2025-05-01,Laurelton Pkwy N @ SSP - CIP N Hempstead Tpk,Queens,744,8907.0,24.400302419354844,22.365000000000002,secondary feed descriptive coverage; no diversion attribution
4616353,2025-06-01,Laurelton Pkwy N @ SSP - CIP N Hempstead Tpk,Queens,700,8292.0,24.488242857142854,22.36,secondary feed descriptive coverage; no diversion attribution
4616353,2025-07-01,Laurelton Pkwy N @ SSP - CIP N Hempstead Tpk,Queens,744,8826.0,30.015779569892462,29.82,secondary feed descriptive coverage; no diversion attribution
4616353,2025-08-01,Laurelton Pkwy N @ SSP - CIP N Hempstead Tpk,Queens,744,8848.0,30.017614247311823,28.89,secondary feed descriptive coverage; no diversion attribution
4616353,2025-09-01,Laurelton Pkwy N @ SSP - CIP N Hempstead Tpk,Queens,720,8535.0,30.725215277777757,30.285,secondary feed descriptive coverage; no diversion attribution
4616353,2025-10-01,Laurelton Pkwy N @ SSP - CIP N Hempstead Tpk,Queens,734,8701.0,30.100878746594002,30.130000000000003,secondary feed descriptive coverage; no diversion attribution
4616353,2025-11-01,Laurelton Pkwy N @ SSP - CIP N Hempstead Tpk,Queens,718,8564.0,22.452116991643464,21.119999999999997,secondary feed descriptive coverage; no diversion attribution
4616353,2025-12-01,Laurelton Pkwy N @ SSP - CIP N Hempstead Tpk,Queens,740,8862.0,26.694702702702696,26.2475,secondary feed descriptive coverage; no diversion attribution
4616353,2026-01-01,Laurelton Pkwy N @ SSP - CIP N Hempstead Tpk,Queens,743,8901.0,32.19232166890985,33.86,secondary feed descriptive coverage; no diversion attribution
4616353,2026-02-01,Laurelton Pkwy N @ SSP - CIP N Hempstead Tpk,Queens,672,8048.0,30.877678571428564,32.614999999999995,secondary feed descriptive coverage; no diversion attribution
4616353,2026-03-01,Laurelton Pkwy N @ SSP - CIP N Hempstead Tpk,Queens,743,8902.0,30.544313593539687,31.060000000000002,secondary feed descriptive coverage; no diversion attribution
4616353,2026-04-01,Laurelton Pkwy N @ SSP - CIP N Hempstead Tpk,Queens,477,5711.0,30.680712788259957,31.995,secondary feed descriptive coverage; no diversion attribution
4616353,2026-05-01,Laurelton Pkwy N @ SSP - CIP N Hempstead Tpk,Queens,736,8772.0,24.10487771739131,24.23,secondary feed descriptive coverage; no diversion attribution
4616353,2026-07-01,Laurelton Pkwy N @ SSP - CIP N Hempstead Tpk,Queens,695,8266.0,5.5914460431654645,4.97,secondary feed descriptive coverage; no diversion attribution
4616354,2023-01-01,Laurelton Pkwy S @ SSP - Belt Pkwy W 182nd St,Queens,557,6656.0,47.01713644524237,51.57,secondary feed descriptive coverage; no diversion attribution
4616354,2023-02-01,Laurelton Pkwy S @ SSP - Belt Pkwy W 182nd St,Queens,661,7887.0,44.67577912254162,49.7,secondary feed descriptive coverage; no diversion attribution
4616354,2023-03-01,Laurelton Pkwy S @ SSP - Belt Pkwy W 182nd St,Queens,743,8913.0,46.62825033647377,50.015,secondary feed descriptive coverage; no diversion attribution
4616354,2023-04-01,Laurelton Pkwy S @ SSP - Belt Pkwy W 182nd St,Queens,720,8635.0,42.245326388888884,46.29,secondary feed descriptive coverage; no diversion attribution
4616354,2023-05-01,Laurelton Pkwy S @ SSP - Belt Pkwy W 182nd St,Queens,468,5603.0,41.752521367521354,42.56,secondary feed descriptive coverage; no diversion attribution
4616354,2023-06-01,Laurelton Pkwy S @ SSP - Belt Pkwy W 182nd St,Queens,541,6478.0,34.384722735674686,34.79,secondary feed descriptive coverage; no diversion attribution
4616354,2023-07-01,Laurelton Pkwy S @ SSP - Belt Pkwy W 182nd St,Queens,629,7526.0,40.42373608903019,42.56,secondary feed descriptive coverage; no diversion attribution
4616354,2023-08-01,Laurelton Pkwy S @ SSP - Belt Pkwy W 182nd St,Queens,741,8879.0,44.53829959514169,47.84,secondary feed descriptive coverage; no diversion attribution
4616354,2023-09-01,Laurelton Pkwy S @ SSP - Belt Pkwy W 182nd St,Queens,708,8468.0,38.650282485875685,42.095,secondary feed descriptive coverage; no diversion attribution
4616354,2023-10-01,Laurelton Pkwy S @ SSP - Belt Pkwy W 182nd St,Queens,744,8924.0,35.785329301075265,38.209999999999994,secondary feed descriptive coverage; no diversion attribution
4616354,2023-11-01,Laurelton Pkwy S @ SSP - Belt Pkwy W 182nd St,Queens,706,8447.0,37.57206798866856,40.695,secondary feed descriptive coverage; no diversion attribution
4616354,2023-12-01,Laurelton Pkwy S @ SSP - Belt Pkwy W 182nd St,Queens,744,8928.0,44.304603494623706,46.44499999999999,secondary feed descriptive coverage; no diversion attribution
4616354,2024-01-01,Laurelton Pkwy S @ SSP - Belt Pkwy W 182nd St,Queens,682,8174.0,48.90010997067453,50.95,secondary feed descriptive coverage; no diversion attribution
4616354,2024-02-01,Laurelton Pkwy S @ SSP - Belt Pkwy W 182nd St,Queens,416,4973.0,46.62175480769231,50.015,secondary feed descriptive coverage; no diversion attribution
4616354,2024-03-01,Laurelton Pkwy S @ SSP - Belt Pkwy W 182nd St,Queens,717,8574.0,43.92075313807529,47.84,secondary feed descriptive coverage; no diversion attribution
4616354,2024-04-01,Laurelton Pkwy S @ SSP - Belt Pkwy W 182nd St,Queens,720,8634.0,45.66411111111112,48.927499999999995,secondary feed descriptive coverage; no diversion attribution
4616354,2024-05-01,Laurelton Pkwy S @ SSP - Belt Pkwy W 182nd St,Queens,744,8913.0,36.73834677419354,37.900000000000006,secondary feed descriptive coverage; no diversion attribution
4616354,2024-06-01,Laurelton Pkwy S @ SSP - Belt Pkwy W 182nd St,Queens,720,8606.0,38.62355555555555,38.83,secondary feed descriptive coverage; no diversion attribution
4616354,2024-07-01,Laurelton Pkwy S @ SSP - Belt Pkwy W 182nd St,Queens,729,8715.0,43.04477366255145,44.73,secondary feed descriptive coverage; no diversion attribution
4616354,2024-08-01,Laurelton Pkwy S @ SSP - Belt Pkwy W 182nd St,Queens,701,8348.0,40.91996433666192,41.629999999999995,secondary feed descriptive coverage; no diversion attribution
4616354,2024-09-01,Laurelton Pkwy S @ SSP - Belt Pkwy W 182nd St,Queens,720,8640.0,33.38676388888889,35.415,secondary feed descriptive coverage; no diversion attribution
4616354,2024-10-01,Laurelton Pkwy S @ SSP - Belt Pkwy W 182nd St,Queens,744,8923.0,23.368138440860214,26.715,secondary feed descriptive coverage; no diversion attribution
4616354,2024-11-01,Laurelton Pkwy S @ SSP - Belt Pkwy W 182nd St,Queens,719,8619.0,38.879388038942956,40.075,secondary feed descriptive coverage; no diversion attribution
4616354,2024-12-01,Laurelton Pkwy S @ SSP - Belt Pkwy W 182nd St,Queens,606,7184.0,38.14039603960398,38.83,secondary feed descriptive coverage; no diversion attribution
4616354,2025-01-01,Laurelton Pkwy S @ SSP - Belt Pkwy W 182nd St,Queens,744,8918.0,44.55727150537634,45.5125,secondary feed descriptive coverage; no diversion attribution
4616354,2025-02-01,Laurelton Pkwy S @ SSP - Belt Pkwy W 182nd St,Queens,672,8064.0,46.07622023809522,49.39,secondary feed descriptive coverage; no diversion attribution
4616354,2025-03-01,Laurelton Pkwy S @ SSP - Belt Pkwy W 182nd St,Queens,743,8912.0,44.19567967698519,47.22,secondary feed descriptive coverage; no diversion attribution
4616354,2025-04-01,Laurelton Pkwy S @ SSP - Belt Pkwy W 182nd St,Queens,720,8640.0,42.12480555555555,42.56,secondary feed descriptive coverage; no diversion attribution
4616354,2025-05-01,Laurelton Pkwy S @ SSP - Belt Pkwy W 182nd St,Queens,744,8907.0,36.28120967741935,37.59,secondary feed descriptive coverage; no diversion attribution
4616354,2025-06-01,Laurelton Pkwy S @ SSP - Belt Pkwy W 182nd St,Queens,700,8292.0,38.432578571428564,39.14,secondary feed descriptive coverage; no diversion attribution
4616354,2025-07-01,Laurelton Pkwy S @ SSP - Belt Pkwy W 182nd St,Queens,744,8826.0,43.853172043010744,46.599999999999994,secondary feed descriptive coverage; no diversion attribution
4616354,2025-08-01,Laurelton Pkwy S @ SSP - Belt Pkwy W 182nd St,Queens,744,8848.0,41.22098790322583,42.25,secondary feed descriptive coverage; no diversion attribution
4616354,2025-09-01,Laurelton Pkwy S @ SSP - Belt Pkwy W 182nd St,Queens,720,8535.0,40.0571597222222,42.87,secondary feed descriptive coverage; no diversion attribution
4616354,2025-10-01,Laurelton Pkwy S @ SSP - Belt Pkwy W 182nd St,Queens,734,8701.0,35.94108310626704,35.099999999999994,secondary feed descriptive coverage; no diversion attribution
4616354,2025-11-01,Laurelton Pkwy S @ SSP - Belt Pkwy W 182nd St,Queens,718,8564.0,34.603064066852355,36.19,secondary feed descriptive coverage; no diversion attribution
4616354,2025-12-01,Laurelton Pkwy S @ SSP - Belt Pkwy W 182nd St,Queens,740,8862.0,33.042824324324336,35.41,secondary feed descriptive coverage; no diversion attribution
4616354,2026-01-01,Laurelton Pkwy S @ SSP - Belt Pkwy W 182nd St,Queens,743,8901.0,37.59345895020188,38.52,secondary feed descriptive coverage; no diversion attribution
4616354,2026-02-01,Laurelton Pkwy S @ SSP - Belt Pkwy W 182nd St,Queens,672,8048.0,37.90427083333333,38.675,secondary feed descriptive coverage; no diversion attribution
4616354,2026-03-01,Laurelton Pkwy S @ SSP - Belt Pkwy W 182nd St,Queens,743,8902.0,36.689576043068634,37.59,secondary feed descriptive coverage; no diversion attribution
4616354,2026-04-01,Laurelton Pkwy S @ SSP - Belt Pkwy W 182nd St,Queens,477,5711.0,37.90523060796646,38.83,secondary feed descriptive coverage; no diversion attribution
4616354,2026-05-01,Laurelton Pkwy S @ SSP - Belt Pkwy W 182nd St,Queens,736,8772.0,36.01313858695655,36.97,secondary feed descriptive coverage; no diversion attribution
4616354,2026-07-01,Laurelton Pkwy S @ SSP - Belt Pkwy W 182nd St,Queens,695,8266.0,26.908517985611503,25.78,secondary feed descriptive coverage; no diversion attribution
4616355,2023-01-01,Belt Pkwy E 182nd St - Laurelton Pkwy N @ SSP,Queens,557,6655.0,45.276238779174115,50.015,secondary feed descriptive coverage; no diversion attribution
4616355,2023-02-01,Belt Pkwy E 182nd St - Laurelton Pkwy N @ SSP,Queens,661,7887.0,43.347594553706486,47.84,secondary feed descriptive coverage; no diversion attribution
4616355,2023-03-01,Belt Pkwy E 182nd St - Laurelton Pkwy N @ SSP,Queens,743,8913.0,42.54043741588155,46.595,secondary feed descriptive coverage; no diversion attribution
4616355,2023-04-01,Belt Pkwy E 182nd St - Laurelton Pkwy N @ SSP,Queens,720,8635.0,37.745881944444434,40.38,secondary feed descriptive coverage; no diversion attribution
4616355,2023-05-01,Belt Pkwy E 182nd St - Laurelton Pkwy N @ SSP,Queens,468,5604.0,30.70670940170939,31.994999999999997,secondary feed descriptive coverage; no diversion attribution
4616355,2023-06-01,Belt Pkwy E 182nd St - Laurelton Pkwy N @ SSP,Queens,541,6478.0,37.25775415896487,41.004999999999995,secondary feed descriptive coverage; no diversion attribution
4616355,2023-07-01,Belt Pkwy E 182nd St - Laurelton Pkwy N @ SSP,Queens,629,7526.0,34.594705882352926,34.480000000000004,secondary feed descriptive coverage; no diversion attribution
4616355,2023-08-01,Belt Pkwy E 182nd St - Laurelton Pkwy N @ SSP,Queens,741,8879.0,39.37919703103914,42.870000000000005,secondary feed descriptive coverage; no diversion attribution
4616355,2023-09-01,Belt Pkwy E 182nd St - Laurelton Pkwy N @ SSP,Queens,708,8468.0,37.705261299435,42.095,secondary feed descriptive coverage; no diversion attribution
4616355,2023-10-01,Belt Pkwy E 182nd St - Laurelton Pkwy N @ SSP,Queens,744,8924.0,37.38770161290324,42.2475,secondary feed descriptive coverage; no diversion attribution
4616355,2023-11-01,Belt Pkwy E 182nd St - Laurelton Pkwy N @ SSP,Queens,706,8447.0,32.73148016997167,33.55,secondary feed descriptive coverage; no diversion attribution
4616355,2023-12-01,Belt Pkwy E 182nd St - Laurelton Pkwy N @ SSP,Queens,744,8928.0,37.884153225806436,43.18,secondary feed descriptive coverage; no diversion attribution
4616355,2024-01-01,Belt Pkwy E 182nd St - Laurelton Pkwy N @ SSP,Queens,682,8174.0,43.510505865102665,48.769999999999996,secondary feed descriptive coverage; no diversion attribution
4616355,2024-02-01,Belt Pkwy E 182nd St - Laurelton Pkwy N @ SSP,Queens,416,4974.0,41.74317307692308,47.22,secondary feed descriptive coverage; no diversion attribution
4616355,2024-03-01,Belt Pkwy E 182nd St - Laurelton Pkwy N @ SSP,Queens,717,8573.0,38.74617852161782,42.87,secondary feed descriptive coverage; no diversion attribution
4616355,2024-04-01,Belt Pkwy E 182nd St - Laurelton Pkwy N @ SSP,Queens,720,8634.0,39.25903472222218,43.489999999999995,secondary feed descriptive coverage; no diversion attribution
4616355,2024-05-01,Belt Pkwy E 182nd St - Laurelton Pkwy N @ SSP,Queens,744,8914.0,32.77713037634407,33.86,secondary feed descriptive coverage; no diversion attribution
4616355,2024-06-01,Belt Pkwy E 182nd St - Laurelton Pkwy N @ SSP,Queens,720,8606.0,31.61536805555555,30.9075,secondary feed descriptive coverage; no diversion attribution
4616355,2024-07-01,Belt Pkwy E 182nd St - Laurelton Pkwy N @ SSP,Queens,729,8716.0,34.3063854595336,36.66,secondary feed descriptive coverage; no diversion attribution
4616355,2024-08-01,Belt Pkwy E 182nd St - Laurelton Pkwy N @ SSP,Queens,701,8347.0,34.614087018544936,34.17,secondary feed descriptive coverage; no diversion attribution
4616355,2024-09-01,Belt Pkwy E 182nd St - Laurelton Pkwy N @ SSP,Queens,720,8640.0,29.236798611111116,27.645,secondary feed descriptive coverage; no diversion attribution
4616355,2024-10-01,Belt Pkwy E 182nd St - Laurelton Pkwy N @ SSP,Queens,744,8923.0,33.99358870967745,34.325,secondary feed descriptive coverage; no diversion attribution
4616355,2024-11-01,Belt Pkwy E 182nd St - Laurelton Pkwy N @ SSP,Queens,719,8622.0,33.57423504867872,33.55,secondary feed descriptive coverage; no diversion attribution
4616355,2024-12-01,Belt Pkwy E 182nd St - Laurelton Pkwy N @ SSP,Queens,606,7192.0,32.24325082508249,31.995,secondary feed descriptive coverage; no diversion attribution
4616355,2025-01-01,Belt Pkwy E 182nd St - Laurelton Pkwy N @ SSP,Queens,744,8921.0,40.36071236559141,42.87,secondary feed descriptive coverage; no diversion attribution
4616355,2025-02-01,Belt Pkwy E 182nd St - Laurelton Pkwy N @ SSP,Queens,672,8064.0,42.666726190476204,48.46,secondary feed descriptive coverage; no diversion attribution
4616355,2025-03-01,Belt Pkwy E 182nd St - Laurelton Pkwy N @ SSP,Queens,743,8912.0,39.8555383580081,45.980000000000004,secondary feed descriptive coverage; no diversion attribution
4616355,2025-04-01,Belt Pkwy E 182nd St - Laurelton Pkwy N @ SSP,Queens,720,8640.0,38.37623611111111,43.025000000000006,secondary feed descriptive coverage; no diversion attribution
4616355,2025-05-01,Belt Pkwy E 182nd St - Laurelton Pkwy N @ SSP,Queens,744,8907.0,30.647540322580642,33.239999999999995,secondary feed descriptive coverage; no diversion attribution
4616355,2025-06-01,Belt Pkwy E 182nd St - Laurelton Pkwy N @ SSP,Queens,700,8292.0,29.94092142857143,29.354999999999997,secondary feed descriptive coverage; no diversion attribution
4616355,2025-07-01,Belt Pkwy E 182nd St - Laurelton Pkwy N @ SSP,Queens,744,8826.0,26.474375000000006,21.43,secondary feed descriptive coverage; no diversion attribution
4616355,2025-08-01,Belt Pkwy E 182nd St - Laurelton Pkwy N @ SSP,Queens,744,8848.0,37.77661290322583,42.56,secondary feed descriptive coverage; no diversion attribution
4616355,2025-09-01,Belt Pkwy E 182nd St - Laurelton Pkwy N @ SSP,Queens,720,8536.0,36.37329861111113,40.38,secondary feed descriptive coverage; no diversion attribution
4616355,2025-10-01,Belt Pkwy E 182nd St - Laurelton Pkwy N @ SSP,Queens,734,8701.0,23.44293596730246,14.445,secondary feed descriptive coverage; no diversion attribution
4616355,2025-11-01,Belt Pkwy E 182nd St - Laurelton Pkwy N @ SSP,Queens,718,8564.0,31.591810584958225,34.015,secondary feed descriptive coverage; no diversion attribution
4616355,2025-12-01,Belt Pkwy E 182nd St - Laurelton Pkwy N @ SSP,Queens,740,8866.0,33.549891891891896,35.41,secondary feed descriptive coverage; no diversion attribution
4616355,2026-01-01,Belt Pkwy E 182nd St - Laurelton Pkwy N @ SSP,Queens,743,8901.0,34.46783983849258,35.41,secondary feed descriptive coverage; no diversion attribution
4616355,2026-02-01,Belt Pkwy E 182nd St - Laurelton Pkwy N @ SSP,Queens,672,8048.0,30.871227678571422,32.614999999999995,secondary feed descriptive coverage; no diversion attribution
4616355,2026-03-01,Belt Pkwy E 182nd St - Laurelton Pkwy N @ SSP,Queens,743,8902.0,31.39606998654104,31.995,secondary feed descriptive coverage; no diversion attribution
4616355,2026-04-01,Belt Pkwy E 182nd St - Laurelton Pkwy N @ SSP,Queens,477,5711.0,32.41512578616353,33.55,secondary feed descriptive coverage; no diversion attribution
4616355,2026-05-01,Belt Pkwy E 182nd St - Laurelton Pkwy N @ SSP,Queens,736,8772.0,25.33340353260869,25.47,secondary feed descriptive coverage; no diversion attribution
4616355,2026-07-01,Belt Pkwy E 182nd St - Laurelton Pkwy N @ SSP,Queens,695,8266.0,6.766050359712238,6.21,secondary feed descriptive coverage; no diversion attribution
4616356,2023-01-01,Belt Pkwy W 182nd St - JFK Expressway,Queens,557,6656.0,33.92291741472173,36.035,secondary feed descriptive coverage; no diversion attribution
4616356,2023-02-01,Belt Pkwy W 182nd St - JFK Expressway,Queens,661,7887.0,33.51434190620271,35.72,secondary feed descriptive coverage; no diversion attribution
4616356,2023-03-01,Belt Pkwy W 182nd St - JFK Expressway,Queens,743,8913.0,34.78232166890982,37.28,secondary feed descriptive coverage; no diversion attribution
4616356,2023-04-01,Belt Pkwy W 182nd St - JFK Expressway,Queens,720,8635.0,36.619951388888886,41.004999999999995,secondary feed descriptive coverage; no diversion attribution
4616356,2023-05-01,Belt Pkwy W 182nd St - JFK Expressway,Queens,468,5604.0,41.50423076923077,42.56,secondary feed descriptive coverage; no diversion attribution
4616356,2023-06-01,Belt Pkwy W 182nd St - JFK Expressway,Queens,541,6478.0,34.393872458410364,34.79,secondary feed descriptive coverage; no diversion attribution
4616356,2023-07-01,Belt Pkwy W 182nd St - JFK Expressway,Queens,629,7526.0,36.99680445151032,39.14,secondary feed descriptive coverage; no diversion attribution
4616356,2023-08-01,Belt Pkwy W 182nd St - JFK Expressway,Queens,741,8879.0,37.47313090418354,39.765,secondary feed descriptive coverage; no diversion attribution
4616356,2023-09-01,Belt Pkwy W 182nd St - JFK Expressway,Queens,708,8468.0,32.75617937853105,32.620000000000005,secondary feed descriptive coverage; no diversion attribution
4616356,2023-10-01,Belt Pkwy W 182nd St - JFK Expressway,Queens,744,8925.0,29.309999999999988,28.575000000000003,secondary feed descriptive coverage; no diversion attribution
4616356,2023-11-01,Belt Pkwy W 182nd St - JFK Expressway,Queens,706,8447.0,23.80859065155807,25.78,secondary feed descriptive coverage; no diversion attribution
4616356,2023-12-01,Belt Pkwy W 182nd St - JFK Expressway,Queens,744,8928.0,38.30214381720429,40.07,secondary feed descriptive coverage; no diversion attribution
4616356,2024-01-01,Belt Pkwy W 182nd St - JFK Expressway,Queens,682,8174.0,38.86601173020524,41.63,secondary feed descriptive coverage; no diversion attribution
4616356,2024-02-01,Belt Pkwy W 182nd St - JFK Expressway,Queens,416,4974.0,32.04637019230769,33.082499999999996,secondary feed descriptive coverage; no diversion attribution
4616356,2024-03-01,Belt Pkwy W 182nd St - JFK Expressway,Queens,717,8573.0,36.754944211994406,39.76,secondary feed descriptive coverage; no diversion attribution
4616356,2024-04-01,Belt Pkwy W 182nd St - JFK Expressway,Queens,720,8634.0,36.826229166666664,39.917500000000004,secondary feed descriptive coverage; no diversion attribution
4616356,2024-05-01,Belt Pkwy W 182nd St - JFK Expressway,Queens,744,8914.0,30.911249999999995,31.0625,secondary feed descriptive coverage; no diversion attribution
4616356,2024-06-01,Belt Pkwy W 182nd St - JFK Expressway,Queens,720,8606.0,36.95270138888887,37.7425,secondary feed descriptive coverage; no diversion attribution
4616356,2024-07-01,Belt Pkwy W 182nd St - JFK Expressway,Queens,729,8716.0,39.06307956104251,40.07,secondary feed descriptive coverage; no diversion attribution
4616356,2024-08-01,Belt Pkwy W 182nd St - JFK Expressway,Queens,701,8348.0,38.587539229671904,39.76,secondary feed descriptive coverage; no diversion attribution
4616356,2024-09-01,Belt Pkwy W 182nd St - JFK Expressway,Queens,720,8640.0,33.110055555555554,36.03,secondary feed descriptive coverage; no diversion attribution
4616356,2024-10-01,Belt Pkwy W 182nd St - JFK Expressway,Queens,744,8923.0,30.212990591397865,34.17,secondary feed descriptive coverage; no diversion attribution
4616356,2024-11-01,Belt Pkwy W 182nd St - JFK Expressway,Queens,719,8622.0,37.436105702364394,39.45,secondary feed descriptive coverage; no diversion attribution
4616356,2024-12-01,Belt Pkwy W 182nd St - JFK Expressway,Queens,606,7192.0,36.57281353135313,38.21,secondary feed descriptive coverage; no diversion attribution
4616356,2025-01-01,Belt Pkwy W 182nd St - JFK Expressway,Queens,744,8921.0,39.129401881720426,40.695,secondary feed descriptive coverage; no diversion attribution
4616356,2025-02-01,Belt Pkwy W 182nd St - JFK Expressway,Queens,672,8064.0,33.05450148809524,35.099999999999994,secondary feed descriptive coverage; no diversion attribution
4616356,2025-03-01,Belt Pkwy W 182nd St - JFK Expressway,Queens,743,8912.0,37.24983849259757,39.45,secondary feed descriptive coverage; no diversion attribution
4616356,2025-04-01,Belt Pkwy W 182nd St - JFK Expressway,Queens,720,8640.0,37.49893055555555,39.14,secondary feed descriptive coverage; no diversion attribution
4616356,2025-05-01,Belt Pkwy W 182nd St - JFK Expressway,Queens,744,8907.0,33.838212365591374,36.345,secondary feed descriptive coverage; no diversion attribution
4616356,2025-06-01,Belt Pkwy W 182nd St - JFK Expressway,Queens,700,8292.0,38.36962857142857,40.695,secondary feed descriptive coverage; no diversion attribution
4616356,2025-07-01,Belt Pkwy W 182nd St - JFK Expressway,Queens,744,8826.0,42.783037634408586,45.045,secondary feed descriptive coverage; no diversion attribution
4616356,2025-08-01,Belt Pkwy W 182nd St - JFK Expressway,Queens,744,8848.0,40.95962365591398,41.63,secondary feed descriptive coverage; no diversion attribution
4616356,2025-09-01,Belt Pkwy W 182nd St - JFK Expressway,Queens,720,8536.0,35.93465972222221,38.83,secondary feed descriptive coverage; no diversion attribution
4616356,2025-10-01,Belt Pkwy W 182nd St - JFK Expressway,Queens,734,8701.0,31.05191416893734,31.995,secondary feed descriptive coverage; no diversion attribution
4616356,2025-11-01,Belt Pkwy W 182nd St - JFK Expressway,Queens,718,8564.0,31.894275766016708,34.17,secondary feed descriptive coverage; no diversion attribution
4616356,2025-12-01,Belt Pkwy W 182nd St - JFK Expressway,Queens,740,8866.0,32.49024324324324,35.415,secondary feed descriptive coverage; no diversion attribution
4616356,2026-01-01,Belt Pkwy W 182nd St - JFK Expressway,Queens,743,8901.0,30.96744279946164,36.03,secondary feed descriptive coverage; no diversion attribution
4616356,2026-02-01,Belt Pkwy W 182nd St - JFK Expressway,Queens,672,8048.0,13.25723958333334,10.25,secondary feed descriptive coverage; no diversion attribution
4616356,2026-03-01,Belt Pkwy W 182nd St - JFK Expressway,Queens,743,8902.0,27.469623149394334,31.994999999999997,secondary feed descriptive coverage; no diversion attribution
4616356,2026-04-01,Belt Pkwy W 182nd St - JFK Expressway,Queens,477,5711.0,41.34747379454926,42.870000000000005,secondary feed descriptive coverage; no diversion attribution
4616356,2026-05-01,Belt Pkwy W 182nd St - JFK Expressway,Queens,736,8771.0,39.72490489130435,41.7825,secondary feed descriptive coverage; no diversion attribution
4616356,2026-07-01,Belt Pkwy W 182nd St - JFK Expressway,Queens,695,8266.0,26.91165467625899,25.785,secondary feed descriptive coverage; no diversion attribution
4616357,2023-01-01,Belt Pkwy W JFK Expressway - VWE N Jamaica Ave,Queens,557,6656.0,14.136445242369852,11.18,secondary feed descriptive coverage; no diversion attribution
4616357,2023-02-01,Belt Pkwy W JFK Expressway - VWE N Jamaica Ave,Queens,661,7887.0,12.496459909228458,10.56,secondary feed descriptive coverage; no diversion attribution
4616357,2023-03-01,Belt Pkwy W JFK Expressway - VWE N Jamaica Ave,Queens,743,8913.0,12.453869448183049,9.94,secondary feed descriptive coverage; no diversion attribution
4616357,2023-04-01,Belt Pkwy W JFK Expressway - VWE N Jamaica Ave,Queens,720,8635.0,10.056826388888897,9.315,secondary feed descriptive coverage; no diversion attribution
4616357,2023-05-01,Belt Pkwy W JFK Expressway - VWE N Jamaica Ave,Queens,468,5603.0,8.929284188034194,7.76,secondary feed descriptive coverage; no diversion attribution
4616357,2023-06-01,Belt Pkwy W JFK Expressway - VWE N Jamaica Ave,Queens,541,6478.0,8.671774491682076,7.45,secondary feed descriptive coverage; no diversion attribution
4616357,2023-07-01,Belt Pkwy W JFK Expressway - VWE N Jamaica Ave,Queens,629,7526.0,9.891812400635942,8.379999999999999,secondary feed descriptive coverage; no diversion attribution
4616357,2023-08-01,Belt Pkwy W JFK Expressway - VWE N Jamaica Ave,Queens,741,8879.0,10.872334682861004,9.004999999999999,secondary feed descriptive coverage; no diversion attribution
4616357,2023-09-01,Belt Pkwy W JFK Expressway - VWE N Jamaica Ave,Queens,708,8468.0,9.939117231638434,8.69,secondary feed descriptive coverage; no diversion attribution
4616357,2023-10-01,Belt Pkwy W JFK Expressway - VWE N Jamaica Ave,Queens,744,8925.0,9.925893817204313,8.07,secondary feed descriptive coverage; no diversion attribution
4616357,2023-11-01,Belt Pkwy W JFK Expressway - VWE N Jamaica Ave,Queens,706,8447.0,10.275871104815868,8.535,secondary feed descriptive coverage; no diversion attribution
4616357,2023-12-01,Belt Pkwy W JFK Expressway - VWE N Jamaica Ave,Queens,744,8928.0,10.455174731182806,8.69,secondary feed descriptive coverage; no diversion attribution
4616357,2024-01-01,Belt Pkwy W JFK Expressway - VWE N Jamaica Ave,Queens,682,8174.0,11.77365835777127,10.25,secondary feed descriptive coverage; no diversion attribution
4616357,2024-02-01,Belt Pkwy W JFK Expressway - VWE N Jamaica Ave,Queens,416,4973.0,10.734483173076928,9.32,secondary feed descriptive coverage; no diversion attribution
4616357,2024-03-01,Belt Pkwy W JFK Expressway - VWE N Jamaica Ave,Queens,717,8574.0,9.968584379358449,8.379999999999999,secondary feed descriptive coverage; no diversion attribution
4616357,2024-04-01,Belt Pkwy W JFK Expressway - VWE N Jamaica Ave,Queens,720,8634.0,9.95847916666668,8.07,secondary feed descriptive coverage; no diversion attribution
4616357,2024-05-01,Belt Pkwy W JFK Expressway - VWE N Jamaica Ave,Queens,744,8913.0,9.276081989247322,8.07,secondary feed descriptive coverage; no diversion attribution
4616357,2024-06-01,Belt Pkwy W JFK Expressway - VWE N Jamaica Ave,Queens,720,8606.0,8.983180555555561,7.915,secondary feed descriptive coverage; no diversion attribution
4616357,2024-07-01,Belt Pkwy W JFK Expressway - VWE N Jamaica Ave,Queens,729,8715.0,9.691227709190686,8.379999999999999,secondary feed descriptive coverage; no diversion attribution
4616357,2024-08-01,Belt Pkwy W JFK Expressway - VWE N Jamaica Ave,Queens,701,8348.0,9.715049928673336,8.69,secondary feed descriptive coverage; no diversion attribution
4616357,2024-09-01,Belt Pkwy W JFK Expressway - VWE N Jamaica Ave,Queens,720,8640.0,8.725895833333347,7.76,secondary feed descriptive coverage; no diversion attribution
4616357,2024-10-01,Belt Pkwy W JFK Expressway - VWE N Jamaica Ave,Queens,744,8923.0,8.6808870967742,8.07,secondary feed descriptive coverage; no diversion attribution
4616357,2024-11-01,Belt Pkwy W JFK Expressway - VWE N Jamaica Ave,Queens,719,8622.0,10.426808066759408,8.69,secondary feed descriptive coverage; no diversion attribution
4616357,2024-12-01,Belt Pkwy W JFK Expressway - VWE N Jamaica Ave,Queens,606,7192.0,9.75719471947196,8.379999999999999,secondary feed descriptive coverage; no diversion attribution
4616357,2025-01-01,Belt Pkwy W JFK Expressway - VWE N Jamaica Ave,Queens,744,8921.0,10.419314516129043,8.69,secondary feed descriptive coverage; no diversion attribution
4616357,2025-02-01,Belt Pkwy W JFK Expressway - VWE N Jamaica Ave,Queens,672,8064.0,9.296681547619054,7.140000000000001,secondary feed descriptive coverage; no diversion attribution
4616357,2025-03-01,Belt Pkwy W JFK Expressway - VWE N Jamaica Ave,Queens,743,8912.0,8.122637954239574,6.83,secondary feed descriptive coverage; no diversion attribution
4616357,2025-04-01,Belt Pkwy W JFK Expressway - VWE N Jamaica Ave,Queens,720,8640.0,7.4652222222222315,6.21,secondary feed descriptive coverage; no diversion attribution
4616357,2025-05-01,Belt Pkwy W JFK Expressway - VWE N Jamaica Ave,Queens,744,8907.0,8.195598118279579,7.140000000000001,secondary feed descriptive coverage; no diversion attribution
4616357,2025-06-01,Belt Pkwy W JFK Expressway - VWE N Jamaica Ave,Queens,700,8292.0,10.794764285714297,8.2275,secondary feed descriptive coverage; no diversion attribution
4616357,2025-07-01,Belt Pkwy W JFK Expressway - VWE N Jamaica Ave,Queens,744,8826.0,11.608797043010757,9.32,secondary feed descriptive coverage; no diversion attribution
4616357,2025-08-01,Belt Pkwy W JFK Expressway - VWE N Jamaica Ave,Queens,744,8848.0,9.11104838709679,7.76,secondary feed descriptive coverage; no diversion attribution
4616357,2025-09-01,Belt Pkwy W JFK Expressway - VWE N Jamaica Ave,Queens,720,8536.0,9.486090277777784,8.07,secondary feed descriptive coverage; no diversion attribution
4616357,2025-10-01,Belt Pkwy W JFK Expressway - VWE N Jamaica Ave,Queens,734,8701.0,8.895374659400554,7.45,secondary feed descriptive coverage; no diversion attribution
4616357,2025-11-01,Belt Pkwy W JFK Expressway - VWE N Jamaica Ave,Queens,718,8564.0,9.25962395543177,8.07,secondary feed descriptive coverage; no diversion attribution
4616357,2025-12-01,Belt Pkwy W JFK Expressway - VWE N Jamaica Ave,Queens,740,8866.0,8.529087837837842,7.140000000000001,secondary feed descriptive coverage; no diversion attribution
4616357,2026-01-01,Belt Pkwy W JFK Expressway - VWE N Jamaica Ave,Queens,743,8901.0,10.29723418573353,8.379999999999999,secondary feed descriptive coverage; no diversion attribution
4616357,2026-02-01,Belt Pkwy W JFK Expressway - VWE N Jamaica Ave,Queens,672,8048.0,10.952611607142874,8.69,secondary feed descriptive coverage; no diversion attribution
4616357,2026-03-01,Belt Pkwy W JFK Expressway - VWE N Jamaica Ave,Queens,743,8902.0,10.1298923283984,8.69,secondary feed descriptive coverage; no diversion attribution
4616357,2026-04-01,Belt Pkwy W JFK Expressway - VWE N Jamaica Ave,Queens,477,5711.0,11.90619496855347,9.629999999999999,secondary feed descriptive coverage; no diversion attribution
4616357,2026-05-01,Belt Pkwy W JFK Expressway - VWE N Jamaica Ave,Queens,736,8772.0,11.427391304347836,9.004999999999999,secondary feed descriptive coverage; no diversion attribution
4616357,2026-07-01,Belt Pkwy W JFK Expressway - VWE N Jamaica Ave,Queens,695,8266.0,8.632366906474827,7.140000000000001,secondary feed descriptive coverage; no diversion attribution
4616364,2023-01-01,LIE W 108TH ST - 84TH ST,Queens,557,6656.0,43.873052064631956,48.769999999999996,secondary feed descriptive coverage; no diversion attribution
4616364,2023-02-01,LIE W 108TH ST - 84TH ST,Queens,661,7887.0,41.688623298033285,46.6,secondary feed descriptive coverage; no diversion attribution
4616364,2023-03-01,LIE W 108TH ST - 84TH ST,Queens,743,8912.0,40.71999327052489,45.67,secondary feed descriptive coverage; no diversion attribution
4616364,2023-04-01,LIE W 108TH ST - 84TH ST,Queens,720,8636.0,41.51148611111111,47.22,secondary feed descriptive coverage; no diversion attribution
4616364,2023-05-01,LIE W 108TH ST - 84TH ST,Queens,468,5605.0,39.38502136752139,42.25,secondary feed descriptive coverage; no diversion attribution
4616364,2023-06-01,LIE W 108TH ST - 84TH ST,Queens,541,6477.0,39.26815157116451,42.25,secondary feed descriptive coverage; no diversion attribution
4616364,2023-07-01,LIE W 108TH ST - 84TH ST,Queens,629,7526.0,40.7377265500795,45.67,secondary feed descriptive coverage; no diversion attribution
4616364,2023-08-01,LIE W 108TH ST - 84TH ST,Queens,741,8879.0,41.24861673414303,42.25,secondary feed descriptive coverage; no diversion attribution
4616364,2023-09-01,LIE W 108TH ST - 84TH ST,Queens,708,8468.0,40.23242231638415,40.38,secondary feed descriptive coverage; no diversion attribution
4616364,2023-10-01,LIE W 108TH ST - 84TH ST,Queens,744,8925.0,39.580362903225826,39.14,secondary feed descriptive coverage; no diversion attribution
4616364,2023-11-01,LIE W 108TH ST - 84TH ST,Queens,706,8448.0,30.950637393767696,32.31,secondary feed descriptive coverage; no diversion attribution
4616364,2023-12-01,LIE W 108TH ST - 84TH ST,Queens,744,8928.0,41.340248655913975,40.227500000000006,secondary feed descriptive coverage; no diversion attribution
4616364,2024-01-01,LIE W 108TH ST - 84TH ST,Queens,682,8174.0,40.374699413489715,44.73,secondary feed descriptive coverage; no diversion attribution
4616364,2024-02-01,LIE W 108TH ST - 84TH ST,Queens,416,4974.0,39.10930288461538,40.0725,secondary feed descriptive coverage; no diversion attribution
4616364,2024-03-01,LIE W 108TH ST - 84TH ST,Queens,717,8574.0,38.49806136680614,39.455,secondary feed descriptive coverage; no diversion attribution
4616364,2024-04-01,LIE W 108TH ST - 84TH ST,Queens,720,8634.0,38.84918055555556,41.317499999999995,secondary feed descriptive coverage; no diversion attribution
4616364,2024-05-01,LIE W 108TH ST - 84TH ST,Queens,744,8913.0,36.995033602150535,32.93,secondary feed descriptive coverage; no diversion attribution
4616364,2024-06-01,LIE W 108TH ST - 84TH ST,Queens,720,8603.0,36.18988194444443,30.44,secondary feed descriptive coverage; no diversion attribution
4616364,2024-07-01,LIE W 108TH ST - 84TH ST,Queens,729,8716.0,33.542537722908094,27.335,secondary feed descriptive coverage; no diversion attribution
4616364,2024-08-01,LIE W 108TH ST - 84TH ST,Queens,701,8345.0,31.12348074179744,22.985,secondary feed descriptive coverage; no diversion attribution
4616364,2024-09-01,LIE W 108TH ST - 84TH ST,Queens,720,8640.0,32.641055555555575,23.765,secondary feed descriptive coverage; no diversion attribution
4616364,2024-10-01,LIE W 108TH ST - 84TH ST,Queens,744,8923.0,33.12245295698922,24.85,secondary feed descriptive coverage; no diversion attribution
4616364,2024-11-01,LIE W 108TH ST - 84TH ST,Queens,719,8619.0,35.859242002781656,33.55,secondary feed descriptive coverage; no diversion attribution
4616364,2024-12-01,LIE W 108TH ST - 84TH ST,Queens,606,7186.0,35.54802805280528,32.31,secondary feed descriptive coverage; no diversion attribution
4616364,2025-01-01,LIE W 108TH ST - 84TH ST,Queens,744,8918.0,38.67295698924731,43.489999999999995,secondary feed descriptive coverage; no diversion attribution
4616364,2025-02-01,LIE W 108TH ST - 84TH ST,Queens,672,8064.0,38.920565476190454,41.94,secondary feed descriptive coverage; no diversion attribution
4616364,2025-03-01,LIE W 108TH ST - 84TH ST,Queens,743,8912.0,34.69538358008077,37.59,secondary feed descriptive coverage; no diversion attribution
4616364,2025-04-01,LIE W 108TH ST - 84TH ST,Queens,720,8640.0,36.04341666666667,36.5,secondary feed descriptive coverage; no diversion attribution
4616364,2025-05-01,LIE W 108TH ST - 84TH ST,Queens,744,8906.0,33.19981854838711,31.68,secondary feed descriptive coverage; no diversion attribution
4616364,2025-06-01,LIE W 108TH ST - 84TH ST,Queens,700,8292.0,36.27342142857143,36.6575,secondary feed descriptive coverage; no diversion attribution
4616364,2025-07-01,LIE W 108TH ST - 84TH ST,Queens,744,8826.0,36.13130376344085,34.79,secondary feed descriptive coverage; no diversion attribution
4616364,2025-08-01,LIE W 108TH ST - 84TH ST,Queens,744,8848.0,37.13743279569893,34.79,secondary feed descriptive coverage; no diversion attribution
4616364,2025-09-01,LIE W 108TH ST - 84TH ST,Queens,720,8535.0,35.25697916666666,34.17,secondary feed descriptive coverage; no diversion attribution
4616364,2025-10-01,LIE W 108TH ST - 84TH ST,Queens,734,8701.0,37.900946866485015,35.724999999999994,secondary feed descriptive coverage; no diversion attribution
4616364,2025-11-01,LIE W 108TH ST - 84TH ST,Queens,718,8564.0,38.50870473537604,37.28,secondary feed descriptive coverage; no diversion attribution
4616364,2025-12-01,LIE W 108TH ST - 84TH ST,Queens,740,8864.0,37.39997972972972,35.41,secondary feed descriptive coverage; no diversion attribution
4616364,2026-01-01,LIE W 108TH ST - 84TH ST,Queens,743,8901.0,34.6865477792732,33.86,secondary feed descriptive coverage; no diversion attribution
4616364,2026-02-01,LIE W 108TH ST - 84TH ST,Queens,672,8048.0,39.27872023809525,39.765,secondary feed descriptive coverage; no diversion attribution
4616364,2026-03-01,LIE W 108TH ST - 84TH ST,Queens,743,8902.0,36.18839838492597,35.41,secondary feed descriptive coverage; no diversion attribution
4616364,2026-04-01,LIE W 108TH ST - 84TH ST,Queens,477,5711.0,33.8943605870021,33.239999999999995,secondary feed descriptive coverage; no diversion attribution
4616364,2026-05-01,LIE W 108TH ST - 84TH ST,Queens,736,8772.0,20.29151494565216,21.43,secondary feed descriptive coverage; no diversion attribution
4616364,2026-07-01,LIE W 108TH ST - 84TH ST,Queens,695,8267.0,32.19105755395681,31.06,secondary feed descriptive coverage; no diversion attribution
4620298,2023-01-01,GWB E LOWER LEVEL PLAZA - CBE E LOWER LEVEL AMSTERDAM AVE,Manhattan,557,6655.0,36.63587073608615,42.25,secondary feed descriptive coverage; no diversion attribution
4620298,2023-02-01,GWB E LOWER LEVEL PLAZA - CBE E LOWER LEVEL AMSTERDAM AVE,Manhattan,661,7888.0,31.242216338880482,37.59,secondary feed descriptive coverage; no diversion attribution
4620298,2023-03-01,GWB E LOWER LEVEL PLAZA - CBE E LOWER LEVEL AMSTERDAM AVE,Manhattan,743,8907.0,25.9515208613728,22.99,secondary feed descriptive coverage; no diversion attribution
4620298,2023-04-01,GWB E LOWER LEVEL PLAZA - CBE E LOWER LEVEL AMSTERDAM AVE,Manhattan,720,8636.0,27.395034722222206,24.23,secondary feed descriptive coverage; no diversion attribution
4620298,2023-05-01,GWB E LOWER LEVEL PLAZA - CBE E LOWER LEVEL AMSTERDAM AVE,Manhattan,468,5597.0,24.438568376068375,18.795,secondary feed descriptive coverage; no diversion attribution
4620298,2023-06-01,GWB E LOWER LEVEL PLAZA - CBE E LOWER LEVEL AMSTERDAM AVE,Manhattan,541,6468.0,23.129038817005526,17.39,secondary feed descriptive coverage; no diversion attribution
4620298,2023-07-01,GWB E LOWER LEVEL PLAZA - CBE E LOWER LEVEL AMSTERDAM AVE,Manhattan,629,7515.0,12.774594594594593,0.0,secondary feed descriptive coverage; no diversion attribution
4620298,2023-08-01,GWB E LOWER LEVEL PLAZA - CBE E LOWER LEVEL AMSTERDAM AVE,Manhattan,741,8870.0,18.286862348178136,14.91,secondary feed descriptive coverage; no diversion attribution
4620298,2023-09-01,GWB E LOWER LEVEL PLAZA - CBE E LOWER LEVEL AMSTERDAM AVE,Manhattan,705,8410.0,28.093574468085098,24.54,secondary feed descriptive coverage; no diversion attribution
4620298,2023-10-01,GWB E LOWER LEVEL PLAZA - CBE E LOWER LEVEL AMSTERDAM AVE,Manhattan,744,8890.0,26.2891061827957,25.47,secondary feed descriptive coverage; no diversion attribution
4620298,2023-11-01,GWB E LOWER LEVEL PLAZA - CBE E LOWER LEVEL AMSTERDAM AVE,Manhattan,706,8437.0,29.51176345609063,29.51,secondary feed descriptive coverage; no diversion attribution
4620298,2023-12-01,GWB E LOWER LEVEL PLAZA - CBE E LOWER LEVEL AMSTERDAM AVE,Manhattan,744,8927.0,28.81210349462365,27.8,secondary feed descriptive coverage; no diversion attribution
4620298,2024-01-01,GWB E LOWER LEVEL PLAZA - CBE E LOWER LEVEL AMSTERDAM AVE,Manhattan,682,8174.0,32.9197653958944,39.45,secondary feed descriptive coverage; no diversion attribution
4620298,2024-02-01,GWB E LOWER LEVEL PLAZA - CBE E LOWER LEVEL AMSTERDAM AVE,Manhattan,416,4969.0,28.311045673076933,30.4425,secondary feed descriptive coverage; no diversion attribution
4620298,2024-03-01,GWB E LOWER LEVEL PLAZA - CBE E LOWER LEVEL AMSTERDAM AVE,Manhattan,717,8572.0,27.489602510460248,25.165,secondary feed descriptive coverage; no diversion attribution
4620298,2024-04-01,GWB E LOWER LEVEL PLAZA - CBE E LOWER LEVEL AMSTERDAM AVE,Manhattan,704,8410.0,26.87534801136363,25.47,secondary feed descriptive coverage; no diversion attribution
4620298,2024-05-01,GWB E LOWER LEVEL PLAZA - CBE E LOWER LEVEL AMSTERDAM AVE,Manhattan,744,8897.0,26.08344758064516,21.43,secondary feed descriptive coverage; no diversion attribution
4620298,2024-06-01,GWB E LOWER LEVEL PLAZA - CBE E LOWER LEVEL AMSTERDAM AVE,Manhattan,720,8601.0,24.509159722222194,19.26,secondary feed descriptive coverage; no diversion attribution
4620298,2024-07-01,GWB E LOWER LEVEL PLAZA - CBE E LOWER LEVEL AMSTERDAM AVE,Manhattan,729,8704.0,27.431131687242797,22.049999999999997,secondary feed descriptive coverage; no diversion attribution
4620298,2024-08-01,GWB E LOWER LEVEL PLAZA - CBE E LOWER LEVEL AMSTERDAM AVE,Manhattan,701,8348.0,27.11719686162625,19.88,secondary feed descriptive coverage; no diversion attribution
4620298,2024-09-01,GWB E LOWER LEVEL PLAZA - CBE E LOWER LEVEL AMSTERDAM AVE,Manhattan,720,8631.0,28.47861805555555,24.85,secondary feed descriptive coverage; no diversion attribution
4620298,2024-10-01,GWB E LOWER LEVEL PLAZA - CBE E LOWER LEVEL AMSTERDAM AVE,Manhattan,744,8923.0,29.294455645161285,30.439999999999998,secondary feed descriptive coverage; no diversion attribution
4620298,2024-11-01,GWB E LOWER LEVEL PLAZA - CBE E LOWER LEVEL AMSTERDAM AVE,Manhattan,719,8619.0,28.814568845618915,29.195,secondary feed descriptive coverage; no diversion attribution
4620298,2024-12-01,GWB E LOWER LEVEL PLAZA - CBE E LOWER LEVEL AMSTERDAM AVE,Manhattan,606,7181.0,28.0168729372937,22.36,secondary feed descriptive coverage; no diversion attribution
4620298,2025-01-01,GWB E LOWER LEVEL PLAZA - CBE E LOWER LEVEL AMSTERDAM AVE,Manhattan,736,8799.0,33.091168478260855,39.76,secondary feed descriptive coverage; no diversion attribution
4620298,2025-02-01,GWB E LOWER LEVEL PLAZA - CBE E LOWER LEVEL AMSTERDAM AVE,Manhattan,672,8064.0,31.93758184523808,38.055,secondary feed descriptive coverage; no diversion attribution
4620298,2025-03-01,GWB E LOWER LEVEL PLAZA - CBE E LOWER LEVEL AMSTERDAM AVE,Manhattan,743,8912.0,30.072752355316283,32.93,secondary feed descriptive coverage; no diversion attribution
4620298,2025-04-01,GWB E LOWER LEVEL PLAZA - CBE E LOWER LEVEL AMSTERDAM AVE,Manhattan,720,8640.0,26.086041666666674,22.83,secondary feed descriptive coverage; no diversion attribution
4620298,2025-05-01,GWB E LOWER LEVEL PLAZA - CBE E LOWER LEVEL AMSTERDAM AVE,Manhattan,744,8907.0,20.494455645161292,15.375,secondary feed descriptive coverage; no diversion attribution
4620298,2025-06-01,GWB E LOWER LEVEL PLAZA - CBE E LOWER LEVEL AMSTERDAM AVE,Manhattan,695,8220.0,23.98354676258992,17.395,secondary feed descriptive coverage; no diversion attribution
4620298,2025-07-01,GWB E LOWER LEVEL PLAZA - CBE E LOWER LEVEL AMSTERDAM AVE,Manhattan,744,8815.0,28.324711021505387,26.4025,secondary feed descriptive coverage; no diversion attribution
4620298,2025-08-01,GWB E LOWER LEVEL PLAZA - CBE E LOWER LEVEL AMSTERDAM AVE,Manhattan,743,8816.0,23.48533647375503,18.325000000000003,secondary feed descriptive coverage; no diversion attribution
4620298,2025-09-01,GWB E LOWER LEVEL PLAZA - CBE E LOWER LEVEL AMSTERDAM AVE,Manhattan,720,8535.0,30.477263888888874,33.084999999999994,secondary feed descriptive coverage; no diversion attribution
4620298,2025-10-01,GWB E LOWER LEVEL PLAZA - CBE E LOWER LEVEL AMSTERDAM AVE,Manhattan,734,8692.0,25.494100817438685,21.43,secondary feed descriptive coverage; no diversion attribution
4620298,2025-11-01,GWB E LOWER LEVEL PLAZA - CBE E LOWER LEVEL AMSTERDAM AVE,Manhattan,715,8491.0,29.892174825174813,31.685000000000002,secondary feed descriptive coverage; no diversion attribution
4620298,2025-12-01,GWB E LOWER LEVEL PLAZA - CBE E LOWER LEVEL AMSTERDAM AVE,Manhattan,738,8762.0,28.741063685636846,32.93,secondary feed descriptive coverage; no diversion attribution
4620298,2026-01-01,GWB E LOWER LEVEL PLAZA - CBE E LOWER LEVEL AMSTERDAM AVE,Manhattan,743,8901.0,33.09395020188423,39.45,secondary feed descriptive coverage; no diversion attribution
4620298,2026-02-01,GWB E LOWER LEVEL PLAZA - CBE E LOWER LEVEL AMSTERDAM AVE,Manhattan,672,8047.0,33.600022321428554,36.97,secondary feed descriptive coverage; no diversion attribution
4620298,2026-03-01,GWB E LOWER LEVEL PLAZA - CBE E LOWER LEVEL AMSTERDAM AVE,Manhattan,743,8892.0,27.262402422611036,23.61,secondary feed descriptive coverage; no diversion attribution
4620298,2026-04-01,GWB E LOWER LEVEL PLAZA - CBE E LOWER LEVEL AMSTERDAM AVE,Manhattan,476,5669.0,27.878109243697477,27.3375,secondary feed descriptive coverage; no diversion attribution
4620298,2026-05-01,GWB E LOWER LEVEL PLAZA - CBE E LOWER LEVEL AMSTERDAM AVE,Manhattan,731,8696.0,24.278043775649788,19.57,secondary feed descriptive coverage; no diversion attribution
4620298,2026-07-01,GWB E LOWER LEVEL PLAZA - CBE E LOWER LEVEL AMSTERDAM AVE,Manhattan,695,8232.0,26.804561151079138,22.985,secondary feed descriptive coverage; no diversion attribution
4620310,2023-01-01,CBE W U/LEV AMSTERDAM AVE - I95 S EXP LNS,Bronx,557,6656.0,34.207360861759405,35.1,secondary feed descriptive coverage; no diversion attribution
4620310,2023-02-01,CBE W U/LEV AMSTERDAM AVE - I95 S EXP LNS,Bronx,661,7887.0,33.839735249621754,32.31,secondary feed descriptive coverage; no diversion attribution
4620310,2023-03-01,CBE W U/LEV AMSTERDAM AVE - I95 S EXP LNS,Bronx,743,8907.0,33.50582099596228,31.06,secondary feed descriptive coverage; no diversion attribution
4620310,2023-04-01,CBE W U/LEV AMSTERDAM AVE - I95 S EXP LNS,Bronx,720,8636.0,31.79426388888888,29.2,secondary feed descriptive coverage; no diversion attribution
4620310,2023-05-01,CBE W U/LEV AMSTERDAM AVE - I95 S EXP LNS,Bronx,468,5598.0,32.00854700854702,29.2,secondary feed descriptive coverage; no diversion attribution
4620310,2023-06-01,CBE W U/LEV AMSTERDAM AVE - I95 S EXP LNS,Bronx,541,6468.0,30.258548983364133,27.34,secondary feed descriptive coverage; no diversion attribution
4620310,2023-07-01,CBE W U/LEV AMSTERDAM AVE - I95 S EXP LNS,Bronx,629,7513.0,32.24718600953893,29.2,secondary feed descriptive coverage; no diversion attribution
4620310,2023-08-01,CBE W U/LEV AMSTERDAM AVE - I95 S EXP LNS,Bronx,741,8871.0,30.334979757085012,27.96,secondary feed descriptive coverage; no diversion attribution
4620310,2023-09-01,CBE W U/LEV AMSTERDAM AVE - I95 S EXP LNS,Bronx,705,8411.0,31.978085106382952,29.82,secondary feed descriptive coverage; no diversion attribution
4620310,2023-10-01,CBE W U/LEV AMSTERDAM AVE - I95 S EXP LNS,Bronx,744,8890.0,31.6676142473118,29.509999999999998,secondary feed descriptive coverage; no diversion attribution
4620310,2023-11-01,CBE W U/LEV AMSTERDAM AVE - I95 S EXP LNS,Bronx,706,8437.0,33.44049575070817,31.839999999999996,secondary feed descriptive coverage; no diversion attribution
4620310,2023-12-01,CBE W U/LEV AMSTERDAM AVE - I95 S EXP LNS,Bronx,744,8927.0,33.67924731182794,32.305,secondary feed descriptive coverage; no diversion attribution
4620310,2024-01-01,CBE W U/LEV AMSTERDAM AVE - I95 S EXP LNS,Bronx,682,8174.0,35.42363636363637,38.519999999999996,secondary feed descriptive coverage; no diversion attribution
4620310,2024-02-01,CBE W U/LEV AMSTERDAM AVE - I95 S EXP LNS,Bronx,416,4969.0,32.517187500000006,29.665,secondary feed descriptive coverage; no diversion attribution
4620310,2024-03-01,CBE W U/LEV AMSTERDAM AVE - I95 S EXP LNS,Bronx,717,8573.0,33.195174337517415,30.755,secondary feed descriptive coverage; no diversion attribution
4620310,2024-04-01,CBE W U/LEV AMSTERDAM AVE - I95 S EXP LNS,Bronx,704,8410.0,32.31401988636362,28.89,secondary feed descriptive coverage; no diversion attribution
4620310,2024-05-01,CBE W U/LEV AMSTERDAM AVE - I95 S EXP LNS,Bronx,744,8898.0,32.06200268817202,28.58,secondary feed descriptive coverage; no diversion attribution
4620310,2024-06-01,CBE W U/LEV AMSTERDAM AVE - I95 S EXP LNS,Bronx,720,8601.0,29.302763888888876,26.71,secondary feed descriptive coverage; no diversion attribution
4620310,2024-07-01,CBE W U/LEV AMSTERDAM AVE - I95 S EXP LNS,Bronx,729,8707.0,32.02515775034288,28.27,secondary feed descriptive coverage; no diversion attribution
4620310,2024-08-01,CBE W U/LEV AMSTERDAM AVE - I95 S EXP LNS,Bronx,701,8348.0,29.487496433666166,26.71,secondary feed descriptive coverage; no diversion attribution
4620310,2024-09-01,CBE W U/LEV AMSTERDAM AVE - I95 S EXP LNS,Bronx,720,8630.0,32.00971527777775,28.89,secondary feed descriptive coverage; no diversion attribution
4620310,2024-10-01,CBE W U/LEV AMSTERDAM AVE - I95 S EXP LNS,Bronx,744,8923.0,32.32128360215049,29.2,secondary feed descriptive coverage; no diversion attribution
4620310,2024-11-01,CBE W U/LEV AMSTERDAM AVE - I95 S EXP LNS,Bronx,719,8622.0,33.31161335187759,31.375,secondary feed descriptive coverage; no diversion attribution
4620310,2024-12-01,CBE W U/LEV AMSTERDAM AVE - I95 S EXP LNS,Bronx,606,7186.0,31.8438613861386,29.2,secondary feed descriptive coverage; no diversion attribution
4620310,2025-01-01,CBE W U/LEV AMSTERDAM AVE - I95 S EXP LNS,Bronx,736,8801.0,36.08044836956519,39.45,secondary feed descriptive coverage; no diversion attribution
4620310,2025-02-01,CBE W U/LEV AMSTERDAM AVE - I95 S EXP LNS,Bronx,672,8064.0,33.90266369047617,34.79,secondary feed descriptive coverage; no diversion attribution
4620310,2025-03-01,CBE W U/LEV AMSTERDAM AVE - I95 S EXP LNS,Bronx,743,8912.0,33.752153432032266,31.060000000000002,secondary feed descriptive coverage; no diversion attribution
4620310,2025-04-01,CBE W U/LEV AMSTERDAM AVE - I95 S EXP LNS,Bronx,720,8640.0,29.12258333333332,27.34,secondary feed descriptive coverage; no diversion attribution
4620310,2025-05-01,CBE W U/LEV AMSTERDAM AVE - I95 S EXP LNS,Bronx,744,8907.0,27.86853494623655,26.09,secondary feed descriptive coverage; no diversion attribution
4620310,2025-06-01,CBE W U/LEV AMSTERDAM AVE - I95 S EXP LNS,Bronx,695,8220.0,26.237366906474815,25.16,secondary feed descriptive coverage; no diversion attribution
4620310,2025-07-01,CBE W U/LEV AMSTERDAM AVE - I95 S EXP LNS,Bronx,744,8815.0,28.718709677419348,26.4,secondary feed descriptive coverage; no diversion attribution
4620310,2025-08-01,CBE W U/LEV AMSTERDAM AVE - I95 S EXP LNS,Bronx,743,8816.0,27.368855989232816,25.47,secondary feed descriptive coverage; no diversion attribution
4620310,2025-09-01,CBE W U/LEV AMSTERDAM AVE - I95 S EXP LNS,Bronx,720,8536.0,26.50804861111113,26.09,secondary feed descriptive coverage; no diversion attribution
4620310,2025-10-01,CBE W U/LEV AMSTERDAM AVE - I95 S EXP LNS,Bronx,734,8692.0,31.000068119890972,27.96,secondary feed descriptive coverage; no diversion attribution
4620310,2025-11-01,CBE W U/LEV AMSTERDAM AVE - I95 S EXP LNS,Bronx,715,8491.0,18.599622377622378,23.92,secondary feed descriptive coverage; no diversion attribution
4620310,2025-12-01,CBE W U/LEV AMSTERDAM AVE - I95 S EXP LNS,Bronx,738,8766.0,0.0,0.0,secondary feed descriptive coverage; no diversion attribution
4620310,2026-01-01,CBE W U/LEV AMSTERDAM AVE - I95 S EXP LNS,Bronx,743,8901.0,18.750013458950196,23.61,secondary feed descriptive coverage; no diversion attribution
4620310,2026-02-01,CBE W U/LEV AMSTERDAM AVE - I95 S EXP LNS,Bronx,672,8047.0,32.351979166666645,35.567499999999995,secondary feed descriptive coverage; no diversion attribution
4620310,2026-03-01,CBE W U/LEV AMSTERDAM AVE - I95 S EXP LNS,Bronx,743,8894.0,22.37018842530281,24.85,secondary feed descriptive coverage; no diversion attribution
4620310,2026-04-01,CBE W U/LEV AMSTERDAM AVE - I95 S EXP LNS,Bronx,476,5669.0,31.412079831932765,30.75,secondary feed descriptive coverage; no diversion attribution
4620310,2026-05-01,CBE W U/LEV AMSTERDAM AVE - I95 S EXP LNS,Bronx,729,8682.0,31.631783264746208,28.89,secondary feed descriptive coverage; no diversion attribution
4620310,2026-07-01,CBE W U/LEV AMSTERDAM AVE - I95 S EXP LNS,Bronx,695,8232.0,0.0,0.0,secondary feed descriptive coverage; no diversion attribution
4620314,2023-01-01,MDE S HARLEM RIVER PARK - GWB W AMSTERDAM AVENUE UPPER LEVEL,Bronx,557,6655.0,27.055260323159786,29.82,secondary feed descriptive coverage; no diversion attribution
4620314,2023-02-01,MDE S HARLEM RIVER PARK - GWB W AMSTERDAM AVENUE UPPER LEVEL,Bronx,661,7887.0,27.001225416036316,30.75,secondary feed descriptive coverage; no diversion attribution
4620314,2023-03-01,MDE S HARLEM RIVER PARK - GWB W AMSTERDAM AVENUE UPPER LEVEL,Bronx,743,8909.0,23.292846567967697,23.299999999999997,secondary feed descriptive coverage; no diversion attribution
4620314,2023-04-01,MDE S HARLEM RIVER PARK - GWB W AMSTERDAM AVENUE UPPER LEVEL,Bronx,720,8635.0,20.951500000000006,18.64,secondary feed descriptive coverage; no diversion attribution
4620314,2023-05-01,MDE S HARLEM RIVER PARK - GWB W AMSTERDAM AVENUE UPPER LEVEL,Bronx,468,5597.0,18.992361111111105,15.219999999999999,secondary feed descriptive coverage; no diversion attribution
4620314,2023-06-01,MDE S HARLEM RIVER PARK - GWB W AMSTERDAM AVENUE UPPER LEVEL,Bronx,541,6469.0,17.273225508317935,12.11,secondary feed descriptive coverage; no diversion attribution
4620314,2023-07-01,MDE S HARLEM RIVER PARK - GWB W AMSTERDAM AVENUE UPPER LEVEL,Bronx,629,7514.0,19.954817170111284,18.64,secondary feed descriptive coverage; no diversion attribution
4620314,2023-08-01,MDE S HARLEM RIVER PARK - GWB W AMSTERDAM AVENUE UPPER LEVEL,Bronx,741,8871.0,17.975283400809726,13.67,secondary feed descriptive coverage; no diversion attribution
4620314,2023-09-01,MDE S HARLEM RIVER PARK - GWB W AMSTERDAM AVENUE UPPER LEVEL,Bronx,705,8412.0,20.22703546099291,19.26,secondary feed descriptive coverage; no diversion attribution
4620314,2023-10-01,MDE S HARLEM RIVER PARK - GWB W AMSTERDAM AVENUE UPPER LEVEL,Bronx,744,8890.0,19.94910618279571,16.77,secondary feed descriptive coverage; no diversion attribution
4620314,2023-11-01,MDE S HARLEM RIVER PARK - GWB W AMSTERDAM AVENUE UPPER LEVEL,Bronx,706,8438.0,16.099199716713883,9.94,secondary feed descriptive coverage; no diversion attribution
4620314,2023-12-01,MDE S HARLEM RIVER PARK - GWB W AMSTERDAM AVENUE UPPER LEVEL,Bronx,744,8927.0,22.60875672043012,25.16,secondary feed descriptive coverage; no diversion attribution
4620314,2024-01-01,MDE S HARLEM RIVER PARK - GWB W AMSTERDAM AVENUE UPPER LEVEL,Bronx,682,8174.0,26.57619501466275,31.68,secondary feed descriptive coverage; no diversion attribution
4620314,2024-02-01,MDE S HARLEM RIVER PARK - GWB W AMSTERDAM AVENUE UPPER LEVEL,Bronx,416,4969.0,22.591406250000002,24.85,secondary feed descriptive coverage; no diversion attribution
4620314,2024-03-01,MDE S HARLEM RIVER PARK - GWB W AMSTERDAM AVENUE UPPER LEVEL,Bronx,717,8573.0,22.60469316596933,24.85,secondary feed descriptive coverage; no diversion attribution
4620314,2024-04-01,MDE S HARLEM RIVER PARK - GWB W AMSTERDAM AVENUE UPPER LEVEL,Bronx,704,8409.0,21.20859375000001,20.345,secondary feed descriptive coverage; no diversion attribution
4620314,2024-05-01,MDE S HARLEM RIVER PARK - GWB W AMSTERDAM AVENUE UPPER LEVEL,Bronx,744,8898.0,20.55983870967743,18.4825,secondary feed descriptive coverage; no diversion attribution
4620314,2024-06-01,MDE S HARLEM RIVER PARK - GWB W AMSTERDAM AVENUE UPPER LEVEL,Bronx,720,8602.0,17.673368055555567,11.8,secondary feed descriptive coverage; no diversion attribution
4620314,2024-07-01,MDE S HARLEM RIVER PARK - GWB W AMSTERDAM AVENUE UPPER LEVEL,Bronx,729,8708.0,20.00623456790123,18.634999999999998,secondary feed descriptive coverage; no diversion attribution
4620314,2024-08-01,MDE S HARLEM RIVER PARK - GWB W AMSTERDAM AVENUE UPPER LEVEL,Bronx,701,8347.0,17.701683309557783,12.73,secondary feed descriptive coverage; no diversion attribution
4620314,2024-09-01,MDE S HARLEM RIVER PARK - GWB W AMSTERDAM AVENUE UPPER LEVEL,Bronx,720,8631.0,20.88720833333335,20.810000000000002,secondary feed descriptive coverage; no diversion attribution
4620314,2024-10-01,MDE S HARLEM RIVER PARK - GWB W AMSTERDAM AVENUE UPPER LEVEL,Bronx,744,8923.0,19.989825268817206,20.189999999999998,secondary feed descriptive coverage; no diversion attribution
4620314,2024-11-01,MDE S HARLEM RIVER PARK - GWB W AMSTERDAM AVENUE UPPER LEVEL,Bronx,719,8619.0,21.685472878998613,20.81,secondary feed descriptive coverage; no diversion attribution
4620314,2024-12-01,MDE S HARLEM RIVER PARK - GWB W AMSTERDAM AVENUE UPPER LEVEL,Bronx,606,7178.0,21.042227722772285,17.7025,secondary feed descriptive coverage; no diversion attribution
4620314,2025-01-01,MDE S HARLEM RIVER PARK - GWB W AMSTERDAM AVENUE UPPER LEVEL,Bronx,736,8799.0,25.575414402173916,32.305,secondary feed descriptive coverage; no diversion attribution
4620314,2025-02-01,MDE S HARLEM RIVER PARK - GWB W AMSTERDAM AVENUE UPPER LEVEL,Bronx,672,8064.0,23.884933035714294,29.044999999999998,secondary feed descriptive coverage; no diversion attribution
4620314,2025-03-01,MDE S HARLEM RIVER PARK - GWB W AMSTERDAM AVENUE UPPER LEVEL,Bronx,743,8912.0,22.34771197846567,25.16,secondary feed descriptive coverage; no diversion attribution
4620314,2025-04-01,MDE S HARLEM RIVER PARK - GWB W AMSTERDAM AVENUE UPPER LEVEL,Bronx,720,8640.0,20.11377083333334,19.720000000000002,secondary feed descriptive coverage; no diversion attribution
4620314,2025-05-01,MDE S HARLEM RIVER PARK - GWB W AMSTERDAM AVENUE UPPER LEVEL,Bronx,744,8907.0,18.659778225806452,13.665,secondary feed descriptive coverage; no diversion attribution
4620314,2025-06-01,MDE S HARLEM RIVER PARK - GWB W AMSTERDAM AVENUE UPPER LEVEL,Bronx,695,8220.0,16.947201438848932,10.870000000000001,secondary feed descriptive coverage; no diversion attribution
4620314,2025-07-01,MDE S HARLEM RIVER PARK - GWB W AMSTERDAM AVENUE UPPER LEVEL,Bronx,744,8815.0,19.59206989247312,16.15,secondary feed descriptive coverage; no diversion attribution
4620314,2025-08-01,MDE S HARLEM RIVER PARK - GWB W AMSTERDAM AVENUE UPPER LEVEL,Bronx,743,8816.0,17.02418573351279,11.18,secondary feed descriptive coverage; no diversion attribution
4620314,2025-09-01,MDE S HARLEM RIVER PARK - GWB W AMSTERDAM AVENUE UPPER LEVEL,Bronx,720,8535.0,18.966090277777777,14.594999999999999,secondary feed descriptive coverage; no diversion attribution
4620314,2025-10-01,MDE S HARLEM RIVER PARK - GWB W AMSTERDAM AVENUE UPPER LEVEL,Bronx,734,8692.0,18.892295640327,15.84,secondary feed descriptive coverage; no diversion attribution
4620314,2025-11-01,MDE S HARLEM RIVER PARK - GWB W AMSTERDAM AVENUE UPPER LEVEL,Bronx,715,8491.0,16.205034965034958,9.005,secondary feed descriptive coverage; no diversion attribution
4620314,2025-12-01,MDE S HARLEM RIVER PARK - GWB W AMSTERDAM AVENUE UPPER LEVEL,Bronx,738,8762.0,10.819200542005415,0.62,secondary feed descriptive coverage; no diversion attribution
4620314,2026-01-01,MDE S HARLEM RIVER PARK - GWB W AMSTERDAM AVENUE UPPER LEVEL,Bronx,743,8901.0,23.564623149394357,30.44,secondary feed descriptive coverage; no diversion attribution
4620314,2026-02-01,MDE S HARLEM RIVER PARK - GWB W AMSTERDAM AVENUE UPPER LEVEL,Bronx,672,8047.0,22.095052083333332,27.8,secondary feed descriptive coverage; no diversion attribution
4620314,2026-03-01,MDE S HARLEM RIVER PARK - GWB W AMSTERDAM AVENUE UPPER LEVEL,Bronx,743,8892.0,20.68336473755047,18.945,secondary feed descriptive coverage; no diversion attribution
4620314,2026-04-01,MDE S HARLEM RIVER PARK - GWB W AMSTERDAM AVENUE UPPER LEVEL,Bronx,476,5670.0,20.51515756302521,20.189999999999998,secondary feed descriptive coverage; no diversion attribution
4620314,2026-05-01,MDE S HARLEM RIVER PARK - GWB W AMSTERDAM AVENUE UPPER LEVEL,Bronx,731,8696.0,17.294740082079347,13.67,secondary feed descriptive coverage; no diversion attribution
4620314,2026-07-01,MDE S HARLEM RIVER PARK - GWB W AMSTERDAM AVENUE UPPER LEVEL,Bronx,695,8232.0,17.530158273381293,13.04,secondary feed descriptive coverage; no diversion attribution
4620315,2023-01-01,CBE W L/LE V AMSTERDAM AVE - I 95 S LOC LNS,Bronx,557,6656.0,3.0890574506283666,0.31,secondary feed descriptive coverage; no diversion attribution
4620315,2023-02-01,CBE W L/LE V AMSTERDAM AVE - I 95 S LOC LNS,Bronx,661,7887.0,3.2423751891074124,0.31,secondary feed descriptive coverage; no diversion attribution
4620315,2023-03-01,CBE W L/LE V AMSTERDAM AVE - I 95 S LOC LNS,Bronx,743,8907.0,2.934172274562582,0.31,secondary feed descriptive coverage; no diversion attribution
4620315,2023-04-01,CBE W L/LE V AMSTERDAM AVE - I 95 S LOC LNS,Bronx,720,8636.0,1.5610138888888896,0.0,secondary feed descriptive coverage; no diversion attribution
4620315,2023-05-01,CBE W L/LE V AMSTERDAM AVE - I 95 S LOC LNS,Bronx,468,5598.0,1.4500534188034195,0.0,secondary feed descriptive coverage; no diversion attribution
4620315,2023-06-01,CBE W L/LE V AMSTERDAM AVE - I 95 S LOC LNS,Bronx,541,6469.0,1.4702495378927918,0.0,secondary feed descriptive coverage; no diversion attribution
4620315,2023-07-01,CBE W L/LE V AMSTERDAM AVE - I 95 S LOC LNS,Bronx,629,7513.0,1.2350476947535778,0.0,secondary feed descriptive coverage; no diversion attribution
4620315,2023-08-01,CBE W L/LE V AMSTERDAM AVE - I 95 S LOC LNS,Bronx,741,8872.0,1.2241970310391375,0.0,secondary feed descriptive coverage; no diversion attribution
4620315,2023-09-01,CBE W L/LE V AMSTERDAM AVE - I 95 S LOC LNS,Bronx,705,8411.0,1.402219858156029,0.0,secondary feed descriptive coverage; no diversion attribution
4620315,2023-10-01,CBE W L/LE V AMSTERDAM AVE - I 95 S LOC LNS,Bronx,744,8889.0,1.2752083333333342,0.0,secondary feed descriptive coverage; no diversion attribution
4620315,2023-11-01,CBE W L/LE V AMSTERDAM AVE - I 95 S LOC LNS,Bronx,706,8437.0,1.1674150141643065,0.0,secondary feed descriptive coverage; no diversion attribution
4620315,2023-12-01,CBE W L/LE V AMSTERDAM AVE - I 95 S LOC LNS,Bronx,744,8927.0,1.0533669354838722,0.0,secondary feed descriptive coverage; no diversion attribution
4620315,2024-01-01,CBE W L/LE V AMSTERDAM AVE - I 95 S LOC LNS,Bronx,682,8174.0,1.2989442815249277,0.0,secondary feed descriptive coverage; no diversion attribution
4620315,2024-02-01,CBE W L/LE V AMSTERDAM AVE - I 95 S LOC LNS,Bronx,416,4969.0,1.561454326923077,0.0,secondary feed descriptive coverage; no diversion attribution
4620315,2024-03-01,CBE W L/LE V AMSTERDAM AVE - I 95 S LOC LNS,Bronx,717,8572.0,2.1410669456066946,0.0,secondary feed descriptive coverage; no diversion attribution
4620315,2024-04-01,CBE W L/LE V AMSTERDAM AVE - I 95 S LOC LNS,Bronx,704,8410.0,1.5709801136363646,0.0,secondary feed descriptive coverage; no diversion attribution
4620315,2024-05-01,CBE W L/LE V AMSTERDAM AVE - I 95 S LOC LNS,Bronx,744,8898.0,1.4101948924731191,0.0,secondary feed descriptive coverage; no diversion attribution
4620315,2024-06-01,CBE W L/LE V AMSTERDAM AVE - I 95 S LOC LNS,Bronx,720,8601.0,0.6482777777777783,0.0,secondary feed descriptive coverage; no diversion attribution
4620315,2024-07-01,CBE W L/LE V AMSTERDAM AVE - I 95 S LOC LNS,Bronx,729,8704.0,1.029108367626887,0.0,secondary feed descriptive coverage; no diversion attribution
4620315,2024-08-01,CBE W L/LE V AMSTERDAM AVE - I 95 S LOC LNS,Bronx,701,8348.0,0.6476462196861628,0.0,secondary feed descriptive coverage; no diversion attribution
4620315,2024-09-01,CBE W L/LE V AMSTERDAM AVE - I 95 S LOC LNS,Bronx,720,8630.0,0.9937013888888897,0.0,secondary feed descriptive coverage; no diversion attribution
4620315,2024-10-01,CBE W L/LE V AMSTERDAM AVE - I 95 S LOC LNS,Bronx,744,8923.0,0.457379032258065,0.0,secondary feed descriptive coverage; no diversion attribution
4620315,2024-11-01,CBE W L/LE V AMSTERDAM AVE - I 95 S LOC LNS,Bronx,719,8622.0,1.2553824756606413,0.0,secondary feed descriptive coverage; no diversion attribution
4620315,2024-12-01,CBE W L/LE V AMSTERDAM AVE - I 95 S LOC LNS,Bronx,606,7186.0,5.061955445544552,0.0,secondary feed descriptive coverage; no diversion attribution
4620315,2025-01-01,CBE W L/LE V AMSTERDAM AVE - I 95 S LOC LNS,Bronx,736,8801.0,1.2788315217391322,0.0,secondary feed descriptive coverage; no diversion attribution
4620315,2025-02-01,CBE W L/LE V AMSTERDAM AVE - I 95 S LOC LNS,Bronx,672,8064.0,1.5081101190476214,0.0,secondary feed descriptive coverage; no diversion attribution
4620315,2025-03-01,CBE W L/LE V AMSTERDAM AVE - I 95 S LOC LNS,Bronx,743,8912.0,1.743055181695828,0.0,secondary feed descriptive coverage; no diversion attribution
4620315,2025-04-01,CBE W L/LE V AMSTERDAM AVE - I 95 S LOC LNS,Bronx,720,8640.0,0.8488055555555564,0.0,secondary feed descriptive coverage; no diversion attribution
4620315,2025-05-01,CBE W L/LE V AMSTERDAM AVE - I 95 S LOC LNS,Bronx,744,8907.0,4.783454301075267,0.31,secondary feed descriptive coverage; no diversion attribution
4620315,2025-06-01,CBE W L/LE V AMSTERDAM AVE - I 95 S LOC LNS,Bronx,695,8219.0,0.8086402877697847,0.0,secondary feed descriptive coverage; no diversion attribution
4620315,2025-07-01,CBE W L/LE V AMSTERDAM AVE - I 95 S LOC LNS,Bronx,744,8815.0,0.9762365591397858,0.0,secondary feed descriptive coverage; no diversion attribution
4620315,2025-08-01,CBE W L/LE V AMSTERDAM AVE - I 95 S LOC LNS,Bronx,743,8816.0,7.0860228802153395,1.86,secondary feed descriptive coverage; no diversion attribution
4620315,2025-09-01,CBE W L/LE V AMSTERDAM AVE - I 95 S LOC LNS,Bronx,720,8536.0,2.4833125000000016,1.24,secondary feed descriptive coverage; no diversion attribution
4620315,2025-10-01,CBE W L/LE V AMSTERDAM AVE - I 95 S LOC LNS,Bronx,734,8692.0,2.683344686648503,1.8599999999999999,secondary feed descriptive coverage; no diversion attribution
4620315,2025-11-01,CBE W L/LE V AMSTERDAM AVE - I 95 S LOC LNS,Bronx,715,8492.0,1.4945804195804209,0.0,secondary feed descriptive coverage; no diversion attribution
4620315,2025-12-01,CBE W L/LE V AMSTERDAM AVE - I 95 S LOC LNS,Bronx,738,8766.0,0.0,0.0,secondary feed descriptive coverage; no diversion attribution
4620315,2026-01-01,CBE W L/LE V AMSTERDAM AVE - I 95 S LOC LNS,Bronx,743,8901.0,1.0553633916554523,0.0,secondary feed descriptive coverage; no diversion attribution
4620315,2026-02-01,CBE W L/LE V AMSTERDAM AVE - I 95 S LOC LNS,Bronx,672,8047.0,6.301733630952374,2.17,secondary feed descriptive coverage; no diversion attribution
4620315,2026-03-01,CBE W L/LE V AMSTERDAM AVE - I 95 S LOC LNS,Bronx,743,8892.0,9.376541049798114,2.79,secondary feed descriptive coverage; no diversion attribution
4620315,2026-04-01,CBE W L/LE V AMSTERDAM AVE - I 95 S LOC LNS,Bronx,476,5669.0,1.6348634453781528,0.31,secondary feed descriptive coverage; no diversion attribution
4620315,2026-05-01,CBE W L/LE V AMSTERDAM AVE - I 95 S LOC LNS,Bronx,729,8688.0,1.826913580246915,0.0,secondary feed descriptive coverage; no diversion attribution
4620315,2026-07-01,CBE W L/LE V AMSTERDAM AVE - I 95 S LOC LNS,Bronx,695,8232.0,0.0,0.0,secondary feed descriptive coverage; no diversion attribution
4620330,2023-01-01,MDE S HARLEM RIVER PARK - GWB W AMSTERDAM AVENUE LOWER LEVEL,Bronx,557,6655.0,29.55206463195692,32.305,secondary feed descriptive coverage; no diversion attribution
4620330,2023-02-01,MDE S HARLEM RIVER PARK - GWB W AMSTERDAM AVENUE LOWER LEVEL,Bronx,661,7887.0,29.58251134644477,33.55,secondary feed descriptive coverage; no diversion attribution
4620330,2023-03-01,MDE S HARLEM RIVER PARK - GWB W AMSTERDAM AVENUE LOWER LEVEL,Bronx,743,8909.0,26.11522207267833,30.439999999999998,secondary feed descriptive coverage; no diversion attribution
4620330,2023-04-01,MDE S HARLEM RIVER PARK - GWB W AMSTERDAM AVENUE LOWER LEVEL,Bronx,720,8635.0,24.347555555555562,26.09,secondary feed descriptive coverage; no diversion attribution
4620330,2023-05-01,MDE S HARLEM RIVER PARK - GWB W AMSTERDAM AVENUE LOWER LEVEL,Bronx,468,5597.0,22.51918803418804,21.2775,secondary feed descriptive coverage; no diversion attribution
4620330,2023-06-01,MDE S HARLEM RIVER PARK - GWB W AMSTERDAM AVENUE LOWER LEVEL,Bronx,541,6468.0,20.86381700554529,16.77,secondary feed descriptive coverage; no diversion attribution
4620330,2023-07-01,MDE S HARLEM RIVER PARK - GWB W AMSTERDAM AVENUE LOWER LEVEL,Bronx,629,7514.0,23.280222575516696,25.47,secondary feed descriptive coverage; no diversion attribution
4620330,2023-08-01,MDE S HARLEM RIVER PARK - GWB W AMSTERDAM AVENUE LOWER LEVEL,Bronx,741,8871.0,21.36954790823212,19.880000000000003,secondary feed descriptive coverage; no diversion attribution
4620330,2023-09-01,MDE S HARLEM RIVER PARK - GWB W AMSTERDAM AVENUE LOWER LEVEL,Bronx,705,8412.0,23.12948226950355,25.47,secondary feed descriptive coverage; no diversion attribution
4620330,2023-10-01,MDE S HARLEM RIVER PARK - GWB W AMSTERDAM AVENUE LOWER LEVEL,Bronx,744,8890.0,23.088064516129034,24.85,secondary feed descriptive coverage; no diversion attribution
4620330,2023-11-01,MDE S HARLEM RIVER PARK - GWB W AMSTERDAM AVENUE LOWER LEVEL,Bronx,706,8438.0,17.66977337110482,10.870000000000001,secondary feed descriptive coverage; no diversion attribution
4620330,2023-12-01,MDE S HARLEM RIVER PARK - GWB W AMSTERDAM AVENUE LOWER LEVEL,Bronx,744,8927.0,24.782264784946253,29.665,secondary feed descriptive coverage; no diversion attribution
4620330,2024-01-01,MDE S HARLEM RIVER PARK - GWB W AMSTERDAM AVENUE LOWER LEVEL,Bronx,682,8174.0,29.035535190615825,34.17,secondary feed descriptive coverage; no diversion attribution
4620330,2024-02-01,MDE S HARLEM RIVER PARK - GWB W AMSTERDAM AVENUE LOWER LEVEL,Bronx,416,4969.0,24.66832932692307,29.354999999999997,secondary feed descriptive coverage; no diversion attribution
4620330,2024-03-01,MDE S HARLEM RIVER PARK - GWB W AMSTERDAM AVENUE LOWER LEVEL,Bronx,717,8573.0,24.91685495118549,30.13,secondary feed descriptive coverage; no diversion attribution
4620330,2024-04-01,MDE S HARLEM RIVER PARK - GWB W AMSTERDAM AVENUE LOWER LEVEL,Bronx,704,8409.0,23.409346590909095,24.384999999999998,secondary feed descriptive coverage; no diversion attribution
4620330,2024-05-01,MDE S HARLEM RIVER PARK - GWB W AMSTERDAM AVENUE LOWER LEVEL,Bronx,744,8898.0,22.99379032258065,25.47,secondary feed descriptive coverage; no diversion attribution
4620330,2024-06-01,MDE S HARLEM RIVER PARK - GWB W AMSTERDAM AVENUE LOWER LEVEL,Bronx,720,8602.0,20.489493055555553,15.375,secondary feed descriptive coverage; no diversion attribution
4620330,2024-07-01,MDE S HARLEM RIVER PARK - GWB W AMSTERDAM AVENUE LOWER LEVEL,Bronx,729,8708.0,22.15220850480112,21.740000000000002,secondary feed descriptive coverage; no diversion attribution
4620330,2024-08-01,MDE S HARLEM RIVER PARK - GWB W AMSTERDAM AVENUE LOWER LEVEL,Bronx,701,8347.0,20.03221825962911,14.91,secondary feed descriptive coverage; no diversion attribution
4620330,2024-09-01,MDE S HARLEM RIVER PARK - GWB W AMSTERDAM AVENUE LOWER LEVEL,Bronx,720,8630.0,23.03141666666666,24.075,secondary feed descriptive coverage; no diversion attribution
4620330,2024-10-01,MDE S HARLEM RIVER PARK - GWB W AMSTERDAM AVENUE LOWER LEVEL,Bronx,744,8923.0,22.37385752688172,23.295,secondary feed descriptive coverage; no diversion attribution
4620330,2024-11-01,MDE S HARLEM RIVER PARK - GWB W AMSTERDAM AVENUE LOWER LEVEL,Bronx,719,8619.0,23.98858831710709,24.23,secondary feed descriptive coverage; no diversion attribution
4620330,2024-12-01,MDE S HARLEM RIVER PARK - GWB W AMSTERDAM AVENUE LOWER LEVEL,Bronx,606,7178.0,22.787739273927393,21.432499999999997,secondary feed descriptive coverage; no diversion attribution
4620330,2025-01-01,MDE S HARLEM RIVER PARK - GWB W AMSTERDAM AVENUE LOWER LEVEL,Bronx,736,8799.0,27.661209239130425,33.86,secondary feed descriptive coverage; no diversion attribution
4620330,2025-02-01,MDE S HARLEM RIVER PARK - GWB W AMSTERDAM AVENUE LOWER LEVEL,Bronx,672,8064.0,25.847157738095234,31.060000000000002,secondary feed descriptive coverage; no diversion attribution
4620330,2025-03-01,MDE S HARLEM RIVER PARK - GWB W AMSTERDAM AVENUE LOWER LEVEL,Bronx,743,8912.0,24.148566621803493,29.2,secondary feed descriptive coverage; no diversion attribution
4620330,2025-04-01,MDE S HARLEM RIVER PARK - GWB W AMSTERDAM AVENUE LOWER LEVEL,Bronx,720,8640.0,22.644479166666663,24.695,secondary feed descriptive coverage; no diversion attribution
4620330,2025-05-01,MDE S HARLEM RIVER PARK - GWB W AMSTERDAM AVENUE LOWER LEVEL,Bronx,744,8907.0,20.707372311827967,16.15,secondary feed descriptive coverage; no diversion attribution
4620330,2025-06-01,MDE S HARLEM RIVER PARK - GWB W AMSTERDAM AVENUE LOWER LEVEL,Bronx,695,8219.0,19.62605035971223,13.98,secondary feed descriptive coverage; no diversion attribution
4620330,2025-07-01,MDE S HARLEM RIVER PARK - GWB W AMSTERDAM AVENUE LOWER LEVEL,Bronx,744,8815.0,21.735094086021512,19.57,secondary feed descriptive coverage; no diversion attribution
4620330,2025-08-01,MDE S HARLEM RIVER PARK - GWB W AMSTERDAM AVENUE LOWER LEVEL,Bronx,743,8816.0,19.334434724091533,14.594999999999999,secondary feed descriptive coverage; no diversion attribution
4620330,2025-09-01,MDE S HARLEM RIVER PARK - GWB W AMSTERDAM AVENUE LOWER LEVEL,Bronx,720,8535.0,21.094201388888894,16.15,secondary feed descriptive coverage; no diversion attribution
4620330,2025-10-01,MDE S HARLEM RIVER PARK - GWB W AMSTERDAM AVENUE LOWER LEVEL,Bronx,734,8692.0,21.339584468664867,20.5,secondary feed descriptive coverage; no diversion attribution
4620330,2025-11-01,MDE S HARLEM RIVER PARK - GWB W AMSTERDAM AVENUE LOWER LEVEL,Bronx,715,8491.0,17.855916083916092,10.25,secondary feed descriptive coverage; no diversion attribution
4620330,2025-12-01,MDE S HARLEM RIVER PARK - GWB W AMSTERDAM AVENUE LOWER LEVEL,Bronx,738,8762.0,11.6474864498645,0.0,secondary feed descriptive coverage; no diversion attribution
4620330,2026-01-01,MDE S HARLEM RIVER PARK - GWB W AMSTERDAM AVENUE LOWER LEVEL,Bronx,743,8901.0,25.92096231493943,32.305,secondary feed descriptive coverage; no diversion attribution
4620330,2026-02-01,MDE S HARLEM RIVER PARK - GWB W AMSTERDAM AVENUE LOWER LEVEL,Bronx,672,8047.0,24.759501488095243,30.285,secondary feed descriptive coverage; no diversion attribution
4620330,2026-03-01,MDE S HARLEM RIVER PARK - GWB W AMSTERDAM AVENUE LOWER LEVEL,Bronx,743,8892.0,23.933822341857347,24.54,secondary feed descriptive coverage; no diversion attribution
4620330,2026-04-01,MDE S HARLEM RIVER PARK - GWB W AMSTERDAM AVENUE LOWER LEVEL,Bronx,476,5669.0,22.949233193277326,26.405,secondary feed descriptive coverage; no diversion attribution
4620330,2026-05-01,MDE S HARLEM RIVER PARK - GWB W AMSTERDAM AVENUE LOWER LEVEL,Bronx,731,8696.0,19.08290697674419,16.15,secondary feed descriptive coverage; no diversion attribution
4620330,2026-07-01,MDE S HARLEM RIVER PARK - GWB W AMSTERDAM AVENUE LOWER LEVEL,Bronx,695,8232.0,19.36952517985611,15.53,secondary feed descriptive coverage; no diversion attribution
4620331,2023-01-01,CBE W MORRIS AVE - GWB W AMSTERDAM AVE (U/LVL),Bronx,557,6655.0,32.35873429084381,40.075,secondary feed descriptive coverage; no diversion attribution
4620331,2023-02-01,CBE W MORRIS AVE - GWB W AMSTERDAM AVE (U/LVL),Bronx,661,7887.0,32.01228441754914,40.38,secondary feed descriptive coverage; no diversion attribution
4620331,2023-03-01,CBE W MORRIS AVE - GWB W AMSTERDAM AVE (U/LVL),Bronx,743,8909.0,27.800888290713303,24.85,secondary feed descriptive coverage; no diversion attribution
4620331,2023-04-01,CBE W MORRIS AVE - GWB W AMSTERDAM AVE (U/LVL),Bronx,720,8635.0,25.562388888888865,17.08,secondary feed descriptive coverage; no diversion attribution
4620331,2023-05-01,CBE W MORRIS AVE - GWB W AMSTERDAM AVE (U/LVL),Bronx,468,5597.0,24.34756410256411,14.29,secondary feed descriptive coverage; no diversion attribution
4620331,2023-06-01,CBE W MORRIS AVE - GWB W AMSTERDAM AVE (U/LVL),Bronx,541,6468.0,21.608650646950096,12.11,secondary feed descriptive coverage; no diversion attribution
4620331,2023-07-01,CBE W MORRIS AVE - GWB W AMSTERDAM AVE (U/LVL),Bronx,629,7515.0,25.549467408585063,18.325000000000003,secondary feed descriptive coverage; no diversion attribution
4620331,2023-08-01,CBE W MORRIS AVE - GWB W AMSTERDAM AVE (U/LVL),Bronx,741,8872.0,23.13874493927123,13.665,secondary feed descriptive coverage; no diversion attribution
4620331,2023-09-01,CBE W MORRIS AVE - GWB W AMSTERDAM AVE (U/LVL),Bronx,705,8412.0,25.81660283687942,18.950000000000003,secondary feed descriptive coverage; no diversion attribution
4620331,2023-10-01,CBE W MORRIS AVE - GWB W AMSTERDAM AVE (U/LVL),Bronx,744,8890.0,25.592318548387073,17.235,secondary feed descriptive coverage; no diversion attribution
4620331,2023-11-01,CBE W MORRIS AVE - GWB W AMSTERDAM AVE (U/LVL),Bronx,706,8438.0,21.76941218130311,13.0425,secondary feed descriptive coverage; no diversion attribution
4620331,2023-12-01,CBE W MORRIS AVE - GWB W AMSTERDAM AVE (U/LVL),Bronx,744,8927.0,29.80534274193547,35.7225,secondary feed descriptive coverage; no diversion attribution
4620331,2024-01-01,CBE W MORRIS AVE - GWB W AMSTERDAM AVE (U/LVL),Bronx,682,8174.0,34.533739002932556,42.405,secondary feed descriptive coverage; no diversion attribution
4620331,2024-02-01,CBE W MORRIS AVE - GWB W AMSTERDAM AVE (U/LVL),Bronx,416,4969.0,27.826093749999988,27.96,secondary feed descriptive coverage; no diversion attribution
4620331,2024-03-01,CBE W MORRIS AVE - GWB W AMSTERDAM AVE (U/LVL),Bronx,717,8573.0,28.7999581589958,31.060000000000002,secondary feed descriptive coverage; no diversion attribution
4620331,2024-04-01,CBE W MORRIS AVE - GWB W AMSTERDAM AVE (U/LVL),Bronx,533,6348.0,27.534887429643522,23.605,secondary feed descriptive coverage; no diversion attribution
4620331,2024-05-01,CBE W MORRIS AVE - GWB W AMSTERDAM AVE (U/LVL),Bronx,744,8898.0,26.51362231182795,18.634999999999998,secondary feed descriptive coverage; no diversion attribution
4620331,2024-06-01,CBE W MORRIS AVE - GWB W AMSTERDAM AVE (U/LVL),Bronx,720,8602.0,23.80982638888888,14.445,secondary feed descriptive coverage; no diversion attribution
4620331,2024-07-01,CBE W MORRIS AVE - GWB W AMSTERDAM AVE (U/LVL),Bronx,729,8709.0,27.021584362139922,20.5,secondary feed descriptive coverage; no diversion attribution
4620331,2024-08-01,CBE W MORRIS AVE - GWB W AMSTERDAM AVE (U/LVL),Bronx,701,8347.0,23.813359486447922,14.29,secondary feed descriptive coverage; no diversion attribution
4620331,2024-09-01,CBE W MORRIS AVE - GWB W AMSTERDAM AVE (U/LVL),Bronx,720,8630.0,27.648631944444443,25.78,secondary feed descriptive coverage; no diversion attribution
4620331,2024-10-01,CBE W MORRIS AVE - GWB W AMSTERDAM AVE (U/LVL),Bronx,744,8923.0,26.44275537634407,22.055,secondary feed descriptive coverage; no diversion attribution
4620331,2024-11-01,CBE W MORRIS AVE - GWB W AMSTERDAM AVE (U/LVL),Bronx,719,8622.0,25.81440194714881,19.26,secondary feed descriptive coverage; no diversion attribution
4620331,2024-12-01,CBE W MORRIS AVE - GWB W AMSTERDAM AVE (U/LVL),Bronx,606,7186.0,27.465123762376233,26.09,secondary feed descriptive coverage; no diversion attribution
4620331,2025-01-01,CBE W MORRIS AVE - GWB W AMSTERDAM AVE (U/LVL),Bronx,736,8801.0,33.79328125,42.87,secondary feed descriptive coverage; no diversion attribution
4620331,2025-02-01,CBE W MORRIS AVE - GWB W AMSTERDAM AVE (U/LVL),Bronx,672,8064.0,30.884828869047606,38.985,secondary feed descriptive coverage; no diversion attribution
4620331,2025-03-01,CBE W MORRIS AVE - GWB W AMSTERDAM AVE (U/LVL),Bronx,743,8912.0,29.426393001345893,31.994999999999997,secondary feed descriptive coverage; no diversion attribution
4620331,2025-04-01,CBE W MORRIS AVE - GWB W AMSTERDAM AVE (U/LVL),Bronx,720,8640.0,26.41079166666666,22.36,secondary feed descriptive coverage; no diversion attribution
4620331,2025-05-01,CBE W MORRIS AVE - GWB W AMSTERDAM AVE (U/LVL),Bronx,744,8907.0,24.11692876344084,16.46,secondary feed descriptive coverage; no diversion attribution
4620331,2025-06-01,CBE W MORRIS AVE - GWB W AMSTERDAM AVE (U/LVL),Bronx,695,8220.0,22.585237410071926,12.73,secondary feed descriptive coverage; no diversion attribution
4620331,2025-07-01,CBE W MORRIS AVE - GWB W AMSTERDAM AVE (U/LVL),Bronx,744,8815.0,25.636411290322567,17.0825,secondary feed descriptive coverage; no diversion attribution
4620331,2025-08-01,CBE W MORRIS AVE - GWB W AMSTERDAM AVE (U/LVL),Bronx,743,8816.0,23.57760430686405,16.46,secondary feed descriptive coverage; no diversion attribution
4620331,2025-09-01,CBE W MORRIS AVE - GWB W AMSTERDAM AVE (U/LVL),Bronx,720,8536.0,19.808569444444434,9.94,secondary feed descriptive coverage; no diversion attribution
4620331,2025-10-01,CBE W MORRIS AVE - GWB W AMSTERDAM AVE (U/LVL),Bronx,734,8692.0,12.539032697547642,1.86,secondary feed descriptive coverage; no diversion attribution
4620331,2025-11-01,CBE W MORRIS AVE - GWB W AMSTERDAM AVE (U/LVL),Bronx,715,8492.0,21.794342657342664,12.11,secondary feed descriptive coverage; no diversion attribution
4620331,2025-12-01,CBE W MORRIS AVE - GWB W AMSTERDAM AVE (U/LVL),Bronx,738,8764.0,14.18379403794038,0.93,secondary feed descriptive coverage; no diversion attribution
4620331,2026-01-01,CBE W MORRIS AVE - GWB W AMSTERDAM AVE (U/LVL),Bronx,743,8901.0,31.625309555854614,40.695,secondary feed descriptive coverage; no diversion attribution
4620331,2026-02-01,CBE W MORRIS AVE - GWB W AMSTERDAM AVE (U/LVL),Bronx,672,8047.0,31.684583333333308,39.14,secondary feed descriptive coverage; no diversion attribution
4620331,2026-03-01,CBE W MORRIS AVE - GWB W AMSTERDAM AVE (U/LVL),Bronx,743,8892.0,28.75513458950202,31.68,secondary feed descriptive coverage; no diversion attribution
4620331,2026-04-01,CBE W MORRIS AVE - GWB W AMSTERDAM AVE (U/LVL),Bronx,476,5669.0,26.104548319327737,26.09,secondary feed descriptive coverage; no diversion attribution
4620331,2026-05-01,CBE W MORRIS AVE - GWB W AMSTERDAM AVE (U/LVL),Bronx,730,8686.0,21.69457534246574,14.29,secondary feed descriptive coverage; no diversion attribution
4620331,2026-07-01,CBE W MORRIS AVE - GWB W AMSTERDAM AVE (U/LVL),Bronx,695,8232.0,22.594841726618707,14.29,secondary feed descriptive coverage; no diversion attribution
4620332,2023-01-01,CBE W MORRIS AVE - GWB W AMSTERDAM AVE (L/LVL),Bronx,557,6655.0,31.54964991023339,38.21,secondary feed descriptive coverage; no diversion attribution
4620332,2023-02-01,CBE W MORRIS AVE - GWB W AMSTERDAM AVE (L/LVL),Bronx,661,7887.0,31.064258698940986,37.9,secondary feed descriptive coverage; no diversion attribution
4620332,2023-03-01,CBE W MORRIS AVE - GWB W AMSTERDAM AVE (L/LVL),Bronx,743,8909.0,27.772415881561226,24.23,secondary feed descriptive coverage; no diversion attribution
4620332,2023-04-01,CBE W MORRIS AVE - GWB W AMSTERDAM AVE (L/LVL),Bronx,720,8635.0,25.772826388888877,17.545,secondary feed descriptive coverage; no diversion attribution
4620332,2023-05-01,CBE W MORRIS AVE - GWB W AMSTERDAM AVE (L/LVL),Bronx,468,5597.0,25.05840811965811,13.98,secondary feed descriptive coverage; no diversion attribution
4620332,2023-06-01,CBE W MORRIS AVE - GWB W AMSTERDAM AVE (L/LVL),Bronx,541,6468.0,22.503308687615537,12.11,secondary feed descriptive coverage; no diversion attribution
4620332,2023-07-01,CBE W MORRIS AVE - GWB W AMSTERDAM AVE (L/LVL),Bronx,629,7514.0,25.493354531001582,18.325000000000003,secondary feed descriptive coverage; no diversion attribution
4620332,2023-08-01,CBE W MORRIS AVE - GWB W AMSTERDAM AVE (L/LVL),Bronx,741,8872.0,23.612672064777314,13.975,secondary feed descriptive coverage; no diversion attribution
4620332,2023-09-01,CBE W MORRIS AVE - GWB W AMSTERDAM AVE (L/LVL),Bronx,705,8412.0,25.783382978723377,20.5,secondary feed descriptive coverage; no diversion attribution
4620332,2023-10-01,CBE W MORRIS AVE - GWB W AMSTERDAM AVE (L/LVL),Bronx,744,8890.0,25.848366935483877,18.17,secondary feed descriptive coverage; no diversion attribution
4620332,2023-11-01,CBE W MORRIS AVE - GWB W AMSTERDAM AVE (L/LVL),Bronx,706,8438.0,20.859957507082143,11.49,secondary feed descriptive coverage; no diversion attribution
4620332,2023-12-01,CBE W MORRIS AVE - GWB W AMSTERDAM AVE (L/LVL),Bronx,744,8927.0,28.595759408602134,31.375,secondary feed descriptive coverage; no diversion attribution
4620332,2024-01-01,CBE W MORRIS AVE - GWB W AMSTERDAM AVE (L/LVL),Bronx,682,8174.0,33.310483870967744,40.07,secondary feed descriptive coverage; no diversion attribution
4620332,2024-02-01,CBE W MORRIS AVE - GWB W AMSTERDAM AVE (L/LVL),Bronx,416,4969.0,26.847812499999996,24.847500000000004,secondary feed descriptive coverage; no diversion attribution
4620332,2024-03-01,CBE W MORRIS AVE - GWB W AMSTERDAM AVE (L/LVL),Bronx,717,8572.0,28.160467224546714,31.06,secondary feed descriptive coverage; no diversion attribution
4620332,2024-04-01,CBE W MORRIS AVE - GWB W AMSTERDAM AVE (L/LVL),Bronx,704,8409.0,26.89868607954545,21.277499999999996,secondary feed descriptive coverage; no diversion attribution
4620332,2024-05-01,CBE W MORRIS AVE - GWB W AMSTERDAM AVE (L/LVL),Bronx,744,8898.0,26.247190860215024,21.43,secondary feed descriptive coverage; no diversion attribution
4620332,2024-06-01,CBE W MORRIS AVE - GWB W AMSTERDAM AVE (L/LVL),Bronx,720,8602.0,23.91152083333331,13.6675,secondary feed descriptive coverage; no diversion attribution
4620332,2024-07-01,CBE W MORRIS AVE - GWB W AMSTERDAM AVE (L/LVL),Bronx,729,8708.0,26.372613168724257,19.88,secondary feed descriptive coverage; no diversion attribution
4620332,2024-08-01,CBE W MORRIS AVE - GWB W AMSTERDAM AVE (L/LVL),Bronx,701,8347.0,23.25143366619113,13.045,secondary feed descriptive coverage; no diversion attribution
4620332,2024-09-01,CBE W MORRIS AVE - GWB W AMSTERDAM AVE (L/LVL),Bronx,720,8630.0,26.825854166666645,22.055,secondary feed descriptive coverage; no diversion attribution
4620332,2024-10-01,CBE W MORRIS AVE - GWB W AMSTERDAM AVE (L/LVL),Bronx,744,8923.0,25.868763440860207,19.5675,secondary feed descriptive coverage; no diversion attribution
4620332,2024-11-01,CBE W MORRIS AVE - GWB W AMSTERDAM AVE (L/LVL),Bronx,719,8622.0,24.155319888734336,17.39,secondary feed descriptive coverage; no diversion attribution
4620332,2024-12-01,CBE W MORRIS AVE - GWB W AMSTERDAM AVE (L/LVL),Bronx,606,7186.0,26.21567656765675,21.8975,secondary feed descriptive coverage; no diversion attribution
4620332,2025-01-01,CBE W MORRIS AVE - GWB W AMSTERDAM AVE (L/LVL),Bronx,736,8801.0,32.635706521739124,40.38,secondary feed descriptive coverage; no diversion attribution
4620332,2025-02-01,CBE W MORRIS AVE - GWB W AMSTERDAM AVE (L/LVL),Bronx,672,8064.0,29.74630952380952,35.099999999999994,secondary feed descriptive coverage; no diversion attribution
4620332,2025-03-01,CBE W MORRIS AVE - GWB W AMSTERDAM AVE (L/LVL),Bronx,743,8912.0,28.4222274562584,31.065,secondary feed descriptive coverage; no diversion attribution
4620332,2025-04-01,CBE W MORRIS AVE - GWB W AMSTERDAM AVE (L/LVL),Bronx,720,8640.0,25.86124305555555,22.205,secondary feed descriptive coverage; no diversion attribution
4620332,2025-05-01,CBE W MORRIS AVE - GWB W AMSTERDAM AVE (L/LVL),Bronx,744,8907.0,23.5939448924731,15.530000000000001,secondary feed descriptive coverage; no diversion attribution
4620332,2025-06-01,CBE W MORRIS AVE - GWB W AMSTERDAM AVE (L/LVL),Bronx,695,8220.0,22.283374100719413,12.11,secondary feed descriptive coverage; no diversion attribution
4620332,2025-07-01,CBE W MORRIS AVE - GWB W AMSTERDAM AVE (L/LVL),Bronx,744,8815.0,24.89589381720429,16.305,secondary feed descriptive coverage; no diversion attribution
4620332,2025-08-01,CBE W MORRIS AVE - GWB W AMSTERDAM AVE (L/LVL),Bronx,743,8816.0,23.08399057873485,15.84,secondary feed descriptive coverage; no diversion attribution
4620332,2025-09-01,CBE W MORRIS AVE - GWB W AMSTERDAM AVE (L/LVL),Bronx,720,8536.0,19.485055555555533,9.32,secondary feed descriptive coverage; no diversion attribution
4620332,2025-10-01,CBE W MORRIS AVE - GWB W AMSTERDAM AVE (L/LVL),Bronx,734,8692.0,12.48632833787463,3.1,secondary feed descriptive coverage; no diversion attribution
4620332,2025-11-01,CBE W MORRIS AVE - GWB W AMSTERDAM AVE (L/LVL),Bronx,715,8492.0,21.20713986013986,10.56,secondary feed descriptive coverage; no diversion attribution
4620332,2025-12-01,CBE W MORRIS AVE - GWB W AMSTERDAM AVE (L/LVL),Bronx,738,8765.0,13.552811653116532,1.395,secondary feed descriptive coverage; no diversion attribution
4620332,2026-01-01,CBE W MORRIS AVE - GWB W AMSTERDAM AVE (L/LVL),Bronx,743,8901.0,30.704784656796765,37.275000000000006,secondary feed descriptive coverage; no diversion attribution
4620332,2026-02-01,CBE W MORRIS AVE - GWB W AMSTERDAM AVE (L/LVL),Bronx,672,8047.0,30.674404761904768,37.2775,secondary feed descriptive coverage; no diversion attribution
4620332,2026-03-01,CBE W MORRIS AVE - GWB W AMSTERDAM AVE (L/LVL),Bronx,743,8892.0,28.089253028263798,30.439999999999998,secondary feed descriptive coverage; no diversion attribution
4620332,2026-04-01,CBE W MORRIS AVE - GWB W AMSTERDAM AVE (L/LVL),Bronx,476,5669.0,25.67110294117646,22.519999999999996,secondary feed descriptive coverage; no diversion attribution
4620332,2026-05-01,CBE W MORRIS AVE - GWB W AMSTERDAM AVE (L/LVL),Bronx,731,8694.0,21.24991792065663,13.355,secondary feed descriptive coverage; no diversion attribution
4620332,2026-07-01,CBE W MORRIS AVE - GWB W AMSTERDAM AVE (L/LVL),Bronx,695,8232.0,21.89710791366906,13.04,secondary feed descriptive coverage; no diversion attribution
4620343,2023-01-01,Westside Hwy N 57th St - GWB,Manhattan,557,6656.0,0.0,0.0,secondary feed descriptive coverage; no diversion attribution
4620343,2023-02-01,Westside Hwy N 57th St - GWB,Manhattan,661,7887.0,0.0,0.0,secondary feed descriptive coverage; no diversion attribution
4620343,2023-03-01,Westside Hwy N 57th St - GWB,Manhattan,743,8909.0,0.0,0.0,secondary feed descriptive coverage; no diversion attribution
4620343,2023-04-01,Westside Hwy N 57th St - GWB,Manhattan,720,8635.0,0.0,0.0,secondary feed descriptive coverage; no diversion attribution
4620343,2023-05-01,Westside Hwy N 57th St - GWB,Manhattan,468,5596.0,0.0,0.0,secondary feed descriptive coverage; no diversion attribution
4620343,2023-06-01,Westside Hwy N 57th St - GWB,Manhattan,541,6469.0,0.0,0.0,secondary feed descriptive coverage; no diversion attribution
4620343,2023-07-01,Westside Hwy N 57th St - GWB,Manhattan,629,7515.0,0.0,0.0,secondary feed descriptive coverage; no diversion attribution
4620343,2023-08-01,Westside Hwy N 57th St - GWB,Manhattan,741,8872.0,0.0,0.0,secondary feed descriptive coverage; no diversion attribution
4620343,2023-09-01,Westside Hwy N 57th St - GWB,Manhattan,705,8412.0,0.0,0.0,secondary feed descriptive coverage; no diversion attribution
4620343,2023-10-01,Westside Hwy N 57th St - GWB,Manhattan,744,8890.0,0.0,0.0,secondary feed descriptive coverage; no diversion attribution
4620343,2023-11-01,Westside Hwy N 57th St - GWB,Manhattan,706,8437.0,0.0,0.0,secondary feed descriptive coverage; no diversion attribution
4620343,2023-12-01,Westside Hwy N 57th St - GWB,Manhattan,744,8927.0,0.0,0.0,secondary feed descriptive coverage; no diversion attribution
4620343,2024-01-01,Westside Hwy N 57th St - GWB,Manhattan,682,8174.0,0.0,0.0,secondary feed descriptive coverage; no diversion attribution
4620343,2024-02-01,Westside Hwy N 57th St - GWB,Manhattan,416,4968.0,0.0,0.0,secondary feed descriptive coverage; no diversion attribution
4620343,2024-03-01,Westside Hwy N 57th St - GWB,Manhattan,717,8574.0,0.0,0.0,secondary feed descriptive coverage; no diversion attribution
4620343,2024-04-01,Westside Hwy N 57th St - GWB,Manhattan,704,8409.0,0.0,0.0,secondary feed descriptive coverage; no diversion attribution
4620343,2024-05-01,Westside Hwy N 57th St - GWB,Manhattan,744,8897.0,0.0,0.0,secondary feed descriptive coverage; no diversion attribution
4620343,2024-06-01,Westside Hwy N 57th St - GWB,Manhattan,720,8602.0,0.0,0.0,secondary feed descriptive coverage; no diversion attribution
4620343,2024-07-01,Westside Hwy N 57th St - GWB,Manhattan,729,8707.0,0.0,0.0,secondary feed descriptive coverage; no diversion attribution
4620343,2024-08-01,Westside Hwy N 57th St - GWB,Manhattan,701,8346.0,0.0,0.0,secondary feed descriptive coverage; no diversion attribution
4620343,2024-09-01,Westside Hwy N 57th St - GWB,Manhattan,720,8631.0,0.0,0.0,secondary feed descriptive coverage; no diversion attribution
4620343,2024-10-01,Westside Hwy N 57th St - GWB,Manhattan,744,8922.0,0.0,0.0,secondary feed descriptive coverage; no diversion attribution
4620343,2024-11-01,Westside Hwy N 57th St - GWB,Manhattan,719,8614.0,0.0,0.0,secondary feed descriptive coverage; no diversion attribution
4620343,2024-12-01,Westside Hwy N 57th St - GWB,Manhattan,606,7166.0,0.0,0.0,secondary feed descriptive coverage; no diversion attribution
4620343,2025-01-01,Westside Hwy N 57th St - GWB,Manhattan,736,8791.0,0.0,0.0,secondary feed descriptive coverage; no diversion attribution
4620343,2025-02-01,Westside Hwy N 57th St - GWB,Manhattan,672,8064.0,0.0,0.0,secondary feed descriptive coverage; no diversion attribution
4620343,2025-03-01,Westside Hwy N 57th St - GWB,Manhattan,743,8912.0,0.0,0.0,secondary feed descriptive coverage; no diversion attribution
4620343,2025-04-01,Westside Hwy N 57th St - GWB,Manhattan,720,8640.0,0.0,0.0,secondary feed descriptive coverage; no diversion attribution
4620343,2025-05-01,Westside Hwy N 57th St - GWB,Manhattan,744,8906.0,0.0,0.0,secondary feed descriptive coverage; no diversion attribution
4620343,2025-06-01,Westside Hwy N 57th St - GWB,Manhattan,695,8220.0,0.0,0.0,secondary feed descriptive coverage; no diversion attribution
4620343,2025-07-01,Westside Hwy N 57th St - GWB,Manhattan,744,8815.0,0.0,0.0,secondary feed descriptive coverage; no diversion attribution
4620343,2025-08-01,Westside Hwy N 57th St - GWB,Manhattan,743,8816.0,0.0,0.0,secondary feed descriptive coverage; no diversion attribution
4620343,2025-09-01,Westside Hwy N 57th St - GWB,Manhattan,720,8534.0,0.0,0.0,secondary feed descriptive coverage; no diversion attribution
4620343,2025-10-01,Westside Hwy N 57th St - GWB,Manhattan,734,8692.0,0.0,0.0,secondary feed descriptive coverage; no diversion attribution
4620343,2025-11-01,Westside Hwy N 57th St - GWB,Manhattan,715,8492.0,0.0,0.0,secondary feed descriptive coverage; no diversion attribution
4620343,2025-12-01,Westside Hwy N 57th St - GWB,Manhattan,738,8761.0,0.0,0.0,secondary feed descriptive coverage; no diversion attribution
4620343,2026-01-01,Westside Hwy N 57th St - GWB,Manhattan,743,8901.0,0.0,0.0,secondary feed descriptive coverage; no diversion attribution
4620343,2026-02-01,Westside Hwy N 57th St - GWB,Manhattan,672,8047.0,0.0,0.0,secondary feed descriptive coverage; no diversion attribution
4620343,2026-03-01,Westside Hwy N 57th St - GWB,Manhattan,743,8892.0,0.0,0.0,secondary feed descriptive coverage; no diversion attribution
4620343,2026-04-01,Westside Hwy N 57th St - GWB,Manhattan,476,5669.0,0.0,0.0,secondary feed descriptive coverage; no diversion attribution
4620343,2026-05-01,Westside Hwy N 57th St - GWB,Manhattan,729,8683.0,0.0,0.0,secondary feed descriptive coverage; no diversion attribution
4620343,2026-07-01,Westside Hwy N 57th St - GWB,Manhattan,695,8232.0,0.0,0.0,secondary feed descriptive coverage; no diversion attribution
4763648,2023-07-01,SIE E VNB E FINGERBOARD ROAD - SI GANTRY UPPER LEVEL,Staten Island,1,1.0,0.0,0.0,secondary feed descriptive coverage; no diversion attribution
4763648,2023-10-01,SIE E VNB E FINGERBOARD ROAD - SI GANTRY UPPER LEVEL,Staten Island,1,1.0,0.0,0.0,secondary feed descriptive coverage; no diversion attribution
4763649,2023-01-01,VNB W BROOKLYN GANTRY UPPER LEVEL - SI GANTRY UPPER LEVEL,Brooklyn,557,6656.0,0.0,0.0,secondary feed descriptive coverage; no diversion attribution
4763649,2023-02-01,VNB W BROOKLYN GANTRY UPPER LEVEL - SI GANTRY UPPER LEVEL,Brooklyn,661,7888.0,0.0,0.0,secondary feed descriptive coverage; no diversion attribution
4763649,2023-03-01,VNB W BROOKLYN GANTRY UPPER LEVEL - SI GANTRY UPPER LEVEL,Brooklyn,743,8910.0,0.0,0.0,secondary feed descriptive coverage; no diversion attribution
4763649,2023-04-01,VNB W BROOKLYN GANTRY UPPER LEVEL - SI GANTRY UPPER LEVEL,Brooklyn,720,8636.0,0.0,0.0,secondary feed descriptive coverage; no diversion attribution
4763649,2023-05-01,VNB W BROOKLYN GANTRY UPPER LEVEL - SI GANTRY UPPER LEVEL,Brooklyn,468,5598.0,0.0,0.0,secondary feed descriptive coverage; no diversion attribution
4763649,2023-06-01,VNB W BROOKLYN GANTRY UPPER LEVEL - SI GANTRY UPPER LEVEL,Brooklyn,541,6476.0,0.0,0.0,secondary feed descriptive coverage; no diversion attribution
4763649,2023-07-01,VNB W BROOKLYN GANTRY UPPER LEVEL - SI GANTRY UPPER LEVEL,Brooklyn,629,7515.0,0.0,0.0,secondary feed descriptive coverage; no diversion attribution
4763649,2023-08-01,VNB W BROOKLYN GANTRY UPPER LEVEL - SI GANTRY UPPER LEVEL,Brooklyn,741,8872.0,0.0,0.0,secondary feed descriptive coverage; no diversion attribution
4763649,2023-09-01,VNB W BROOKLYN GANTRY UPPER LEVEL - SI GANTRY UPPER LEVEL,Brooklyn,703,8392.0,0.0,0.0,secondary feed descriptive coverage; no diversion attribution
4763649,2023-10-01,VNB W BROOKLYN GANTRY UPPER LEVEL - SI GANTRY UPPER LEVEL,Brooklyn,744,8891.0,0.0,0.0,secondary feed descriptive coverage; no diversion attribution
4763649,2023-11-01,VNB W BROOKLYN GANTRY UPPER LEVEL - SI GANTRY UPPER LEVEL,Brooklyn,706,8432.0,0.0,0.0,secondary feed descriptive coverage; no diversion attribution
4763649,2023-12-01,VNB W BROOKLYN GANTRY UPPER LEVEL - SI GANTRY UPPER LEVEL,Brooklyn,744,8928.0,0.0,0.0,secondary feed descriptive coverage; no diversion attribution
4763649,2024-01-01,VNB W BROOKLYN GANTRY UPPER LEVEL - SI GANTRY UPPER LEVEL,Brooklyn,682,8174.0,0.0,0.0,secondary feed descriptive coverage; no diversion attribution
4763649,2024-02-01,VNB W BROOKLYN GANTRY UPPER LEVEL - SI GANTRY UPPER LEVEL,Brooklyn,416,4974.0,0.0,0.0,secondary feed descriptive coverage; no diversion attribution
4763649,2024-03-01,VNB W BROOKLYN GANTRY UPPER LEVEL - SI GANTRY UPPER LEVEL,Brooklyn,717,8574.0,0.0,0.0,secondary feed descriptive coverage; no diversion attribution
4763649,2024-04-01,VNB W BROOKLYN GANTRY UPPER LEVEL - SI GANTRY UPPER LEVEL,Brooklyn,720,8626.0,0.0,0.0,secondary feed descriptive coverage; no diversion attribution
4763649,2024-05-01,VNB W BROOKLYN GANTRY UPPER LEVEL - SI GANTRY UPPER LEVEL,Brooklyn,744,8902.0,0.0,0.0,secondary feed descriptive coverage; no diversion attribution
4763649,2024-06-01,VNB W BROOKLYN GANTRY UPPER LEVEL - SI GANTRY UPPER LEVEL,Brooklyn,720,8602.0,0.0,0.0,secondary feed descriptive coverage; no diversion attribution
4763649,2024-07-01,VNB W BROOKLYN GANTRY UPPER LEVEL - SI GANTRY UPPER LEVEL,Brooklyn,729,8715.0,0.0,0.0,secondary feed descriptive coverage; no diversion attribution
4763649,2024-08-01,VNB W BROOKLYN GANTRY UPPER LEVEL - SI GANTRY UPPER LEVEL,Brooklyn,689,8194.0,0.0,0.0,secondary feed descriptive coverage; no diversion attribution
4763649,2024-09-01,VNB W BROOKLYN GANTRY UPPER LEVEL - SI GANTRY UPPER LEVEL,Brooklyn,720,8630.0,0.0,0.0,secondary feed descriptive coverage; no diversion attribution
4763649,2024-10-01,VNB W BROOKLYN GANTRY UPPER LEVEL - SI GANTRY UPPER LEVEL,Brooklyn,744,8923.0,0.0,0.0,secondary feed descriptive coverage; no diversion attribution
4763649,2024-11-01,VNB W BROOKLYN GANTRY UPPER LEVEL - SI GANTRY UPPER LEVEL,Brooklyn,719,8615.0,0.0,0.0,secondary feed descriptive coverage; no diversion attribution
4763649,2024-12-01,VNB W BROOKLYN GANTRY UPPER LEVEL - SI GANTRY UPPER LEVEL,Brooklyn,606,7176.0,0.0,0.0,secondary feed descriptive coverage; no diversion attribution
4763649,2025-01-01,VNB W BROOKLYN GANTRY UPPER LEVEL - SI GANTRY UPPER LEVEL,Brooklyn,744,8913.0,0.0,0.0,secondary feed descriptive coverage; no diversion attribution
4763649,2025-02-01,VNB W BROOKLYN GANTRY UPPER LEVEL - SI GANTRY UPPER LEVEL,Brooklyn,672,8064.0,0.0,0.0,secondary feed descriptive coverage; no diversion attribution
4763649,2025-03-01,VNB W BROOKLYN GANTRY UPPER LEVEL - SI GANTRY UPPER LEVEL,Brooklyn,743,8912.0,0.0,0.0,secondary feed descriptive coverage; no diversion attribution
4763649,2025-04-01,VNB W BROOKLYN GANTRY UPPER LEVEL - SI GANTRY UPPER LEVEL,Brooklyn,720,8640.0,0.0,0.0,secondary feed descriptive coverage; no diversion attribution
4763649,2025-05-01,VNB W BROOKLYN GANTRY UPPER LEVEL - SI GANTRY UPPER LEVEL,Brooklyn,738,8819.0,0.0,0.0,secondary feed descriptive coverage; no diversion attribution
4763649,2025-06-01,VNB W BROOKLYN GANTRY UPPER LEVEL - SI GANTRY UPPER LEVEL,Brooklyn,700,8292.0,0.0,0.0,secondary feed descriptive coverage; no diversion attribution
4763649,2025-07-01,VNB W BROOKLYN GANTRY UPPER LEVEL - SI GANTRY UPPER LEVEL,Brooklyn,744,8818.0,0.0,0.0,secondary feed descriptive coverage; no diversion attribution
4763649,2025-08-01,VNB W BROOKLYN GANTRY UPPER LEVEL - SI GANTRY UPPER LEVEL,Brooklyn,743,8805.0,0.0,0.0,secondary feed descriptive coverage; no diversion attribution
4763649,2025-09-01,VNB W BROOKLYN GANTRY UPPER LEVEL - SI GANTRY UPPER LEVEL,Brooklyn,720,8534.0,0.0,0.0,secondary feed descriptive coverage; no diversion attribution
4763649,2025-10-01,VNB W BROOKLYN GANTRY UPPER LEVEL - SI GANTRY UPPER LEVEL,Brooklyn,734,8701.0,0.0,0.0,secondary feed descriptive coverage; no diversion attribution
4763649,2025-11-01,VNB W BROOKLYN GANTRY UPPER LEVEL - SI GANTRY UPPER LEVEL,Brooklyn,715,8492.0,0.0,0.0,secondary feed descriptive coverage; no diversion attribution
4763649,2025-12-01,VNB W BROOKLYN GANTRY UPPER LEVEL - SI GANTRY UPPER LEVEL,Brooklyn,740,8743.0,0.0,0.0,secondary feed descriptive coverage; no diversion attribution
4763649,2026-01-01,VNB W BROOKLYN GANTRY UPPER LEVEL - SI GANTRY UPPER LEVEL,Brooklyn,743,8901.0,0.0,0.0,secondary feed descriptive coverage; no diversion attribution
4763649,2026-02-01,VNB W BROOKLYN GANTRY UPPER LEVEL - SI GANTRY UPPER LEVEL,Brooklyn,672,8048.0,0.0,0.0,secondary feed descriptive coverage; no diversion attribution
4763649,2026-03-01,VNB W BROOKLYN GANTRY UPPER LEVEL - SI GANTRY UPPER LEVEL,Brooklyn,331,3951.0,0.0,0.0,secondary feed descriptive coverage; no diversion attribution
4763649,2026-04-01,VNB W BROOKLYN GANTRY UPPER LEVEL - SI GANTRY UPPER LEVEL,Brooklyn,477,5696.0,0.0,0.0,secondary feed descriptive coverage; no diversion attribution
4763649,2026-05-01,VNB W BROOKLYN GANTRY UPPER LEVEL - SI GANTRY UPPER LEVEL,Brooklyn,182,2161.0,0.0,0.0,secondary feed descriptive coverage; no diversion attribution
4763649,2026-07-01,VNB W BROOKLYN GANTRY UPPER LEVEL - SI GANTRY UPPER LEVEL,Brooklyn,696,8231.0,0.0,0.0,secondary feed descriptive coverage; no diversion attribution
4763650,2023-07-01,SIE E VNB E FINGERBOARD ROAD - SI GANTRY LOWER LEVEL,Staten Island,1,1.0,0.0,0.0,secondary feed descriptive coverage; no diversion attribution
4763650,2023-10-01,SIE E VNB E FINGERBOARD ROAD - SI GANTRY LOWER LEVEL,Staten Island,1,1.0,0.0,0.0,secondary feed descriptive coverage; no diversion attribution
4763650,2026-04-01,SIE E VNB E FINGERBOARD ROAD - SI GANTRY LOWER LEVEL,Staten Island,35,419.0,0.0,0.0,secondary feed descriptive coverage; no diversion attribution
4763650,2026-05-01,SIE E VNB E FINGERBOARD ROAD - SI GANTRY LOWER LEVEL,Staten Island,182,2161.0,0.0,0.0,secondary feed descriptive coverage; no diversion attribution
4763650,2026-07-01,SIE E VNB E FINGERBOARD ROAD - SI GANTRY LOWER LEVEL,Staten Island,696,8231.0,0.0,0.0,secondary feed descriptive coverage; no diversion attribution
4763651,2023-07-01,VNB W BROOKLYN GANTRY LOWER LEVEL - SI GANTRY LOWER LEVEL,Brooklyn,1,1.0,0.0,0.0,secondary feed descriptive coverage; no diversion attribution
4763651,2023-10-01,VNB W BROOKLYN GANTRY LOWER LEVEL - SI GANTRY LOWER LEVEL,Brooklyn,1,1.0,0.0,0.0,secondary feed descriptive coverage; no diversion attribution
4763652,2023-01-01,VNB E SI GANTRY UPPER LEVEL - BROOKLYN GANTRY UPPER LEVEL,Brooklyn,557,6656.0,0.0,0.0,secondary feed descriptive coverage; no diversion attribution
4763652,2023-02-01,VNB E SI GANTRY UPPER LEVEL - BROOKLYN GANTRY UPPER LEVEL,Brooklyn,661,7888.0,0.0,0.0,secondary feed descriptive coverage; no diversion attribution
4763652,2023-03-01,VNB E SI GANTRY UPPER LEVEL - BROOKLYN GANTRY UPPER LEVEL,Brooklyn,743,8910.0,0.0,0.0,secondary feed descriptive coverage; no diversion attribution
4763652,2023-04-01,VNB E SI GANTRY UPPER LEVEL - BROOKLYN GANTRY UPPER LEVEL,Brooklyn,720,8636.0,0.0,0.0,secondary feed descriptive coverage; no diversion attribution
4763652,2023-05-01,VNB E SI GANTRY UPPER LEVEL - BROOKLYN GANTRY UPPER LEVEL,Brooklyn,468,5598.0,0.0,0.0,secondary feed descriptive coverage; no diversion attribution
4763652,2023-06-01,VNB E SI GANTRY UPPER LEVEL - BROOKLYN GANTRY UPPER LEVEL,Brooklyn,541,6476.0,0.0,0.0,secondary feed descriptive coverage; no diversion attribution
4763652,2023-07-01,VNB E SI GANTRY UPPER LEVEL - BROOKLYN GANTRY UPPER LEVEL,Brooklyn,629,7515.0,0.0,0.0,secondary feed descriptive coverage; no diversion attribution
4763652,2023-08-01,VNB E SI GANTRY UPPER LEVEL - BROOKLYN GANTRY UPPER LEVEL,Brooklyn,741,8872.0,0.0,0.0,secondary feed descriptive coverage; no diversion attribution
4763652,2023-09-01,VNB E SI GANTRY UPPER LEVEL - BROOKLYN GANTRY UPPER LEVEL,Brooklyn,703,8392.0,0.0,0.0,secondary feed descriptive coverage; no diversion attribution
4763652,2023-10-01,VNB E SI GANTRY UPPER LEVEL - BROOKLYN GANTRY UPPER LEVEL,Brooklyn,744,8890.0,0.0,0.0,secondary feed descriptive coverage; no diversion attribution
4763652,2023-11-01,VNB E SI GANTRY UPPER LEVEL - BROOKLYN GANTRY UPPER LEVEL,Brooklyn,706,8432.0,0.0,0.0,secondary feed descriptive coverage; no diversion attribution
4763652,2023-12-01,VNB E SI GANTRY UPPER LEVEL - BROOKLYN GANTRY UPPER LEVEL,Brooklyn,744,8928.0,0.0,0.0,secondary feed descriptive coverage; no diversion attribution
4763652,2024-01-01,VNB E SI GANTRY UPPER LEVEL - BROOKLYN GANTRY UPPER LEVEL,Brooklyn,682,8174.0,0.0,0.0,secondary feed descriptive coverage; no diversion attribution
4763652,2024-02-01,VNB E SI GANTRY UPPER LEVEL - BROOKLYN GANTRY UPPER LEVEL,Brooklyn,416,4974.0,0.0,0.0,secondary feed descriptive coverage; no diversion attribution
4763652,2024-03-01,VNB E SI GANTRY UPPER LEVEL - BROOKLYN GANTRY UPPER LEVEL,Brooklyn,717,8574.0,0.0,0.0,secondary feed descriptive coverage; no diversion attribution
4763652,2024-04-01,VNB E SI GANTRY UPPER LEVEL - BROOKLYN GANTRY UPPER LEVEL,Brooklyn,720,8626.0,0.0,0.0,secondary feed descriptive coverage; no diversion attribution
4763652,2024-05-01,VNB E SI GANTRY UPPER LEVEL - BROOKLYN GANTRY UPPER LEVEL,Brooklyn,744,8902.0,0.0,0.0,secondary feed descriptive coverage; no diversion attribution
4763652,2024-06-01,VNB E SI GANTRY UPPER LEVEL - BROOKLYN GANTRY UPPER LEVEL,Brooklyn,720,8603.0,0.0,0.0,secondary feed descriptive coverage; no diversion attribution
4763652,2024-07-01,VNB E SI GANTRY UPPER LEVEL - BROOKLYN GANTRY UPPER LEVEL,Brooklyn,729,8715.0,0.0,0.0,secondary feed descriptive coverage; no diversion attribution
4763652,2024-08-01,VNB E SI GANTRY UPPER LEVEL - BROOKLYN GANTRY UPPER LEVEL,Brooklyn,689,8194.0,0.0,0.0,secondary feed descriptive coverage; no diversion attribution
4763652,2024-09-01,VNB E SI GANTRY UPPER LEVEL - BROOKLYN GANTRY UPPER LEVEL,Brooklyn,720,8630.0,0.0,0.0,secondary feed descriptive coverage; no diversion attribution
4763652,2024-10-01,VNB E SI GANTRY UPPER LEVEL - BROOKLYN GANTRY UPPER LEVEL,Brooklyn,744,8923.0,0.0,0.0,secondary feed descriptive coverage; no diversion attribution
4763652,2024-11-01,VNB E SI GANTRY UPPER LEVEL - BROOKLYN GANTRY UPPER LEVEL,Brooklyn,719,8615.0,0.0,0.0,secondary feed descriptive coverage; no diversion attribution
4763652,2024-12-01,VNB E SI GANTRY UPPER LEVEL - BROOKLYN GANTRY UPPER LEVEL,Brooklyn,606,7176.0,0.0,0.0,secondary feed descriptive coverage; no diversion attribution
4763652,2025-01-01,VNB E SI GANTRY UPPER LEVEL - BROOKLYN GANTRY UPPER LEVEL,Brooklyn,744,8913.0,0.0,0.0,secondary feed descriptive coverage; no diversion attribution
4763652,2025-02-01,VNB E SI GANTRY UPPER LEVEL - BROOKLYN GANTRY UPPER LEVEL,Brooklyn,672,8064.0,0.0,0.0,secondary feed descriptive coverage; no diversion attribution
4763652,2025-03-01,VNB E SI GANTRY UPPER LEVEL - BROOKLYN GANTRY UPPER LEVEL,Brooklyn,743,8912.0,0.0,0.0,secondary feed descriptive coverage; no diversion attribution
4763652,2025-04-01,VNB E SI GANTRY UPPER LEVEL - BROOKLYN GANTRY UPPER LEVEL,Brooklyn,720,8640.0,0.0,0.0,secondary feed descriptive coverage; no diversion attribution
4763652,2025-05-01,VNB E SI GANTRY UPPER LEVEL - BROOKLYN GANTRY UPPER LEVEL,Brooklyn,738,8819.0,0.0,0.0,secondary feed descriptive coverage; no diversion attribution
4763652,2025-06-01,VNB E SI GANTRY UPPER LEVEL - BROOKLYN GANTRY UPPER LEVEL,Brooklyn,700,8292.0,0.0,0.0,secondary feed descriptive coverage; no diversion attribution
4763652,2025-07-01,VNB E SI GANTRY UPPER LEVEL - BROOKLYN GANTRY UPPER LEVEL,Brooklyn,744,8818.0,0.0,0.0,secondary feed descriptive coverage; no diversion attribution
4763652,2025-08-01,VNB E SI GANTRY UPPER LEVEL - BROOKLYN GANTRY UPPER LEVEL,Brooklyn,743,8805.0,0.0,0.0,secondary feed descriptive coverage; no diversion attribution
4763652,2025-09-01,VNB E SI GANTRY UPPER LEVEL - BROOKLYN GANTRY UPPER LEVEL,Brooklyn,720,8534.0,0.0,0.0,secondary feed descriptive coverage; no diversion attribution
4763652,2025-10-01,VNB E SI GANTRY UPPER LEVEL - BROOKLYN GANTRY UPPER LEVEL,Brooklyn,734,8701.0,0.0,0.0,secondary feed descriptive coverage; no diversion attribution
4763652,2025-11-01,VNB E SI GANTRY UPPER LEVEL - BROOKLYN GANTRY UPPER LEVEL,Brooklyn,715,8492.0,0.0,0.0,secondary feed descriptive coverage; no diversion attribution
4763652,2025-12-01,VNB E SI GANTRY UPPER LEVEL - BROOKLYN GANTRY UPPER LEVEL,Brooklyn,740,8743.0,0.0,0.0,secondary feed descriptive coverage; no diversion attribution
4763652,2026-01-01,VNB E SI GANTRY UPPER LEVEL - BROOKLYN GANTRY UPPER LEVEL,Brooklyn,743,8901.0,0.0,0.0,secondary feed descriptive coverage; no diversion attribution
4763652,2026-02-01,VNB E SI GANTRY UPPER LEVEL - BROOKLYN GANTRY UPPER LEVEL,Brooklyn,672,8048.0,0.0,0.0,secondary feed descriptive coverage; no diversion attribution
4763652,2026-03-01,VNB E SI GANTRY UPPER LEVEL - BROOKLYN GANTRY UPPER LEVEL,Brooklyn,331,3951.0,0.0,0.0,secondary feed descriptive coverage; no diversion attribution
4763652,2026-04-01,VNB E SI GANTRY UPPER LEVEL - BROOKLYN GANTRY UPPER LEVEL,Brooklyn,477,5696.0,0.0,0.0,secondary feed descriptive coverage; no diversion attribution
4763652,2026-05-01,VNB E SI GANTRY UPPER LEVEL - BROOKLYN GANTRY UPPER LEVEL,Brooklyn,182,2161.0,0.0,0.0,secondary feed descriptive coverage; no diversion attribution
4763652,2026-07-01,VNB E SI GANTRY UPPER LEVEL - BROOKLYN GANTRY UPPER LEVEL,Brooklyn,696,8231.0,0.0,0.0,secondary feed descriptive coverage; no diversion attribution
4763655,2023-07-01,GOW S VNB W 92ND STREET - BKLYN GANTRY UPPER LEVEL,Brooklyn,1,1.0,0.0,0.0,secondary feed descriptive coverage; no diversion attribution
4763655,2023-08-01,GOW S VNB W 92ND STREET - BKLYN GANTRY UPPER LEVEL,Brooklyn,524,6259.0,0.0,0.0,secondary feed descriptive coverage; no diversion attribution
4763655,2023-09-01,GOW S VNB W 92ND STREET - BKLYN GANTRY UPPER LEVEL,Brooklyn,703,8393.0,0.0,0.0,secondary feed descriptive coverage; no diversion attribution
4763655,2023-10-01,GOW S VNB W 92ND STREET - BKLYN GANTRY UPPER LEVEL,Brooklyn,744,8891.0,0.0,0.0,secondary feed descriptive coverage; no diversion attribution
4763655,2023-11-01,GOW S VNB W 92ND STREET - BKLYN GANTRY UPPER LEVEL,Brooklyn,706,8434.0,0.0,0.0,secondary feed descriptive coverage; no diversion attribution
4763655,2023-12-01,GOW S VNB W 92ND STREET - BKLYN GANTRY UPPER LEVEL,Brooklyn,744,8928.0,0.0,0.0,secondary feed descriptive coverage; no diversion attribution
4763655,2024-01-01,GOW S VNB W 92ND STREET - BKLYN GANTRY UPPER LEVEL,Brooklyn,682,8174.0,0.0,0.0,secondary feed descriptive coverage; no diversion attribution
4763655,2024-02-01,GOW S VNB W 92ND STREET - BKLYN GANTRY UPPER LEVEL,Brooklyn,416,4974.0,0.0,0.0,secondary feed descriptive coverage; no diversion attribution
4763655,2024-03-01,GOW S VNB W 92ND STREET - BKLYN GANTRY UPPER LEVEL,Brooklyn,717,8574.0,0.0,0.0,secondary feed descriptive coverage; no diversion attribution
4763655,2024-04-01,GOW S VNB W 92ND STREET - BKLYN GANTRY UPPER LEVEL,Brooklyn,720,8626.0,0.0,0.0,secondary feed descriptive coverage; no diversion attribution
4763655,2024-05-01,GOW S VNB W 92ND STREET - BKLYN GANTRY UPPER LEVEL,Brooklyn,744,8902.0,0.0,0.0,secondary feed descriptive coverage; no diversion attribution
4763655,2024-06-01,GOW S VNB W 92ND STREET - BKLYN GANTRY UPPER LEVEL,Brooklyn,720,8602.0,0.0,0.0,secondary feed descriptive coverage; no diversion attribution
4763655,2024-07-01,GOW S VNB W 92ND STREET - BKLYN GANTRY UPPER LEVEL,Brooklyn,729,8716.0,0.0,0.0,secondary feed descriptive coverage; no diversion attribution
4763655,2024-08-01,GOW S VNB W 92ND STREET - BKLYN GANTRY UPPER LEVEL,Brooklyn,689,8191.0,0.0,0.0,secondary feed descriptive coverage; no diversion attribution
4763655,2024-09-01,GOW S VNB W 92ND STREET - BKLYN GANTRY UPPER LEVEL,Brooklyn,720,8630.0,0.0,0.0,secondary feed descriptive coverage; no diversion attribution
4763655,2024-10-01,GOW S VNB W 92ND STREET - BKLYN GANTRY UPPER LEVEL,Brooklyn,744,8924.0,0.0,0.0,secondary feed descriptive coverage; no diversion attribution
4763655,2024-11-01,GOW S VNB W 92ND STREET - BKLYN GANTRY UPPER LEVEL,Brooklyn,719,8619.0,0.0,0.0,secondary feed descriptive coverage; no diversion attribution
4763655,2024-12-01,GOW S VNB W 92ND STREET - BKLYN GANTRY UPPER LEVEL,Brooklyn,606,7187.0,0.0,0.0,secondary feed descriptive coverage; no diversion attribution
4763655,2025-01-01,GOW S VNB W 92ND STREET - BKLYN GANTRY UPPER LEVEL,Brooklyn,744,8918.0,0.0,0.0,secondary feed descriptive coverage; no diversion attribution
4763655,2025-02-01,GOW S VNB W 92ND STREET - BKLYN GANTRY UPPER LEVEL,Brooklyn,672,8064.0,0.0,0.0,secondary feed descriptive coverage; no diversion attribution
4763655,2025-03-01,GOW S VNB W 92ND STREET - BKLYN GANTRY UPPER LEVEL,Brooklyn,743,8912.0,0.0,0.0,secondary feed descriptive coverage; no diversion attribution
4763655,2025-04-01,GOW S VNB W 92ND STREET - BKLYN GANTRY UPPER LEVEL,Brooklyn,720,8640.0,0.0,0.0,secondary feed descriptive coverage; no diversion attribution
4763655,2025-05-01,GOW S VNB W 92ND STREET - BKLYN GANTRY UPPER LEVEL,Brooklyn,738,8819.0,0.0,0.0,secondary feed descriptive coverage; no diversion attribution
4763655,2025-06-01,GOW S VNB W 92ND STREET - BKLYN GANTRY UPPER LEVEL,Brooklyn,700,8292.0,0.0,0.0,secondary feed descriptive coverage; no diversion attribution
4763655,2025-07-01,GOW S VNB W 92ND STREET - BKLYN GANTRY UPPER LEVEL,Brooklyn,744,8818.0,0.0,0.0,secondary feed descriptive coverage; no diversion attribution
4763655,2025-08-01,GOW S VNB W 92ND STREET - BKLYN GANTRY UPPER LEVEL,Brooklyn,743,8805.0,0.0,0.0,secondary feed descriptive coverage; no diversion attribution
4763655,2025-09-01,GOW S VNB W 92ND STREET - BKLYN GANTRY UPPER LEVEL,Brooklyn,720,8535.0,0.0,0.0,secondary feed descriptive coverage; no diversion attribution
4763655,2025-10-01,GOW S VNB W 92ND STREET - BKLYN GANTRY UPPER LEVEL,Brooklyn,734,8701.0,0.0,0.0,secondary feed descriptive coverage; no diversion attribution
4763655,2025-11-01,GOW S VNB W 92ND STREET - BKLYN GANTRY UPPER LEVEL,Brooklyn,715,8492.0,0.0,0.0,secondary feed descriptive coverage; no diversion attribution
4763655,2025-12-01,GOW S VNB W 92ND STREET - BKLYN GANTRY UPPER LEVEL,Brooklyn,740,8745.0,0.0,0.0,secondary feed descriptive coverage; no diversion attribution
4763655,2026-01-01,GOW S VNB W 92ND STREET - BKLYN GANTRY UPPER LEVEL,Brooklyn,743,8901.0,0.0,0.0,secondary feed descriptive coverage; no diversion attribution
4763655,2026-02-01,GOW S VNB W 92ND STREET - BKLYN GANTRY UPPER LEVEL,Brooklyn,672,8048.0,0.0,0.0,secondary feed descriptive coverage; no diversion attribution
4763655,2026-03-01,GOW S VNB W 92ND STREET - BKLYN GANTRY UPPER LEVEL,Brooklyn,331,3951.0,0.0,0.0,secondary feed descriptive coverage; no diversion attribution
4763655,2026-04-01,GOW S VNB W 92ND STREET - BKLYN GANTRY UPPER LEVEL,Brooklyn,477,5696.0,0.0,0.0,secondary feed descriptive coverage; no diversion attribution
4763655,2026-05-01,GOW S VNB W 92ND STREET - BKLYN GANTRY UPPER LEVEL,Brooklyn,182,2161.0,0.0,0.0,secondary feed descriptive coverage; no diversion attribution
4763655,2026-07-01,GOW S VNB W 92ND STREET - BKLYN GANTRY UPPER LEVEL,Brooklyn,696,8231.0,0.0,0.0,secondary feed descriptive coverage; no diversion attribution
4763656,2023-07-01,VNB E SI GANTRY LOWER LEVEL - BROOLKYN GANTRY LOWER LEVEL,Brooklyn,1,1.0,0.0,0.0,secondary feed descriptive coverage; no diversion attribution
4763656,2023-10-01,VNB E SI GANTRY LOWER LEVEL - BROOLKYN GANTRY LOWER LEVEL,Brooklyn,1,1.0,0.0,0.0,secondary feed descriptive coverage; no diversion attribution
4763657,2023-07-01,GOW S VNB W 92ND STREET - BKLYN GANTRY LOWER LEVEL,Brooklyn,1,1.0,0.0,0.0,secondary feed descriptive coverage; no diversion attribution
4763657,2023-08-01,GOW S VNB W 92ND STREET - BKLYN GANTRY LOWER LEVEL,Brooklyn,524,6259.0,0.0,0.0,secondary feed descriptive coverage; no diversion attribution
4763657,2023-09-01,GOW S VNB W 92ND STREET - BKLYN GANTRY LOWER LEVEL,Brooklyn,703,8393.0,0.0,0.0,secondary feed descriptive coverage; no diversion attribution
4763657,2023-10-01,GOW S VNB W 92ND STREET - BKLYN GANTRY LOWER LEVEL,Brooklyn,744,8891.0,0.0,0.0,secondary feed descriptive coverage; no diversion attribution
4763657,2023-11-01,GOW S VNB W 92ND STREET - BKLYN GANTRY LOWER LEVEL,Brooklyn,706,8434.0,0.0,0.0,secondary feed descriptive coverage; no diversion attribution
4763657,2023-12-01,GOW S VNB W 92ND STREET - BKLYN GANTRY LOWER LEVEL,Brooklyn,744,8928.0,0.0,0.0,secondary feed descriptive coverage; no diversion attribution
4763657,2024-01-01,GOW S VNB W 92ND STREET - BKLYN GANTRY LOWER LEVEL,Brooklyn,682,8174.0,0.0,0.0,secondary feed descriptive coverage; no diversion attribution
4763657,2024-02-01,GOW S VNB W 92ND STREET - BKLYN GANTRY LOWER LEVEL,Brooklyn,416,4974.0,0.0,0.0,secondary feed descriptive coverage; no diversion attribution
4763657,2024-03-01,GOW S VNB W 92ND STREET - BKLYN GANTRY LOWER LEVEL,Brooklyn,717,8574.0,0.0,0.0,secondary feed descriptive coverage; no diversion attribution
4763657,2024-04-01,GOW S VNB W 92ND STREET - BKLYN GANTRY LOWER LEVEL,Brooklyn,720,8626.0,0.0,0.0,secondary feed descriptive coverage; no diversion attribution
4763657,2024-05-01,GOW S VNB W 92ND STREET - BKLYN GANTRY LOWER LEVEL,Brooklyn,744,8902.0,0.0,0.0,secondary feed descriptive coverage; no diversion attribution
4763657,2024-06-01,GOW S VNB W 92ND STREET - BKLYN GANTRY LOWER LEVEL,Brooklyn,720,8602.0,0.0,0.0,secondary feed descriptive coverage; no diversion attribution
4763657,2024-07-01,GOW S VNB W 92ND STREET - BKLYN GANTRY LOWER LEVEL,Brooklyn,729,8716.0,0.0,0.0,secondary feed descriptive coverage; no diversion attribution
4763657,2024-08-01,GOW S VNB W 92ND STREET - BKLYN GANTRY LOWER LEVEL,Brooklyn,689,8191.0,0.0,0.0,secondary feed descriptive coverage; no diversion attribution
4763657,2024-09-01,GOW S VNB W 92ND STREET - BKLYN GANTRY LOWER LEVEL,Brooklyn,720,8630.0,0.0,0.0,secondary feed descriptive coverage; no diversion attribution
4763657,2024-10-01,GOW S VNB W 92ND STREET - BKLYN GANTRY LOWER LEVEL,Brooklyn,744,8924.0,0.0,0.0,secondary feed descriptive coverage; no diversion attribution
4763657,2024-11-01,GOW S VNB W 92ND STREET - BKLYN GANTRY LOWER LEVEL,Brooklyn,719,8619.0,0.0,0.0,secondary feed descriptive coverage; no diversion attribution
4763657,2024-12-01,GOW S VNB W 92ND STREET - BKLYN GANTRY LOWER LEVEL,Brooklyn,606,7187.0,0.0,0.0,secondary feed descriptive coverage; no diversion attribution
4763657,2025-01-01,GOW S VNB W 92ND STREET - BKLYN GANTRY LOWER LEVEL,Brooklyn,744,8918.0,0.0,0.0,secondary feed descriptive coverage; no diversion attribution
4763657,2025-02-01,GOW S VNB W 92ND STREET - BKLYN GANTRY LOWER LEVEL,Brooklyn,672,8064.0,0.0,0.0,secondary feed descriptive coverage; no diversion attribution
4763657,2025-03-01,GOW S VNB W 92ND STREET - BKLYN GANTRY LOWER LEVEL,Brooklyn,743,8912.0,0.0,0.0,secondary feed descriptive coverage; no diversion attribution
4763657,2025-04-01,GOW S VNB W 92ND STREET - BKLYN GANTRY LOWER LEVEL,Brooklyn,720,8640.0,0.0,0.0,secondary feed descriptive coverage; no diversion attribution
4763657,2025-05-01,GOW S VNB W 92ND STREET - BKLYN GANTRY LOWER LEVEL,Brooklyn,738,8819.0,0.0,0.0,secondary feed descriptive coverage; no diversion attribution
4763657,2025-06-01,GOW S VNB W 92ND STREET - BKLYN GANTRY LOWER LEVEL,Brooklyn,700,8292.0,0.0,0.0,secondary feed descriptive coverage; no diversion attribution
4763657,2025-07-01,GOW S VNB W 92ND STREET - BKLYN GANTRY LOWER LEVEL,Brooklyn,744,8818.0,0.0,0.0,secondary feed descriptive coverage; no diversion attribution
4763657,2025-08-01,GOW S VNB W 92ND STREET - BKLYN GANTRY LOWER LEVEL,Brooklyn,743,8805.0,0.0,0.0,secondary feed descriptive coverage; no diversion attribution
4763657,2025-09-01,GOW S VNB W 92ND STREET - BKLYN GANTRY LOWER LEVEL,Brooklyn,720,8535.0,0.0,0.0,secondary feed descriptive coverage; no diversion attribution
4763657,2025-10-01,GOW S VNB W 92ND STREET - BKLYN GANTRY LOWER LEVEL,Brooklyn,734,8701.0,0.0,0.0,secondary feed descriptive coverage; no diversion attribution
4763657,2025-11-01,GOW S VNB W 92ND STREET - BKLYN GANTRY LOWER LEVEL,Brooklyn,715,8492.0,0.0,0.0,secondary feed descriptive coverage; no diversion attribution
4763657,2025-12-01,GOW S VNB W 92ND STREET - BKLYN GANTRY LOWER LEVEL,Brooklyn,740,8745.0,0.0,0.0,secondary feed descriptive coverage; no diversion attribution
4763657,2026-01-01,GOW S VNB W 92ND STREET - BKLYN GANTRY LOWER LEVEL,Brooklyn,743,8901.0,0.0,0.0,secondary feed descriptive coverage; no diversion attribution
4763657,2026-02-01,GOW S VNB W 92ND STREET - BKLYN GANTRY LOWER LEVEL,Brooklyn,672,8048.0,0.0,0.0,secondary feed descriptive coverage; no diversion attribution
4763657,2026-03-01,GOW S VNB W 92ND STREET - BKLYN GANTRY LOWER LEVEL,Brooklyn,331,3951.0,0.0,0.0,secondary feed descriptive coverage; no diversion attribution
4763657,2026-04-01,GOW S VNB W 92ND STREET - BKLYN GANTRY LOWER LEVEL,Brooklyn,477,5696.0,0.0,0.0,secondary feed descriptive coverage; no diversion attribution
4763657,2026-05-01,GOW S VNB W 92ND STREET - BKLYN GANTRY LOWER LEVEL,Brooklyn,182,2161.0,0.0,0.0,secondary feed descriptive coverage; no diversion attribution
4763657,2026-07-01,GOW S VNB W 92ND STREET - BKLYN GANTRY LOWER LEVEL,Brooklyn,696,8231.0,0.0,0.0,secondary feed descriptive coverage; no diversion attribution
